cluster,CHR,Position,Strand,UCSC_RefGene_Name,Genome_Build,CpG
0,3,170746029,+,SLC2A2,GRCh37,cg03699904
1,18,59560394,+,RNF152,GRCh37,cg07980518
1,9,82186806,+,TLE4,GRCh37,cg18689253
1,20,42296114,-,MYBL2,GRCh37,cg09604203
1,17,1082526,+,ABR;ABR,GRCh37,cg19816938
1,8,109261215,-,EIF3E,GRCh37,cg06987504
1,2,27008380,+,CENPA;CENPA,GRCh37,cg21360828
1,15,75018674,-,CYP1A1,GRCh37,cg19817399
1,4,7940375,-,AFAP1;AFAP1,GRCh37,cg18619267
1,20,60943241,-,LAMA5,GRCh37,cg09831553
1,1,226497589,-,LIN9,GRCh37,cg26199493
1,7,157129166,-,DNAJB6;DNAJB6,GRCh37,cg11695266
1,10,77161525,+,C10orf41;ZNF503,GRCh37,cg04922833
1,7,26904470,+,SKAP2,GRCh37,cg01957330
1,1,245028194,-,HNRNPU;HNRNPU,GRCh37,cg09998519
1,10,17659726,-,PTPLA,GRCh37,cg23868119
1,12,107349093,+,C12orf23,GRCh37,cg26297688
1,17,48350498,-,TMEM92;TMEM92,GRCh37,cg07231132
1,20,19192675,-,SLC24A3,GRCh37,cg01557989
1,14,36789985,-,MBIP;MBIP,GRCh37,cg21443584
1,7,100034410,-,C7orf47,GRCh37,cg15547534
1,8,63998164,-,TTPA,GRCh37,cg23602533
1,2,145277659,-,ZEB2;ZEB2;ZEB2;ZEB2;ZEB2,GRCh37,cg07246225
1,3,62305147,-,C3orf14,GRCh37,cg22751696
1,2,45168819,+,SIX3,GRCh37,cg26491213
1,1,41327924,+,CITED4;CITED4,GRCh37,cg22748573
1,2,84743445,+,DNAH6,GRCh37,cg18289156
1,7,138794752,+,ZC3HAV1;ZC3HAV1,GRCh37,cg08222662
1,19,53636309,+,ZNF415;ZNF415;ZNF415;ZNF415,GRCh37,cg24892510
1,14,73602923,+,PSEN1;PSEN1,GRCh37,cg11490446
1,11,911673,-,CHID1;CHID1;CHID1;CHID1;CHID1,GRCh37,cg15659828
1,2,175869653,-,CHN1;CHN1;CHN1,GRCh37,cg18440474
1,5,140855463,-,PCDHGA4;PCDHGA12;PCDHGA11;PCDHGA11;PCDHGA9;PCDHGA1;PCDHGB1;PCDHGC3;PCDHGB6;PCDHGB3;PCDHGB7;PCDHGC3;PCDHGA6;PCDHGA8;PCDHGA10;PCDHGA5;PCDHGB4;PCDHGA3;PCDHGC3;PCDHGA2;PCDHGA7;PCDHGB2;PCDHGB5,GRCh37,cg02780295
1,11,9685299,-,SWAP70,GRCh37,cg15044073
1,12,133463694,-,CHFR;CHFR;CHFR;CHFR;CHFR,GRCh37,cg00338702
1,2,235860118,-,SH3BP4,GRCh37,cg14061619
1,4,83720240,-,SCD5;SCD5,GRCh37,cg20947775
1,5,14581642,-,FAM105A,GRCh37,cg23639989
1,11,128775026,-,C11orf45;KCNJ5,GRCh37,cg19310430
1,16,11349308,-,SOCS1,GRCh37,cg01717706
1,11,3663372,-,ART5;ART5;ART5,GRCh37,cg12297221
1,17,33700230,+,SLFN11;SLFN11;SLFN11;SLFN11;SLFN11,GRCh37,cg08764758
1,3,182510901,+,ATP11B,GRCh37,cg02528468
1,19,495737,+,MADCAM1;MADCAM1,GRCh37,cg14045283
1,8,86375450,+,CA2,GRCh37,cg08872550
1,9,136344026,+,SLC2A6;SLC2A6,GRCh37,cg25512587
1,13,20531619,-,ZMYM2;ZMYM2,GRCh37,cg20880234
1,9,120466493,-,TLR4;TLR4;TLR4;TLR4,GRCh37,cg02515422
1,1,161994277,+,OLFML2B,GRCh37,cg19130550
1,2,11810365,-,NTSR2,GRCh37,cg25657834
1,4,10118984,+,WDR1;WDR1,GRCh37,cg05927159
1,20,32031951,-,SNTA1,GRCh37,cg14594876
1,1,174992744,-,MRPS14,GRCh37,cg21076470
1,16,2770866,-,PRSS27,GRCh37,cg20797766
1,19,9649470,-,ZNF426,GRCh37,cg12104707
1,5,151138551,-,ATOX1,GRCh37,cg06746171
1,5,54529368,-,CCNO;CCNO,GRCh37,cg08514736
1,12,76953136,+,OSBPL8;OSBPL8,GRCh37,cg23262918
1,11,75141815,+,KLHL35,GRCh37,cg12001148
1,19,54618544,+,PRPF31;TFPT,GRCh37,cg06815666
1,6,26027531,+,HIST1H4B,GRCh37,cg05471775
1,17,70116681,-,SOX9,GRCh37,cg02788090
1,1,155176951,+,THBS3,GRCh37,cg25912717
1,19,50879437,+,NR1H2,GRCh37,cg00336605
1,8,143859143,+,LYNX1;LYNX1;LYNX1;LYNX1,GRCh37,cg24046110
1,20,54933689,+,C20orf108,GRCh37,cg15713086
1,20,3776303,-,CDC25B;CDC25B;CDC25B,GRCh37,cg08770869
1,17,40574819,+,PTRF,GRCh37,cg13353683
1,1,1850414,-,TMEM52,GRCh37,cg10943191
1,12,109747306,-,FOXN4,GRCh37,cg27144395
1,17,73976089,-,ACOX1;ACOX1;C17orf106,GRCh37,cg16419345
1,11,62623994,-,SLC3A2;SNORD27;SLC3A2;SNHG1;SNORD25;SLC3A2;SNORD26;SLC3A2;SLC3A2,GRCh37,cg21692936
1,4,94749496,-,ATOH1,GRCh37,cg01357116
1,5,54529851,+,CCNO,GRCh37,cg13352495
1,7,115851050,+,TES,GRCh37,cg00453193
1,7,21985884,-,CDCA7L;CDCA7L;CDCA7L,GRCh37,cg13316191
1,1,65613042,-,AK3L1;AK3L1;AK3L1,GRCh37,cg10482024
1,6,90062879,+,UBE2J1,GRCh37,cg16124337
1,7,76027066,+,ZP3;ZP3;SRCRB4D,GRCh37,cg20352798
1,2,48541264,-,FOXN2,GRCh37,cg15846641
1,1,45987864,+,PRDX1;PRDX1;PRDX1,GRCh37,cg02631906
1,7,50860173,-,GRB10,GRCh37,cg24183958
1,9,117880556,+,TNC,GRCh37,cg20566118
1,2,128569115,-,WDR33;WDR33;WDR33,GRCh37,cg20254231
1,2,219724157,-,WNT6,GRCh37,cg16256504
1,14,61788862,-,PRKCH,GRCh37,cg02282237
1,1,225616475,+,LBR;LBR;LBR,GRCh37,cg12994003
1,2,16080760,-,MYCN;MYCN;MYCNOS,GRCh37,cg02204046
1,2,71558589,+,ZNF638;ZNF638,GRCh37,cg01919488
1,3,127316993,-,MCM2,GRCh37,cg10691006
1,5,170847251,+,FGF18,GRCh37,cg16494477
1,2,136876021,+,CXCR4,GRCh37,cg21859434
1,5,10761669,-,DAP,GRCh37,cg07817783
1,2,235405122,-,ARL4C,GRCh37,cg21650900
1,1,231762238,-,TSNAX-DISC1;DISC1;DISC1;DISC1;DISC1;TSNAX-DISC1;DISC1;DISC1;TSNAX-DISC1;DISC1;TSNAX-DISC1;DISC1;DISC1;TSNAX-DISC1;DISC1;DISC1;DISC1;DISC1;DISC1;DISC1;DISC1;DISC1;DISC1;TSNAX-DISC1;TSNAX-DISC1;DISC1;DISC1;DISC1;TSNAX-DISC1;DISC1;DISC1,GRCh37,cg24499839
1,2,222437611,-,EPHA4,GRCh37,cg15808558
1,11,72854156,+,FCHSD2,GRCh37,cg17114257
1,12,111843286,+,SH2B3,GRCh37,cg21633208
1,10,77160935,-,ZNF503;C10orf41,GRCh37,cg08158570
1,12,76953712,+,OSBPL8;OSBPL8,GRCh37,cg17841529
1,11,119187391,-,MCAM,GRCh37,cg03365354
1,8,22926909,-,TNFRSF10B;TNFRSF10B;TNFRSF10B,GRCh37,cg16861508
1,12,117628520,-,FBXO21;FBXO21,GRCh37,cg08141806
1,6,26032407,+,HIST1H3B,GRCh37,cg15797414
1,15,89456239,+,MFGE8;MFGE8,GRCh37,cg27011042
1,16,50581891,+,NKD1,GRCh37,cg17804302
1,2,69240453,+,ANTXR1;ANTXR1;ANTXR1;ANTXR1;ANTXR1;ANTXR1,GRCh37,cg11078738
1,19,39989234,-,DLL3;DLL3,GRCh37,cg03139057
2,7,142635611,-,C7orf34,GRCh37,cg22298208
2,15,55799927,-,DYX1C1;DYX1C1;DYX1C1,GRCh37,cg16593081
2,12,52800423,+,KRT82,GRCh37,cg13696887
2,1,109265387,+,FNDC7,GRCh37,cg11481351
2,9,127269631,-,NR5A1;NR5A1,GRCh37,cg16666160
2,15,83380023,-,AP3B2,GRCh37,cg13140464
2,6,155412182,-,TIAM2,GRCh37,cg20925955
2,10,48392130,-,RBP3,GRCh37,cg24053375
2,2,228243972,-,TM4SF20,GRCh37,cg20683151
2,9,99064321,-,HSD17B3,GRCh37,cg11554937
2,9,111618129,-,ACTL7B,GRCh37,cg05156613
2,2,27498334,+,DNAJC5G;DNAJC5G,GRCh37,cg16964535
2,3,42726970,+,KBTBD5,GRCh37,cg00412805
2,19,57631232,+,USP29,GRCh37,cg07499372
2,2,105858139,-,GPR45,GRCh37,cg21399079
2,18,19998010,+,CTAGE1,GRCh37,cg10421192
2,13,20717346,+,GJA3,GRCh37,cg15344726
2,22.0,40289538,+,ENTHD1,GRCh37,cg08245789
2,4,8270795,-,HTRA3,GRCh37,cg24105933
3,15,83952019,-,BNC1,GRCh37,cg10398682
3,15,83952508,+,BNC1,GRCh37,cg17051321
4,21,48024683,-,S100B,GRCh37,cg07152925
4,19,2016532,+,BTBD2,GRCh37,cg26927807
4,2,133174635,+,GPR39,GRCh37,cg07785936
4,19,45279765,+,CBLC;CBLC,GRCh37,cg03292149
4,19,45281526,+,CBLC;CBLC,GRCh37,cg22780475
4,8,144416485,-,TOP1MT,GRCh37,cg12188860
4,7,142981776,+,TMEM139,GRCh37,cg15652212
4,19,6333587,-,ACER1;ACER1,GRCh37,cg12999109
4,19,14607713,+,GIPC1;GIPC1;GIPC1;GIPC1;GIPC1;GIPC1,GRCh37,cg14528319
4,19,35940862,+,FFAR2,GRCh37,cg15479752
4,17,80797881,-,TBCD;ZNF750;ZNF750,GRCh37,cg06022562
5,11,71709978,+,IL18BP;IL18BP;IL18BP;IL18BP;IL18BP;IL18BP;IL18BP,GRCh37,cg16749930
5,4,102711773,+,BANK1;BANK1;BANK1;BANK1,GRCh37,cg25023994
5,2,188312833,+,CALCRL;CALCRL,GRCh37,cg21350115
5,15,38988560,-,C15orf53,GRCh37,cg20678353
5,8,26722861,-,ADRA1A;ADRA1A;ADRA1A;ADRA1A;ADRA1A;ADRA1A;ADRA1A;ADRA1A,GRCh37,cg17963840
5,11,57004934,-,APLNR;APLNR,GRCh37,cg25072179
5,11,71709917,-,IL18BP;IL18BP;IL18BP;IL18BP;IL18BP,GRCh37,cg26149678
6,1,202310841,+,UBE2T,GRCh37,cg01918706
6,1,113257872,-,PPM1J,GRCh37,cg12687922
6,6,136611096,-,BCLAF1;BCLAF1;BCLAF1,GRCh37,cg12721546
6,12,7283049,+,CLSTN3;CLSTN3,GRCh37,cg12448934
6,3,52804560,-,NEK4,GRCh37,cg12417299
6,2,136633607,+,MCM6,GRCh37,cg13056269
6,12,123920983,+,RILPL2;RILPL2,GRCh37,cg01954353
6,22.0,23522551,-,BCR;BCR;BCR;BCR,GRCh37,cg12406417
6,12,96794220,+,CDK17;CDK17;CDK17;CDK17,GRCh37,cg12888961
6,1,168195558,-,SFT2D2,GRCh37,cg12739647
6,3,183735660,+,ABCC5;ABCC5;ABCC5;ABCC5,GRCh37,cg12783640
6,16,431543,+,TMEM8A;LOC100134368,GRCh37,cg01940867
6,13,103498411,-,ERCC5;ERCC5,GRCh37,cg13057891
6,9,127630977,-,ARPC5L,GRCh37,cg12788471
6,2,135809940,-,RAB3GAP1,GRCh37,cg12813922
6,11,59578167,+,MRPL16;MRPL16,GRCh37,cg12738007
6,14,39639447,+,TRAPPC6B;TRAPPC6B;TRAPPC6B;TRAPPC6B,GRCh37,cg12675800
6,15,91260603,-,BLM;BLM,GRCh37,cg01994513
6,6,28220091,-,ZKSCAN4,GRCh37,cg12561748
6,22.0,38203677,-,GCAT,GRCh37,cg12598364
6,17,74350433,-,PRPSAP1,GRCh37,cg12612336
6,3,39424767,+,SLC25A38,GRCh37,cg12534466
6,7,44835727,-,PPIA,GRCh37,cg12520111
6,1,155278858,-,FDPS;FDPS;FDPS;FDPS,GRCh37,cg12489819
6,5,94982685,+,RFESD;RFESD;RFESD;RFESD;RFESD,GRCh37,cg12628956
6,19,46088010,+,OPA3;OPA3,GRCh37,cg01990304
6,10,64564444,-,ADO,GRCh37,cg12452010
6,5,150460615,+,TNIP1;TNIP1,GRCh37,cg12483860
6,14,50863241,-,CDKL1,GRCh37,cg12867068
6,8,41909961,-,MYST3;MYST3;MYST3,GRCh37,cg12468056
6,17,53498958,-,MMD,GRCh37,cg01992081
6,2,62132763,-,COMMD1,GRCh37,cg12453778
6,3,33839815,-,PDCD6IP;PDCD6IP;PDCD6IP,GRCh37,cg12971958
6,13,73356356,+,DIS3;DIS3;PIBF1;PIBF1,GRCh37,cg12930920
6,3,49840147,+,C3orf54,GRCh37,cg12661229
6,19,19249331,+,TMEM161A,GRCh37,cg13026483
6,4,88141939,-,KLHL8,GRCh37,cg12733430
6,17,45000277,+,GOSR2;GOSR2;GOSR2,GRCh37,cg13940405
6,12,110437035,+,ANKRD13A,GRCh37,cg12333095
6,7,94139401,+,CASD1,GRCh37,cg11341528
6,3,28390998,+,AZI2;AZI2;AZI2,GRCh37,cg11356290
6,13,73355953,+,DIS3;DIS3;PIBF1,GRCh37,cg02162950
6,5,74632926,-,HMGCR;HMGCR,GRCh37,cg02162412
6,19,47734362,-,BBC3;BBC3;BBC3;BBC3;BBC3,GRCh37,cg11375475
6,2,131862942,+,PLEKHB2;PLEKHB2;PLEKHB2;PLEKHB2,GRCh37,cg11395917
6,16,66914446,-,PDP2;PDP2,GRCh37,cg11399527
6,1,33647854,-,TRIM62,GRCh37,cg11426590
6,15,90545745,-,ZNF710,GRCh37,cg11468711
6,12,53400335,+,EIF4B,GRCh37,cg11471666
6,5,140070879,+,HARS2;HARS,GRCh37,cg02153871
6,1,205744417,+,RAB7L1;RAB7L1;RAB7L1;RAB7L1;RAB7L1;RAB7L1;RAB7L1,GRCh37,cg11480873
6,19,12721423,+,ZNF791;ZNF490,GRCh37,cg11481720
6,19,36705772,+,ZNF146;ZNF146;ZNF146;ZNF146;ZNF565;ZNF146;ZNF565;ZNF146,GRCh37,cg11502800
6,2,65454529,-,ACTR2;ACTR2,GRCh37,cg11585425
6,4,186317094,+,ANKRD37,GRCh37,cg11595794
6,7,30066256,-,FKBP14;FKBP14,GRCh37,cg11601662
6,8,146018277,-,RPL8;RPL8,GRCh37,cg11609366
6,12,6309515,+,CD9,GRCh37,cg11620873
6,17,62340505,+,TEX2,GRCh37,cg11336428
6,16,81349061,+,GAN,GRCh37,cg11625451
6,14,50066018,+,PPIL5;PPIL5,GRCh37,cg11328875
6,6,137143636,-,PEX7,GRCh37,cg11310692
6,19,46272660,-,SIX5,GRCh37,cg11063988
6,8,145653662,+,VPS28;VPS28,GRCh37,cg02226871
6,16,70380593,+,DDX19A,GRCh37,cg11093356
6,17,1620044,-,C17orf91;C17orf91;WDR81;C17orf91;C17orf91;WDR81,GRCh37,cg11099291
6,8,10697698,+,PINX1,GRCh37,cg11108432
6,13,99853497,-,UBAC2;UBAC2;UBAC2;UBAC2,GRCh37,cg02213716
6,17,66288529,+,SLC16A6;ARSG,GRCh37,cg11117707
6,5,10250162,-,CCT5;FAM173B,GRCh37,cg11151820
6,19,13261480,-,IER2;STX10,GRCh37,cg11158440
6,3,186501254,+,EIF4A2;SNORD2,GRCh37,cg02200132
6,12,68725932,-,MDM1;MDM1,GRCh37,cg11160386
6,21,45284425,-,AGPAT3,GRCh37,cg11166823
6,10,102027336,+,CWF19L1,GRCh37,cg11187508
6,1,93297822,-,RPL5,GRCh37,cg11189434
6,2,197791305,+,PGAP1,GRCh37,cg11197066
6,12,56521692,-,ESYT1,GRCh37,cg11206763
6,7,100271323,-,GNB2,GRCh37,cg11223864
6,12,498478,-,KDM5A;KDM5A;KDM5A;CCDC77;CCDC77;KDM5A,GRCh37,cg11225935
6,7,75677249,+,STYXL1;STYXL1;MDH2,GRCh37,cg11237883
6,16,56459217,-,AMFR,GRCh37,cg11323230
6,16,67194943,+,TRADD;FBXL8,GRCh37,cg12403575
6,2,172016605,+,TLK1;TLK1,GRCh37,cg11626791
6,19,39881393,-,MED29;PAF1,GRCh37,cg11677722
6,17,37025978,-,LASP1,GRCh37,cg02060988
6,6,108881455,-,FOXO3;FOXO3,GRCh37,cg02060698
6,7,48018855,-,HUS1,GRCh37,cg12034229
6,3,43733234,+,ABHD5,GRCh37,cg12059012
6,1,36023279,+,NCDN;NCDN;KIAA0319L;NCDN,GRCh37,cg12106731
6,19,50168026,+,IRF3;BCL2L12;BCL2L12,GRCh37,cg12107692
6,10,113943397,+,GPAM,GRCh37,cg12137206
6,11,113185079,+,TTC12,GRCh37,cg12177743
6,17,4046863,+,ZZEF1;CYB5D2;CYB5D2;CYB5D2;CYB5D2,GRCh37,cg12188482
6,22.0,39898620,+,SMCR7L,GRCh37,cg12188538
6,20,5986831,-,CRLS1;CRLS1;CRLS1,GRCh37,cg02025407
6,4,493061,-,PIGG;ZNF721;PIGG;PIGG;PIGG;ZNF721,GRCh37,cg12194493
6,18,34408901,-,C18orf10;KIAA1328;C18orf10,GRCh37,cg12219753
6,7,73589459,-,EIF4H;EIF4H,GRCh37,cg12241125
6,3,39194549,+,CSRNP1,GRCh37,cg12243255
6,15,67834730,-,MAP2K5;MAP2K5,GRCh37,cg12246527
6,12,56862370,-,SPRYD4;SPRYD4,GRCh37,cg12264551
6,6,153304188,-,FBXO5;FBXO5;FBXO5,GRCh37,cg12290002
6,19,10981810,-,CARM1,GRCh37,cg12317676
6,1,110527249,-,AHCYL1,GRCh37,cg12020639
6,19,46010716,+,VASP;VASP,GRCh37,cg11639397
6,17,42422811,-,GRN,GRCh37,cg11999384
6,6,30852699,+,DDR1;DDR1,GRCh37,cg11977634
6,2,112641892,+,ANAPC1,GRCh37,cg11700429
6,1,183441865,-,SMG7;SMG7;SMG7,GRCh37,cg02105034
6,19,11546473,-,PRKCSH;PRKCSH;PRKCSH;CCDC151;PRKCSH,GRCh37,cg11705439
6,12,120105372,+,PRKAB1,GRCh37,cg11756837
6,21,43916603,-,RSPH1,GRCh37,cg11772764
6,22.0,26824763,+,ASPHD2,GRCh37,cg11792483
6,2,86426725,+,MRPL35;MRPL35,GRCh37,cg11820734
6,12,72057762,-,ZFC3H1;THAP2,GRCh37,cg11821147
6,19,42806344,+,PAFAH1B3;PRR19;PRR19;PAFAH1B3;PAFAH1B3,GRCh37,cg02097636
6,14,89291100,-,TTC8;TTC8;TTC8,GRCh37,cg11821536
6,2,220043521,-,FAM134A,GRCh37,cg11837864
6,1,10532677,-,DFFA;DFFA,GRCh37,cg11843760
6,6,47277822,+,TNFRSF21,GRCh37,cg11848539
6,3,111393588,-,PLCXD2;PLCXD2;PLCXD2;PLCXD2,GRCh37,cg11852814
6,7,27779895,-,TAX1BP1;TAX1BP1,GRCh37,cg11899895
6,12,50361401,-,,GRCh37,cg11912049
6,1,36689760,-,THRAP3,GRCh37,cg11916186
6,10,112327600,-,SMC3,GRCh37,cg11944393
6,11,129872885,+,NCRNA00167;PRDM10;PRDM10,GRCh37,cg13058581
6,11,102963161,-,DCUN1D5,GRCh37,cg11995303
6,12,93835939,-,UBE2N;UBE2N,GRCh37,cg11957880
6,15,51915413,+,DMXL2,GRCh37,cg13501507
6,6,30614722,-,C6orf136;C6orf136;C6orf136,GRCh37,cg13118748
6,7,72971398,+,BCL7B,GRCh37,cg15396310
6,8,99129939,-,POP1;POP1;HRSP12;POP1,GRCh37,cg15399561
6,12,56710096,+,PAN2;PAN2;CNPY2;PAN2;CNPY2,GRCh37,cg15417900
6,1,47069792,+,MKNK1;MKNK1;MKNK1;MKNK1;MKNK1,GRCh37,cg15445332
6,1,155278344,+,FDPS;FDPS;FDPS,GRCh37,cg15470750
6,1,16174610,-,SPEN;FLJ37453,GRCh37,cg15500658
6,2,191745248,+,GLS,GRCh37,cg15522719
6,19,14248090,-,ASF1B,GRCh37,cg01545242
6,2,37194356,-,STRN,GRCh37,cg15556558
6,11,46721921,+,ARHGAP1;ZNF408,GRCh37,cg15384392
6,14,69260307,+,ZFP36L1,GRCh37,cg15558971
6,15,78592154,+,WDR61,GRCh37,cg15563993
6,2,187350716,+,ZC3H15,GRCh37,cg15566222
6,14,104029667,+,BAG5;BAG5;BAG5;C14orf153,GRCh37,cg15569512
6,1,145507416,+,RBM8A,GRCh37,cg15611923
6,9,72288098,+,APBA1,GRCh37,cg15623573
6,2,86426467,+,MRPL35;MRPL35,GRCh37,cg15645605
6,16,4852962,+,ROGDI,GRCh37,cg15645784
6,5,86564490,-,RASA1;RASA1,GRCh37,cg15664067
6,2,32581747,-,BIRC6,GRCh37,cg15673110
6,3,88198982,-,C3orf38;C3orf38,GRCh37,cg15562197
6,19,5904233,-,VMAC;NDUFA11,GRCh37,cg01513611
6,14,75745358,-,FOS,GRCh37,cg15337055
6,1,46806357,-,NSUN4,GRCh37,cg15305343
6,22.0,37416188,+,MPST;TST;MPST;MPST;MPST,GRCh37,cg14850181
6,8,30515337,-,GTF2E2,GRCh37,cg14871856
6,7,92462981,+,CDK6;CDK6,GRCh37,cg01638735
6,3,49761040,+,GMPPB;GMPPB,GRCh37,cg01626197
6,1,249133278,-,ZNF672,GRCh37,cg14931645
6,1,6320471,+,GPR153,GRCh37,cg14958889
6,1,226374753,+,ACBD3,GRCh37,cg14971781
6,22.0,50964374,-,TYMP;SCO2;TYMP;SCO2;TYMP;SCO2;SCO2,GRCh37,cg15018760
6,6,116601073,+,DSE;TSPYL1;TSPYL1,GRCh37,cg15056247
6,13,37393521,-,RFXAP,GRCh37,cg15318532
6,12,11802217,-,ETV6,GRCh37,cg15062795
6,19,2236316,+,PLEKHJ1;PLEKHJ1;SF3A2,GRCh37,cg03309721
6,7,128096265,+,C7orf68;C7orf68,GRCh37,cg15133363
6,18,21977340,-,OSBPL1A,GRCh37,cg15211655
6,11,64808343,-,SAC3D1,GRCh37,cg15225105
6,2,220408791,-,TMEM198;CHPF;TMEM198,GRCh37,cg15253243
6,2,47404009,-,CALM2,GRCh37,cg01600782
6,2,73114960,+,SPR,GRCh37,cg15253672
6,2,15701366,-,NBAS,GRCh37,cg15298594
6,14,39583430,-,SIP1;SIP1;SIP1,GRCh37,cg15300989
6,6,31671037,-,BAT5,GRCh37,cg15100639
6,14,35452110,-,SRP54;SRP54;SRP54;SRP54,GRCh37,cg15677132
6,7,30634239,-,GARS;GARS,GRCh37,cg15693363
6,9,32384344,+,ACO1,GRCh37,cg15714041
6,3,49131884,+,QRICH1;QRICH1,GRCh37,cg16270091
6,11,45939543,+,PEX16;PEX16;PEX16;PEX16,GRCh37,cg16280313
6,15,50716755,-,USP8;USP8;USP8;USP8;USP8,GRCh37,cg01443067
6,10,94352700,+,KIF11,GRCh37,cg16340918
6,7,30518197,+,NOD1,GRCh37,cg16391151
6,5,73936053,+,ENC1,GRCh37,cg01439669
6,8,103668053,-,KLF10,GRCh37,cg16481024
6,12,70637792,+,CNOT2,GRCh37,cg16482226
6,20,57556086,+,TH1L,GRCh37,cg16484842
6,6,13614902,-,NOL7,GRCh37,cg16253168
6,17,34891014,-,MYO19;MYO19;MYO19;PIGW,GRCh37,cg16544272
6,1,70671441,+,SFRS11;LRRC40;SFRS11,GRCh37,cg16666456
6,19,46010011,-,VASP,GRCh37,cg16688911
6,15,72978825,-,HIGD2B;BBS4,GRCh37,cg01412445
6,4,103790299,+,UBE2D3;CISD2;UBE2D3,GRCh37,cg16746737
6,14,24685222,+,MDP1;MDP1,GRCh37,cg16769376
6,9,133569236,-,EXOSC2,GRCh37,cg16799583
6,10,112835859,+,ADRA2A,GRCh37,cg16886188
6,2,85554779,-,TGOLN2,GRCh37,cg16907167
6,12,95467524,+,NR2C1;NR2C1;NR2C1,GRCh37,cg16909124
6,19,44031589,+,ETHE1,GRCh37,cg16664233
6,6,36954249,+,MTCH1,GRCh37,cg16239406
6,16,1359182,+,UBE2I;UBE2I;UBE2I;UBE2I;UBE2I,GRCh37,cg16236759
6,4,100815812,+,MAPKSP1;MAPKSP1,GRCh37,cg16220802
6,14,74318413,-,PTGR2;PTGR2;PTGR2,GRCh37,cg15729423
6,1,109618580,+,TAF13;TAF13,GRCh37,cg15753381
6,19,13859137,-,CCDC130,GRCh37,cg15755406
6,11,76156397,-,C11orf30,GRCh37,cg15765532
6,1,165796654,-,UCK2,GRCh37,cg15781625
6,16,31119650,+,BCKDK;BCKDK,GRCh37,cg15785580
6,16,21169615,+,DNAH3;TMEM159,GRCh37,cg15786879
6,17,28256424,+,EFCAB5;SSH2,GRCh37,cg01491540
6,5,80597551,-,RNU5E;RNU5D;ZCCHC9;ZCCHC9;ZCCHC9;ZCCHC9,GRCh37,cg01491225
6,10,22292583,+,DNAJC1;DNAJC1,GRCh37,cg15818800
6,17,18761345,+,PRPSAP2,GRCh37,cg15831452
6,11,65382529,+,PCNXL3;MAP3K11,GRCh37,cg15854296
6,19,45927257,-,ERCC1;ERCC1;ERCC1,GRCh37,cg15911500
6,16,30661850,-,PRR14,GRCh37,cg15928446
6,8,144349898,+,GLI4,GRCh37,cg16007680
6,1,224034222,+,TP53BP2;TP53BP2,GRCh37,cg16028934
6,21.0,26980353,+,MRPL39;MRPL39,GRCh37,cg16069236
6,7,66386859,+,C7orf42,GRCh37,cg16075384
6,4,144434637,-,SMARCA5;SMARCA5,GRCh37,cg16091845
6,8,102218091,-,ZNF706;ZNF706;ZNF706,GRCh37,cg16124821
6,1,226069919,-,TMEM63A,GRCh37,cg01461641
6,9,36573072,+,MELK,GRCh37,cg14776416
6,1,184021034,-,TSEN15;TSEN15;TSEN15,GRCh37,cg14773259
6,22.0,35777245,+,HMOX1,GRCh37,cg14733672
6,16,30662724,-,PRR14,GRCh37,cg14710524
6,4,129209602,-,PGRMC2,GRCh37,cg13469311
6,5,137089619,+,HNRNPA0,GRCh37,cg11049298
6,8,17942526,+,ASAH1;ASAH1;ASAH1,GRCh37,cg13563405
6,6,33257501,+,PFDN6;WDR46;WDR46,GRCh37,cg13576739
6,5,137548929,-,CDC23,GRCh37,cg13581941
6,2,136289118,-,R3HDM1;R3HDM1;ZRANB3,GRCh37,cg13588645
6,19,55918708,-,UBE2S,GRCh37,cg13620808
6,15,102192134,-,TM2D3;TM2D3,GRCh37,cg13634678
6,19,54618596,-,PRPF31;TFPT,GRCh37,cg13650689
6,1,150459676,-,TARS2,GRCh37,cg13454184
6,11,67159079,+,LOC100130987;RAD9A,GRCh37,cg01787047
6,22.0,30000107,-,NF2;NF2;NF2;NF2;NF2;NF2;NF2;NF2;NF2,GRCh37,cg13671831
6,3,194354433,-,TMEM44;TMEM44;TMEM44;TMEM44,GRCh37,cg13713381
6,22.0,21271392,+,CRKL,GRCh37,cg13720744
6,3,66024492,+,MAGI1;MAGI1;MAGI1;MAGI1;MAGI1;MAGI1,GRCh37,cg13725272
6,19,56112088,+,FIZ1;ZNF524,GRCh37,cg13741249
6,1,36863007,+,LSM10,GRCh37,cg01773061
6,8,133687491,+,LRRC6,GRCh37,cg13755023
6,2,20424975,+,SDC1;SDC1,GRCh37,cg13758659
6,17,58156411,+,HEATR6,GRCh37,cg13790571
6,9,14693082,-,ZDHHC21,GRCh37,cg01785060
6,1,65886635,-,LEPR;LEPR;LEPROT;LEPR,GRCh37,cg13446852
6,14,76452183,-,C14orf179;C14orf179,GRCh37,cg13438944
6,17,38210697,+,MED24;MED24;MED24;MED24,GRCh37,cg13437593
6,4,141445677,+,ELMOD2,GRCh37,cg13132204
6,3,124449104,+,UMPS,GRCh37,cg13144004
6,22.0,31556086,+,RNF185;RNF185;RNF185;RNF185;RNF185;RNF185;RNF185,GRCh37,cg13145458
6,2,128848815,-,UGGT1;UGGT1;UGGT1,GRCh37,cg13173909
6,2,122513376,-,TSN,GRCh37,cg13208492
6,8,57124347,-,CHCHD7;CHCHD7;CHCHD7;CHCHD7;PLAG1;CHCHD7;PLAG1;CHCHD7;PLAG1;CHCHD7;CHCHD7;CHCHD7;CHCHD7;CHCHD7;CHCHD7,GRCh37,cg13208732
6,2,231921414,-,PSMD1,GRCh37,cg13216088
6,5,149340052,-,SLC26A2,GRCh37,cg13237906
6,2,219081679,-,ARPC2;ARPC2,GRCh37,cg13240332
6,16,21963795,-,UQCRC2,GRCh37,cg13244707
6,11,110300632,+,FDX1;FDX1,GRCh37,cg13258606
6,8,91013426,-,DECR1,GRCh37,cg13277385
6,19,41196734,+,NUMBL,GRCh37,cg13285447
6,7,129710309,+,KLHDC10,GRCh37,cg13360404
6,10,70939987,-,SUPV3L1,GRCh37,cg13409216
6,8,42751637,+,RNF170;RNF170;RNF170;RNF170;RNF170;RNF170;HOOK3;RNF170;RNF170;RNF170;RNF170,GRCh37,cg13414044
6,10,89265204,+,MINPP1,GRCh37,cg01816336
6,9,86595452,-,HNRNPK;RMI1;HNRNPK;HNRNPK;HNRNPK;HNRNPK,GRCh37,cg01809579
6,16,53468712,-,RBL2,GRCh37,cg13426503
6,22.0,40742577,-,ADSL;ADSL,GRCh37,cg13430425
6,1,31538432,-,PUM1;PUM1,GRCh37,cg13436343
6,1,205649091,+,SLC45A3,GRCh37,cg13791589
6,9,79009738,-,RFK,GRCh37,cg13066542
6,4,154266213,+,MND1,GRCh37,cg13825058
6,16,67970749,-,PSMB10;PSMB10,GRCh37,cg13846555
6,3,50337045,+,HYAL3;NAT6,GRCh37,cg14358502
6,19,50083632,-,PRRG2;NOSIP,GRCh37,cg14364739
6,2,27274309,-,AGBL5;AGBL5,GRCh37,cg14424579
6,6,8102781,+,EEF1E1;EEF1E1;EEF1E1;EEF1E1,GRCh37,cg14439353
6,4,6711592,-,MRFAP1L1;MRFAP1L1,GRCh37,cg14489884
6,1,118149019,+,FAM46C,GRCh37,cg14545899
6,1,155247361,-,HCN3,GRCh37,cg14550101
6,19,50180360,-,PRMT1;PRMT1;PRMT1,GRCh37,cg14576628
6,11,46722671,+,ZNF408;ARHGAP1,GRCh37,cg14585160
6,10,50746568,-,ERCC6,GRCh37,cg14343062
6,3,119182282,+,TMEM39A;TMEM39A,GRCh37,cg14602658
6,10,94833615,-,CYP26A1;CYP26A1,GRCh37,cg14613832
6,10,70481056,-,CCAR1,GRCh37,cg14623805
6,19,49977266,+,FLT3LG,GRCh37,cg01667384
6,7,97910728,-,BRI3;BRI3,GRCh37,cg14640481
6,7,86974674,+,CROT;CROT;CROT;TP53TG1,GRCh37,cg14651992
6,3,41241630,+,CTNNB1;CTNNB1;CTNNB1,GRCh37,cg14663065
6,2,27434752,+,C2orf28;SLC5A6;C2orf28;SLC5A6;C2orf28,GRCh37,cg14672622
6,1,39457257,+,AKIRIN1;AKIRIN1,GRCh37,cg14676817
6,4,3076907,+,HTT,GRCh37,cg14694952
6,11,32851177,+,PRRG4,GRCh37,cg14609458
6,12,14956580,+,WBP11;C12orf60;C12orf60,GRCh37,cg14341030
6,8,66557547,-,MTFR1;MTFR1,GRCh37,cg14299177
6,6,35436136,+,RPL10A,GRCh37,cg14290451
6,5,137910711,-,HSPA9,GRCh37,cg13859216
6,6,24403062,+,MRS2,GRCh37,cg13884546
6,16,89557340,-,ANKRD11,GRCh37,cg13918581
6,16,3451181,-,ZNF174;ZNF174;ZNF434,GRCh37,cg13919607
6,11,124492608,-,TBRG1;TBRG1,GRCh37,cg13932624
6,2,103353092,+,MFSD9,GRCh37,cg13948784
6,15,85174719,-,SCAND2;SCAND2,GRCh37,cg13973816
6,14,105219857,+,SIVA1;SIVA1,GRCh37,cg14043411
6,2,201936671,-,FAM126B;NDUFB3;NDUFB3,GRCh37,cg14047656
6,16,79634410,+,MAF;MAF;MAF;MAF,GRCh37,cg14055374
6,3,138048746,+,TXNDC6,GRCh37,cg14058345
6,16,1824041,-,EME2;MRPS34,GRCh37,cg01729862
6,19,40697804,+,MAP3K10;MAP3K10,GRCh37,cg14074431
6,1,200639502,+,DDX59,GRCh37,cg14085328
6,2,220144326,-,DNAJB2;DNAJB2,GRCh37,cg14091223
6,19,51308034,-,C19orf48;C19orf48,GRCh37,cg14093125
6,2,62932430,+,EHBP1;EHBP1;EHBP1,GRCh37,cg14101501
6,2,198364789,+,HSPE1;HSPE1;HSPD1;HSPD1,GRCh37,cg14212314
6,2,65357592,-,RAB1A;RAB1A,GRCh37,cg14217102
6,9,91004214,-,SPIN1,GRCh37,cg14230685
6,2,120771169,+,EPB41L5,GRCh37,cg14287603
6,11,8704374,-,RPL27A;SNORA3,GRCh37,cg13838528
6,7,127983966,-,RBM28;RBM28,GRCh37,cg11041966
6,22.0,43506591,+,BIK,GRCh37,cg10432177
6,9,131314542,+,SPTAN1;SPTAN1,GRCh37,cg11007123
6,7,112430152,+,TMEM168,GRCh37,cg05608188
6,1,101491636,-,DPH5;DPH5;DPH5,GRCh37,cg05612904
6,15,90776927,-,CIB1;C15orf58,GRCh37,cg05641961
6,2,230787279,-,TRIP12;FBXO36,GRCh37,cg05670275
6,3,179371510,-,USP13,GRCh37,cg05678938
6,1,93811877,+,DR1;DR1,GRCh37,cg05684015
6,3,48885332,+,PRKAR2A,GRCh37,cg05699592
6,2,173420889,-,PDK1,GRCh37,cg05702952
6,4,106630108,-,GSTCD;INTS12;INTS12;GSTCD,GRCh37,cg05764607
6,17,40428759,-,STAT5B,GRCh37,cg05780311
6,9,124030744,+,GSN;GSN;GSN;GSN;GSN;GSN;GSN,GRCh37,cg05793077
6,12,76425514,+,PHLDA1,GRCh37,cg02947222
6,22.0,39052748,-,CBY1;CBY1;CBY1;LOC646851;CBY1,GRCh37,cg05845357
6,10,115614308,+,DCLRE1A;NHLRC2,GRCh37,cg02946754
6,2,170336167,-,BBS5,GRCh37,cg05847778
6,10,131265696,+,MGMT,GRCh37,cg02941816
6,7,116593656,-,ST7OT4;ST7OT1;ST7;ST7,GRCh37,cg05937182
6,19,1041026,+,ABCA7,GRCh37,cg05989429
6,5,138940959,+,UBE2D2;UBE2D2;UBE2D2;UBE2D2,GRCh37,cg06005644
6,3,149688583,+,PFN2;PFN2,GRCh37,cg02929869
6,17,8534013,+,MYH10;MYH10,GRCh37,cg06011292
6,14,99947482,+,SETD3;CCNK;SETD3;CCNK,GRCh37,cg05602615
6,2,42396882,+,EML4;EML4,GRCh37,cg06043190
6,7,99097635,+,ZNF394,GRCh37,cg05575043
6,1,28157672,+,PPP1R8;PPP1R8;PPP1R8;PPP1R8;PPP1R8,GRCh37,cg05492605
6,17,45266880,+,CDC27;CDC27,GRCh37,cg05114625
6,17,28444127,+,MIR423;CCDC55,GRCh37,cg05141870
6,12,120639210,+,RPLP0;RPLP0,GRCh37,cg05173789
6,9,35732569,-,TLN1;CREB3;CREB3,GRCh37,cg05219900
6,5,137801343,+,EGR1;EGR1,GRCh37,cg05229898
6,8,98656054,+,MTDH,GRCh37,cg05237543
6,3,39447984,-,RPSA;RPSA,GRCh37,cg05242945
6,6,89673273,+,RNGTT;RNGTT,GRCh37,cg05263682
6,1,205091401,-,RBBP5,GRCh37,cg05290904
6,1,180992117,+,STX6,GRCh37,cg05301102
6,2,210867127,+,RPE;RPE,GRCh37,cg05306006
6,12,56512408,+,ZC3H10,GRCh37,cg05347567
6,8,120885882,+,DEPDC6,GRCh37,cg05365525
6,12,53689374,+,PFDN5;PFDN5,GRCh37,cg05368089
6,9,116102362,+,WDR31;WDR31,GRCh37,cg05375800
6,5,149380781,+,HMGXB3;TIGD6,GRCh37,cg05382565
6,4,78077912,+,CCNG2,GRCh37,cg05409601
6,6,132128945,+,ENPP1,GRCh37,cg05417985
6,6,33266961,+,RGL2;RGL2;RGL2,GRCh37,cg02990567
6,12,56615825,+,RNF41;RNF41;RNF41,GRCh37,cg05435853
6,16,69458329,+,CYB5B,GRCh37,cg05439318
6,10,103348072,-,POLL;RP11-529I10.4,GRCh37,cg05538387
6,6,32098247,-,FKBPL,GRCh37,cg05069385
6,3,50374670,+,RASSF1;RASSF1;RASSF1;RASSF1,GRCh37,cg06063729
6,19,47633912,-,SAE1;SAE1;SAE1;SAE1,GRCh37,cg06095560
6,6,7590278,+,SNRNP48,GRCh37,cg06634267
6,4,153700671,-,ARFIP1;TIGD4;ARFIP1;ARFIP1;TIGD4,GRCh37,cg06649520
6,2,46844408,-,CRIPT;PIGF;PIGF;CRIPT,GRCh37,cg06654134
6,21,34602869,-,IFNAR2;IFNAR2;IFNAR2,GRCh37,cg06665941
6,16,2480094,+,CCNF,GRCh37,cg06689536
6,7,916393,+,C7orf20,GRCh37,cg06707886
6,10,180599,-,ZMYND11;ZMYND11;ZMYND11;ZMYND11;ZMYND11;ZMYND11,GRCh37,cg02813021
6,19,10342240,+,S1PR2,GRCh37,cg06716436
6,15,79603771,-,TMED3,GRCh37,cg06746101
6,11,17756761,+,KCNC1;KCNC1,GRCh37,cg06763078
6,6,138188320,+,TNFAIP3,GRCh37,cg06779945
6,19,10362626,-,MRPL4;MRPL4;MRPL4,GRCh37,cg02792677
6,19,16222510,-,RAB8A;RAB8A,GRCh37,cg06816063
6,1,161015119,+,USF1;USF1,GRCh37,cg06823263
6,1,86174060,+,ZNHIT6;ZNHIT6;ZNHIT6;ZNHIT6,GRCh37,cg06833562
6,4,8442641,-,ACOX3;ACOX3,GRCh37,cg06862062
6,9,140095555,+,C9orf75;C9orf75,GRCh37,cg06886022
6,5,148931087,+,CSNK1A1;CSNK1A1,GRCh37,cg06899802
6,12,10364933,-,GABARAPL1,GRCh37,cg06915165
6,6,43139670,-,SRF,GRCh37,cg02760007
6,10,75006462,-,DNAJC9,GRCh37,cg07061913
6,1,212965581,-,TATDN3;TATDN3;NSL1;TATDN3;TATDN3;TATDN3;NSL1,GRCh37,cg06593568
6,17,58677051,+,PPM1D,GRCh37,cg06090421
6,12,102224375,+,GNPTAB,GRCh37,cg06554542
6,2,113522377,-,CKAP2L,GRCh37,cg06505666
6,1,156736771,-,PRCC;PRCC,GRCh37,cg06106793
6,19,35739762,+,LSR;LSR;LSR;LSR;LSR;LSR,GRCh37,cg02915261
6,6,43544046,+,XPO5;POLH;POLH,GRCh37,cg06132324
6,9,86596281,+,HNRNPK;HNRNPK;HNRNPK;RMI1,GRCh37,cg06138027
6,13,41706728,+,KBTBD6;KBTBD6,GRCh37,cg06146910
6,15,59042325,-,ADAM10,GRCh37,cg06253734
6,14,92506140,+,TRIP11;TRIP11,GRCh37,cg06279414
6,3,71633249,+,FOXP1;FOXP1,GRCh37,cg02900980
6,22.0,31031670,-,SLC35E4,GRCh37,cg06330324
6,1,57044991,-,PPAP2B;PPAP2B;PPAP2B;PPAP2B,GRCh37,cg06334284
6,12,48299313,+,VDR;VDR,GRCh37,cg06369854
6,2,46925753,-,SOCS5;SOCS5,GRCh37,cg06386533
6,8,26149055,-,PPP2R2A;PPP2R2A,GRCh37,cg06403126
6,20,25228305,-,PYGB,GRCh37,cg06421707
6,7,130352926,-,COPG2,GRCh37,cg06422910
6,6,13615570,-,NOL7;NOL7,GRCh37,cg06433995
6,18,9335102,+,TWSG1,GRCh37,cg06461769
6,7,35735019,+,HERPUD2,GRCh37,cg06466797
6,10,112327234,+,SMC3,GRCh37,cg06470552
6,12,110011242,+,MMAB;MVK;MVK,GRCh37,cg02862835
6,1,7843564,-,PER3,GRCh37,cg06487986
6,11,82783039,-,RAB30,GRCh37,cg06516650
6,20,25603976,+,NANP,GRCh37,cg07072140
6,19,10946973,-,TMED1;TMED1,GRCh37,cg05051316
6,8,119633844,+,SAMD12;SAMD12,GRCh37,cg05040429
6,2,153575599,-,ARL6IP6;ARL6IP6,GRCh37,cg03759077
6,10,74114860,+,DNAJB12;DNAJB12;DNAJB12;DNAJB12,GRCh37,cg03761560
6,11,64072089,-,ESRRA;C11orf20,GRCh37,cg03764506
6,19,39882194,+,MED29;PAF1,GRCh37,cg03774732
6,7,27702785,-,HIBADH,GRCh37,cg03792199
6,9,88969266,-,ZCCHC6;ZCCHC6,GRCh37,cg03221676
6,16,75182191,+,ZFP1,GRCh37,cg03217964
6,11,117015176,-,PAFAH1B2,GRCh37,cg03805364
6,22.0,32341378,-,C22orf24;YWHAH,GRCh37,cg03814826
6,11,126173650,-,DCPS;DCPS,GRCh37,cg03830408
6,18,9614206,+,PPP4R1;PPP4R1,GRCh37,cg03862540
6,1,91487516,+,ZNF644;ZNF644;ZNF644,GRCh37,cg03863149
6,12,108956112,+,SART3;ISCU;ISCU,GRCh37,cg03196745
6,22.0,18121194,+,BCL2L13,GRCh37,cg03887534
6,17,4613328,+,ARRB2;ARRB2,GRCh37,cg03950654
6,11,111957582,-,TIMM8B;TIMM8B;SDHD;SDHD,GRCh37,cg03950669
6,18,71815372,-,C18orf55;FBXO15;FBXO15,GRCh37,cg03954150
6,12,26985412,-,ITPR2,GRCh37,cg03966406
6,6,110012095,-,AKD1;FIG4;AKD1,GRCh37,cg03976567
6,17,58754542,+,BCAS3;BCAS3,GRCh37,cg03979162
6,13,53226743,-,SUGT1;SUGT1,GRCh37,cg03996465
6,9,37904295,+,MCART1;MCART1;MCART1;MCART1,GRCh37,cg03738959
6,1,233086374,+,C1orf57;C1orf57,GRCh37,cg04049800
6,4,3076305,-,HTT,GRCh37,cg03738331
6,10,38265764,+,ZNF25,GRCh37,cg03712239
6,7,142985443,-,CASP2;CASP2;CASP2;CASP2,GRCh37,cg03311036
6,1,1209673,-,UBE2J2;UBE2J2;UBE2J2;UBE2J2,GRCh37,cg03322129
6,17,38573811,+,TOP2A,GRCh37,cg03359285
6,10,81964782,+,ANXA11;ANXA11;ANXA11,GRCh37,cg03359508
6,10,74452380,+,CCDC109A,GRCh37,cg03373080
6,4,57253815,-,AASDH,GRCh37,cg03289369
6,7,74489715,-,WBSCR16,GRCh37,cg03373857
6,10,104221000,-,TMEM180,GRCh37,cg03417317
6,11,65667924,-,FOSL1;FOSL1,GRCh37,cg03423524
6,7,99613105,-,ZKSCAN1,GRCh37,cg03429034
6,7,107384711,+,CBLL1;CBLL1,GRCh37,cg03443922
6,11,34073002,+,CAPRIN1;CAPRIN1,GRCh37,cg03445474
6,12,12509922,-,LOH12CR1;LOH12CR2,GRCh37,cg03272031
6,4,38869262,-,FAM114A1;MIR574,GRCh37,cg03499052
6,5,176561447,-,NSD1;NSD1,GRCh37,cg03536787
6,2,172751088,-,SLC25A12,GRCh37,cg03539474
6,16,66968476,-,FAM96B;CES2;FAM96B;CES2;CES2;CES2,GRCh37,cg03570976
6,3,49044952,-,WDR6,GRCh37,cg03640148
6,10,69835287,+,HERC4;HERC4,GRCh37,cg03652343
6,20,49575492,-,MOCS3;DPM1,GRCh37,cg03700308
6,19,53607021,+,ZNF160;ZNF160;ZNF160,GRCh37,cg03712038
6,9,91925885,+,CKS2,GRCh37,cg03712708
6,20,55926193,-,RAE1;RAE1;RAE1,GRCh37,cg05045383
6,2,198380384,+,MOBKL3;MOBKL3;MOBKL3;MOBKL3,GRCh37,cg04056179
6,18,54318390,+,WDR7;WDR7,GRCh37,cg04099673
6,6,100016357,+,CCNC;CCNC,GRCh37,cg04520084
6,20,50808759,-,ZFP64;ZFP64;ZFP64;ZFP64,GRCh37,cg04542415
6,9,136857244,-,VAV2;VAV2,GRCh37,cg04582843
6,12,112546260,+,NAA25,GRCh37,cg04623168
6,9,108456639,+,TMEM38B,GRCh37,cg04725234
6,9,21994223,+,CDKN2A;CDKN2BAS,GRCh37,cg03079681
6,16,69166964,-,CHTF8;CHTF8;CHTF8;CHTF8;CIRH1A,GRCh37,cg04779191
6,20,57226737,-,STX16;STX16;STX16;STX16;STX16;STX16;STX16;STX16,GRCh37,cg03076871
6,6,160209903,+,TCP1;TCP1,GRCh37,cg04794901
6,11,73587915,-,CHCHD8;PAAF1,GRCh37,cg04824341
6,12,117176053,+,C12orf49;RNFT2;RNFT2,GRCh37,cg04853383
6,22.0,31687698,+,PIK3IP1;PIK3IP1,GRCh37,cg03065202
6,12,6580124,+,VAMP1;VAMP1;VAMP1,GRCh37,cg04880762
6,12,121837728,+,RNF34;RNF34,GRCh37,cg03064241
6,7,129710370,-,KLHDC10;KLHDC10,GRCh37,cg04894993
6,4,980613,-,IDUA;SLC26A1,GRCh37,cg04912050
6,19,10362688,-,MRPL4;MRPL4;MRPL4;MRPL4;MRPL4,GRCh37,cg04912278
6,2,64068493,-,UGP2;UGP2,GRCh37,cg03055492
6,15,85524778,+,PDE8A;PDE8A,GRCh37,cg03042149
6,11,1784980,+,HCCA2;CTSD,GRCh37,cg04984200
6,15,41047360,+,FAM82A2;FAM82A2,GRCh37,cg05019152
6,17,8286519,+,RPL26;RPL26,GRCh37,cg04518106
6,16,14727239,+,BFAR,GRCh37,cg04066242
6,6,34725359,-,SNRPC;SNRPC,GRCh37,cg04506628
6,16,2255169,-,MLST8,GRCh37,cg04490516
6,6,111195434,-,AMD1;AMD1,GRCh37,cg04128563
6,6,31510196,-,BAT1;BAT1;SNORD84;BAT1;BAT1,GRCh37,cg04136480
6,22.0,41777896,-,TEF;TEF,GRCh37,cg04137037
6,6,107077629,+,RTN4IP1;QRSL1,GRCh37,cg04145477
6,14,45722617,-,C14orf106,GRCh37,cg04166304
6,11,65430868,-,RELA;RELA,GRCh37,cg04172043
6,3,88199274,+,C3orf38,GRCh37,cg04177705
6,11,65769867,+,EIF1AD;BANF1;BANF1;BANF1;BANF1,GRCh37,cg04197135
6,3,49203530,-,CCDC71,GRCh37,cg04197195
6,1,112298289,+,C1orf183;DDX20;DDX20,GRCh37,cg04208151
6,11,93474517,+,C11orf54;TAF1D;TAF1D,GRCh37,cg04209631
6,13,48807122,+,ITM2B,GRCh37,cg04217178
6,8,53627628,+,RB1CC1;RB1CC1,GRCh37,cg04229238
6,8,103251129,+,RRM2B;RRM2B,GRCh37,cg04230869
6,3,4535075,-,ITPR1;ITPR1;ITPR1;ITPR1;ITPR1;ITPR1,GRCh37,cg04251662
6,22.0,38578138,+,PLA2G6;PLA2G6,GRCh37,cg04280397
6,14,102606293,+,WDR20;WDR20;HSP90AA1;WDR20;WDR20;WDR20,GRCh37,cg04281268
6,5,141016114,+,HDAC3;RELL2;RELL2,GRCh37,cg04284814
6,1,44457159,-,CCDC24,GRCh37,cg04323187
6,1,154909836,+,PMVK,GRCh37,cg04361527
6,6,107780641,+,PDSS2;PDSS2,GRCh37,cg04464559
6,20,44992831,-,SLC35C2;SLC35C2;SLC35C2,GRCh37,cg04506546
6,9,140009455,+,DPP7,GRCh37,cg07172280
6,16,84681994,+,KLHL36,GRCh37,cg07179770
6,6,42421243,+,TRERF1,GRCh37,cg07191600
6,19,48673392,+,LIG1,GRCh37,cg09594841
6,9,96216052,+,FAM120A;FAM120AOS,GRCh37,cg09600829
6,3,43663379,-,ANO10,GRCh37,cg09632416
6,5,102594958,-,C5orf30,GRCh37,cg09671005
6,2,105654422,+,MRPS9,GRCh37,cg09738100
6,7,102789396,-,NAPEPLD;NAPEPLD;NAPEPLD;NAPEPLD,GRCh37,cg09739907
6,12,15942665,-,EPS8,GRCh37,cg09761310
6,12,12764631,+,CREBL2,GRCh37,cg09819033
6,16,85833828,+,COX4NB;COX4NB;COX4I1,GRCh37,cg09831311
6,7,108209967,-,THAP5;DNAJB9;THAP5,GRCh37,cg09834162
6,2,204192806,-,ABI2,GRCh37,cg09845946
6,6,31620935,+,BAT3;BAT3;BAT3;BAT3,GRCh37,cg09867157
6,22.0,42343253,-,CENPM;CENPM,GRCh37,cg09869042
6,17,79849442,-,ANAPC11;ANAPC11;ANAPC11;ANAPC11;ANAPC11;THOC4;ANAPC11;ANAPC11,GRCh37,cg02387854
6,10,104262558,+,SUFU;ACTR1A,GRCh37,cg09888137
6,3,133380479,+,TOPBP1,GRCh37,cg02387613
6,2,179316161,-,PRKRA;DFNB59;PRKRA;PRKRA;MIR548N,GRCh37,cg09890200
6,19,14640546,-,TECR,GRCh37,cg10007692
6,1,36916039,-,OSCP1;OSCP1;OSCP1;OSCP1,GRCh37,cg10035922
6,9,34458533,+,C9orf25;DNAI1;C9orf25,GRCh37,cg10049968
6,7,107204720,-,COG5;COG5;COG5;COG5;COG5;COG5;DUS4L,GRCh37,cg10065130
6,17,6939282,+,SLC16A13,GRCh37,cg09543792
6,19,45582669,+,GEMIN7;GEMIN7;GEMIN7,GRCh37,cg10073875
6,19,19431582,-,KIAA0892;SF4,GRCh37,cg09535168
6,7,150755072,+,CDK5;CDK5,GRCh37,cg09515778
6,3,15468845,+,EAF1;METTL6,GRCh37,cg09058381
6,12,9066665,-,PHC1,GRCh37,cg09059548
6,1,149982836,+,OTUD7B,GRCh37,cg09065135
6,17,42785825,+,DBF4B;DBF4B,GRCh37,cg02505689
6,20,30947141,-,ASXL1;ASXL1,GRCh37,cg09065199
6,9,127703617,-,GOLGA1,GRCh37,cg09227136
6,4,2846155,+,ADD1;ADD1;ADD1;ADD1,GRCh37,cg02496295
6,18,77439074,-,CTDP1;CTDP1,GRCh37,cg09242772
6,19,18392994,-,JUND,GRCh37,cg09251995
6,20,23330591,-,NXT1,GRCh37,cg09282338
6,13,77601257,+,FBXL3;FBXL3,GRCh37,cg09291628
6,15,41523368,-,CHP;EXD1,GRCh37,cg09370442
6,12,110433837,+,GIT2;GIT2;GIT2;GIT2;GIT2;GIT2,GRCh37,cg09391966
6,10,91061902,-,IFIT2,GRCh37,cg09398185
6,3,49059671,+,NDUFAF3;NDUFAF3;NDUFAF3;NDUFAF3;DALRD3,GRCh37,cg09399047
6,9,130186736,-,ZNF79;ZNF79,GRCh37,cg09445097
6,12,100593423,-,ACTR6,GRCh37,cg09464487
6,12,108909474,+,FICD,GRCh37,cg09475324
6,2,171786316,-,GORASP2,GRCh37,cg09503780
6,12,58146286,+,CDK4,GRCh37,cg09504352
6,17,48942734,+,TOB1,GRCh37,cg09514188
6,11,74109729,+,PGM2L1,GRCh37,cg09515805
6,18,33552519,+,C18orf21,GRCh37,cg09003876
6,2,33824519,-,FAM98A,GRCh37,cg10083236
6,19,46088331,+,OPA3;OPA3,GRCh37,cg10103111
6,8,56686346,+,TMEM68;TGS1,GRCh37,cg10485472
6,19,45004845,+,ZNF180,GRCh37,cg10488637
6,3,50310484,-,SEMA3B;SEMA3B,GRCh37,cg10546523
6,1,52870280,+,ORC1L;PRPF38A;PRPF38A,GRCh37,cg10586599
6,10,18948058,+,ARL5B,GRCh37,cg10601939
6,13,48575400,-,SUCLA2,GRCh37,cg10613440
6,3,169685131,-,LOC100128164;SEC62;LOC100128164,GRCh37,cg02276793
6,17,79935032,-,ASPSCR1,GRCh37,cg10814135
6,16,67693619,+,PARD6A;ACD;PARD6A;ACD;ACD,GRCh37,cg10819446
6,15,80352620,+,ZFAND6,GRCh37,cg10829134
6,2,192542548,+,OBFC2A;OBFC2A,GRCh37,cg10863038
6,2,219264158,+,CTDSP1;CTDSP1,GRCh37,cg10887392
6,17,7218247,-,GPS2,GRCh37,cg10905613
6,9,94877902,+,SPTLC1;SPTLC1,GRCh37,cg10912268
6,6,88182879,-,SLC35A1;SLC35A1,GRCh37,cg10919329
6,6,111303363,-,RPF2,GRCh37,cg10920427
6,6,109703938,+,CD164;CD164;CD164;CD164;CD164,GRCh37,cg10940099
6,1,54665433,-,CYB5RL;MRPL37,GRCh37,cg02239021
6,19,10828972,+,DNM2;DNM2;DNM2;MIR638;DNM2,GRCh37,cg10948777
6,2,203736738,-,ICA1L;ICA1L,GRCh37,cg10962407
6,12,110338339,+,TCHP;TCHP;TCHP,GRCh37,cg10966500
6,1,32666098,-,CCDC28B,GRCh37,cg02286990
6,15,75932598,+,IMP3;IMP3,GRCh37,cg02357725
6,1,52344120,-,NRD1;NRD1,GRCh37,cg10482750
6,6,136611098,-,BCLAF1;BCLAF1;BCLAF1,GRCh37,cg10459515
6,1,1285239,-,DVL1,GRCh37,cg10164137
6,6,2971950,+,SERPINB6;SERPINB6,GRCh37,cg10164686
6,12,54121077,-,CALCOCO1;CALCOCO1;CALCOCO1,GRCh37,cg10186308
6,2,32265051,+,DPY30,GRCh37,cg10215570
6,13,53029438,+,CKAP2;CKAP2,GRCh37,cg10218426
6,9,130890202,+,LOC389791;PTGES2;PTGES2;PTGES2;PTGES2,GRCh37,cg10218959
6,10,119805826,-,CASC2;RAB11FIP2;CASC2;RAB11FIP2;CASC2,GRCh37,cg10222574
6,14,54908028,-,CNIH,GRCh37,cg10277781
6,14,71275631,+,MAP3K9,GRCh37,cg10294797
6,17,79679470,-,SLC25A10,GRCh37,cg10299667
6,17,685449,+,GLOD4;RNMTL1,GRCh37,cg10318443
6,3,44803071,+,KIF15;KIAA1143,GRCh37,cg10337772
6,14,35873683,+,NFKBIA,GRCh37,cg02318426
6,2,127864778,+,BIN1;BIN1;BIN1;BIN1;BIN1;BIN1;BIN1;BIN1;BIN1;BIN1;BIN1;BIN1;BIN1;BIN1;BIN1;BIN1;BIN1;BIN1;BIN1;BIN1,GRCh37,cg10353870
6,12,125399409,-,UBC;UBC,GRCh37,cg02316718
6,19,54704842,-,RPS9,GRCh37,cg10384134
6,2,190305703,+,WDR75,GRCh37,cg10426652
6,6,31707602,+,MSH5;MSH5;MSH5;MSH5,GRCh37,cg10435003
6,11,123612020,+,ZNF202,GRCh37,cg10448528
6,5,132202244,+,UQCRQ,GRCh37,cg10458581
6,11,22647486,-,FANCF,GRCh37,cg02300906
6,16,71323603,+,FTSJD1;FTSJD1,GRCh37,cg10475433
6,6,13328449,+,TBC1D7;TBC1D7;TBC1D7;TBC1D7,GRCh37,cg08946989
6,5,89705635,-,CETN3,GRCh37,cg08935243
6,1,151254500,-,ZNF687,GRCh37,cg08927489
6,1,112162932,+,RAP1A;RAP1A,GRCh37,cg07597871
6,14,24605550,-,PSME1;PSME1,GRCh37,cg07602026
6,2,37459068,-,CEBPZ;C2orf56;C2orf56,GRCh37,cg07695590
6,15,80445357,+,FAH;FAH,GRCh37,cg07699440
6,22.0,42229324,-,SREBF2,GRCh37,cg07746918
6,1,179846929,+,TOR1AIP2;TOR1AIP2;TOR1AIP2;TOR1AIP2,GRCh37,cg07761912
6,5,81573845,-,RPS23,GRCh37,cg07833035
6,8,22225395,+,SLC39A14;SLC39A14;SLC39A14;SLC39A14,GRCh37,cg07837262
6,12,99038290,+,IKBIP;APAF1;IKBIP;APAF1;APAF1;APAF1;IKBIP;APAF1,GRCh37,cg07865790
6,2,216878340,+,MREG;MREG,GRCh37,cg02668581
6,2,46926272,-,SOCS5;SOCS5,GRCh37,cg07897193
6,5,153826296,+,SAP30L;SAP30L;SAP30L;SAP30L,GRCh37,cg07927484
6,9,100459834,+,XPA;XPA,GRCh37,cg07965714
6,8,145137133,+,GPAA1,GRCh37,cg08020051
6,6,36561726,-,SFRS3,GRCh37,cg08027745
6,14,66974163,-,GPHN;GPHN;GPHN;GPHN,GRCh37,cg08056903
6,1,948893,+,ISG15;ISG15,GRCh37,cg08067365
6,3,52805200,-,NEK4,GRCh37,cg08090396
6,1,24828811,+,RCAN3,GRCh37,cg02641560
6,8,22299141,+,PPP3CC,GRCh37,cg02640558
6,19,5977699,+,RANBP3;RANBP3;RANBP3,GRCh37,cg08093278
6,21,46221599,+,UBE2G2;UBE2G2,GRCh37,cg02699645
6,7,39606280,+,C7orf36,GRCh37,cg08120190
6,7,135242585,-,NUP205,GRCh37,cg07577263
6,12,97300822,-,NEDD1;NEDD1;NEDD1;NEDD1,GRCh37,cg07549630
6,14,67707706,+,MPP5,GRCh37,cg07218192
6,15,45814527,-,SLC30A4;C15orf21,GRCh37,cg07243932
6,1,53686008,-,C1orf123,GRCh37,cg07249409
6,5,115177777,+,ATG12;AP3S1,GRCh37,cg07263984
6,16,23652915,-,PALB2;DCTN5,GRCh37,cg02735133
6,1,6614341,-,TAS1R1;TAS1R1;TAS1R1;TAS1R1;NOL9,GRCh37,cg07274506
6,11,31391293,-,DNAJC24;DCDC1;DCDC1,GRCh37,cg07278207
6,15,64648415,+,CSNK1G1;CSNK1G1,GRCh37,cg07288587
6,2,62733114,+,TMEM17,GRCh37,cg07290273
6,2,29093510,-,TRMT61B,GRCh37,cg07308943
6,17,56594994,-,MTMR4,GRCh37,cg07318658
6,9,35161971,-,UNC13B,GRCh37,cg07341907
6,6,111580316,-,KIAA1919,GRCh37,cg07352586
6,15,90808673,+,NGRN;NGRN,GRCh37,cg07364638
6,1,16302232,-,ZBTB17,GRCh37,cg07437033
6,3,53381805,-,DCP1A,GRCh37,cg07454215
6,8,134309501,-,NDRG1;NDRG1;NDRG1;NDRG1,GRCh37,cg07477160
6,7,32535189,+,LSM5;AVL9;LSM5;AVL9,GRCh37,cg07520158
6,5,79950611,+,MSH3;DHFR;DHFR,GRCh37,cg07526021
6,11,118973038,+,DPAGT1,GRCh37,cg02712845
6,2,39664348,+,MAP4K3,GRCh37,cg02710105
6,7,138794433,+,ZC3HAV1;ZC3HAV1;ZC3HAV1;ZC3HAV1,GRCh37,cg07561400
6,11,67798212,-,NDUFS8,GRCh37,cg08139833
6,16,48418433,-,SIAH1,GRCh37,cg02631622
6,1,108742407,-,SLC25A24,GRCh37,cg08149333
6,8,67625280,-,SGK3,GRCh37,cg02569333
6,12,53491633,-,IGFBP6,GRCh37,cg08629913
6,10,92980627,+,PCGF5,GRCh37,cg08633154
6,7,99098009,-,ZNF394,GRCh37,cg08652404
6,5,148725324,+,GRPEL2,GRCh37,cg08680102
6,1,89150338,-,PKN2,GRCh37,cg02558133
6,5,125758809,-,GRAMD3;GRAMD3;GRAMD3;GRAMD3,GRCh37,cg08704509
6,17,25621230,-,WSB1;WSB1;WSB1;WSB1,GRCh37,cg08706258
6,15,91475586,-,HDDC3;UNC45A,GRCh37,cg08718071
6,17,73285837,-,SLC25A19;SLC25A19;SLC25A19,GRCh37,cg08766742
6,20,45035173,+,ELMO2;ELMO2,GRCh37,cg02547439
6,5,17216434,-,LOC285696;BASP1,GRCh37,cg08771731
6,1,31769778,-,SNRNP40;ZCCHC17,GRCh37,cg08778586
6,20,57226061,+,STX16;STX16;STX16;STX16,GRCh37,cg08783491
6,20,48532354,-,SPATA2,GRCh37,cg08794192
6,20,19998053,+,NAA20;NAA20;NAA20,GRCh37,cg08801329
6,18,33708920,-,SLC39A6;SLC39A6;ELP2,GRCh37,cg08803129
6,12,13044370,-,GPRC5A;GPRC5A,GRCh37,cg08849126
6,19,10491577,+,TYK2,GRCh37,cg08896629
6,10,1094976,+,IDI1;IDI1,GRCh37,cg08907850
6,19,39421419,+,MRPS12;SARS2;SARS2;SARS2;MRPS12;MRPS12;MRPS12;SARS2,GRCh37,cg08914916
6,6,17706868,+,NUP153,GRCh37,cg08620270
6,3,5020949,+,BHLHE40,GRCh37,cg08587820
6,12,8185931,+,FOXJ2;FOXJ2,GRCh37,cg08571203
6,3,105085991,-,ALCAM;ALCAM,GRCh37,cg02582608
6,20,47663143,-,CSE1L,GRCh37,cg08162572
6,1,115300440,+,CSDE1;CSDE1;CSDE1,GRCh37,cg08166982
6,9,127533861,-,NR6A1;NR6A1,GRCh37,cg08173535
6,13,108868060,+,LIG4;LIG4;LIG4,GRCh37,cg08216792
6,3,12526042,+,TSEN2;TSEN2;TSEN2;TSEN2;TSEN2;TSEN2;TSEN2;TSEN2,GRCh37,cg08220793
6,11,44117187,-,EXT2;EXT2;EXT2;EXT2,GRCh37,cg02620470
6,2,110962613,-,NPHP1;NPHP1;NPHP1;NPHP1;NPHP1;NPHP1;NPHP1;NPHP1,GRCh37,cg08229627
6,19,49956824,+,ALDH16A1;ALDH16A1,GRCh37,cg08261177
6,9,115095520,-,ROD1;ROD1;ROD1,GRCh37,cg08313788
6,1,115323327,-,SIKE1;SIKE1,GRCh37,cg08339208
6,15,35280907,-,ZNF770,GRCh37,cg11039072
6,1,8878227,+,RERE;RERE,GRCh37,cg08341978
6,2,28614671,+,FOSL2,GRCh37,cg08351105
6,17,67410907,+,MAP2K6;MAP2K6,GRCh37,cg02602864
6,10,18940404,-,NSUN6;NSUN6,GRCh37,cg08400019
6,14,78266734,+,ADCK1;ADCK1,GRCh37,cg08426384
6,20,32398882,-,CHMP4B,GRCh37,cg08428707
6,10,81838473,+,LOC219347;C10orf57;LOC219347;LOC219347;LOC219347;LOC219347,GRCh37,cg02599225
6,16,77225049,-,MON1B;MON1B,GRCh37,cg02597269
6,8,80942618,-,MRPS28,GRCh37,cg02595263
6,20,61436809,-,OGFR,GRCh37,cg08525481
6,8,74659043,+,STAU2;STAU2;STAU2;STAU2;STAU2;STAU2;STAU2;STAU2;STAU2;STAU2;STAU2;STAU2;STAU2,GRCh37,cg02584520
6,15,45003678,-,B2M,GRCh37,cg08350173
6,16,31190875,+,FUS;FUS;FUS;FUS,GRCh37,cg17022635
6,22.0,18560503,-,PEX26;PEX26,GRCh37,cg15104484
6,16,30583736,+,ZNF688;ZNF688,GRCh37,cg03309050
6,19,17970855,-,RPL18AP3;RPL18A,GRCh37,cg21011830
6,2,152685205,-,ARL5A;ARL5A;ARL5A,GRCh37,cg24334790
6,16,46918433,-,GPT2;GPT2,GRCh37,cg24306924
6,12,124118360,+,EIF2B1;GTF2H3,GRCh37,cg00887700
6,7,10979772,+,NDUFA4;NDUFA4,GRCh37,cg21053748
6,20,13619254,+,TASP1,GRCh37,cg21065990
6,5,179247663,-,SQSTM1;SQSTM1;SQSTM1,GRCh37,cg24341536
6,12,120740453,+,SIRT4,GRCh37,cg21068152
6,5,95066816,-,RHOBTB3,GRCh37,cg24274600
6,11,114271111,+,RBM7;C11orf71;C11orf71,GRCh37,cg24270244
6,12,57146087,-,PRIM1;PRIM1,GRCh37,cg24269846
6,8,27168591,+,TRIM35;PTK2B;PTK2B,GRCh37,cg21099326
6,16,66968030,+,FAM96B;CES2;CES2;FAM96B,GRCh37,cg21112925
6,17,33905650,+,PEX12;PEX12,GRCh37,cg21116410
6,15,69745592,+,RPLP1;RPLP1,GRCh37,cg24283842
6,12,106752006,-,POLR3B;POLR3B,GRCh37,cg24266542
6,9,33290511,+,SUGT1P1;NFX1;NFX1;NFX1;NFX1;NFX1;NFX1,GRCh37,cg20999934
6,5,78908130,-,PAPD4;PAPD4;PAPD4,GRCh37,cg20979602
6,3,186524196,+,RFC4;RFC4;RFC4,GRCh37,cg20872461
6,8,67341306,-,RRS1;RRS1,GRCh37,cg00905170
6,17,34842439,-,ZNHIT3,GRCh37,cg24473385
6,15,90233857,-,WDR93;PEX11A,GRCh37,cg24424381
6,12,6644066,-,GAPDH,GRCh37,cg20917484
6,19,6279546,-,MLLT1,GRCh37,cg00901766
6,22.0,38349717,-,POLR2F;POLR2F;C22orf23,GRCh37,cg20982583
6,17,56596273,-,MTMR4,GRCh37,cg20923575
6,3,149530978,-,RNF13;RNF13;RNF13;RNF13,GRCh37,cg24353466
6,7,99036756,-,PTCD1;CPSF4;CPSF4,GRCh37,cg00901683
6,2,198299586,+,SF3B1;SF3B1,GRCh37,cg00899641
6,1,22109557,+,USP48;USP48;USP48;USP48,GRCh37,cg20956373
6,6,18155101,-,KDM1B;TPMT,GRCh37,cg24342628
6,4,89514177,-,HERC3,GRCh37,cg20972543
6,3,183852724,+,EIF2B5,GRCh37,cg24408199
6,5,139726466,+,HBEGF,GRCh37,cg20868410
6,1,173683938,+,KLHL20,GRCh37,cg24241455
6,6,36098398,+,MAPK13,GRCh37,cg24155668
6,1,84945307,-,RPF1,GRCh37,cg21280384
6,10,120839943,+,EIF3A,GRCh37,cg21289924
6,12,49525534,+,TUBA1B,GRCh37,cg21300561
6,1,45987459,+,PRDX1;PRDX1;PRDX1;PRDX1;PRDX1,GRCh37,cg21319693
6,3,52188768,+,WDR51A;WDR51A;WDR51A,GRCh37,cg00848394
6,2,37384227,-,EIF2AK2;EIF2AK2,GRCh37,cg24022829
6,5,176943504,-,DDX41,GRCh37,cg00483154
6,12,22778485,+,ETNK1;ETNK1,GRCh37,cg24012034
6,4,128887044,-,MFSD8;C4orf29,GRCh37,cg00488718
6,16,2021791,+,TBL3,GRCh37,cg23998987
6,2,135676486,-,CCNT2;CCNT2,GRCh37,cg23974202
6,14,34931822,+,C14orf147,GRCh37,cg21379309
6,6,30615339,-,C6orf136;C6orf136;C6orf136,GRCh37,cg23938476
6,9,3526198,-,RFX3;RFX3,GRCh37,cg21387302
6,18,3247294,-,MYL12A,GRCh37,cg21351102
6,20,34542777,-,SCAND1;SCAND1,GRCh37,cg24158546
6,19,29704222,+,UQCRFS1,GRCh37,cg21255626
6,4,141348699,+,CLGN;CLGN;CLGN;CLGN,GRCh37,cg21246783
6,11,2923578,+,SLC22A18AS;SLC22A18;SLC22A18;SLC22A18,GRCh37,cg24139421
6,1,32671413,+,IQCC;IQCC,GRCh37,cg24137081
6,9,2015788,-,SMARCA2;SMARCA2,GRCh37,cg21140292
6,11,62439250,-,C11orf83;C11orf48,GRCh37,cg21161651
6,3,122134914,+,WDR5B,GRCh37,cg21171373
6,17,40075096,+,ACLY;ACLY,GRCh37,cg24124398
6,12,26985738,-,ITPR2;ITPR2,GRCh37,cg24082826
6,1,167189623,+,POU2F1,GRCh37,cg21182322
6,16,67926862,-,PSKH1,GRCh37,cg21196187
6,19,14801145,+,ZNF333,GRCh37,cg24102360
6,3,49027347,+,P4HTM;P4HTM;P4HTM;P4HTM,GRCh37,cg21197973
6,20,44600160,+,ZNF335,GRCh37,cg21218093
6,15,78441812,-,IDH3A,GRCh37,cg21223368
6,19,4402334,-,CHAF1A,GRCh37,cg24085258
6,9,71394810,-,PIP5K1B;FAM122A,GRCh37,cg21185421
6,12,57481903,+,NAB2,GRCh37,cg23912823
6,8,142138319,-,DENND3,GRCh37,cg24473633
6,11,66025705,-,KLC2;KLC2;KLC2;KLC2,GRCh37,cg20808145
6,11,76092535,-,PRKRIR,GRCh37,cg20461541
6,5,122180934,-,SNX24,GRCh37,cg20470275
6,1,202927475,+,ADIPOR1;ADIPOR1;ADIPOR1,GRCh37,cg25023057
6,6,35996059,-,MAPK14;MAPK14;MAPK14;MAPK14,GRCh37,cg24991452
6,6,136871089,+,MAP7,GRCh37,cg20481343
6,15,66679669,+,MAP2K1;MAP2K1,GRCh37,cg20484306
6,16,401986,-,AXIN1;AXIN1,GRCh37,cg25023245
6,12,6451130,+,TNFRSF1A;TNFRSF1A,GRCh37,cg00973286
6,7,141438448,+,SSBP1;FLJ40852,GRCh37,cg24980583
6,3,179065432,-,MFN1,GRCh37,cg20506766
6,5,131893006,-,RAD50;RAD50;RAD50;RAD50,GRCh37,cg24974130
6,15,74753785,-,UBL7;UBL7,GRCh37,cg00964109
6,13,48877719,+,RB1,GRCh37,cg24937706
6,12,117349196,+,FBXW8;FBXW8,GRCh37,cg24905739
6,1,182361258,+,GLUL;GLUL;GLUL;GLUL;GLUL,GRCh37,cg20492121
6,17,29151924,+,CRLF3,GRCh37,cg20525549
6,21.0,46360372,+,C21orf67;C21orf70;C21orf67,GRCh37,cg20451718
6,14,24701388,+,NEDD8;GMPR2;GMPR2;GMPR2;GMPR2,GRCh37,cg25055403
6,17,18128578,-,LLGL1,GRCh37,cg20131685
6,19,49977670,-,FLT3LG,GRCh37,cg22708853
6,22.0,20009063,-,C22orf25,GRCh37,cg25166896
6,6,150067614,-,NUP43,GRCh37,cg25124223
6,12,32832336,-,DNM1L;DNM1L;DNM1L,GRCh37,cg20180148
6,15,42500342,-,VPS39,GRCh37,cg25122941
6,10,75007251,-,DNAJC9,GRCh37,cg20441175
6,5,68530979,-,CDK7,GRCh37,cg25112044
6,6,142468318,-,VTA1,GRCh37,cg25098095
6,10,104155650,+,NFKB2;NFKB2;NFKB2,GRCh37,cg25095612
6,4,174255559,+,HMGB2;HMGB2;HMGB2;HMGB2,GRCh37,cg25086702
6,16,48278285,+,LONP2;LONP2,GRCh37,cg20295000
6,19,41815941,+,CCDC97,GRCh37,cg20301340
6,14,90863801,-,CALM1;CALM1,GRCh37,cg20328328
6,10,75012591,+,MRPS16,GRCh37,cg25111781
6,4,123844416,+,SPATA5;NUDT6;NUDT6,GRCh37,cg20830531
6,5,87565114,-,TMEM161B,GRCh37,cg20588892
6,7,91764007,-,CYP51A1;CYP51A1;CYP51A1,GRCh37,cg24896109
6,12,123756739,+,CDK2AP1,GRCh37,cg24580526
6,2,160143534,-,WDSUB1;WDSUB1;WDSUB1,GRCh37,cg24580185
6,2,12857652,+,TRIB2;TRIB2;TRIB2,GRCh37,cg24543400
6,10,70091499,-,HNRNPH3;PBLD;PBLD;HNRNPH3,GRCh37,cg20700904
6,4,100484892,-,RG9MTD2;MTTP;RG9MTD2;RG9MTD2,GRCh37,cg20713333
6,1,15478961,-,TMEM51;TMEM51;C1orf126;TMEM51;TMEM51,GRCh37,cg24535573
6,18,19749504,-,GATA6;GATA6,GRCh37,cg00940278
6,16,69221172,-,SNTB2,GRCh37,cg00424946
6,6,7389821,+,CAGE1;CAGE1;CAGE1;CAGE1;CAGE1;CAGE1;RIOK1,GRCh37,cg24520800
6,11,62495977,+,TTC9C;HNRNPUL2;TTC9C,GRCh37,cg24515202
6,9,86535755,-,KIF27,GRCh37,cg00426963
6,1,156024674,-,ROBLD3;UBQLN4;ROBLD3;ROBLD3;ROBLD3,GRCh37,cg24502084
6,17,40950659,+,CNTD1;CCDC56,GRCh37,cg20770803
6,12,57505882,-,STAT6,GRCh37,cg20779414
6,4,144106096,-,USP38;USP38,GRCh37,cg20716945
6,1,220220036,+,EPRS,GRCh37,cg24903794
6,2,44589154,-,PREPL;PREPL;C2orf34;PREPL;PREPL;PREPL,GRCh37,cg20655010
6,14,20811627,-,PARP2;RPPH1;PARP2,GRCh37,cg24595957
6,1,161136321,-,PPOX;PPOX;PPOX;PPOX,GRCh37,cg00397740
6,9,135545631,-,DDX31;GTF3C4;DDX31,GRCh37,cg20603424
6,11,6625293,+,ILK;ILK;ILK;ILK;RRP8,GRCh37,cg24731756
6,10,102106405,+,SCD,GRCh37,cg00954566
6,12,56367689,+,RAB5B,GRCh37,cg24693620
6,17,54991064,-,TRIM25,GRCh37,cg20613151
6,21.0,33985338,-,C21orf59,GRCh37,cg20644453
6,11,118901407,+,SLC37A4;SLC37A4;SLC37A4;SLC37A4;SLC37A4,GRCh37,cg24687335
6,12,69979163,-,CCT2,GRCh37,cg24635866
6,10,60094625,-,UBE2D1,GRCh37,cg24631950
6,3,40518742,-,ZNF619;ZNF619;ZNF619;ZNF619;ZNF619;ZNF619;ZNF619;ZNF619;ZNF619;ZNF619;ZNF619,GRCh37,cg00417297
6,1,242011587,-,EXO1;EXO1;EXO1;EXO1,GRCh37,cg20629097
6,2,131099794,-,CCDC115;IMP4;CCDC115,GRCh37,cg20630567
6,22.0,29702335,+,GAS2L1;GAS2L1;GAS2L1,GRCh37,cg20633621
6,14,24685281,-,MDP1,GRCh37,cg24685926
6,8,146127417,-,ZNF250;ZNF250,GRCh37,cg25201980
6,3,66552063,-,LRIG1,GRCh37,cg00830393
6,17,40119337,+,CNP,GRCh37,cg23866755
6,19,11545966,-,PRKCSH;CCDC151;PRKCSH;CCDC151,GRCh37,cg00598858
6,22.0,31741741,+,PATZ1;PATZ1;PATZ1;PATZ1;PATZ1;PATZ1;PATZ1;PATZ1,GRCh37,cg23154002
6,19,1237619,-,C19orf26,GRCh37,cg23150219
6,1,85156566,-,SSX2IP;SSX2IP;SSX2IP;SSX2IP;SSX2IP,GRCh37,cg23142964
6,1,45956974,-,TESK2,GRCh37,cg00609097
6,20,18488366,+,SEC23B;SEC23B;SEC23B;SEC23B;SEC23B,GRCh37,cg22243844
6,7,5569860,+,ACTB,GRCh37,cg23175281
6,1,100598378,-,SASS6;SASS6;CCDC76,GRCh37,cg23106864
6,2,197036243,-,STK17B;STK17B,GRCh37,cg22272545
6,6,33168452,-,SLC39A7;SLC39A7;RXRB,GRCh37,cg23070585
6,17,17184440,+,COPS3,GRCh37,cg22309826
6,16,68298258,-,SLC7A6;SLC7A6,GRCh37,cg22328890
6,5,41925772,-,FBXO4;FBXO4,GRCh37,cg22359217
6,3,15140889,+,ZFYVE20,GRCh37,cg22366626
6,16,29827497,-,C16orf53,GRCh37,cg23099347
6,15,50647822,+,GABPB1;GABPB1;GABPB1;FLJ10038;GABPB1;GABPB1;LOC100129387,GRCh37,cg22369818
6,3,141457315,-,RNF7;RNF7,GRCh37,cg22228296
6,16,47495113,+,PHKB;PHKB;ITFG1,GRCh37,cg23185402
6,3,156392417,-,TIPARP;TIPARP;LOC100287227,GRCh37,cg22114222
6,16,57278759,-,ARL2BP,GRCh37,cg22136326
6,10,91174299,-,IFIT5,GRCh37,cg22139878
6,17,71307514,+,CDC42EP4,GRCh37,cg23333306
6,12,49412872,-,MLL2;PRKAG1;PRKAG1,GRCh37,cg22153481
6,7,43622366,-,STK17A,GRCh37,cg23281417
6,9,88356705,-,AGTPBP1;AGTPBP1,GRCh37,cg23181138
6,11,9685768,+,SWAP70,GRCh37,cg22172230
6,19,36239588,+,LIN37;LIN37,GRCh37,cg23230018
6,5,61699416,+,DIMT1L,GRCh37,cg00581156
6,20,13765663,-,ESF1;C20orf7;C20orf7;C20orf7,GRCh37,cg23222573
6,5,43557435,+,PAIP1;PAIP1;PAIP1,GRCh37,cg22215520
6,9,108320507,-,FKTN;FKTN,GRCh37,cg23213170
6,11,62439262,-,C11orf83;C11orf48,GRCh37,cg23202409
6,4,52708709,+,DCUN1D4;DCUN1D4,GRCh37,cg23266266
6,18,52496070,+,RAB27B,GRCh37,cg22105582
6,10,105727767,+,SLK,GRCh37,cg22391400
6,21.0,34960583,+,DONSON,GRCh37,cg22407574
6,3,148847598,-,HPS3,GRCh37,cg22800191
6,5,150632248,+,GM2A;GM2A,GRCh37,cg22775896
6,9,34620091,-,DCTN3;DCTN3,GRCh37,cg22579849
6,9,138392051,+,MRPS2;C9orf116;C9orf116,GRCh37,cg22587514
6,1,151371972,-,PSMB4,GRCh37,cg22736107
6,5,109024897,+,MAN2A1,GRCh37,cg22603964
6,7,87505101,-,DBF4;SLC25A40,GRCh37,cg22802739
6,11,70049468,-,FADD;FADD,GRCh37,cg22621736
6,17,38256967,+,NR1D1;NR1D1,GRCh37,cg22640452
6,14,21152452,-,RNASE4;ANG;ANG;RNASE4,GRCh37,cg22723026
6,11,18720729,-,TMEM86A,GRCh37,cg01373706
6,3,160117570,-,SMC4;IFT80;SMC4,GRCh37,cg22668533
6,9,140099722,+,NDOR1;NDOR1;TMEM203;NDOR1;NDOR1,GRCh37,cg22719586
6,2,208576197,-,CCNYL1;CCNYL1,GRCh37,cg22670349
6,15,59041689,+,ADAM10,GRCh37,cg22727416
6,1,169862721,+,SCYL3;SCYL3,GRCh37,cg23051655
6,2,175260396,+,CIR1;CIR1;SCRN3,GRCh37,cg22830590
6,6,35226917,-,ZNF76,GRCh37,cg00635481
6,15,22892697,+,CYFIP1;CYFIP1,GRCh37,cg22432269
6,19,3500370,-,DOHH;DOHH,GRCh37,cg23035555
6,12,109490720,-,USP30,GRCh37,cg22449795
6,9,34048775,-,UBAP2,GRCh37,cg23029491
6,7,559000,+,PDGFA;PDGFA;PDGFA;PDGFA,GRCh37,cg22476295
6,10,103578053,-,MGEA5;MGEA5;MGEA5;MGEA5,GRCh37,cg22482381
6,9,125027249,-,RBM18;MRRF;RBM18;MRRF;RBM18,GRCh37,cg00636639
6,20,45317919,+,TP53RK,GRCh37,cg23026920
6,7,45040321,+,CCM2;CCM2;CCM2;CCM2,GRCh37,cg00677811
6,9,37903528,-,MCART1;MCART1;MCART1,GRCh37,cg22498840
6,5,159435973,-,TTC1,GRCh37,cg22956315
6,5,612277,-,CEP72,GRCh37,cg22938407
6,8,42397328,+,C8orf40;C8orf40;C8orf40;C8orf40;C8orf40;SLC20A2,GRCh37,cg22874695
6,12,122750916,+,VPS33A,GRCh37,cg00631230
6,11,76572061,+,ACER3,GRCh37,cg22992570
6,2,9563077,+,ITGB1BP1;ITGB1BP1;CPSF3,GRCh37,cg23889771
6,6,36953694,+,MTCH1,GRCh37,cg00734993
6,10,70883530,+,VPS26A;VPS26A,GRCh37,cg23345864
6,4,174090558,-,GALNT7,GRCh37,cg21549904
6,9,139378129,-,C9orf163;SEC16A;C9orf163,GRCh37,cg21559783
6,2,203240691,+,BMPR2,GRCh37,cg21566550
6,10,93557971,-,TNKS2,GRCh37,cg23707493
6,15,25684088,+,UBE3A;UBE3A,GRCh37,cg23681243
6,9,102668725,-,STX17,GRCh37,cg21606237
6,4,77997565,+,CCNI,GRCh37,cg21548788
6,20,60877581,+,ADRM1;ADRM1,GRCh37,cg23656380
6,15,25684488,-,UBE3A,GRCh37,cg00792740
6,16,66784977,+,DYNC1LI2,GRCh37,cg21610192
6,12,57853396,-,GLI1;GLI1;GLI1,GRCh37,cg21660687
6,1,115053421,+,TRIM33;TRIM33,GRCh37,cg21666217
6,1,27649000,+,TMEM222,GRCh37,cg23652939
6,7,30323845,+,ZNRF2,GRCh37,cg23640092
6,12,56522453,+,ESYT1,GRCh37,cg21609430
6,4,128802226,-,PLK4;PLK4,GRCh37,cg21722058
6,20,40247209,-,CHD6,GRCh37,cg21545849
6,7,91569823,+,AKAP9;AKAP9,GRCh37,cg23723933
6,1,151736255,+,OAZ3;MRPL9,GRCh37,cg23864823
6,6,109761667,+,PPIL6;PPIL6;SMPD2,GRCh37,cg23832061
6,22.0,38004573,+,GGA1;GGA1;GGA1;GGA1;GGA1;GGA1,GRCh37,cg21458116
6,19,14800772,+,ZNF333,GRCh37,cg23824815
6,10,23003250,-,PIP4K2A,GRCh37,cg23820285
6,1,205601572,+,ELK4;ELK4;ELK4;ELK4,GRCh37,cg21478222
6,3,137834582,+,DZIP1L,GRCh37,cg21538194
6,3,124449680,+,UMPS,GRCh37,cg00821764
6,6,10747693,+,TMEM14B;TMEM14B,GRCh37,cg21486659
6,1,85513892,+,MCOLN3,GRCh37,cg23752923
6,1,183441292,-,SMG7;SMG7;SMG7,GRCh37,cg23735442
6,1,11159769,+,EXOSC10;EXOSC10,GRCh37,cg23731764
6,17,38136817,+,PSMD3,GRCh37,cg21491028
6,9,34049294,+,UBAP2,GRCh37,cg21511069
6,1,204485655,-,MDM4;MDM4,GRCh37,cg23807009
6,7,98923878,+,ARPC1A,GRCh37,cg00736326
6,20,10414722,+,C20orf94;MKKS,GRCh37,cg23632840
6,14,20937494,-,PNP,GRCh37,cg23609821
6,1,63989125,+,ITGB3BP;EFCAB7;EFCAB7,GRCh37,cg21877855
6,2,71357140,-,MPHOSPH10;MCEE,GRCh37,cg23513644
6,19,40950172,+,SERTAD3;SERTAD3,GRCh37,cg21900416
6,18,21718824,-,CABYR;CABYR;CABYR;CABYR;CABYR;CABYR,GRCh37,cg21903324
6,6,53659077,-,LRRC1,GRCh37,cg21908116
6,1,39324743,+,RRAGC,GRCh37,cg23495059
6,14,68283527,+,ZFYVE26,GRCh37,cg21861211
6,20,43589229,-,TOMM34,GRCh37,cg23481221
6,6,42952586,+,PPP2R5D;PPP2R5D;PPP2R5D,GRCh37,cg22004151
6,15,41056053,-,GCHFR,GRCh37,cg23424268
6,12,124069649,-,TMED2,GRCh37,cg22007326
6,3,48754776,-,IP6K2;IP6K2;IP6K2;IP6K2;IP6K2;IP6K2;IP6K2;IP6K2,GRCh37,cg23364287
6,21.0,38446389,+,PIGP;PIGP;TTC3;PIGP,GRCh37,cg23361608
6,11,110166753,+,RDX,GRCh37,cg23352579
6,19,10654418,-,ATG4D,GRCh37,cg23427565
6,1,90460918,-,LOC492303;ZNF326;ZNF326,GRCh37,cg21730067
6,5,145316101,+,SH3RF2,GRCh37,cg23513690
6,1,53686523,-,C1orf123,GRCh37,cg21849289
6,10,75532169,-,FUT11,GRCh37,cg23588893
6,17,47785586,-,SLC35B1,GRCh37,cg23576473
6,4,52709356,-,DCUN1D4;DCUN1D4;DCUN1D4;DCUN1D4,GRCh37,cg21750545
6,22.0,30987549,-,PES1,GRCh37,cg23568913
6,9,130477671,+,PTRH1;TTC16,GRCh37,cg21753834
6,19,10679308,+,CDKN2D;CDKN2D,GRCh37,cg00770279
6,2,190306491,+,WDR75,GRCh37,cg23521281
6,19,18112433,+,ARRDC2,GRCh37,cg23548920
6,12,64173751,-,TMEM5,GRCh37,cg21796825
6,14,89884062,+,FOXN3;FOXN3,GRCh37,cg23533073
6,20,33735257,+,EDEM2;EDEM2;EDEM2,GRCh37,cg21802726
6,6,13814945,+,CCDC90A,GRCh37,cg23528708
6,2,8821746,+,ID2,GRCh37,cg23525180
6,4,110481957,-,CCDC109B,GRCh37,cg21837443
6,20,44519951,+,CTSA;CTSA;CTSA;NEURL2;CTSA;CTSA;CTSA,GRCh37,cg21762107
6,1,40627063,-,RLF;RLF,GRCh37,cg00321065
6,15,64648224,-,CSNK1G1;CSNK1G1,GRCh37,cg01021485
6,4,185396298,+,IRF2,GRCh37,cg25255854
6,1,91966490,-,CDC7;CDC7;CDC7;CDC7;CDC7,GRCh37,cg27016863
6,16,75467374,+,CFDP1;CFDP1,GRCh37,cg27005053
6,3,45429876,-,LARS2,GRCh37,cg18294881
6,3,12705704,+,RAF1,GRCh37,cg18331396
6,2,27994451,+,MRPL33;MRPL33,GRCh37,cg18340214
6,2,176032539,+,ATF2;MIR933,GRCh37,cg26965059
6,5,77655777,+,SCAMP1,GRCh37,cg18240496
6,15,43622840,+,ADAL;ADAL;LCMT2;LCMT2,GRCh37,cg26918442
6,9,35102903,+,STOML2,GRCh37,cg01253107
6,13,20533755,-,ZMYM2;ZMYM2,GRCh37,cg26767761
6,2,63278211,+,OTX1,GRCh37,cg26736450
6,5,1344908,+,CLPTM1L,GRCh37,cg26721993
6,10,30638134,-,MTPAP,GRCh37,cg26718574
6,7,99613244,-,ZKSCAN1;ZKSCAN1,GRCh37,cg26670626
6,8,30515990,-,GTF2E2,GRCh37,cg18356330
6,14,35515291,-,FAM177A1;FAM177A1,GRCh37,cg18383160
6,2,105954150,-,C2orf49,GRCh37,cg18235146
6,2,74756634,-,HTRA2;AUP1;HTRA2;HTRA2;HTRA2,GRCh37,cg18181070
6,21.0,34852648,-,TMEM50B,GRCh37,cg18043104
6,17,49338682,+,MBTD1;UTP18,GRCh37,cg27207041
6,12,54719080,+,COPZ1,GRCh37,cg27205791
6,3,127771761,+,SEC61A1,GRCh37,cg18043455
6,20,43594895,-,STK4,GRCh37,cg27194614
6,3,40351750,+,EIF1B,GRCh37,cg27193335
6,3,100428172,+,TFG;TFG;TFG;TFG,GRCh37,cg18213440
6,17,47866115,-,MYST2;MYST2,GRCh37,cg18104321
6,6,31620917,+,BAT3;BAT3;BAT3;BAT3,GRCh37,cg27091233
6,11,93517536,-,MED17;MED17,GRCh37,cg18113787
6,6,20401723,-,E2F3,GRCh37,cg18152712
6,2,27994684,-,MRPL33;MRPL33,GRCh37,cg27063607
6,11,46402949,-,MDK;MDK;MDK,GRCh37,cg00078194
6,17,65714147,+,NOL11,GRCh37,cg27020281
6,10,74033853,-,DDIT4,GRCh37,cg27106233
6,1,235530995,+,TBCE;TBCE,GRCh37,cg18036707
6,21,47648645,+,LSS;LSS;MCM3APAS;LSS;LSS;LSS,GRCh37,cg01245595
6,12,13153907,-,HTR7P;HEBP1,GRCh37,cg26648592
6,7,141438150,-,SSBP1;FLJ40852,GRCh37,cg26449836
6,12,118454580,-,RFC5;RFC5;RFC5;RFC5;RFC5;RFC5;RFC5;RFC5,GRCh37,cg18627459
6,3,49467287,-,NICN1,GRCh37,cg26426223
6,12,96252602,+,SNRPF,GRCh37,cg18627852
6,17,6544903,+,KIAA0753;TXNDC17,GRCh37,cg26382071
6,6,170894141,+,PDCD2;PDCD2,GRCh37,cg18651821
6,15,41836576,-,RPAP1,GRCh37,cg18619831
6,3,50374304,+,RASSF1;RASSF1;RASSF1;RASSF1,GRCh37,cg26357744
6,11,105948485,-,AASDHPPT;KBTBD3;KBTBD3,GRCh37,cg26289824
6,22.0,39078311,+,TOMM22,GRCh37,cg01206472
6,14,75643415,+,TMED10,GRCh37,cg18672421
6,18,32870611,+,ZNF271;ZNF397OS;ZNF397OS;ZNF271,GRCh37,cg25227148
6,5,131629510,-,SLC22A4,GRCh37,cg26229274
6,9,32526492,+,DDX58,GRCh37,cg00162643
6,21.0,33651512,+,C21orf45,GRCh37,cg26289880
6,12,25403102,-,KRAS;KRAS,GRCh37,cg18394848
6,2,152118200,+,RBM43,GRCh37,cg18581221
6,5,176433891,+,UIMC1,GRCh37,cg18546419
6,9,6757826,+,KDM4C;KDM4C;KDM4C;KDM4C;KDM4C;KDM4C;KDM4C,GRCh37,cg00121158
6,1,63989278,+,ITGB3BP;EFCAB7;EFCAB7,GRCh37,cg18464559
6,1,46806355,-,NSUN4,GRCh37,cg26601286
6,17,29158893,-,ATAD5,GRCh37,cg18469326
6,1,1051657,+,C1orf159;C1orf159,GRCh37,cg26541516
6,14,93261178,+,GOLGA5,GRCh37,cg18477315
6,11,65655486,-,FIBP;FIBP,GRCh37,cg26453990
6,19,45579845,+,ZNF296,GRCh37,cg18487515
6,10,116697973,+,TRUB1;TRUB1,GRCh37,cg26528713
6,17,81009758,-,B3GNTL1,GRCh37,cg26516954
6,2,190648463,-,PMS1;ORMDL1;ORMDL1;PMS1;PMS1,GRCh37,cg26454191
6,20,34253082,-,RBM12;CPNE1;RBM12;CPNE1;CPNE1;CPNE1;CPNE1;CPNE1;CPNE1,GRCh37,cg18497960
6,14,23340787,+,LRP10,GRCh37,cg18504358
6,5,176449647,+,ZNF346,GRCh37,cg18525740
6,11,61658590,+,FADS3,GRCh37,cg18495298
6,17,7530998,+,SHBG;SAT2;SHBG;SAT2,GRCh37,cg01191395
6,2,111435943,+,BUB1,GRCh37,cg27210766
6,4,110624351,+,CASP6;CASP6,GRCh37,cg27274728
6,11,62446340,+,UBXN1,GRCh37,cg17240496
6,4,113152573,+,AP1AR;AP1AR,GRCh37,cg17241657
6,17,40761138,+,FAM134C;FAM134C;TUBG1,GRCh37,cg17248183
6,6,143382067,+,AIG1,GRCh37,cg27534796
6,11,75526058,+,UVRAG,GRCh37,cg27512828
6,14,75593525,+,NEK9,GRCh37,cg17261830
6,10,120938213,+,PRDX3;PRDX3,GRCh37,cg17198722
6,1,155214564,-,GBA;GBA;GBA;GBA,GRCh37,cg17319849
6,4,78784105,+,MRPL1,GRCh37,cg17341358
6,1,160312163,-,COPA;COPA;NCSTN,GRCh37,cg27497900
6,20,33735081,+,EDEM2;EDEM2;EDEM2;EDEM2;EDEM2,GRCh37,cg27477990
6,14,50999707,-,MAP4K5;ATL1;MAP4K5,GRCh37,cg17356181
6,11,74660536,+,SPCS2;XRRA1,GRCh37,cg17356532
6,2,9564248,+,ITGB1BP1;ITGB1BP1;CPSF3,GRCh37,cg00024812
6,3,122103153,-,FAM162A;CCDC58,GRCh37,cg17324707
6,1,165600170,+,MGST3,GRCh37,cg27477594
6,15,29561501,-,NDNL2;FAM189A1,GRCh37,cg17186444
6,3,48488423,+,ATRIP;ATRIP,GRCh37,cg27575501
6,8,17942239,-,ASAH1;ASAH1;ASAH1,GRCh37,cg17044611
6,15,44719030,-,CTDSPL2,GRCh37,cg27649764
6,1,224302019,+,FBXO28;FBXO28,GRCh37,cg17063018
6,6,30712517,-,IER3,GRCh37,cg17067528
6,7,140623924,+,BRAF,GRCh37,cg17095753
6,16,70835285,-,VAC14,GRCh37,cg27626318
6,6,41863441,-,USP49,GRCh37,cg27563210
6,3,160939158,-,NMD3;NMD3,GRCh37,cg17135325
6,19,9929320,+,FBXL12,GRCh37,cg27611665
6,10,27389408,+,ANKRD26;ANKRD26,GRCh37,cg17165760
6,12,122459509,+,BCL7A;BCL7A,GRCh37,cg01357263
6,19,50432927,+,NUP62;NUP62;NUP62;IL4I1;ATF5;NUP62,GRCh37,cg17177829
6,14,89290921,-,TTC8;TTC8;TTC8,GRCh37,cg00009407
6,17,58603287,-,APPBP2,GRCh37,cg17179099
6,12,53342635,+,KRT18;KRT18,GRCh37,cg17165266
6,20,32950909,+,ITCH,GRCh37,cg27262488
6,3,63850464,+,ATXN7;THOC7;ATXN7;ATXN7;ATXN7,GRCh37,cg27462371
6,11,134094250,+,NCAPD3;VPS26B;NCAPD3,GRCh37,cg01333619
6,11,8986217,-,TMEM9B,GRCh37,cg17647744
6,17,57785523,-,PTRH2;TMEM49,GRCh37,cg27298559
6,2,30369896,-,YPEL5;YPEL5;YPEL5;YPEL5;YPEL5;YPEL5;YPEL5;YPEL5,GRCh37,cg17701785
6,5,172571566,+,BNIP1;BNIP1;BNIP1;BNIP1,GRCh37,cg17714794
6,12,46662421,-,SLC38A1;SLC38A1;SLC38A1,GRCh37,cg17726022
6,19,12792761,-,DHPS;DHPS;DHPS,GRCh37,cg17742874
6,14,75746076,+,FOS,GRCh37,cg17644867
6,14,50319271,+,SDCCAG1,GRCh37,cg27289104
6,15,34635504,-,NOP10,GRCh37,cg01299496
6,1,112298042,-,DDX20;C1orf183,GRCh37,cg27284019
6,8,97247634,+,UQCRB,GRCh37,cg17889103
6,22.0,30988148,-,PES1,GRCh37,cg00059424
6,13,42846375,-,AKAP11,GRCh37,cg17921034
6,17,40306700,+,RAB5C;RAB5C,GRCh37,cg17989572
6,3,88108209,+,CGGBP1;CGGBP1,GRCh37,cg27286107
6,11,66247971,-,DPP3;DPP3,GRCh37,cg27441551
6,4,106395321,+,PPA2;PPA2;PPA2;PPA2;PPA2,GRCh37,cg27313662
6,5,177631246,+,HNRNPAB;HNRNPAB,GRCh37,cg17587934
6,16,88729471,+,MGC23284;MGC23284;MVD,GRCh37,cg17386700
6,21.0,44527180,-,U2AF1;U2AF1;U2AF1,GRCh37,cg17400229
6,2,241507521,+,RNPEPL1,GRCh37,cg17422427
6,19,531042,+,CDC34,GRCh37,cg27431859
6,3,105588020,+,CBLB,GRCh37,cg17468841
6,3,50365875,+,TUSC2,GRCh37,cg17469356
6,2,27356922,-,PREB,GRCh37,cg17605847
6,6,108279781,-,SEC63,GRCh37,cg01320361
6,2,175260701,+,CIR1;SCRN3,GRCh37,cg27393372
6,5,131630212,+,SLC22A4;SLC22A4,GRCh37,cg27372468
6,8,133787442,-,PHF20L1;PHF20L1;PHF20L1,GRCh37,cg27342122
6,17,79875985,+,SIRT7,GRCh37,cg17552093
6,1,154245185,-,HAX1;HAX1;HAX1;HAX1,GRCh37,cg17572791
6,1,109825518,+,PSRC1;PSRC1;PSRC1;PSRC1,GRCh37,cg27339143
6,1,162531173,+,UAP1,GRCh37,cg27409012
6,1,33116503,-,RBBP4;RBBP4;RBBP4;ZBTB8OS,GRCh37,cg26131911
6,9,113018794,-,TXN,GRCh37,cg26246296
6,12,49463988,+,RHEBL1,GRCh37,cg18750407
6,15,59980968,-,BNIP2,GRCh37,cg19771482
6,1,150980805,-,FAM63A;FAM63A;PRUNE;FAM63A;FAM63A;FAM63A,GRCh37,cg19744131
6,4,103681941,+,MANBA,GRCh37,cg25490411
6,12,120315162,+,CIT,GRCh37,cg25499017
6,1,1242732,+,PUSL1;ACAP3,GRCh37,cg00262415
6,12,104531891,+,NFYB,GRCh37,cg25544551
6,3,38206610,+,OXSR1,GRCh37,cg19728055
6,19,13001564,-,GCDH;GCDH,GRCh37,cg19721215
6,1,151371944,+,PSMB4,GRCh37,cg19703628
6,9,74980740,+,ZFAND5;ZFAND5;ZFAND5,GRCh37,cg19684883
6,20,524528,+,CSNK2A1;CSNK2A1;CSNK2A1,GRCh37,cg25559100
6,9,136933818,+,BRD3,GRCh37,cg25569582
6,2,26987197,+,C2orf18;C2orf18,GRCh37,cg19635810
6,11,62554900,-,TMEM179B;TMEM179B,GRCh37,cg19587401
6,2,118572325,+,DDX18;DDX18,GRCh37,cg25593040
6,8,27472319,-,CLU;CLU,GRCh37,cg19549068
6,18,22006735,-,IMPACT,GRCh37,cg25619607
6,19,18682841,-,UBA52;UBA52,GRCh37,cg25699533
6,4,104119196,+,CENPE,GRCh37,cg19339841
6,5,64920682,+,C5orf44;C5orf44;C5orf44;C5orf44;C5orf44;TRIM23;C5orf44;TRIM23;C5orf44;TRIM23,GRCh37,cg18741962
6,9,33816707,-,UBE2R2,GRCh37,cg19367388
6,5,89770455,-,MBLAC2;MBLAC2;POLR3G,GRCh37,cg19369775
6,17,1552970,+,RILP,GRCh37,cg19400725
6,4,100010211,+,ADH5,GRCh37,cg00268009
6,1,54411017,-,LRRC42;HSPB11,GRCh37,cg19400876
6,3,51705680,-,TEX264;TEX264;TEX264,GRCh37,cg25675349
6,17,41476379,-,ARL4D;ARL4D,GRCh37,cg25673373
6,20,62152632,+,PPDPF,GRCh37,cg19470701
6,16,29937190,-,KCTD13,GRCh37,cg01110846
6,17,40688138,+,NAGLU;NAGLU,GRCh37,cg25664725
6,1,40915497,+,ZNF643,GRCh37,cg25632203
6,12,57030113,+,BAZ2A;BAZ2A,GRCh37,cg25683012
6,1,203595809,+,ATP2B4;ATP2B4,GRCh37,cg19791253
6,5,10250304,-,FAM173B;CCT5;CCT5,GRCh37,cg25484373
6,11,73087939,-,RELT;RELT,GRCh37,cg19800926
6,11,134123407,-,THYN1;THYN1;THYN1;ACAD8;THYN1;THYN1,GRCh37,cg19966618
6,1,87380779,-,SEP15;HS2ST1;SEP15;HS2ST1,GRCh37,cg19976011
6,14,91527472,+,RPS6KA5;RPS6KA5,GRCh37,cg25398949
6,3,128998233,+,C3orf37;C3orf37,GRCh37,cg25378769
6,4,123844099,-,SPATA5;NUDT6;NUDT6;NUDT6,GRCh37,cg19987840
6,18,47814312,+,CXXC1;CXXC1;CXXC1;CXXC1,GRCh37,cg20016845
6,3,186288330,+,TBCCD1;TBCCD1;DNAJB11,GRCh37,cg19957727
6,19,48972338,+,CYTH2;CYTH2,GRCh37,cg20053799
6,1,173793934,-,CENPL;DARS2;DARS2;CENPL;CENPL,GRCh37,cg25372135
6,1,156710915,+,MRPL24;MRPL24;MRPL24;MRPL24,GRCh37,cg25371088
6,19,6393052,-,GTF2F1;GTF2F1,GRCh37,cg25363317
6,17,7307432,+,C17orf61,GRCh37,cg00309204
6,19,4400302,+,SH3GL1,GRCh37,cg25327247
6,16,46723166,+,ORC6L;VPS35,GRCh37,cg25325612
6,9,92219995,+,GADD45G;GADD45G,GRCh37,cg20070077
6,3,149469910,-,COMMD2,GRCh37,cg19332303
6,11,82997468,-,CCDC90B,GRCh37,cg19941758
6,3,133968920,+,RYK;RYK,GRCh37,cg25420398
6,9,100818684,-,NANS,GRCh37,cg25479216
6,16,71929055,-,KIAA0174,GRCh37,cg19819571
6,1,179924306,-,CEP350,GRCh37,cg25478157
6,12,95467522,+,NR2C1;NR2C1;NR2C1,GRCh37,cg19824362
6,2,24583610,+,ITSN2;ITSN2;ITSN2,GRCh37,cg25477928
6,12,57146332,+,PRIM1,GRCh37,cg19847271
6,19,2097096,-,C19orf36;C19orf36;MOBKL2A,GRCh37,cg19939660
6,19,984168,+,WDR18,GRCh37,cg25467603
6,11,82905709,-,ANKRD42;ANKRD42,GRCh37,cg19875047
6,13,37393125,-,RFXAP,GRCh37,cg00290028
6,16,70322827,-,AARS,GRCh37,cg25432323
6,22.0,24129020,-,SMARCB1;SMARCB1,GRCh37,cg19906397
6,2,74685602,-,WBP1;WBP1,GRCh37,cg25420583
6,1,184724497,-,EDEM3,GRCh37,cg19921776
6,11,126081181,-,FAM118B;RPUSD4;RPUSD4,GRCh37,cg19857537
6,17,49337652,-,MBTD1;UTP18,GRCh37,cg25716740
6,14,73493846,-,ZFYVE1,GRCh37,cg25694542
6,3,47423140,-,PTPN23,GRCh37,cg25757737
6,10,103348143,-,RP11-529I10.4;POLL,GRCh37,cg00206052
6,17,42144162,+,LSM12,GRCh37,cg18938150
6,11,46402535,+,MDK;MDK;MDK,GRCh37,cg18925548
6,2,99797532,-,MRPL30;MITD1,GRCh37,cg25958361
6,10,104614136,-,C10orf32;C10orf32,GRCh37,cg25729957
6,2,70485303,-,PCYOX1,GRCh37,cg18865999
6,12,26985181,+,ITPR2,GRCh37,cg25960567
6,12,6833560,-,COPS7A;COPS7A;COPS7A;COPS7A;COPS7A,GRCh37,cg18844850
6,4,122722590,-,EXOSC9;EXOSC9,GRCh37,cg25969212
6,21.0,33031735,-,SOD1,GRCh37,cg18841894
6,6,11232933,-,NEDD9;NEDD9;NEDD9,GRCh37,cg01177524
6,7,150756509,-,SLC4A2;CDK5;CDK5,GRCh37,cg01177956
6,1,28585837,-,SESN2,GRCh37,cg25973092
6,14,50234454,+,KLHDC2,GRCh37,cg25974764
6,17,1958162,-,HIC1;HIC1,GRCh37,cg19001794
6,11,804954,-,LRDD;LRDD;LRDD,GRCh37,cg00185839
6,22.0,31892343,+,SFI1;SFI1;SFI1;SFI1,GRCh37,cg00184884
6,22.0,19841927,+,GNB1L;C22orf29,GRCh37,cg25990314
6,1,174128297,-,RABGAP1L,GRCh37,cg26001030
6,12,110720126,-,ATP2A2;ATP2A2;ATP2A2,GRCh37,cg18825539
6,5,176731107,+,PRELID1;RAB24;RAB24,GRCh37,cg18824775
6,15,41694502,-,NDUFAF1;NDUFAF1,GRCh37,cg18809151
6,12,7126013,-,LPCAT3,GRCh37,cg26021103
6,8,110346385,-,ENY2;NUDCD1,GRCh37,cg26021476
6,11,71639257,-,RNF121;LOC100133315;RNF121;RNF121,GRCh37,cg26039806
6,2,58273654,-,VRK2;VRK2;VRK2;VRK2;VRK2;VRK2,GRCh37,cg26093711
6,1,113162291,-,ST7L;ST7L;CAPZA1;ST7L;ST7L;CAPZA1,GRCh37,cg01183669
6,14,21852650,+,SUPT16H,GRCh37,cg18801292
6,3,113775778,+,KIAA1407;QTRTD1,GRCh37,cg26107778
6,1,179851234,+,TOR1AIP1,GRCh37,cg18792584
6,15,64386321,+,FAM96A;FAM96A,GRCh37,cg25985437
6,11,64781299,-,ARL2,GRCh37,cg19017420
6,6,153304131,+,FBXO5;FBXO5;FBXO5,GRCh37,cg25960313
6,1,28562708,-,ATPIF1;ATPIF1;ATPIF1,GRCh37,cg19025723
6,14,59655243,+,DAAM1,GRCh37,cg19168631
6,15,31618604,-,KLF13,GRCh37,cg19182048
6,1,54665937,-,MRPL37;CYB5RL,GRCh37,cg19019972
6,2,101869024,-,C2orf29,GRCh37,cg25853833
6,5,79783902,-,FAM151B;FAM151B,GRCh37,cg19184518
6,6,16238941,+,GMPR,GRCh37,cg19190714
6,8,110551708,-,EBAG9;EBAG9,GRCh37,cg25824226
6,12,64238538,+,SRGAP1,GRCh37,cg19191401
6,8,144373818,+,ZNF696;ZNF696,GRCh37,cg25814686
6,10,126433331,+,FAM53B,GRCh37,cg19219920
6,14,23563820,+,C14orf119;ACIN1;ACIN1;ACIN1,GRCh37,cg25803423
6,7,151573913,+,PRKAG2;PRKAG2,GRCh37,cg25786436
6,9,108006611,+,SLC44A1,GRCh37,cg19287114
6,2,128284023,+,IWS1;IWS1,GRCh37,cg19311602
6,6,111580704,-,KIAA1919;KIAA1919,GRCh37,cg19318326
6,8,42948482,-,SGK196,GRCh37,cg25861458
6,19,40477185,-,PSMC4;PSMC4,GRCh37,cg25886875
6,19,41305423,+,EGLN2;EGLN2,GRCh37,cg22671726
6,10,81205166,-,ZCCHC24,GRCh37,cg25907916
6,4,140477705,-,SETD7,GRCh37,cg25945961
6,22.0,40742374,+,ADSL;ADSL,GRCh37,cg19149454
6,2,95787883,-,MRPS5,GRCh37,cg01150454
6,10,99446953,+,AVPI1;AVPI1,GRCh37,cg19133903
6,22.0,38240558,-,ANKRD54;MIR658,GRCh37,cg19070798
6,11,34127281,-,NAT10;NAT10;NAT10;NAT10,GRCh37,cg19072037
6,8,136468992,+,KHDRBS3,GRCh37,cg25945374
6,7,6523253,+,KDELR2;KDELR2,GRCh37,cg25909811
6,14,100772295,+,SLC25A29,GRCh37,cg25906332
6,19,12902675,+,JUNB,GRCh37,cg19123863
6,1,29563147,+,PTPRU;PTPRU;PTPRU;PTPRU;PTPRU;PTPRU,GRCh37,cg19112780
7,14,23284518,+,SLC7A7;SLC7A7;SLC7A7,GRCh37,cg19872681
8,2,85804732,+,VAMP8;VAMP8,GRCh37,cg05656364
8,1,206730999,-,RASSF5;RASSF5;RASSF5,GRCh37,cg02589695
8,2,162271859,+,TBR1,GRCh37,cg06747888
8,7,55640714,-,VOPP1,GRCh37,cg08655844
8,5,77806051,+,LHFPL2,GRCh37,cg04833050
8,5,138718812,-,SLC23A1;SLC23A1,GRCh37,cg26392924
8,4,74486298,-,RASSF6;RASSF6;RASSF6,GRCh37,cg08647446
8,17,10452851,+,MYH2;MYH2,GRCh37,cg06220958
8,14,75989203,+,BATF,GRCh37,cg09937039
8,1,159409836,-,OR10J1,GRCh37,cg25076881
8,8,19539991,+,CSGALNACT1;CSGALNACT1;CSGALNACT1,GRCh37,cg23328404
8,4,57547525,-,HOPX;HOPX;HOPX;HOPX;HOPX;HOPX,GRCh37,cg00019495
8,6,6321061,-,F13A1,GRCh37,cg03440267
8,12,12223989,-,BCL2L14;BCL2L14;BCL2L14;BCL2L14,GRCh37,cg24921858
8,5,180467233,+,BTNL9;BTNL9,GRCh37,cg05886367
8,20,50158996,-,NFATC2;NFATC2;NFATC2,GRCh37,cg10226546
8,20,45985339,-,ZMYND8;ZMYND8;ZMYND8,GRCh37,cg13699808
8,1,11724057,-,FBXO6,GRCh37,cg10667970
8,9,138370739,-,KIAA0649,GRCh37,cg17536532
8,1,1141927,+,TNFRSF18;TNFRSF18;TNFRSF18,GRCh37,cg14886269
8,7,20256996,+,MACC1;MACC1,GRCh37,cg15749858
8,6,152128328,-,ESR1;ESR1;ESR1;ESR1,GRCh37,cg20627916
8,16,66731313,+,CMTM4;CMTM4,GRCh37,cg18693704
8,1,19615702,+,AKR7A3,GRCh37,cg11233384
8,2,238396155,-,MLPH;MLPH,GRCh37,cg16426459
8,6,26440101,-,BTN3A3;BTN3A3,GRCh37,cg01269795
8,18,60985380,+,BCL2;BCL2,GRCh37,cg21602520
8,12,120428313,+,CCDC64,GRCh37,cg11263296
8,15,89182676,-,ISG20,GRCh37,cg02334775
8,9,139891058,-,CLIC3,GRCh37,cg15387123
8,8,96036803,-,C8orf38,GRCh37,cg21197871
9,1,183622726,-,RGL1;APOBEC4,GRCh37,cg11505048
9,11,71899966,+,FOLR1;FOLR1;FOLR1,GRCh37,cg26750747
9,2,27505625,-,TRIM54;TRIM54,GRCh37,cg22575540
10,2,176993841,+,HOXD8,GRCh37,cg21815667
11,19,47812519,-,C5AR1,GRCh37,cg02149446
12,17,40575582,-,PTRF,GRCh37,cg14070162
12,12,49933539,-,KCNH3,GRCh37,cg20102673
12,7,138721065,-,ZC3HAV1L,GRCh37,cg24251035
12,13,31773806,-,B3GALTL,GRCh37,cg21418052
12,1,28919362,+,RAB42,GRCh37,cg02525756
12,17,73716945,-,ITGB4;ITGB4,GRCh37,cg12146151
12,5,139725677,+,HBEGF,GRCh37,cg01599709
12,16,9058365,-,USP7,GRCh37,cg12914014
12,1,15911702,-,AGMAT,GRCh37,cg17385448
12,1,26233376,+,STMN1;STMN1;STMN1;STMN1,GRCh37,cg04471507
12,9,140499132,+,ARRDC1,GRCh37,cg25384157
13,12,57849270,+,INHBE;INHBE,GRCh37,cg20664201
13,19,12997418,-,KLF1,GRCh37,cg11220060
13,10,102090366,+,PKD2L1,GRCh37,cg05958582
13,1,28205926,-,C1orf38;C1orf38;C1orf38,GRCh37,cg08623383
13,7,30791871,+,INMT,GRCh37,cg04749372
14,8,56791576,+,LYN;LYN,GRCh37,cg03973663
14,5,110407538,-,TSLP;TSLP;TSLP,GRCh37,cg15739437
14,6,152128338,-,ESR1;ESR1;ESR1;ESR1,GRCh37,cg07671949
14,19,35940174,-,FFAR2,GRCh37,cg03548857
14,20,47443694,-,PREX1,GRCh37,cg24364574
14,5,156607836,+,ITK,GRCh37,cg01546430
14,2,227665799,-,,GRCh37,cg10098888
14,4,39034637,+,TMEM156,GRCh37,cg02131853
15,2,232394702,-,NMUR1,GRCh37,cg00143376
16,20,57582894,-,CTSZ,GRCh37,cg01623438
16,6,10060780,-,,GRCh37,cg22168676
16,6,150212118,+,RAET1E,GRCh37,cg19979896
16,9,90112101,-,DAPK1,GRCh37,cg08719486
16,3,151985433,+,MBNL1;MBNL1;LOC401093;LOC401093,GRCh37,cg14423778
16,13,26043472,+,ATP8A2,GRCh37,cg12111714
16,11,5710654,-,TRIM22,GRCh37,cg12461141
16,12,110172346,+,MGC14436;MGC14436;C12orf34,GRCh37,cg02351381
16,18,31021065,+,C18orf34;C18orf34,GRCh37,cg18382305
17,4,1166767,+,LOC100130872-SPON2;SPON2;SPON2,GRCh37,cg12072001
18,9,124461008,-,DAB2IP,GRCh37,cg15686608
19,15,25287297,+,,GRCh37,cg19195724
19,15,25296628,-,SNORD116-1,GRCh37,cg10832166
19,15,25226929,+,PAR-SN;SNORD107,GRCh37,cg11166999
20,11,116708329,+,APOA1;APOA1,GRCh37,cg19324627
21,8,72756656,+,MSC;MSC,GRCh37,cg23710218
21,8,72755871,+,MSC,GRCh37,cg06269753
22,19,40919245,+,PRX;PRX;PRX;PRX,GRCh37,cg26200585
22,1,200842145,+,GPR25,GRCh37,cg04983977
22,5,67521596,-,PIK3R1,GRCh37,cg15021292
22,22.0,20861476,+,MED15;MED15,GRCh37,cg26608332
22,19,17931995,+,INSL3,GRCh37,cg06189133
22,3,196694856,+,PIGZ,GRCh37,cg00936626
22,19,2867753,+,ZNF556,GRCh37,cg19636861
22,7,100881986,+,CLDN15,GRCh37,cg07651914
22,17,39970091,+,FKBP10,GRCh37,cg21416237
22,7,100199952,+,PCOLCE;PCOLCE,GRCh37,cg26777475
22,12,52301634,+,ACVRL1,GRCh37,cg23640701
22,11,2930794,+,SLC22A18;SLC22A18,GRCh37,cg19497444
22,16,2260870,+,C16orf79;C16orf79,GRCh37,cg25665528
22,1,42629798,-,GUCA2A,GRCh37,cg06003187
22,17,7122261,-,DLG4;ACADVL;DLG4;ACADVL;DLG4,GRCh37,cg12228229
22,10,88716659,-,MMRN2,GRCh37,cg22545356
22,22.0,31003587,-,TCN2,GRCh37,cg04081402
22,5,149900459,+,NDST1,GRCh37,cg25677709
22,9,140171189,+,C9orf167,GRCh37,cg13085976
22,11,7506940,-,OLFML1;OLFML1,GRCh37,cg06714705
22,9,33402426,-,SUGT1P1;AQP7;AQP7,GRCh37,cg13920529
22,3,120170441,-,FSTL1,GRCh37,cg20114394
22,1,160160232,-,CASQ1,GRCh37,cg09547777
22,18,3411743,-,TGIF1,GRCh37,cg13224710
22,10,5566862,-,CALML3,GRCh37,cg02831294
22,11,7506434,+,OLFML1,GRCh37,cg22243733
22,1,153522553,+,S100A3,GRCh37,cg06615154
22,19,51506273,+,KLK9;KLK8;KLK8;KLK8;KLK8,GRCh37,cg19149785
22,11,73357159,-,PLEKHB1;PLEKHB1;PLEKHB1;PLEKHB1,GRCh37,cg02254407
22,19,17375091,+,USHBP1,GRCh37,cg06910100
22,3,9745369,-,CPNE9,GRCh37,cg16191009
22,6,43266151,+,SLC22A7;SLC22A7,GRCh37,cg16465769
22,3,52261325,-,TLR9,GRCh37,cg22484793
22,15,65503447,+,CILP,GRCh37,cg20225681
22,11,2930322,+,SLC22A18;SLC22A18,GRCh37,cg22858288
22,13,114107956,+,ADPRHL1,GRCh37,cg14845091
22,15,75105286,+,LMAN1L,GRCh37,cg22290566
22,16,3702486,+,DNASE1,GRCh37,cg06529761
22,17,78195518,-,SLC26A11;SLC26A11;SLC26A11;SLC26A11;SGSH,GRCh37,cg05140736
22,11,562366,+,RASSF7;RASSF7;RASSF7,GRCh37,cg14896003
22,9,131683862,+,PHYHD1;PHYHD1;PHYHD1;PHYHD1;PHYHD1,GRCh37,cg13022129
22,5,131592959,-,PDLIM4;PDLIM4,GRCh37,cg20512303
23,20,3024204,-,GNRH2;GNRH2;GNRH2,GRCh37,cg07549715
23,20,30720375,+,TM9SF4,GRCh37,cg11360718
24,3,186331026,+,AHSG,GRCh37,cg07361385
25,20,896349,+,ANGPT4,GRCh37,cg26540515
25,17,43860355,-,CRHR1;CRHR1;CRHR1;CRHR1,GRCh37,cg08929103
25,7,100663367,-,MUC17;MUC17,GRCh37,cg01584473
25,7,150687712,+,NOS3,GRCh37,cg25007250
25,10,102089681,-,PKD2L1,GRCh37,cg10365880
25,20,34995517,+,DLGAP4;DLGAP4,GRCh37,cg09276978
25,11,62753072,-,SLC22A6;SLC22A6;SLC22A6;SLC22A6,GRCh37,cg12428447
26,22.0,41216316,-,SLC25A17,GRCh37,cg15275890
26,2,96930398,-,CIAO1;TMEM127,GRCh37,cg04533291
26,3,119499190,+,NR1I2;NR1I2,GRCh37,cg02863947
26,6,160221164,-,PNLDC1,GRCh37,cg06479512
26,20,36532096,+,VSTM2L,GRCh37,cg11599505
26,8,99130997,-,POP1;POP1;POP1,GRCh37,cg26804057
26,9,139840678,-,C8G,GRCh37,cg02332492
26,1,161493011,+,HSPA6,GRCh37,cg24192663
26,7,127670703,+,LRRC4;SND1,GRCh37,cg21129531
26,10,62148959,-,ANK3,GRCh37,cg22150335
26,7,143060536,-,FAM131B;FAM131B,GRCh37,cg00292971
26,15,52861754,-,ARPP19,GRCh37,cg25003924
26,10,62149557,-,ANK3,GRCh37,cg12354377
26,11,47470674,+,RAPSN;RAPSN;RAPSN;RAPSN,GRCh37,cg15679098
26,16,67207033,+,NOL3,GRCh37,cg05546038
26,7,23572665,-,TRA2A,GRCh37,cg04108240
26,10,102748693,+,C10orf2;MRPL43;MRPL43;MRPL43;C10orf2;C10orf2;C10orf2;MRPL43,GRCh37,cg13449372
26,17,61903314,+,PSMC5;FTSJ3,GRCh37,cg10840864
26,22.0,38479236,-,SLC16A8,GRCh37,cg14014225
26,3,52018129,+,ACY1,GRCh37,cg16159313
26,11,64571899,-,MEN1;MEN1;MEN1;MEN1;MEN1;MEN1;MAP4K2;MEN1,GRCh37,cg10821722
26,22.0,35776686,-,HMOX1,GRCh37,cg11458974
26,12,32831504,-,DNM1L;DNM1L;DNM1L,GRCh37,cg27387222
26,1,84465688,-,TTLL7,GRCh37,cg17237813
27,10,88717926,+,MMRN2;SNCG,GRCh37,cg05046097
27,3,38690410,+,SCN5A;SCN5A;SCN5A;SCN5A;SCN5A;SCN5A,GRCh37,cg19740375
27,5,141338604,-,PCDH12;PCDH12,GRCh37,cg12845808
27,17,61959416,+,GH2;GH2;GH2;GH2,GRCh37,cg02856727
27,1,151689032,+,TNRC4;TNRC4,GRCh37,cg26050734
27,17,1647819,+,SERPINF2;SERPINF2;SERPINF2,GRCh37,cg04780454
27,19,822842,-,LPPR3,GRCh37,cg20684549
27,9,33168018,+,B4GALT1,GRCh37,cg05779272
27,21,46963587,+,SLC19A1,GRCh37,cg07658590
27,17,1396395,-,MYO1C;MYO1C,GRCh37,cg19731122
27,21,43346184,+,C2CD2;C2CD2,GRCh37,cg08009711
27,17,37307313,-,PLXDC1,GRCh37,cg24724583
27,22.0,41957443,-,CSDC2,GRCh37,cg25447894
27,17,17741098,-,SREBF1;SREBF1,GRCh37,cg14808739
27,17,37823631,-,PNMT,GRCh37,cg12894984
27,11,57417974,-,YPEL4,GRCh37,cg22705929
27,22.0,24641654,+,GGT5;GGT5;GGT5,GRCh37,cg15448245
27,19,39264720,+,LGALS7,GRCh37,cg03793778
27,2,108994514,-,SULT1C4;SULT1C4,GRCh37,cg10236239
27,1,226411008,-,MIXL1,GRCh37,cg18354264
27,2,198540569,+,RFTN2;RFTN2,GRCh37,cg09096031
27,5,179220545,+,LTC4S,GRCh37,cg16361890
27,12,125348871,-,SCARB1;SCARB1,GRCh37,cg27180443
27,10,736625,-,DIP2C,GRCh37,cg00025991
28,10,82116208,-,DYDC2;DYDC1,GRCh37,cg18396533
29,2,54197794,-,PSME4,GRCh37,cg16192916
29,2,113403002,-,SLC20A1,GRCh37,cg05672265
29,8,94928406,-,PDP1;PDP1;PDP1;PDP1,GRCh37,cg14346035
29,2,60983417,+,PAPOLG;PAPOLG,GRCh37,cg19273182
29,1,26856420,+,RPS6KA1,GRCh37,cg19259146
29,9,103189158,-,C9orf30,GRCh37,cg19318511
29,3,52322044,+,GLYCTK;GLYCTK;GLYCTK;GLYCTK;GLYCTK;GLYCTK,GRCh37,cg27395450
29,20,43104962,-,TTPAL;TTPAL,GRCh37,cg25750259
29,5,53813915,-,SNX18;SNX18;SNX18,GRCh37,cg05705366
29,10,180755,+,ZMYND11;ZMYND11;ZMYND11;ZMYND11;ZMYND11,GRCh37,cg14255089
29,1,156675322,-,CRABP2;CRABP2,GRCh37,cg03734660
29,1,151119084,-,SEMA6C;SEMA6C,GRCh37,cg25820693
29,6,108881016,-,FOXO3;FOXO3,GRCh37,cg14310890
29,6,49431288,+,CENPQ;MUT,GRCh37,cg25786862
29,1,146644336,+,PRKAB2,GRCh37,cg14367344
29,19,37701393,-,ZNF585B;ZNF585B,GRCh37,cg03751813
29,22.0,44351079,-,SAMM50,GRCh37,cg05709923
29,19,16606955,-,CALR3;C19orf44;CALR3,GRCh37,cg17847607
29,6,42947109,+,PEX6,GRCh37,cg03790207
29,18,9615155,+,PPP4R1;PPP4R1,GRCh37,cg14797438
29,11,102218358,-,BIRC2,GRCh37,cg14727952
29,16,30583759,+,ZNF688;ZNF688,GRCh37,cg17794261
29,16,89940631,-,TCF25,GRCh37,cg14709524
29,1,110881960,+,RBM15;RBM15,GRCh37,cg05368942
29,6,41888922,+,MED20;BYSL,GRCh37,cg17767659
29,19,5903977,+,NDUFA11;VMAC;NDUFA11,GRCh37,cg18891387
29,1,37940488,+,ZC3H12A,GRCh37,cg18891404
29,6,31466003,-,MICB,GRCh37,cg05399360
29,1,226250437,-,H3F3A;LOC440926;H3F3A,GRCh37,cg18947521
29,1,202976344,-,TMEM183A;TMEM183B,GRCh37,cg19028804
29,5,94982330,-,RFESD;RFESD;RFESD,GRCh37,cg19108718
29,3,23958525,+,NKIRAS1;RPL15;NKIRAS1,GRCh37,cg25937832
29,9,125675653,-,ZBTB6,GRCh37,cg14560064
29,11,107436281,+,ALKBH8,GRCh37,cg17648241
29,16,24550743,-,RBBP6;RBBP6;RBBP6,GRCh37,cg16050957
29,1,51985209,+,EPS15,GRCh37,cg14407667
29,11,64645847,-,EHD1,GRCh37,cg17578903
29,3,49711147,-,APEH,GRCh37,cg03688818
29,4,83812148,+,SEC31A;SEC31A;SEC31A;SEC31A;SEC31A,GRCh37,cg27413543
29,2,10588838,+,ODC1,GRCh37,cg05741384
29,12,54813155,-,ITGA5,GRCh37,cg16718891
29,7,21467390,-,SP4,GRCh37,cg16721202
29,1,153949898,-,JTB;JTB,GRCh37,cg19490266
29,1,24117506,+,LYPLA2,GRCh37,cg03371205
29,10,103874495,-,LDB1;LDB1;LDB1,GRCh37,cg27579745
29,8,82598140,+,IMPA1;IMPA1;IMPA1,GRCh37,cg16746631
29,11,63381728,+,PLA2G16;PLA2G16;PLA2G16,GRCh37,cg13916322
29,1,182808556,-,DHX9;DHX9,GRCh37,cg19572947
29,3,143690145,-,C3orf58,GRCh37,cg16794633
29,16,31128860,+,MYST1;MYST1,GRCh37,cg13828871
29,12,7079667,+,PHB2;EMG1;PHB2,GRCh37,cg16883533
29,6,52149159,-,MCM3,GRCh37,cg27638713
29,5,60240817,+,NDUFAF2;ERCC8,GRCh37,cg16928795
29,3,48646375,+,UQCRC1,GRCh37,cg06049972
29,2,10829993,-,NOL10;NOL10,GRCh37,cg06058597
29,2,100105657,+,REV1;REV1,GRCh37,cg13754949
29,8,21999623,+,REEP4,GRCh37,cg19738333
29,1,202896170,+,KLHL12,GRCh37,cg27554769
29,4,105412832,+,CXXC4,GRCh37,cg03384938
29,17,80056517,-,FASN,GRCh37,cg03386722
29,18,60988155,+,,GRCh37,cg05927017
29,14,64108561,-,WDR89;WDR89;WDR89,GRCh37,cg05747424
29,13,24463406,+,MIPEP;PCOTH;PCOTH,GRCh37,cg17436805
29,8,33330726,+,FUT10,GRCh37,cg03594044
29,22.0,29999326,-,NF2;NF2;NF2;NF2;NF2;NF2;NF2;NF2;NF2,GRCh37,cg16293088
29,3,15469027,-,METTL6;EAF1;METTL6,GRCh37,cg19329556
29,17,61819073,+,STRADA;STRADA;STRADA;STRADA;STRADA;STRADA,GRCh37,cg16306381
29,9,35665010,+,C9orf100,GRCh37,cg05830416
29,4,103422429,+,NFKB1;NFKB1,GRCh37,cg03464689
29,6,101329504,-,ASCC3;ASCC3,GRCh37,cg03664139
29,18,48346593,-,MRO;MRO;MRO;MRO,GRCh37,cg19355919
29,20,25371719,-,ABHD12;ABHD12,GRCh37,cg17351116
29,11,116644198,+,BUD13;BUD13,GRCh37,cg05862431
29,9,140135566,+,TUBB2C,GRCh37,cg03431064
29,22.0,41842841,-,TOB2;TOB2,GRCh37,cg19448990
29,3,114866447,-,ZBTB20,GRCh37,cg16515820
29,1,95582647,+,TMEM56,GRCh37,cg16540768
29,17,4047571,-,ZZEF1;CYB5D2;CYB5D2;CYB5D2,GRCh37,cg05922057
29,14,89883246,-,FOXN3;FOXN3;FOXN3,GRCh37,cg05923056
29,14,100843067,-,WARS;WDR25;WARS;WDR25;WARS;WARS,GRCh37,cg19434303
29,12,26986506,+,ITPR2,GRCh37,cg27279652
29,16,30773423,+,RNF40;C16orf93;C16orf93,GRCh37,cg14828965
29,10,120925180,-,SFXN4;SFXN4,GRCh37,cg04466870
29,10,13629255,+,PRPF18,GRCh37,cg26778908
29,1,234745203,-,IRF2BP2;IRF2BP2,GRCh37,cg26840318
29,6,7313728,+,SSR1,GRCh37,cg26848248
29,2,37459194,+,CEBPZ;C2orf56;C2orf56,GRCh37,cg18630855
29,19,42721870,-,DEDD2,GRCh37,cg26897054
29,17,7517697,-,FXR2;SHBG,GRCh37,cg26904212
29,2,158485309,-,ACVR1C;ACVR1C;ACVR1C;ACVR1C;ACVR1C;ACVR1C,GRCh37,cg18638253
29,5,139493612,-,PURA,GRCh37,cg15563057
29,7,77427873,-,PHTF2;PHTF2;TMEM60,GRCh37,cg26358246
29,2,48667825,-,KLRAQ1;KLRAQ1;KLRAQ1;KLRAQ1,GRCh37,cg04826422
29,12,123943075,-,SNRNP35;SNRNP35;SNRNP35,GRCh37,cg18283554
29,15,63673893,-,CA12;CA12,GRCh37,cg04826883
29,1,146644106,-,PRKAB2;PRKAB2,GRCh37,cg15188491
29,11,35161229,+,CD44;CD44;CD44;CD44;CD44,GRCh37,cg04125208
29,15,41137019,+,SPINT1;SPINT1;SPINT1,GRCh37,cg04868764
29,20,39657451,+,TOP1,GRCh37,cg04119538
29,2,3523134,+,ADI1,GRCh37,cg15161785
29,3,122283583,+,PARP9;PARP9;PARP9;PARP9;DTX3L;PARP9;PARP9,GRCh37,cg04741636
29,9,130186444,+,ZNF79,GRCh37,cg18360149
29,3,15247818,-,DVWA;CAPN7;CAPN7,GRCh37,cg04228553
29,1,226250361,-,H3F3A;LOC440926,GRCh37,cg15538837
29,10,74928123,+,FAM149B1;ECD;ECD;ECD;ECD,GRCh37,cg15427656
29,3,49977685,+,RBM6;RBM6,GRCh37,cg04436474
29,12,77459091,-,E2F7,GRCh37,cg04410862
29,1,202317913,+,PPP1R12B;PPP1R12B;PPP1R12B;PPP1R12B;PPP1R12B;PPP1R12B;PPP1R12B;PPP1R12B,GRCh37,cg26526440
29,10,43572795,-,RET;RET,GRCh37,cg04402875
29,3,4344887,+,SETMAR;SETMAR,GRCh37,cg15384599
29,14,76618201,-,C14orf118;C14orf118,GRCh37,cg04371779
29,10,102672227,+,FAM178A;FAM178A;FAM178A,GRCh37,cg26508537
29,2,120517049,-,PTPN4,GRCh37,cg26333591
29,16,56716621,-,MT1X,GRCh37,cg15473868
29,5,140027092,+,NDUFA2;IK,GRCh37,cg15537433
29,13,40229707,+,COG6;COG6;COG6,GRCh37,cg26701198
29,16,58662988,+,CNOT1;CNOT1,GRCh37,cg04270274
29,18,13218816,-,C18orf1;C18orf1;C18orf1;C18orf1,GRCh37,cg04633384
29,16,29828145,+,C16orf53,GRCh37,cg04660698
29,11,120208005,-,ARHGEF12,GRCh37,cg18567470
29,12,89746258,+,DUSP6;DUSP6;DUSP6;DUSP6,GRCh37,cg26703664
29,10,75118678,+,TTC18,GRCh37,cg04733302
29,7,100209878,-,MOSPD3;MOSPD3;MOSPD3;MOSPD3,GRCh37,cg26471020
29,5,68530549,+,CDK7,GRCh37,cg26324201
29,1,109791839,+,CELSR2,GRCh37,cg27014642
29,6,135501780,+,MYB;MYB;MYB;MYB;MYB;MYB;MYB;MYB,GRCh37,cg18253802
29,6,31589161,-,BAT2,GRCh37,cg15765212
29,12,49246007,+,DDX23,GRCh37,cg05065690
29,14,64009971,+,PPP2R5E;PPP2R5E,GRCh37,cg27214652
29,9,110045901,+,RAD23B;RAD23B,GRCh37,cg14919562
29,6,30538844,+,ABCF1;ABCF1,GRCh37,cg18015044
29,7,56032047,-,GBAS,GRCh37,cg27268717
29,7,101458365,-,CUX1;CUX1,GRCh37,cg05146205
29,18,60986679,+,BCL2;BCL2,GRCh37,cg03813215
29,11,69490316,+,ORAOV1,GRCh37,cg26123414
29,20,43150641,+,SERINC3;SERINC3;SERINC3;SERINC3,GRCh37,cg03812067
29,12,117627651,-,FBXO21;FBXO21,GRCh37,cg26035463
29,4,183839263,-,DCTD;DCTD,GRCh37,cg14892066
29,9,125693949,+,ZBTB26,GRCh37,cg17896097
29,9,127951957,-,PPP6C;PPP6C;PPP6C,GRCh37,cg03801144
29,2,43453324,+,ZFP36L2;LOC100129726,GRCh37,cg14840416
29,16,2097910,+,NTHL1;TSC2;TSC2;TSC2,GRCh37,cg05243909
29,15,40763995,+,CHST14,GRCh37,cg14837165
29,7,138818658,+,TTC26;TTC26;TTC26,GRCh37,cg05284724
29,1,163291775,+,NUF2;NUF2;NUF2;NUF2,GRCh37,cg15778350
29,17,74349897,+,PRPSAP1;PRPSAP1,GRCh37,cg14816748
29,19,37957997,+,ZNF569;ZNF569,GRCh37,cg03884783
29,3,101443603,+,CEP97,GRCh37,cg03919644
29,15,39873060,+,THBS1,GRCh37,cg04051458
29,19,11639555,-,ECSIT;ECSIT;ECSIT;ECSIT,GRCh37,cg15161055
29,22.0,50699649,+,MAPK12,GRCh37,cg15134628
29,10,32218319,+,ARHGAP12,GRCh37,cg26271255
29,19,17416447,-,MRPL34,GRCh37,cg04914305
29,12,76742361,-,BBS10,GRCh37,cg26248486
29,1,27561270,-,WDTC1;WDTC1,GRCh37,cg15665653
29,8,74659081,-,STAU2;STAU2;STAU2;STAU2;STAU2;STAU2;STAU2;STAU2;STAU2;STAU2;STAU2;STAU2;STAU2,GRCh37,cg04004861
29,1,45205136,+,KIF2C,GRCh37,cg03907454
29,1,160175593,-,PEA15,GRCh37,cg18177682
29,2,39348117,-,SOS1,GRCh37,cg27074297
29,14,39572493,+,SEC23A,GRCh37,cg18089145
29,6,111279866,+,GTF3C6;GTF3C6,GRCh37,cg18710383
29,11,129245988,+,BARX2,GRCh37,cg26221631
29,17,65713980,-,NOL11,GRCh37,cg04998282
29,12,44199730,+,TWF1,GRCh37,cg18730023
29,9,12774985,+,C9orf150,GRCh37,cg18043828
29,12,6772637,-,ING4;ING4;ING4;ING4;ING4;ING4,GRCh37,cg03930474
29,5,68389537,+,SLC30A5;SLC30A5,GRCh37,cg03989322
29,19,1605414,+,UQCR;UQCR,GRCh37,cg04600406
29,12,112563444,+,TRAFD1;TRAFD1;TRAFD1,GRCh37,cg13342120
29,10,99205343,+,ZDHHC16;EXOSC1;ZDHHC16;ZDHHC16;ZDHHC16;ZDHHC16,GRCh37,cg13669465
29,6,31869982,-,ZBTB12,GRCh37,cg08612601
29,1,155294042,-,RUSC1;RUSC1;RUSC1;RUSC1;C1orf104;RUSC1,GRCh37,cg11503744
29,14,74353524,-,ZNF410,GRCh37,cg21571665
29,1,201798214,-,IPO9,GRCh37,cg23687186
29,12,32260103,-,BICD1;BICD1,GRCh37,cg21587861
29,9,71650719,+,FXN;FXN;FXN,GRCh37,cg23667933
29,11,8932380,+,C11orf17;C11orf17;ST5;ST5,GRCh37,cg08690721
29,4,106629581,-,INTS12;INTS12;GSTCD,GRCh37,cg21686523
29,1,46016768,+,AKR1A1;AKR1A1;AKR1A1;AKR1A1,GRCh37,cg11323731
29,18,29598433,-,RNF125,GRCh37,cg11314292
29,7,128784442,+,TSPAN33,GRCh37,cg11303670
29,16,68771200,+,CDH1;CDH1,GRCh37,cg11255163
29,12,77459885,-,E2F7,GRCh37,cg08610361
29,4,57844931,+,POLR2B;C4orf14,GRCh37,cg21800088
29,2,97427027,+,CNNM4,GRCh37,cg11158729
29,19,37959853,-,ZNF570,GRCh37,cg21850254
29,2,136742688,-,DARS,GRCh37,cg11129291
29,2,102314477,+,MAP4K4;MAP4K4;MAP4K4,GRCh37,cg08875535
29,7,87563855,+,ADAM22;ADAM22;ADAM22;ADAM22;ADAM22,GRCh37,cg08876591
29,9,92219379,-,GADD45G,GRCh37,cg21912567
29,1,6320757,-,GPR153,GRCh37,cg21927975
29,11,64692066,+,PPP2R5B,GRCh37,cg23473849
29,3,9932426,-,JAGN1,GRCh37,cg23459997
29,1,84971866,+,SPATA1;GNG5,GRCh37,cg23441167
29,16,23607577,+,NDUFAB1,GRCh37,cg21989500
29,5,141016628,-,RELL2;RELL2;RELL2;HDAC3;RELL2,GRCh37,cg11064797
29,17,65241304,-,HELZ;HELZ,GRCh37,cg08831701
29,7,95951569,-,SLC25A13;SLC25A13;SLC25A13,GRCh37,cg08998967
29,3,13461652,-,NUP210,GRCh37,cg23799276
29,17,7155231,+,DULLARD;C17orf81;DULLARD;C17orf81;C17orf81;C17orf81;DULLARD,GRCh37,cg11566939
29,15,59949482,+,GTF2A2,GRCh37,cg24088751
29,11,111944731,+,C11orf57;PIH1D2;PIH1D2;PIH1D2;C11orf57;PIH1D2;C11orf57,GRCh37,cg11909865
29,17,35305905,-,AATF,GRCh37,cg11857445
29,3,32148497,+,GPD1L,GRCh37,cg21255732
29,14,20923471,+,OSGEP;APEX1;APEX1;APEX1;APEX1;APEX1;APEX1,GRCh37,cg21337430
29,7,30066348,-,FKBP14,GRCh37,cg11802692
29,16,47007757,+,DNAJA2,GRCh37,cg21369679
29,12,30907191,-,CAPRIN2;CAPRIN2;CAPRIN2;CAPRIN2;CAPRIN2;CAPRIN2,GRCh37,cg21369988
29,13,100153373,+,TM9SF2,GRCh37,cg08271519
29,3,129034659,-,H1FX;C3orf47,GRCh37,cg21378047
29,12,58176483,-,TSFM,GRCh37,cg23970338
29,14,74227020,+,C14orf43;C14orf43,GRCh37,cg23940655
29,9,100685127,-,C9orf156,GRCh37,cg08531821
29,1,11119628,+,SRM,GRCh37,cg21379816
29,1,24194505,+,FUCA1,GRCh37,cg08366126
29,9,71320693,-,PIP5K1B,GRCh37,cg21413251
29,18,51884793,+,C18orf54,GRCh37,cg08390021
29,9,131450973,-,SET;SET,GRCh37,cg11628487
29,15,52860622,-,ARPP19,GRCh37,cg23865067
29,12,59314263,-,LRIG3;LRIG3,GRCh37,cg11625946
29,17,17991318,+,DRG2;DRG2,GRCh37,cg23830037
29,3,13521693,-,HDAC11;HDAC11,GRCh37,cg08448040
29,9,6413045,-,UHRF2,GRCh37,cg08487038
29,15,79237654,-,CTSH;CTSH,GRCh37,cg08500346
29,17,43138359,-,NMT1;DCAKD;DCAKD,GRCh37,cg21452443
29,3,42623862,+,SEC22C;SEC22C,GRCh37,cg21463023
29,12,68726610,-,MDM1;MDM1,GRCh37,cg23926526
29,5,169010705,-,CCDC99;CCDC99,GRCh37,cg24115593
29,16,88772647,-,RNF166;CTU2;CTU2,GRCh37,cg23392782
29,11,62446605,+,UBXN1,GRCh37,cg22091798
29,5,81574453,-,RPS23,GRCh37,cg10681725
29,14,45553408,+,PRPF39;PRPF39,GRCh37,cg23104823
29,8,144679052,-,EEF1D;EEF1D;EEF1D;EEF1D;EEF1D;TIGD5;EEF1D;EEF1D;EEF1D,GRCh37,cg23088430
29,19,912839,+,C19orf22,GRCh37,cg09675889
29,1,150552014,-,MCL1;MCL1;MCL1;MCL1,GRCh37,cg09726469
29,4,154387599,+,KIAA0922;KIAA0922,GRCh37,cg10484485
29,14,20922915,-,APEX1;APEX1;OSGEP;OSGEP;APEX1,GRCh37,cg22438324
29,17,6544061,+,TXNDC17;KIAA0753;KIAA0753,GRCh37,cg22459930
29,22.0,41214857,-,SLC25A17,GRCh37,cg23013931
29,16,74808963,+,FA2H,GRCh37,cg10432620
29,22.0,39052594,-,LOC646851;LOC646851;CBY1;CBY1,GRCh37,cg10423830
29,19,41304369,-,EGLN2,GRCh37,cg22499964
29,2,61109155,+,REL,GRCh37,cg09600437
29,19,36505311,+,ALKBH6;ALKBH6,GRCh37,cg22501393
29,2,74007265,+,DUSP11;DUSP11,GRCh37,cg10373645
29,14,35008750,+,EAPP,GRCh37,cg09889850
29,10,120938495,-,PRDX3;PRDX3,GRCh37,cg10367730
29,11,64126806,+,RPS6KA4;RPS6KA4,GRCh37,cg22833292
29,17,19770443,+,ULK2;ULK2,GRCh37,cg22826936
29,1,87794589,-,LMO4;LMO4,GRCh37,cg10042178
29,7,42951784,-,C7orf25;C7orf25,GRCh37,cg22552684
29,4,184425226,-,ING2,GRCh37,cg10348863
29,17,13972928,-,COX10,GRCh37,cg22774127
29,1,109940029,-,SORT1,GRCh37,cg10087399
29,14,94640828,+,PPP4R4;PPP4R4,GRCh37,cg10314752
29,7,30324033,+,ZNRF2;ZNRF2,GRCh37,cg10289912
29,4,4543474,-,STX18,GRCh37,cg22524267
29,11,105948183,-,KBTBD3;KBTBD3;AASDHPPT;KBTBD3;KBTBD3,GRCh37,cg22024876
29,12,129308176,-,SLC15A4,GRCh37,cg09597465
29,16,4784440,-,C16orf71;ANKS3;C16orf71,GRCh37,cg09585834
29,16,4475555,+,DNAJA3;DNAJA3,GRCh37,cg22103999
29,20,62612592,+,PRPF6;PRPF6,GRCh37,cg11037424
29,1,235324804,+,RBM34;RBM34;RBM34,GRCh37,cg09144196
29,16,22217479,-,EEF2K,GRCh37,cg09186685
29,6,36647073,-,CDKN1A;CDKN1A,GRCh37,cg10936763
29,12,106642360,-,CKAP4,GRCh37,cg09239756
29,12,6862849,+,MLF2;MLF2,GRCh37,cg23311549
29,9,132598185,+,C9orf78;USP20;USP20;USP20,GRCh37,cg23300897
29,7,95064174,+,PON2;PON2,GRCh37,cg23285573
29,15,68569991,-,FEM1B,GRCh37,cg09272869
29,7,89874597,+,C7orf63;C7orf63;C7orf63;C7orf63,GRCh37,cg23283875
29,1,154531418,-,UBE2Q1,GRCh37,cg09311052
29,15,45926878,-,SQRDL,GRCh37,cg09593286
29,15,89878452,-,POLG;POLG,GRCh37,cg22187094
29,6,101329502,-,ASCC3;ASCC3,GRCh37,cg10869069
29,6,86304180,-,SNX14;SNX14,GRCh37,cg09404334
29,4,77070069,+,NUP54,GRCh37,cg09423836
29,11,67034251,+,ADRBK1,GRCh37,cg23207985
29,2,61243988,-,PEX13;PUS10,GRCh37,cg09469394
29,17,73257283,-,GGA3;MRPS7;GGA3,GRCh37,cg22226765
29,17,73402025,-,GRB2;GRB2,GRCh37,cg09509576
29,2,74781587,-,LOXL3;DOK1,GRCh37,cg22238923
29,16,48419812,+,SIAH1,GRCh37,cg10784785
29,6,138725213,+,HEBP2,GRCh37,cg10780112
29,1,170043676,+,KIFAP3;KIFAP3,GRCh37,cg10753582
29,17,40264626,+,DHX58;DHX58,GRCh37,cg10708793
29,4,2264032,+,MXD4,GRCh37,cg22194305
29,2,20212440,-,MATN3;MATN3,GRCh37,cg21177096
29,1,167905380,-,DCAF6;BRP44;BRP44;BRP44;DCAF6,GRCh37,cg08151281
29,1,220446043,-,RAB3GAP2,GRCh37,cg12054080
29,12,4648036,+,RAD51AP1;RAD51AP1;RAD51AP1;RAD51AP1;C12orf4,GRCh37,cg25261329
29,5,87564247,+,TMEM161B,GRCh37,cg10215884
29,14,92506784,-,TRIP11;TRIP11,GRCh37,cg06665984
29,9,130965761,+,CIZ1;DNM1;DNM1;CIZ1,GRCh37,cg13309018
29,14,65438715,+,RAB15,GRCh37,cg06690633
29,19,12949443,+,MAST1,GRCh37,cg13294594
29,3,179280646,+,ACTL6A;ACTL6A;ACTL6A,GRCh37,cg25198545
29,11,119252474,+,USP2,GRCh37,cg13272258
29,16,9186050,+,C16orf72,GRCh37,cg20141013
29,22.0,30162856,+,UCRC;UCRC;ZMAT5;ZMAT5,GRCh37,cg13240639
29,20,43160795,+,PKIG;PKIG;PKIG,GRCh37,cg13240311
29,17,78074920,-,GAA;GAA;GAA,GRCh37,cg20269976
29,3,195808919,-,TFRC;TFRC;TFRC;TFRC,GRCh37,cg25276849
29,15,68346669,+,PIAS1,GRCh37,cg06790275
29,10,43761841,+,RASGEF1A,GRCh37,cg25104030
29,9,99801371,+,CTSL2;CTSL2,GRCh37,cg13234643
29,7,148581907,-,EZH2;EZH2,GRCh37,cg06816161
29,4,151937234,+,LRBA,GRCh37,cg13219107
29,10,88515527,-,BMPR1A,GRCh37,cg06817917
29,3,129158634,-,IFT122;MBD4;IFT122;IFT122;IFT122,GRCh37,cg20346122
29,19,58898769,-,RPS5,GRCh37,cg06830426
29,8,126103681,+,NSMCE2;KIAA0196,GRCh37,cg20379012
29,12,120883986,-,TRIAP1;GATC,GRCh37,cg25053891
29,15,65426128,+,PDCD7;PDCD7,GRCh37,cg25026754
29,9,136858680,+,VAV2;VAV2,GRCh37,cg13134662
29,1,67519805,-,SLC35D1;SLC35D1,GRCh37,cg06894381
29,3,111805312,+,C3orf52,GRCh37,cg06807989
29,6,119255874,-,MCM9,GRCh37,cg13112336
29,6,88300029,+,RARS2;ORC3L;ORC3L,GRCh37,cg06598631
29,17,16283976,+,UBB,GRCh37,cg06537829
29,19,54641139,+,CNOT3,GRCh37,cg19822214
29,1,151584902,-,SNX27,GRCh37,cg13625205
29,15,64673790,-,KIAA0101;KIAA0101,GRCh37,cg19839691
29,11,61129344,-,CYBASC3;CYBASC3;CYBASC3;TMEM138;CYBASC3;TMEM138,GRCh37,cg06240542
29,15,72668269,+,HEXA;C15orf34,GRCh37,cg13587740
29,7,75157587,-,PMS2L3,GRCh37,cg06273569
29,11,14913620,-,CYP2R1,GRCh37,cg25454890
29,8,130952644,+,FAM49B,GRCh37,cg06307601
29,13,22178108,-,EFHA1,GRCh37,cg13557178
29,11,62313929,-,AHNAK;AHNAK,GRCh37,cg19902569
29,10,35415599,-,CREM;CREM;CREM;CREM;CREM;CREM,GRCh37,cg06336792
29,11,3877476,+,STIM1;STIM1,GRCh37,cg06349174
29,1,151483425,+,CGN,GRCh37,cg20077393
29,2,88991375,+,RPIA,GRCh37,cg06358566
29,11,121163141,+,SC5DL;SC5DL,GRCh37,cg13421924
29,16,85832847,+,COX4I1;COX4NB;COX4NB,GRCh37,cg06438404
29,10,121651973,-,SEC23IP,GRCh37,cg25377358
29,8,66546079,+,ARMC1,GRCh37,cg13398993
29,17,3539597,+,CTNS;SHPK;SHPK;CTNS,GRCh37,cg25371182
29,1,162039959,+,NOS1AP;NOS1AP;NOS1AP;NOS1AP,GRCh37,cg06473539
29,12,113659153,+,TPCN1;TPCN1;IQCD,GRCh37,cg13393195
29,17,73128023,-,NT5C,GRCh37,cg13376158
29,19,12807371,-,FBXW9,GRCh37,cg06489804
29,9,91933147,+,SECISBP2,GRCh37,cg20074048
29,8,67341099,+,RRS1,GRCh37,cg25352650
29,10,60029458,-,CISD1,GRCh37,cg06532493
29,3,183903550,-,ABCF3,GRCh37,cg13461600
29,13,31736105,-,HSPH1;HSPH1,GRCh37,cg06901392
29,22.0,43506952,-,BIK,GRCh37,cg25018755
29,15,85259484,+,SEC11A;SEC11A,GRCh37,cg06930095
29,17,77770444,-,CBX8,GRCh37,cg07581365
29,19,6361639,-,CLPP,GRCh37,cg12562500
29,8,11324817,+,FAM167A,GRCh37,cg20717059
29,16,71323116,-,FTSJD1;FTSJD1;FTSJD1;FTSJD1,GRCh37,cg20744809
29,2,27440548,-,CAD,GRCh37,cg12506373
29,17,79995330,+,DCXR,GRCh37,cg20757526
29,5,54469532,+,MIR449C;CDC20B;CDC20B;CDC20B,GRCh37,cg07707227
29,11,6255841,-,FAM160A2;FAM160A2;FAM160A2;FAM160A2,GRCh37,cg20916483
29,8,95961556,+,TP53INP1;TP53INP1;TP53INP1;TP53INP1,GRCh37,cg24434118
29,1,36851195,+,STK40,GRCh37,cg07789552
29,3,23244688,-,UBE2E2,GRCh37,cg07806164
29,20,62669791,+,NCRNA00176;NCRNA00176,GRCh37,cg12379775
29,7,99647494,-,ZSCAN21,GRCh37,cg12588476
29,12,110318755,-,GLTP,GRCh37,cg07836370
29,16,18801635,-,RPS15A;RPS15A;RPS15A;RPS15A,GRCh37,cg21024145
29,19,45681899,+,BLOC1S3;TRAPPC6A,GRCh37,cg07928695
29,5,10760858,-,DAP,GRCh37,cg21046940
29,6,128841705,+,PTPRK;PTPRK;PTPRK;PTPRK,GRCh37,cg12148919
29,18,33767315,-,MOCOS,GRCh37,cg08015253
29,7,56174374,-,CHCHD2,GRCh37,cg21096502
29,1,28052045,+,FAM76A;FAM76A;FAM76A;FAM76A;FAM76A,GRCh37,cg12099357
29,1,44440160,-,ATP6V0B;ATP6V0B,GRCh37,cg12079362
29,12,132627896,+,DDX51;NOC4L,GRCh37,cg24211742
29,4,85504879,-,CDS1,GRCh37,cg24208172
29,16,27214687,+,JMJD5;JMJD5,GRCh37,cg24206694
29,7,44163430,-,POLD2;POLD2,GRCh37,cg21123509
29,19,12949060,-,MAST1,GRCh37,cg20966551
29,19,19843991,-,ZNF14,GRCh37,cg20638426
29,6,109169698,+,ARMC2;ARMC2,GRCh37,cg12785675
29,14,92302448,+,TC2N;TC2N;TC2N,GRCh37,cg24633648
29,21,43916159,-,RSPH1,GRCh37,cg07034561
29,14,62161848,-,HIF1A;HIF1A,GRCh37,cg07052387
29,3,5164013,-,ARL8B;ARL8B,GRCh37,cg20503117
29,11,64126392,-,RPS6KA4;RPS6KA4,GRCh37,cg24970539
29,1,59249665,-,JUN;JUN,GRCh37,cg24946133
29,3,56835873,+,ARHGEF3;ARHGEF3;ARHGEF3,GRCh37,cg20509080
29,17,27052828,-,TLCD1;TLCD1,GRCh37,cg07195577
29,2,73340724,+,RAB11FIP5,GRCh37,cg24935900
29,1,17337842,-,ATP13A2;ATP13A2;ATP13A2,GRCh37,cg12999103
29,12,121019192,+,POP5;POP5;POP5;POP5,GRCh37,cg07236358
29,19,17356142,+,NR2F6;NR2F6,GRCh37,cg07242565
29,20,3801318,+,C20orf29;C20orf29,GRCh37,cg24917645
29,6,160147912,-,WTAP;WTAP;WTAP,GRCh37,cg24909975
29,6,155055079,-,RBM16,GRCh37,cg12897370
29,19,9785727,-,ZNF562;ZNF562;ZNF562;ZNF562;ZNF562;ZNF562,GRCh37,cg24874111
29,3,150480910,+,SIAH2;SIAH2,GRCh37,cg24856383
29,4,128886005,-,C4orf29;MFSD8,GRCh37,cg07285838
29,1,51702659,+,RNF11,GRCh37,cg24808674
29,9,35115882,-,KIAA1539;KIAA1539,GRCh37,cg24770649
29,16,81110754,+,C16orf46;C16orf46;C16orf46;C16orf46,GRCh37,cg12879297
29,1,31538937,+,PUM1;PUM1,GRCh37,cg24710886
29,17,62502055,-,CCDC45;DDX5,GRCh37,cg07387199
29,16,58035398,-,C16orf57,GRCh37,cg07398350
29,10,61666543,+,CCDC6;CCDC6,GRCh37,cg07410075
29,11,125773242,-,DDX25;PUS3,GRCh37,cg12802819
29,1,246730188,-,CNST;TFB2M;CNST,GRCh37,cg20615951
29,10,82168530,-,C10orf58,GRCh37,cg20617956
29,12,125473601,+,DHX37;DHX37,GRCh37,cg19793718
29,19,54024182,-,ZNF331;ZNF331,GRCh37,cg16969623
29,7,100797595,-,AP1S1,GRCh37,cg27665659
29,20,30310858,+,BCL2L1;BCL2L1,GRCh37,cg00782854
29,15,73977201,-,CD276;CD276,GRCh37,cg00133909
29,22.0,41487283,-,EP300;MIR1281,GRCh37,cg00500400
29,8,142011144,+,PTK2;PTK2,GRCh37,cg01806808
29,2,43454476,+,ZFP36L2;LOC100129726,GRCh37,cg00097536
29,3,136581033,-,NCK1,GRCh37,cg02975259
29,10,102289786,+,NDUFB8,GRCh37,cg01430807
29,15,65477420,-,CLPX,GRCh37,cg02671806
29,7,38218112,-,STARD3NL,GRCh37,cg00309056
29,19,41869941,-,TMEM91;B9D2;TMEM91;B9D2,GRCh37,cg02750754
29,11,14521319,-,COPB1;COPB1;COPB1;COPB1;COPB1;COPB1,GRCh37,cg00704909
29,16,67195069,-,TRADD;FBXL8,GRCh37,cg01025842
29,14,21566863,+,ZNF219;C14orf176;ZNF219;ZNF219,GRCh37,cg01027805
29,20,37101172,-,RALGAPB,GRCh37,cg00495442
29,10,89621773,-,PTEN;KILLIN,GRCh37,cg01228636
29,17,73008867,+,ICT1,GRCh37,cg03184439
29,13,53024717,-,VPS36,GRCh37,cg02543879
29,12,12870119,-,CDKN1B,GRCh37,cg01745510
29,12,120632764,+,GCN1L1,GRCh37,cg01199721
29,2,105946563,+,TGFBRAP1;TGFBRAP1,GRCh37,cg02648999
29,11,64795040,+,SNX15;SNX15,GRCh37,cg02554810
29,10,73079349,-,SLC29A3,GRCh37,cg01478450
29,6,31671271,-,BAT5,GRCh37,cg00746130
29,2,219536588,+,RNF25;STK36,GRCh37,cg03270376
29,10,13390384,+,SEPHS1,GRCh37,cg00766889
29,2,122512988,-,TSN,GRCh37,cg01139059
29,2,54342584,-,ACYP2;ACYP2,GRCh37,cg01615080
29,16,19533410,-,GDE1;GDE1,GRCh37,cg01137737
29,3,49377419,-,USP4;USP4,GRCh37,cg00359325
29,1,151319538,+,RFX5;RFX5,GRCh37,cg00123035
29,19,13227228,-,TRMT1;TRMT1;TRMT1;TRMT1;TRMT1,GRCh37,cg02229516
29,2,38978194,-,SFRS7,GRCh37,cg01746088
29,21,44394436,-,PKNOX1,GRCh37,cg02507175
29,6,8064800,-,MUTED,GRCh37,cg01802635
29,6,144164650,+,LTV1,GRCh37,cg00380464
29,11,560589,+,RASSF7;RASSF7;C11orf35;RASSF7,GRCh37,cg00216758
29,8,118533004,+,MED30;MED30,GRCh37,cg02422627
29,12,10827014,+,STYK1,GRCh37,cg00616129
29,14,90798063,+,C14orf102;C14orf102,GRCh37,cg00128654
29,11,77300504,+,AQP11,GRCh37,cg02506426
29,17,73285325,-,SLC25A19;SLC25A19;SLC25A19,GRCh37,cg00901704
29,20,2821308,-,VPS16;VPS16;FAM113A;FAM113A,GRCh37,cg00231920
29,6,109415123,-,C6orf182;SESN1,GRCh37,cg00922727
29,2,48541921,-,FOXN2;FOXN2,GRCh37,cg00539716
29,12,6643629,-,GAPDH,GRCh37,cg00241355
29,6,109703513,-,CD164;CD164;CD164;CD164;CD164,GRCh37,cg01932459
29,17,27920934,+,ANKRD13B,GRCh37,cg02717570
29,16,2932507,+,FLYWCH2;FLYWCH2;FLYWCH2,GRCh37,cg02718531
29,1,59249911,-,JUN,GRCh37,cg01909487
29,20,48552742,+,RNF114,GRCh37,cg02046340
29,16,87425223,-,FBXO31;MAP1LC3B,GRCh37,cg02932689
29,2,219575490,+,TTLL4,GRCh37,cg00665395
29,10,7830848,+,KIN;ATP5C1;ATP5C1,GRCh37,cg03205208
29,1,154934734,+,PYGO2,GRCh37,cg01277844
29,19,52552443,+,ZNF432,GRCh37,cg02729352
29,16,67840857,-,TSNAXIP1;RANBP10,GRCh37,cg00854637
29,19,8455008,-,RAB11B,GRCh37,cg02868306
29,3,184081400,+,POLR2H,GRCh37,cg00971396
29,6,8064493,-,MUTED,GRCh37,cg00012792
29,1,1208573,+,UBE2J2;UBE2J2;UBE2J2;UBE2J2,GRCh37,cg02913364
29,8,145133133,-,EXOSC4,GRCh37,cg02868338
30,10,129704949,+,PTPRE,GRCh37,cg14859417
30,12,7056008,-,PTPN6,GRCh37,cg04956511
30,19,48325360,+,CRX,GRCh37,cg21621114
30,19,1402626,+,GAMT;GAMT,GRCh37,cg05989054
30,9,140318649,+,EXD3;NOXA1,GRCh37,cg04837071
30,20,748992,-,C20orf54;C20orf54,GRCh37,cg01479232
30,3,45636386,-,LIMD1,GRCh37,cg04037228
30,7,143105850,+,EPHA1,GRCh37,cg18997129
30,19,49199172,+,FUT2;FUT2,GRCh37,cg01656853
30,1,64971752,-,CACHD1,GRCh37,cg20876010
31,1,58716018,-,DAB1;DAB1,GRCh37,cg00848728
32,19,57352134,+,ZIM2;ZIM2;PEG3;MIMT1;PEG3;PEG3;PEG3;ZIM2,GRCh37,cg02162069
32,19,57350004,+,PEG3;PEG3;ZIM2;PEG3;PEG3;ZIM2;ZIM2,GRCh37,cg02793099
32,19,57351642,+,MIMT1;PEG3;PEG3;ZIM2;PEG3;PEG3;ZIM2;ZIM2,GRCh37,cg19335327
32,19,57351440,+,MIMT1;PEG3;PEG3;ZIM2;PEG3;PEG3;ZIM2;ZIM2,GRCh37,cg22354595
32,19,57351791,+,MIMT1;PEG3;PEG3;ZIM2;PEG3;PEG3;ZIM2;ZIM2,GRCh37,cg14849423
32,19,57352269,-,ZIM2;ZIM2;PEG3;PEG3;PEG3;PEG3;ZIM2;MIMT1,GRCh37,cg19098268
33,11,63753598,-,OTUB1;OTUB1;OTUB1,GRCh37,cg19233923
33,5,178977236,+,RUFY1,GRCh37,cg25418748
33,6,26204823,-,HIST1H4E,GRCh37,cg16706631
34,11,46354997,+,DGKZ,GRCh37,cg24407308
34,19,46974567,+,PNMAL1;PNMAL1,GRCh37,cg17296166
34,19,8428856,+,ANGPTL4;ANGPTL4,GRCh37,cg16745616
34,16,66879016,-,CA7;CA7;CA7,GRCh37,cg16303453
34,3,125899401,-,ALDH1L1;ALDH1L1,GRCh37,cg16312163
34,14,31344535,-,COCH;COCH,GRCh37,cg10128164
34,5,175792880,-,ARL10,GRCh37,cg27092035
34,5,133451021,+,TCF7;TCF7;TCF7;TCF7;TCF7;TCF7;TCF7,GRCh37,cg07440414
34,11,87908192,-,RAB38,GRCh37,cg01761409
34,16,66959235,+,RRAD;RRAD,GRCh37,cg26709950
34,5,82767526,+,VCAN;VCAN;VCAN;VCAN;VCAN;VCAN;VCAN;VCAN,GRCh37,cg04525496
34,3,40350801,+,EIF1B,GRCh37,cg04848452
34,1,167599371,-,RCSD1,GRCh37,cg14046986
35,12,57328406,+,SDR9C7,GRCh37,cg13446622
36,22.0,46659398,-,PKDREJ,GRCh37,cg08315277
36,17,3714258,+,,GRCh37,cg20500126
36,9,138775936,+,CAMSAP1,GRCh37,cg20414506
36,5,140684147,+,SLC25A2,GRCh37,cg26783353
36,5,132008525,+,IL4;IL4,GRCh37,cg26787239
36,11,63988554,+,FERMT3;FERMT3,GRCh37,cg06598256
36,3,32992158,-,CCR4,GRCh37,cg21366834
36,3,45927601,-,CCR9;CCR9,GRCh37,cg09033997
36,7,128416023,+,OPN1SW,GRCh37,cg21230435
36,6,43483391,-,POLR1C;POLR1C;YIPF3,GRCh37,cg07805833
36,20,2795930,+,C20orf141;LOC100288797,GRCh37,cg01265637
36,5,131993925,+,IL13,GRCh37,cg07810967
36,4,151502939,-,MAB21L2;LRBA,GRCh37,cg20334738
36,11,116709138,-,APOA1,GRCh37,cg03856801
36,19,55583563,+,,GRCh37,cg08996986
36,2,113817043,-,IL1F5;IL1F5,GRCh37,cg21378206
36,2,136594646,+,LCT,GRCh37,cg21375825
36,20,30406688,-,MYLK2,GRCh37,cg18034859
36,3,136676846,+,IL20RB;IL20RB,GRCh37,cg06392589
36,4,16077697,+,PROM1;PROM1;PROM1;PROM1;PROM1;PROM1;PROM1;PROM1;PROM1;PROM1;PROM1;PROM1,GRCh37,cg21230392
36,14,75898937,+,JDP2;JDP2;JDP2;JDP2;JDP2,GRCh37,cg20972553
36,1,207120022,+,PIGR,GRCh37,cg20953047
36,11,64529061,+,PYGM;PYGM,GRCh37,cg03943509
36,18,44562136,-,KATNAL2;TCEB3B,GRCh37,cg20879768
36,2,219538212,+,STK36;RNF25,GRCh37,cg20851245
36,20,60768026,-,GTPBP5,GRCh37,cg00611397
36,10,131355217,-,MGMT,GRCh37,cg20778669
36,12,51740258,+,CELA1,GRCh37,cg27114026
36,12,58137179,-,AGAP2,GRCh37,cg17611475
36,19,56109975,-,FIZ1,GRCh37,cg26770281
36,4,96761377,-,PDHA2,GRCh37,cg27108154
36,19,50978619,-,C19orf63;C19orf63;FAM71E1,GRCh37,cg09286787
36,19,14139099,-,RLN3,GRCh37,cg03931808
36,3,148805262,+,HLTF;HLTF,GRCh37,cg21089667
36,18,72995553,-,TSHZ1,GRCh37,cg01297972
36,14,69675438,-,EXD2,GRCh37,cg07366967
36,12,121647183,+,P2RX4,GRCh37,cg17917518
36,15,91447749,+,MAN2A2,GRCh37,cg09169633
36,4,68622520,+,GNRHR;GNRHR,GRCh37,cg18003698
36,16,67695867,+,PARD6A;ACD;ACD;PARD6A;ACD,GRCh37,cg20707345
36,22.0,26138429,-,MYO18B,GRCh37,cg07654843
36,11,3121400,-,OSBPL5;OSBPL5;OSBPL5,GRCh37,cg07873128
36,1,151826533,-,THEM5,GRCh37,cg07874520
36,17,39507261,-,KRT33A,GRCh37,cg18370227
36,1,43804317,+,MPL,GRCh37,cg19337279
36,22.0,32108701,+,C22orf30,GRCh37,cg19035993
36,3,11340277,+,ATG7;ATG7;ATG7,GRCh37,cg08509737
36,20,43513064,+,YWHAB;YWHAB,GRCh37,cg07064406
36,15,78831288,-,PSMA4;PSMA4;PSMA4,GRCh37,cg08095532
36,11,3820252,+,PGAP2;PGAP2;NUP98;PGAP2;PGAP2;NUP98;NUP98;NUP98;PGAP2,GRCh37,cg21743649
36,13,114009720,-,GRTP1,GRCh37,cg03721967
36,15,42640316,+,GANC;CAPN3;CAPN3;CAPN3;CAPN3,GRCh37,cg19170321
36,2,71161697,+,ATP6V1B1,GRCh37,cg07052880
36,9,33266196,-,SUGT1P1;BAG1;CHMP5,GRCh37,cg21614231
36,3,119962884,-,GPR156;GPR156,GRCh37,cg19693403
36,9,112225668,-,PTPN3;PTPN3,GRCh37,cg26646980
36,3,38307564,+,SLC22A13,GRCh37,cg21615171
36,11,65728168,+,SART1,GRCh37,cg19234089
36,11,2942036,+,SLC22A18;SLC22A18,GRCh37,cg19240938
36,1,6297128,+,ICMT,GRCh37,cg06940574
36,12,13248548,+,GSG1;GSG1;GSG1;GSG1;GSG1;GSG1,GRCh37,cg08399444
36,12,96390960,-,HAL,GRCh37,cg21682902
36,12,13249133,-,GSG1;GSG1;GSG1;GSG1,GRCh37,cg08245487
36,13,48891072,+,RB1,GRCh37,cg19447496
36,16,68677364,+,CDH3,GRCh37,cg19034028
36,16,69385827,-,TMED6,GRCh37,cg18368125
36,6,26247253,-,HIST1H4G,GRCh37,cg19801560
36,6,35657921,-,FKBP5;FKBP5;FKBP5;FKBP5,GRCh37,cg08636224
36,12,133424420,+,CHFR;CHFR;CHFR;CHFR;CHFR,GRCh37,cg20066677
36,3,119499749,-,NR1I2;NR1I2;NR1I2;NR1I2,GRCh37,cg06648029
36,10,99532398,+,SFRP5,GRCh37,cg06692050
36,19,49434074,+,,GRCh37,cg07093661
36,9,13251431,-,MPDZ,GRCh37,cg22117143
36,1,27702651,-,FCN3;FCN3,GRCh37,cg19979773
36,3,128780164,-,GP9,GRCh37,cg19921389
36,9,34127499,-,DCAF12,GRCh37,cg18676764
36,6,32133929,-,EGFL8,GRCh37,cg18699916
36,8,37653377,+,GPR124,GRCh37,cg21533958
36,15,74899328,-,CLK3,GRCh37,cg08025786
36,11,10471149,-,AMPD3,GRCh37,cg08035082
36,14,70265290,-,SLC10A1,GRCh37,cg03234661
36,10,103349097,+,POLL;RP11-529I10.4,GRCh37,cg18834029
36,7,44142973,+,AEBP1,GRCh37,cg06852744
36,2,42991905,-,OXER1,GRCh37,cg19863773
36,12,6880640,-,LAG3,GRCh37,cg26956535
36,15,41098188,+,ZFYVE19;DNAJC17,GRCh37,cg08659539
36,5,149323959,+,PDE6A,GRCh37,cg18915143
36,1,47881256,-,FOXE3,GRCh37,cg18983672
36,17,5184508,-,RABEP1;RABEP1,GRCh37,cg09394600
36,1,22777672,-,ZBTB40;ZBTB40,GRCh37,cg26870337
36,10,122610158,+,WDR11,GRCh37,cg00600684
36,16,50321678,+,ADCY7,GRCh37,cg13851211
36,10,115424103,-,NRAP;NRAP,GRCh37,cg04712892
36,5,43413095,+,CCL28,GRCh37,cg03077492
36,1,104096517,+,RNPC3;AMY2B,GRCh37,cg13908518
36,6,109449950,-,C6orf182;C6orf182,GRCh37,cg01747191
36,12,2902790,+,FKBP4,GRCh37,cg11518240
36,19,45541192,-,RELB;SFRS16,GRCh37,cg25203561
36,7,2472364,-,CHST12,GRCh37,cg27459381
36,16,89159666,-,ACSF3;ACSF3;ACSF3,GRCh37,cg11476254
36,17,73997820,-,CDK3,GRCh37,cg14056306
36,3,52583646,-,PBRM1;PBRM1;PBRM1,GRCh37,cg25103286
36,15,72020908,+,THSD4,GRCh37,cg14283939
36,1,169335773,+,BLZF1;NME7;NME7,GRCh37,cg14287742
36,4,76903515,-,SDAD1,GRCh37,cg11631275
36,3,60363505,+,FHIT;FHIT,GRCh37,cg04835638
36,3,184058405,+,FAM131A;FAM131A,GRCh37,cg01684901
36,2,114036571,-,PAX8;PAX8;PAX8;LOC440839;PAX8;PAX8,GRCh37,cg25042226
36,6,32807374,+,TAP2;TAP2,GRCh37,cg14493899
36,16,29690035,+,QPRT,GRCh37,cg25023941
36,1,203768517,-,ZC3H11A,GRCh37,cg04902405
36,10,98741349,+,C10orf12,GRCh37,cg14647515
36,10,134671663,-,,GRCh37,cg11148307
36,15,80264696,+,BCL2A1;BCL2A1,GRCh37,cg24924631
36,17,66303145,+,ARSG,GRCh37,cg00374717
36,2,219525843,+,BCS1L;BCS1L,GRCh37,cg04970994
36,1,53924998,+,DMRTB1,GRCh37,cg24845207
36,17,33448689,+,FNDC8;FNDC8,GRCh37,cg17574251
36,7,23749607,+,STK31;STK31;STK31,GRCh37,cg14898779
36,9,131708951,+,NUP188;DOLK,GRCh37,cg25092540
36,7,134917144,-,STRA8,GRCh37,cg11649846
36,6,26500083,-,BTN1A1,GRCh37,cg27475152
36,1,14029875,-,PRDM2;PRDM2;PRDM2,GRCh37,cg25402049
36,11,2942176,-,SLC22A18;SLC22A18,GRCh37,cg12510502
36,1,155005172,-,DCST1;DCST1;DCST2,GRCh37,cg12530270
36,3,48413769,+,FBXW12;FBXW12;FBXW12;FBXW12;FBXW12;FBXW12,GRCh37,cg03112869
36,5,176836472,+,F12,GRCh37,cg12332316
36,19,17212316,-,MYO9B;MYO9B,GRCh37,cg00215066
36,9,135282793,-,TTF1,GRCh37,cg12271587
36,5,67522532,+,PIK3R1,GRCh37,cg12663253
36,17,1648622,-,SERPINF2;SERPINF2;SERPINF2,GRCh37,cg25803583
36,20,30720887,-,TM9SF4,GRCh37,cg27643859
36,19,58485726,-,C19orf18,GRCh37,cg27623214
36,14,100789737,+,C14orf68;C14orf68,GRCh37,cg00239071
36,9,126118772,-,CRB2,GRCh37,cg12953249
36,12,11001596,-,PRR4;PRR4,GRCh37,cg12089169
36,1,203768441,+,ZC3H11A,GRCh37,cg04498511
36,14,65002445,+,,GRCh37,cg13135121
36,17,27574645,+,CRYBA1,GRCh37,cg13138279
36,3,46919454,-,PTH1R,GRCh37,cg13156411
36,9,97203357,+,HIATL1,GRCh37,cg12044689
36,19,3522577,-,FZR1;FZR1;FZR1,GRCh37,cg13183539
36,11,33308345,-,HIPK3;HIPK3,GRCh37,cg25600606
36,10,99332592,-,ANKRD2;ANKRD2,GRCh37,cg13271963
36,1,94586592,+,ABCA4,GRCh37,cg04592706
36,1,178481807,+,C1orf49;C1orf49;C1orf49;C1orf49,GRCh37,cg25461905
36,2,128175179,+,PROC,GRCh37,cg25457027
36,16,101686,-,POLR3K,GRCh37,cg11876012
36,4,146096030,-,OTUD4;OTUD4;OTUD4,GRCh37,cg25424525
36,22.0,42395340,-,WBP2NL,GRCh37,cg11851098
36,10,128768181,+,DOCK1,GRCh37,cg13434852
36,11,58390406,-,ZFP91-CNTF;CNTF,GRCh37,cg26229648
36,19,47127365,+,PTGIR,GRCh37,cg04057485
36,12,57881050,+,MARS,GRCh37,cg24779015
36,14,32798762,+,AKAP6,GRCh37,cg24812523
36,19,33360626,+,SLC7A9;SLC7A9;SLC7A9;SLC7A9,GRCh37,cg24734575
36,1,41486908,-,SLFNL1;SLFNL1,GRCh37,cg05646865
36,6,32134310,-,EGFL8,GRCh37,cg16282679
36,12,96389588,-,HAL,GRCh37,cg27246571
36,19,36719212,+,ZNF146;ZNF146;ZNF146,GRCh37,cg02358804
36,2,220308747,+,SPEG,GRCh37,cg10062065
36,1,32478440,+,KHDRBS1,GRCh37,cg00510956
36,11,102669291,+,MMP1;MMP1,GRCh37,cg16575408
36,19,3574625,+,HMG20B,GRCh37,cg09996240
36,8,38643846,-,TACC1;TACC1;TACC1,GRCh37,cg09990086
36,1,110306507,-,EPS8L3;EPS8L3;EPS8L3;EPS8L3;EPS8L3;EPS8L3,GRCh37,cg00515905
36,20,23471693,-,CST8,GRCh37,cg09953122
36,8,143748641,+,JRK;JRK,GRCh37,cg23641264
36,20,50386166,-,ATP9A,GRCh37,cg05851042
36,8,81557650,+,ZNF704,GRCh37,cg09935228
36,7,127636733,+,C7orf54;SND1,GRCh37,cg24777710
36,13,43596656,-,DNAJC15,GRCh37,cg00131557
36,5,111095756,-,C5orf13;C5orf13,GRCh37,cg05869964
36,16,75252695,-,CTRB1,GRCh37,cg16863382
36,16,83982436,-,OSGIN1;OSGIN1,GRCh37,cg05887405
36,3,50338253,+,HYAL1;HYAL1;HYAL1;HYAL1;HYAL1;HYAL1;HYAL3,GRCh37,cg16913124
36,16,20702428,-,ACSM1,GRCh37,cg16940935
36,5,140053460,+,DND1,GRCh37,cg16949889
36,13,36789025,+,SOHLH2,GRCh37,cg26530497
36,14,60712563,-,PPM1A;PPM1A,GRCh37,cg23504707
36,15,42640283,+,GANC;CAPN3;CAPN3;CAPN3,GRCh37,cg23414431
36,20,35886434,+,GHRH,GRCh37,cg17049328
36,4,56376020,-,CLOCK,GRCh37,cg05960024
36,11,45115528,-,PRDM11,GRCh37,cg09699159
36,22.0,21128411,-,SERPIND1;SERPIND1;PI4KA,GRCh37,cg09634469
36,17,39637325,+,KRT35,GRCh37,cg09538582
36,17,39554055,-,KRT31,GRCh37,cg00063144
36,8,26148195,-,PPP2R2A,GRCh37,cg10207787
36,13,98830146,-,RNF113B;FARP1;FARP1,GRCh37,cg23934633
36,12,48120416,+,P11,GRCh37,cg09869858
36,1,27240365,-,NR0B2,GRCh37,cg24580782
36,15,66857133,+,LCTL,GRCh37,cg15166050
36,10,71175852,-,TACR2,GRCh37,cg15278682
36,12,1726292,+,WNT5B;WNT5B,GRCh37,cg24505122
36,3,50315748,-,C3orf45,GRCh37,cg15448599
36,14,69676275,+,EXD2,GRCh37,cg05300132
36,12,112711543,-,C12orf51,GRCh37,cg24408511
36,16,69385606,+,TMED6,GRCh37,cg16148454
36,9,98080622,-,FANCC,GRCh37,cg04021421
36,12,90049560,-,ATP2B1;ATP2B1,GRCh37,cg10501629
36,22.0,50914909,+,SBF1,GRCh37,cg15764655
36,2,43863435,+,PLEKHH2,GRCh37,cg24650394
36,1,10001911,-,LZIC,GRCh37,cg15226751
36,17,44249491,+,KIAA1267,GRCh37,cg02301815
36,3,52811376,+,ITIH1;ITIH1,GRCh37,cg10356463
36,6,149959609,-,KATNA1,GRCh37,cg15926557
36,14,23427086,+,HAUS4;HAUS4;HAUS4,GRCh37,cg26408003
36,2,26986379,-,C2orf18,GRCh37,cg24248317
36,2,191300784,+,MFSD6,GRCh37,cg15998761
36,8,144732501,+,ZNF623;ZNF623,GRCh37,cg24216294
36,16,56899183,+,SLC12A3;SLC12A3;SLC12A3,GRCh37,cg03455024
36,13,52598175,+,UTP14C;ALG11,GRCh37,cg05482722
36,9,2717531,-,KCNV2;KCNV2,GRCh37,cg26428825
36,6,24877729,+,FAM65B;FAM65B,GRCh37,cg23973566
36,9,130891743,-,PTGES2;PTGES2;LOC389791;PTGES2,GRCh37,cg24730207
36,1,169335802,+,BLZF1;NME7;NME7,GRCh37,cg24407065
36,3,93780446,-,NSUN3;DHFRL1,GRCh37,cg04032566
37,3,42743794,-,HHATL;HHATL,GRCh37,cg00407150
37,1,145412774,-,HFE2;HFE2;HFE2;HFE2,GRCh37,cg07136254
37,1,3668942,+,CCDC27,GRCh37,cg08670691
37,16,56599188,-,MT4,GRCh37,cg01015871
37,12,14849542,+,GUCY2C,GRCh37,cg13131015
38,15,48936953,-,FBN1,GRCh37,cg18671950
39,12,124116920,-,EIF2B1;GTF2H3,GRCh37,cg01110312
40,5,170736389,+,TLX3,GRCh37,cg25720804
40,5,170736251,-,TLX3,GRCh37,cg25942450
41,21,43735505,+,TFF3,GRCh37,cg04806409
41,22.0,37584227,+,C1QTNF6;C1QTNF6,GRCh37,cg26143719
41,19,5822630,-,NRTN,GRCh37,cg07997737
41,4,155534149,-,FGG;FGG,GRCh37,cg01593385
41,18,28743074,-,DSC1;DSC1,GRCh37,cg04180953
42,9,35673909,+,CA9,GRCh37,cg19257550
43,18,12254377,-,CIDEA;CIDEA;CIDEA,GRCh37,cg20950011
44,16,49378497,+,,GRCh37,cg13897627
45,15,45421860,-,DUOX1;DUOX1;DUOXA1,GRCh37,cg15105703
45,15,45422393,+,DUOX1;DUOXA1;DUOX1,GRCh37,cg10201668
45,15,91427965,-,FES;FES;FES;FES,GRCh37,cg18661868
46,3,196366369,-,LRRC33,GRCh37,cg04283392
46,17,7348339,+,CHRNB1,GRCh37,cg04809787
46,1,1369934,-,VWA1;VWA1,GRCh37,cg14667273
46,3,158449660,-,RARRES1;RARRES1,GRCh37,cg09503974
46,7,99766552,+,GAL3ST4,GRCh37,cg17518962
46,3,50712096,-,DOCK3,GRCh37,cg18501026
46,12,50353951,+,AQP5,GRCh37,cg19220825
46,7,50861592,-,GRB10,GRCh37,cg26163537
47,1,115881214,-,NGF,GRCh37,cg21184174
48,2,216973839,-,XRCC5,GRCh37,cg21404906
48,3,8543014,-,LMCD1,GRCh37,cg20595215
48,10,91152447,-,IFIT1;IFIT1,GRCh37,cg15019617
48,3,101546859,+,FAM55C;NFKBIZ;NFKBIZ;FAM55C,GRCh37,cg15006396
48,10,91405265,-,PANK1,GRCh37,cg14967972
48,5,16466459,+,ZNF622,GRCh37,cg14966252
48,22.0,45406545,+,PHF21B;PHF21B,GRCh37,cg05064352
48,17,28804679,-,GOSR1;GOSR1;GOSR1,GRCh37,cg24793470
48,20,1373995,+,FKBP1A;FKBP1A,GRCh37,cg10996143
48,5,118788291,-,HSD17B4,GRCh37,cg14874121
48,16,67194079,+,TRADD;FBXL8,GRCh37,cg11034861
48,14,61201418,-,MNAT1,GRCh37,cg14834436
48,18,712250,-,ENOSF1;ENOSF1;ENOSF1,GRCh37,cg24907852
48,13,42622014,-,DGKH;DGKH,GRCh37,cg14812492
48,3,196014280,+,PCYT1A,GRCh37,cg14769265
48,19,17982748,+,SLC5A5,GRCh37,cg01655355
48,4,668623,-,ATP5I,GRCh37,cg21224049
48,11,65640486,+,EFEMP2,GRCh37,cg04949741
48,6,111804804,-,REV3L,GRCh37,cg14634336
48,12,120555510,+,RAB35;RAB35,GRCh37,cg11216616
48,7,73868174,+,GTF2IRD1;GTF2IRD1;GTF2IRD1,GRCh37,cg05146762
48,4,23892083,-,PPARGC1A,GRCh37,cg04893087
48,10,93668914,+,FGFBP3,GRCh37,cg15111734
48,12,107380499,-,MTERFD3;MTERFD3,GRCh37,cg24646513
48,5,154320616,-,MRPL22;MRPL22,GRCh37,cg20492933
48,20,30310246,+,BCL2L1;BCL2L1,GRCh37,cg16137862
48,11,111472630,-,SIK2,GRCh37,cg10283277
48,9,139887217,+,C9orf142,GRCh37,cg16025584
48,1,36396054,-,EIF2C3;EIF2C3,GRCh37,cg24196046
48,19,40324746,+,DYRK1B;DYRK1B;DYRK1B;DYRK1B;DYRK1B;DYRK1B,GRCh37,cg10294836
48,13,50159138,+,RCBTB1,GRCh37,cg02321871
48,14,45722043,-,C14orf106,GRCh37,cg15937081
48,14,24837184,-,NFATC4;NFATC4,GRCh37,cg00462311
48,19,54024323,-,ZNF331;ZNF331,GRCh37,cg15205507
48,10,79789219,+,POLR3A;POLR3A,GRCh37,cg24289167
48,18,39535226,-,PIK3C3;PIK3C3,GRCh37,cg24362401
48,6,75953307,+,COX7A2;COX7A2,GRCh37,cg15846718
48,1,9189507,+,GPR157,GRCh37,cg10429262
48,15,51057417,-,SPPL2A,GRCh37,cg15683743
48,6,83777986,-,DOPEY1,GRCh37,cg15627524
48,20,48429173,-,SLC9A8,GRCh37,cg15488402
48,1,172501430,-,C1orf9;C1orf9,GRCh37,cg20525378
48,5,108083895,+,FER,GRCh37,cg15223781
48,16,70557485,+,COG4;SF3B3,GRCh37,cg15213605
48,6,26021916,-,HIST1H4A,GRCh37,cg24345247
48,3,183967409,-,ALG3;ECE2;ALG3;ECE2;ALG3;ALG3,GRCh37,cg04886198
48,2,86851318,+,RNF103,GRCh37,cg11223252
48,1,93544497,+,MTF2;MTF2;MTF2;MTF2,GRCh37,cg14474880
48,11,31391649,-,DCDC1;DNAJC24,GRCh37,cg25572812
48,9,131266872,-,GLE1;GLE1,GRCh37,cg13294509
48,6,30584980,+,MRPS18B;PPP1R10,GRCh37,cg04513728
48,14,23298926,-,MRPL52;MRPL52;MRPL52;MRPL52;MRPL52;MRPL52,GRCh37,cg13222081
48,10,32734661,+,CCDC7;CCDC7,GRCh37,cg01902747
48,11,47663538,-,MTCH2,GRCh37,cg12836610
48,3,44518785,-,ZNF445,GRCh37,cg12809314
48,16,53468150,-,RBL2,GRCh37,cg02021817
48,6,32822346,-,PSMB9;PSMB9;TAP1,GRCh37,cg12762680
48,17,37009861,+,SNORA21;RPL23,GRCh37,cg12247247
48,2,202899058,-,FZD7,GRCh37,cg12618251
48,4,39461668,-,LIAS;RPL9;RPL9;LIAS,GRCh37,cg12315997
48,6,34856704,-,ANKS1A;TAF11,GRCh37,cg12542604
48,13,33113069,+,N4BP2L2;N4BP2L2,GRCh37,cg12542281
48,15,49913451,-,C15orf33;DTWD1;DTWD1,GRCh37,cg25951582
48,9,131799315,-,FAM73B,GRCh37,cg04317031
48,10,46090551,-,MARCH8;MARCH8,GRCh37,cg02702510
48,4,88343636,-,NUDT9;NUDT9,GRCh37,cg00171161
48,2,99757242,+,C2orf15;TSGA10;TSGA10,GRCh37,cg12438666
48,8,28558598,-,EXTL3,GRCh37,cg25557858
48,4,123653523,+,BBS12;LOC729338,GRCh37,cg04556854
48,7,89975786,-,GTPBP10;GTPBP10,GRCh37,cg11909310
48,6,26402776,+,BTN3A1;BTN3A1;BTN3A1;BTN3A1,GRCh37,cg01840268
48,13,41837525,+,MTRF1,GRCh37,cg02178898
48,14,50359190,+,ARF6,GRCh37,cg04838107
48,2,101033546,+,CHST10,GRCh37,cg14372394
48,2,161350625,-,RBMS1;RBMS1,GRCh37,cg14325649
48,7,89976216,-,GTPBP10;GTPBP10,GRCh37,cg14298726
48,11,31530943,+,IMMP1L;ELP4,GRCh37,cg11385473
48,2,152146318,+,NMI;NMI,GRCh37,cg14046365
48,3,97483242,+,ARL6;ARL6,GRCh37,cg25160554
48,6,116601312,+,TSPYL1;DSE;DSE,GRCh37,cg13980473
48,12,3982816,+,PARP11,GRCh37,cg10187932
48,12,56915842,+,RBMS2,GRCh37,cg07589355
48,7,127292739,+,SND1,GRCh37,cg00315936
48,2,172017928,-,TLK1;TLK1,GRCh37,cg13882835
48,6,80816077,+,BCKDHB;BCKDHB,GRCh37,cg11654737
48,4,156874602,-,CTSO,GRCh37,cg11754095
48,1,25574588,+,C1orf63,GRCh37,cg13488557
48,7,102987991,-,PSMC2,GRCh37,cg13463367
48,1,27023388,+,ARID1A;ARID1A,GRCh37,cg11856093
48,12,54582673,+,SMUG1,GRCh37,cg11887234
48,3,150481783,-,SIAH2,GRCh37,cg04605667
48,6,88117530,+,C6orf165;C6orf165,GRCh37,cg25302370
48,12,69633052,+,CPSF6,GRCh37,cg23920917
48,12,31812046,-,C12orf72;C12orf72;C12orf72,GRCh37,cg02342494
48,12,133706422,+,ZNF10,GRCh37,cg23881971
48,15,66797614,-,ZWILCH;ZWILCH;RPL4;ZWILCH,GRCh37,cg18864581
48,16,68344902,-,SLC7A6OS;PRMT7,GRCh37,cg21918026
48,12,104458784,+,HCFC2,GRCh37,cg18759110
48,1,78470640,+,DNAJB4;DNAJB4,GRCh37,cg21968580
48,15,77223719,-,RCN2,GRCh37,cg20372689
48,2,179342982,+,MIR548N;FKBP7;FKBP7,GRCh37,cg22050893
48,11,35160892,-,CD44;CD44;CD44;CD44;CD44,GRCh37,cg18652941
48,17,46124821,+,NFE2L1,GRCh37,cg06740897
48,15,40697714,-,IVD;IVD;IVD;IVD,GRCh37,cg06731484
48,11,46958372,-,C11orf49;C11orf49;C11orf49;C11orf49,GRCh37,cg21892409
48,6,12290779,-,EDN1;EDN1;EDN1;EDN1,GRCh37,cg20376899
48,7,6099044,+,EIF2AK1;EIF2AK1,GRCh37,cg06666486
48,15,77713084,-,HMG20A,GRCh37,cg22211866
48,5,74063690,-,GFM2;NSA2;GFM2;GFM2,GRCh37,cg18489719
48,5,32585526,-,SUB1,GRCh37,cg01236137
48,4,103266345,+,SLC39A8;SLC39A8;SLC39A8;SLC39A8;SLC39A8,GRCh37,cg18277508
48,3,98451002,+,ST3GAL6,GRCh37,cg18182358
48,6,52926842,+,ICK;ICK,GRCh37,cg06616147
48,13,31192508,-,USPL1,GRCh37,cg18127732
48,13,111568383,+,ANKRD10,GRCh37,cg06540715
48,2,24582688,+,ITSN2;ITSN2;ITSN2,GRCh37,cg06675496
48,10,65028929,+,JMJD1C;JMJD1C;JMJD1C,GRCh37,cg22492966
48,2,216946845,+,TMEM169;TMEM169;TMEM169;PECR;TMEM169,GRCh37,cg21803680
48,3,69063328,-,C3orf64,GRCh37,cg21785536
48,11,118123099,+,MPZL3,GRCh37,cg20175449
48,3,55520834,-,WNT5A,GRCh37,cg00828602
48,1,151030981,+,CDC42SE1;CDC42SE1;MLLT11,GRCh37,cg07139440
48,22.0,29665413,+,EWSR1;EWSR1;EWSR1;EWSR1;RHBDD3;EWSR1,GRCh37,cg07886712
48,16,19535092,-,CP110,GRCh37,cg20047230
48,8,9412923,+,TNKS,GRCh37,cg07962051
48,1,52499579,+,TXNDC12;KTI12,GRCh37,cg19894943
48,1,84944867,-,RPF1,GRCh37,cg00810495
48,15,64995138,-,OAZ2,GRCh37,cg19797659
48,11,16760365,-,C11orf58;C11orf58;C11orf58,GRCh37,cg08466074
48,8,25314954,+,KCTD9,GRCh37,cg08110559
48,3,61236547,+,FHIT;FHIT,GRCh37,cg19574488
48,19,41859159,-,TGFB1;TGFB1,GRCh37,cg01107031
48,5,143549786,-,YIPF5;KCTD16;YIPF5,GRCh37,cg08367838
48,5,178286735,-,ZNF354B,GRCh37,cg21678388
48,3,42641690,+,NKTR,GRCh37,cg06953304
48,16,89556376,+,ANKRD11,GRCh37,cg08392591
48,16,72042925,-,DHODH,GRCh37,cg07817698
48,3,48722908,-,NCKIPSD;NCKIPSD,GRCh37,cg20370277
48,2,151344332,+,RND3,GRCh37,cg08463061
48,6,152129400,+,ESR1;ESR1;ESR1;ESR1,GRCh37,cg20253551
48,15,85144807,-,ZSCAN2;ZSCAN2;ZSCAN2,GRCh37,cg21380294
48,4,124317779,+,SPRY1,GRCh37,cg00669856
48,10,95462173,-,C10orf4;C10orf4,GRCh37,cg09068993
48,6,47445121,-,CD2AP,GRCh37,cg17021265
48,11,82611211,-,PRCP;PRCP,GRCh37,cg09772827
48,6,31782873,-,HSPA1A;HSPA1L,GRCh37,cg05920090
48,2,70141289,+,MXD1,GRCh37,cg23560113
48,1,156022875,+,UBQLN4,GRCh37,cg16907075
48,1,28995195,-,GMEB1;GMEB1,GRCh37,cg16817034
48,1,153643582,+,ILF2,GRCh37,cg09929564
48,15,34501719,-,C15orf29,GRCh37,cg05855071
48,1,1446840,-,ATAD3A;ATAD3A;ATAD3A,GRCh37,cg09932694
48,22.0,31891804,-,SFI1;SFI1,GRCh37,cg02404636
48,16,21170428,+,DNAH3;TMEM159,GRCh37,cg09935540
48,17,63558047,-,AXIN2,GRCh37,cg02957086
48,9,33263879,+,SUGT1P1;BAG1;CHMP5,GRCh37,cg23689916
48,14,35344667,+,BAZ1A;BAZ1A;BAZ1A;BAZ1A,GRCh37,cg07414384
48,19,44555960,-,ZNF223,GRCh37,cg16534499
48,4,109541525,-,LOC285456;RPL34;RPL34,GRCh37,cg16525761
48,15,34517320,-,TMEM85,GRCh37,cg05718625
48,1,155904439,-,KIAA0907,GRCh37,cg00503458
48,12,56862146,+,SPRYD4,GRCh37,cg16523471
48,14,66974051,-,GPHN;GPHN,GRCh37,cg01428678
48,15,52030164,+,LYSMD2;LYSMD2;LYSMD2,GRCh37,cg16695354
48,1,247242273,-,ZNF670,GRCh37,cg00666446
48,15,48623100,+,DUT;DUT;DUT,GRCh37,cg17037924
48,18,657227,+,C18orf56;TYMS,GRCh37,cg23384185
48,3,49448445,-,RHOA;TCTA,GRCh37,cg18094221
48,3,20081161,+,KAT2B,GRCh37,cg18053505
48,21,19190629,-,C21orf91;C21orf91;C21orf91,GRCh37,cg01284306
48,19,10676186,-,KRI1,GRCh37,cg06392426
48,19,1408416,-,DAZAP1;DAZAP1,GRCh37,cg17765461
48,9,32526578,-,DDX58,GRCh37,cg06337239
48,11,119600595,-,PVRL1;PVRL1;PVRL1,GRCh37,cg23009046
48,13,96328888,+,DNAJC3,GRCh37,cg06255524
48,17,27181818,+,ERAL1,GRCh37,cg06248182
48,13,48878466,-,RB1,GRCh37,cg17055959
48,1,100436032,-,SLC35A3,GRCh37,cg09338170
48,22.0,32026779,+,PISD,GRCh37,cg17599586
48,7,105753147,+,SYPL1;SYPL1,GRCh37,cg09382850
48,19,19303389,-,LOC729991;LOC729991;LOC729991-MEF2B;LOC729991-MEF2B;LOC729991;RFXANK;LOC729991;LOC729991-MEF2B;LOC729991-MEF2B;RFXANK,GRCh37,cg09421020
48,14,68286418,-,RAD51L1;RAD51L1;RAD51L1,GRCh37,cg09424925
48,6,20534671,-,CDKAL1,GRCh37,cg00586909
48,11,123986166,-,VWA5A;VWA5A;VWA5A;VWA5A;VWA5A;VWA5A,GRCh37,cg21295467
48,19,41903010,-,BCKDHA;BCKDHA;EXOSC5,GRCh37,cg23325932
48,3,49314370,+,C3orf62;C3orf62,GRCh37,cg07758574
48,15,76135159,-,UBE2Q2;UBE2Q2,GRCh37,cg09667582
48,6,117002773,-,KPNA5,GRCh37,cg06233473
48,1,93646783,+,TMED5;TMED5;TMED5;CCDC18,GRCh37,cg09955730
48,17,17585338,-,RAI1,GRCh37,cg03305230
48,15,41166632,+,RHOV,GRCh37,cg26491425
48,16,31084486,-,ZNF646;ZNF668,GRCh37,cg26350691
48,1,241694934,-,KMO,GRCh37,cg27277403
48,6,86354018,-,SYNCRIP;SYNCRIP;SYNCRIP;SYNCRIP,GRCh37,cg04026012
48,13,45915937,-,LOC100190939;TPT1,GRCh37,cg27489994
48,9,86594214,+,HNRNPK;HNRNPK;RMI1;HNRNPK,GRCh37,cg27305895
48,7,102988186,-,PSMC2,GRCh37,cg27109647
48,6,26537980,+,HMGN4,GRCh37,cg27464755
48,5,159848780,-,PTTG1,GRCh37,cg27185377
48,8,42752981,-,HOOK3;RNF170;RNF170;RNF170;RNF170;RNF170;RNF170,GRCh37,cg27043582
48,12,75905372,+,KRR1,GRCh37,cg03389111
48,1,161736013,-,ATF6,GRCh37,cg26591879
48,18,48556216,-,SMAD4,GRCh37,cg26909431
48,16,56486263,-,OGFOD1;NUDT21,GRCh37,cg03619472
48,11,82611204,-,PRCP;PRCP,GRCh37,cg27561006
49,2,110873741,+,MALL;MALL,GRCh37,cg09113530
49,15,63889093,-,FBXL22,GRCh37,cg01767116
49,5,134209784,-,TXNDC15;TXNDC15,GRCh37,cg22197830
49,11,74178761,+,KCNE3,GRCh37,cg02595219
49,16,1583810,-,IFT140;TMEM204,GRCh37,cg11375102
49,17,28705245,+,CPD,GRCh37,cg07156669
49,22.0,31318444,-,C22orf27,GRCh37,cg17940740
49,16,1582581,+,IFT140,GRCh37,cg17706173
49,19,35772917,+,HAMP,GRCh37,cg02131995
49,16,27899239,-,GSG1L;GSG1L,GRCh37,cg02805028
49,14,21494161,-,NDRG2;NDRG2;NDRG2;NDRG2;NDRG2;NDRG2;NDRG2;NDRG2,GRCh37,cg18081258
49,6,153452954,-,RGS17,GRCh37,cg23651356
49,15,75105144,+,LMAN1L,GRCh37,cg24447890
49,1,156217801,-,PAQR6;PAQR6;PAQR6,GRCh37,cg06882877
49,5,170845610,-,FGF18,GRCh37,cg15699524
49,4,8200549,+,SH3TC1,GRCh37,cg02635407
50,16,31366536,+,ITGAX;ITGAX,GRCh37,cg26233914
50,17,39781997,+,KRT17,GRCh37,cg27236973
50,19,4229887,-,EBI3,GRCh37,cg16592658
50,20,62184363,+,C20orf195,GRCh37,cg06661994
50,17,39472498,+,KRTAP17-1,GRCh37,cg26499286
50,11,118175384,-,CD3E;CD3E,GRCh37,cg08956138
50,1,156786643,+,NTRK1;SH2D2A;SH2D2A;SH2D2A;SH2D2A;SH2D2A,GRCh37,cg12499211
50,20,43977473,-,SDC4,GRCh37,cg10876928
50,19,15751949,+,CYP4F3,GRCh37,cg27067618
50,12,49688316,-,PRPH,GRCh37,cg24059075
50,15,71147307,-,LARP6;LARP6,GRCh37,cg03578041
50,5,156536107,-,HAVCR2;HAVCR2,GRCh37,cg17484237
51,16,31539234,+,AHSP;AHSP,GRCh37,cg02989940
51,6,32374754,-,BTNL2,GRCh37,cg25391023
51,17,32612675,-,CCL11,GRCh37,cg24870391
51,1,152486950,+,CRCT1,GRCh37,cg11750883
51,11,5009311,+,MMP26,GRCh37,cg12493906
52,4,4864430,+,MSX1,GRCh37,cg24840099
52,1,207070834,+,IL24;IL24;IL24;IL24,GRCh37,cg06796611
52,1,92414722,-,BRDT,GRCh37,cg14732540
52,6,31540456,-,LTA;LTA,GRCh37,cg17709873
52,19,10213271,+,ANGPTL6;ANGPTL6,GRCh37,cg07543883
52,14,100532036,-,EVL,GRCh37,cg17813891
52,16,29757323,-,C16orf54;C16orf54,GRCh37,cg23093496
52,1,117544416,+,CD101;CD101,GRCh37,cg23953831
52,11,111250431,+,POU2AF1,GRCh37,cg10694914
52,18,44181660,+,LOXHD1,GRCh37,cg17903316
52,12,9822287,+,CLEC2D;CLEC2D,GRCh37,cg12810837
52,6,133561660,+,EYA4;EYA4;EYA4,GRCh37,cg21296676
52,2,158300475,+,CYTIP,GRCh37,cg12177677
52,12,6553489,-,CD27;LOC678655,GRCh37,cg06495803
53,15,79382767,-,RASGRF1;RASGRF1,GRCh37,cg16154416
53,7,45961102,+,IGFBP3;IGFBP3,GRCh37,cg04796162
53,2,176971961,-,HOXD11,GRCh37,cg08806153
53,5,32712237,-,NPR3,GRCh37,cg05839235
53,2,31805915,+,SRD5A2,GRCh37,cg19502744
54,6,35109121,-,TCP11;TCP11;TCP11;TCP11,GRCh37,cg22407458
54,7,98245830,-,NPTX2,GRCh37,cg00548268
54,11,32452608,+,WT1;WT1;WT1;WT1,GRCh37,cg13641903
54,17,6658898,+,XAF1;XAF1,GRCh37,cg23571857
54,1,19600730,+,AKR7L;AKR7L,GRCh37,cg11376198
54,20,23016315,-,SSTR4,GRCh37,cg10019507
54,12,6664872,+,IFFO1;IFFO1,GRCh37,cg00363813
54,12,6882083,-,LAG3,GRCh37,cg01820374
54,3,129693613,+,TRH;TRH,GRCh37,cg01009664
54,14,65008050,+,HSPA2,GRCh37,cg27120999
54,1,47695475,+,TAL1,GRCh37,cg19797376
54,7,150038598,-,RARRES2,GRCh37,cg17279839
54,19,35630106,+,FXYD1;FXYD1,GRCh37,cg27461196
54,14,101292680,+,MEG3;MEG3;MEG3,GRCh37,cg05711886
54,5,78407683,+,BHMT;BHMT,GRCh37,cg10660256
54,2,27301490,+,EMILIN1;EMILIN1,GRCh37,cg15895197
54,5,180231026,-,MGAT1;MGAT1;MGAT1;MGAT1;MGAT1,GRCh37,cg21898046
54,7,130131258,+,MEST;MEST;MEST;MESTIT1;MEST,GRCh37,cg13917504
54,17,7311620,-,NLGN2,GRCh37,cg15660077
54,15,32934185,+,SCG5;SCG5,GRCh37,cg15787039
55,6,78172950,+,HTR1B,GRCh37,cg25763788
56,13,78492568,-,EDNRB;EDNRB;EDNRB,GRCh37,cg03086857
57,12,55029147,-,LACRT,GRCh37,cg07643942
57,19,6135510,+,ACSBG2,GRCh37,cg08256781
57,14,77292625,+,C14orf166B,GRCh37,cg24887211
57,6,167571803,+,GPR31,GRCh37,cg12588299
57,12,105322376,-,SLC41A2;SLC41A2,GRCh37,cg27149093
57,11,2542688,-,KCNQ1;KCNQ1,GRCh37,cg17229197
57,1,17531433,-,PADI1,GRCh37,cg22193702
57,19,3802558,+,MATK,GRCh37,cg13833831
57,5,32788467,+,C5orf23,GRCh37,cg24363955
57,1,85331899,-,LPAR3,GRCh37,cg06501070
57,11,118083239,+,AMICA1;AMICA1,GRCh37,cg23818978
57,5,149546471,-,CDX1,GRCh37,cg15452204
57,6,44234511,+,NFKBIE,GRCh37,cg19109431
57,8,41505042,+,NKX6-3,GRCh37,cg14958018
57,21,42733433,+,MX2,GRCh37,cg04828792
57,14,104436057,-,TDRD9,GRCh37,cg08933517
57,10,72545424,+,C10orf27,GRCh37,cg01560871
57,9,133885058,-,LAMC3,GRCh37,cg26491484
57,20,17680945,+,BANF2;BANF2;BANF2,GRCh37,cg03387497
57,14,94423704,+,ASB2;ASB2,GRCh37,cg19949550
57,11,2593857,+,KCNQ1;KCNQ1,GRCh37,cg08007665
57,5,150683530,-,SLC36A3;SLC36A3,GRCh37,cg01678321
57,10,77542488,+,C10orf11,GRCh37,cg25414165
57,10,96954252,-,C10orf129,GRCh37,cg12647587
57,19,42193084,-,CEACAM7,GRCh37,cg07297178
57,2,113736044,-,IL1F9,GRCh37,cg26759925
57,7,30791294,+,INMT,GRCh37,cg18589624
57,6,24489770,+,GPLD1;GPLD1;GPLD1;GPLD1,GRCh37,cg12624523
57,6,33770850,-,MLN;MLN,GRCh37,cg08332212
57,6,112374151,+,WISP3;WISP3,GRCh37,cg20985014
58,11,6461908,+,HPX,GRCh37,cg15741583
59,11,15095068,-,CALCB,GRCh37,cg08896945
60,17,47571986,+,NGFR,GRCh37,cg17129388
60,10,88716646,-,MMRN2,GRCh37,cg19368582
60,2,74780172,+,LOXL3,GRCh37,cg15989091
60,16,3031707,-,PKMYT1;PKMYT1,GRCh37,cg02510853
61,1,183622007,-,APOBEC4;RGL1,GRCh37,cg20579480
62,20,57876201,+,EDN3;EDN3;EDN3;EDN3,GRCh37,cg21163415
63,1,27240514,+,NR0B2;NR0B2,GRCh37,cg16762386
64,1,1216441,+,SCNN1D;SCNN1D,GRCh37,cg13587552
64,9,115653543,+,SLC46A2,GRCh37,cg10726357
64,22.0,24828655,-,C22orf45;ADORA2A,GRCh37,cg21949305
64,1,204121925,-,ETNK2,GRCh37,cg01566404
64,4,74864725,-,CXCL5,GRCh37,cg04559909
64,20,23433349,-,CST11;CST11,GRCh37,cg06489008
64,9,133769695,+,QRFP,GRCh37,cg03900284
64,8,145702343,-,FOXH1,GRCh37,cg05113558
64,6,118973597,+,C6orf204;C6orf204,GRCh37,cg05564266
64,3,14165186,+,TMEM43;CHCHD4;CHCHD4,GRCh37,cg14375111
64,14,51339216,+,ABHD12B;ABHD12B,GRCh37,cg13335112
64,10,62761819,-,RHOBTB1;RHOBTB1,GRCh37,cg13320683
64,2,233352951,-,ECEL1,GRCh37,cg02932167
64,16,82068980,+,HSD17B2;HSD17B2,GRCh37,cg19807685
64,11,113929164,-,ZBTB16,GRCh37,cg25101936
64,10,43763042,+,RASGEF1A,GRCh37,cg07871503
64,2,46523461,-,EPAS1,GRCh37,cg17518825
64,1,86174642,-,ZNHIT6;ZNHIT6,GRCh37,cg27462398
64,17,79304628,+,TMEM105,GRCh37,cg21591452
64,19,698371,-,,GRCh37,cg07073964
64,12,52580428,+,KRT80;KRT80,GRCh37,cg11051139
64,7,1022675,+,CYP2W1,GRCh37,cg15914863
64,11,71900652,-,FOLR1;FOLR1;FOLR1;FOLR1;FOLR1,GRCh37,cg03699566
64,1,41130641,+,RIMS3,GRCh37,cg00594952
64,19,47354630,-,AP2S1;AP2S1,GRCh37,cg23131950
64,14,101036470,+,BEGAIN,GRCh37,cg05730092
64,8,143868013,-,LY6D,GRCh37,cg07572435
64,14,95942049,+,C14orf49,GRCh37,cg16522484
64,17,79095700,-,AATK,GRCh37,cg13781408
64,11,66721779,+,PC;PC,GRCh37,cg16046376
64,11,68452845,+,GAL,GRCh37,cg04464446
64,2,102608192,+,IL1R2,GRCh37,cg17142183
64,19,18509358,+,LRRC25,GRCh37,cg10618882
64,6,112375333,+,WISP3;WISP3;WISP3,GRCh37,cg10525372
64,19,474445,+,ODF3L2,GRCh37,cg18493147
64,16,72088244,+,HP;HP,GRCh37,cg06172871
65,3,29323182,-,RBMS3;RBMS3;RBMS3,GRCh37,cg17237063
65,1,33283495,+,S100PBP;YARS;YARS;S100PBP,GRCh37,cg09755102
65,8,17103891,-,CNOT7;VPS37A;VPS37A;CNOT7,GRCh37,cg13243377
65,16,70558876,+,SF3B3;COG4,GRCh37,cg22995106
65,2,54015232,-,LOC100302652;ERLEC1;ASB3;ASB3;ERLEC1;ERLEC1,GRCh37,cg06382698
65,2,219524787,-,ZNF142;BCS1L;BCS1L,GRCh37,cg27170298
65,20,57466839,+,GNAS;GNAS;GNAS;GNAS;GNAS;GNAS;GNAS;GNAS,GRCh37,cg09598225
65,6,26458213,-,BTN2A1;BTN2A1;BTN2A1;BTN2A1,GRCh37,cg22814929
65,19,9732024,-,ZNF561,GRCh37,cg21869532
65,1,47070178,+,MKNK1;MKNK1;MKNK1;MKNK1;MKNK1,GRCh37,cg00128877
65,15,70389114,-,TLE3;TLE3;TLE3,GRCh37,cg08342270
65,3,47844666,+,DHX30;DHX30;DHX30;DHX30,GRCh37,cg19642148
65,4,15005910,+,CPEB2;CPEB2,GRCh37,cg05562327
65,9,139948856,-,ENTPD2;ENTPD2,GRCh37,cg25483003
65,7,94537893,+,PPP1R9A;PPP1R9A;PPP1R9A;PPP1R9A;PPP1R9A,GRCh37,cg09643313
65,5,179233589,-,SQSTM1;SQSTM1;MGAT4B;MGAT4B;SQSTM1,GRCh37,cg14446808
65,16,30774108,+,RNF40;C16orf93,GRCh37,cg13150441
65,6,26200174,-,HIST1H3D;HIST1H2BF;HIST1H2BF;HIST1H2AD,GRCh37,cg08307092
65,22.0,43253189,-,ARFGAP3;ARFGAP3;ARFGAP3;ARFGAP3,GRCh37,cg10648908
65,7,134832770,+,TMEM140;TMEM140,GRCh37,cg13120814
65,15,44092806,-,SERINC4;C15orf63,GRCh37,cg00480356
65,5,52285231,-,ITGA2;ITGA2,GRCh37,cg15676241
65,20,4130229,-,SMOX;SMOX;SMOX;SMOX,GRCh37,cg26232005
65,4,39461721,-,LIAS;RPL9;LIAS,GRCh37,cg07027075
65,6,44187076,+,SLC29A1;SLC29A1,GRCh37,cg10519140
65,21.0,45431669,+,TRAPPC10,GRCh37,cg24868525
65,17,37844289,+,PGAP3;PGAP3;ERBB2,GRCh37,cg10394385
65,11,64051753,-,GPR137;BAD;BAD;GPR137,GRCh37,cg07588779
65,7,16793334,-,TSPAN13,GRCh37,cg03214212
65,3,138048370,-,TXNDC6,GRCh37,cg24820508
65,1,200589553,-,KIF14;KIF14,GRCh37,cg23915111
65,14,75469330,+,EIF2B2,GRCh37,cg23911465
65,7,148892662,+,ZNF282;ZNF282,GRCh37,cg10162464
65,6,84569161,+,CYB5R4,GRCh37,cg23822915
65,20,39657506,-,TOP1;TOP1,GRCh37,cg16376234
65,1,44457319,-,CCDC24;CCDC24,GRCh37,cg20975478
65,6,159421281,+,RSPH3,GRCh37,cg21366535
65,6,146864752,-,RAB32,GRCh37,cg23833452
65,10,61665988,-,CCDC6,GRCh37,cg15984822
65,2,152955109,+,CACNB4;CACNB4;CACNB4,GRCh37,cg16111791
65,7,16685823,-,BZW2;BZW2;BZW2;ANKMY2;BZW2;BZW2,GRCh37,cg00884529
65,6,152129791,+,ESR1;ESR1;ESR1;ESR1,GRCh37,cg02720618
65,8,92261459,-,SLC26A7;SLC26A7,GRCh37,cg26596161
65,20,10414971,+,C20orf94;MKKS,GRCh37,cg16046951
65,20,62711519,-,RGS19;OPRL1;OPRL1;RGS19;OPRL1;OPRL1,GRCh37,cg24513045
65,2,61245136,+,PEX13;PUS10,GRCh37,cg11736869
65,16,58664510,-,CNOT1;CNOT1,GRCh37,cg23761196
65,16,2199120,+,RAB26,GRCh37,cg24930915
65,16,68279613,-,PLA2G15,GRCh37,cg21509097
65,8,101965659,+,YWHAZ;YWHAZ;YWHAZ,GRCh37,cg07981588
65,11,125772925,+,DDX25;PUS3,GRCh37,cg02659232
65,9,108456981,-,TMEM38B,GRCh37,cg10493739
65,1,28996131,+,GMEB1;GMEB1,GRCh37,cg09837361
65,16,20775352,+,ACSM3;ACSM3;ACSM3;ACSM3,GRCh37,cg21644826
65,4,36245632,-,ARAP2,GRCh37,cg20119015
65,17,47653646,-,NXPH3,GRCh37,cg20123891
65,15,42564634,-,TMEM87A;TMEM87A,GRCh37,cg23983173
65,9,139334488,+,INPP5E,GRCh37,cg13306784
65,2,242256053,+,SEPT2;HDLBP;SEPT2;SEPT2;SEPT2,GRCh37,cg14353516
65,6,26158391,+,HIST1H2BD;HIST1H2BD;HIST1H2BD;HIST1H2BD,GRCh37,cg26741595
65,5,10307634,-,CMBL,GRCh37,cg11882252
65,7,150020206,-,LRRC61;ACTR3C;LRRC61,GRCh37,cg07753583
65,1,157015118,-,ARHGEF11;ARHGEF11;ARHGEF11;ARHGEF11,GRCh37,cg25017304
65,1,161129448,-,USP21;USP21;USP21;USP21,GRCh37,cg26486702
65,5,179635731,-,RASGEF1C,GRCh37,cg04915182
65,10,124913897,-,BUB3;BUB3;BUB3;BUB3,GRCh37,cg23724447
65,16,67927632,-,PSKH1,GRCh37,cg10458876
65,3,172241216,-,TNFSF10;TNFSF10,GRCh37,cg16555388
65,11,615519,-,IRF7;IRF7;IRF7;IRF7,GRCh37,cg16541031
65,18,21033072,+,RIOK3;RIOK3,GRCh37,cg21515243
65,6,13487662,-,GFOD1;C6orf114;GFOD1,GRCh37,cg23640903
65,9,135854246,-,GFI1B;GFI1B,GRCh37,cg01909921
65,1,155826954,+,GON4L;GON4L;GON4L;GON4L,GRCh37,cg22367970
65,21.0,45432403,+,TRAPPC10,GRCh37,cg23513504
65,12,10022435,-,CLEC2B;CLEC2B,GRCh37,cg17475456
65,17,79817963,-,P4HB,GRCh37,cg17614750
65,5,137090407,+,HNRNPA0,GRCh37,cg12241297
65,10,131934431,+,GLRX3,GRCh37,cg17976829
65,4,967094,-,DGKQ,GRCh37,cg17592292
65,12,118810436,+,TAOK3,GRCh37,cg00545573
65,11,94277190,-,FUT4;FUT4,GRCh37,cg12631737
65,22.0,20256063,+,RTN4R,GRCh37,cg08557686
65,12,53846247,-,PCBP2;PCBP2;PCBP2;PCBP2;PCBP2;PCBP2;PCBP2,GRCh37,cg08959992
65,8,9911543,-,MSRA;MSRA,GRCh37,cg18452600
65,19,8455690,-,RAB11B,GRCh37,cg08667721
65,11,63304337,+,RARRES3;RARRES3,GRCh37,cg25599242
65,19,10305305,-,DNMT1;DNMT1,GRCh37,cg17445987
65,12,48744457,-,ZNF641,GRCh37,cg14577211
65,11,104839074,-,CASP4,GRCh37,cg08469834
65,2,33172442,-,LTBP1,GRCh37,cg11199399
65,16,1877264,-,HAGH;FAHD1;HAGH;FAHD1;FAHD1,GRCh37,cg25898500
65,1,151138249,-,LYSMD1;SCNM1;LYSMD1;LYSMD1,GRCh37,cg01281797
65,20,44462320,+,SNX21;SNX21;SNX21;SNX21,GRCh37,cg18285544
65,6,33679850,+,C6orf125,GRCh37,cg06253072
65,16,22012404,+,C16orf65;C16orf65,GRCh37,cg27015931
65,6,41890043,-,BYSL;MED20,GRCh37,cg09322949
65,1,224302174,+,FBXO28;FBXO28,GRCh37,cg26043391
65,9,139891008,-,CLIC3;CLIC3,GRCh37,cg02189785
65,2,176033148,-,ATF2;MIR933,GRCh37,cg12480658
65,1,44679275,-,DMAP1;DMAP1;DMAP1;DMAP1,GRCh37,cg23451311
65,9,128469764,+,MAPKAP1;MAPKAP1;MAPKAP1;MAPKAP1;MAPKAP1;MAPKAP1,GRCh37,cg09155852
65,2,26205706,-,KIF3C,GRCh37,cg00094851
65,11,118889578,+,TRAPPC4;RPS25,GRCh37,cg11054882
65,14,103524584,-,CDC42BPB,GRCh37,cg01333131
65,20,62339100,+,ARFRP1;ZGPAT;ZGPAT;ZGPAT;ARFRP1,GRCh37,cg00177013
65,16,68678998,+,CDH3;CDH3,GRCh37,cg17733331
65,9,86571585,-,C9orf64;C9orf64,GRCh37,cg12927772
65,19,42806870,+,PAFAH1B3;PAFAH1B3;PAFAH1B3;PRR19;PAFAH1B3;PAFAH1B3,GRCh37,cg18760752
65,1,109618856,+,TAF13,GRCh37,cg19221369
65,2,24346867,-,LOC375190;PFN4,GRCh37,cg04461705
65,1,43232628,-,LEPRE1;LEPRE1;C1orf50,GRCh37,cg19044674
66,7,94285960,+,SGCE;PEG10;SGCE;PEG10;SGCE,GRCh37,cg08291000
66,7,94286955,+,SGCE;PEG10;SGCE;PEG10;SGCE,GRCh37,cg18139769
66,7,94286953,+,SGCE;PEG10;SGCE;PEG10;SGCE,GRCh37,cg03682823
66,7,94286936,-,SGCE;PEG10;SGCE;PEG10;SGCE,GRCh37,cg01169624
66,7,94286208,-,SGCE;PEG10;SGCE;PEG10;SGCE,GRCh37,cg16492735
66,7,94286526,+,SGCE;PEG10;SGCE;PEG10;SGCE,GRCh37,cg06695761
67,3,72496875,+,RYBP,GRCh37,cg16990174
67,17,52978583,+,TOM1L1,GRCh37,cg27210390
67,20,61002595,+,C20orf151,GRCh37,cg02537838
67,11,57089366,-,TNKS1BP1,GRCh37,cg24855780
67,19,7293341,+,INSR;INSR,GRCh37,cg10670077
67,19,10736038,-,SLC44A2;SLC44A2,GRCh37,cg17826679
67,20,62669102,-,NCRNA00176;NCRNA00176,GRCh37,cg22940152
67,22.0,31518860,-,INPP5J,GRCh37,cg27324619
67,1,161059327,+,PVRL4;PVRL4,GRCh37,cg22585988
67,19,58977904,+,ZNF324,GRCh37,cg27401095
68,17,3379567,+,ASPA;ASPA,GRCh37,cg02228185
69,15,78632859,-,CRABP1,GRCh37,cg23337754
69,15,78632861,-,CRABP1,GRCh37,cg17133183
70,20,590243,-,TCF15,GRCh37,cg22449114
71,18,70534534,+,NETO1;NETO1,GRCh37,cg26186727
72,9,34457440,+,C9orf25;DNAI1,GRCh37,cg08578641
72,22.0,37414747,+,MPST;MPST;TST;MPST;MPST,GRCh37,cg08727202
72,4,6912474,+,TBC1D14;TBC1D14,GRCh37,cg12958778
72,3,57743543,+,SLMAP,GRCh37,cg00002426
73,20,23548991,-,CST9L,GRCh37,cg15210427
73,5,148442694,+,SH3TC2;SH3TC2,GRCh37,cg01965939
74,19,56249291,-,NLRP9,GRCh37,cg08475088
75,21,31859610,+,KRTAP19-2,GRCh37,cg09828634
76,11,33758413,+,CD59;CD59;CD59;CD59,GRCh37,cg24453664
76,4,38869779,+,FAM114A1,GRCh37,cg20484352
76,1,153363580,+,S100A8,GRCh37,cg24898863
76,1,212207851,-,INTS7;DTL,GRCh37,cg03938043
76,19,2329403,+,SPPL2B;SPPL2B;LSM7,GRCh37,cg05163057
76,7,16844852,+,AGR2,GRCh37,cg24426405
76,8,146053666,+,ZNF7,GRCh37,cg20845050
76,19,37329859,+,ZNF790,GRCh37,cg04803153
76,1,212207806,-,INTS7;DTL,GRCh37,cg02451670
76,9,138987818,+,NACC2,GRCh37,cg22747092
76,1,59043199,+,TACSTD2,GRCh37,cg16080552
76,16,3162397,-,ZNF205;ZNF205;MGC3771;MGC3771,GRCh37,cg13928306
76,22.0,38714416,-,CSNK1E;CSNK1E,GRCh37,cg01441777
76,16,21171084,+,TMEM159;DNAH3,GRCh37,cg25957124
76,15,50474129,-,SLC27A2;SLC27A2,GRCh37,cg25417405
76,13,111522865,+,C13orf29,GRCh37,cg22131172
76,3,9791051,+,OGG1;OGG1;OGG1;OGG1;OGG1;OGG1;OGG1;OGG1,GRCh37,cg25415932
76,11,71158925,+,DHCR7;DHCR7,GRCh37,cg10763288
76,1,42384310,+,HIVEP3;HIVEP3;HIVEP3;HIVEP3,GRCh37,cg23762517
76,22.0,19841374,+,GNB1L;C22orf29,GRCh37,cg26646411
76,2,74668672,-,RTKN;RTKN;RTKN,GRCh37,cg00689340
76,10,89621419,+,KILLIN;KILLIN,GRCh37,cg21480743
76,7,99277394,+,CYP3A5,GRCh37,cg14260643
76,1,203444945,+,PRELP;PRELP;PRELP;PRELP,GRCh37,cg07947930
76,3,73674170,+,PDZRN3,GRCh37,cg14473924
76,1,109941060,+,SORT1,GRCh37,cg02175308
76,8,95653874,-,ESRP1;ESRP1;ESRP1;ESRP1;ESRP1,GRCh37,cg18565355
77,10,71029879,-,HK1;HK1;HK1,GRCh37,cg06323290
78,17,40833697,+,CCR10;CNTNAP1,GRCh37,cg09509673
78,13,113812524,-,PROZ,GRCh37,cg09878269
78,6,11045370,-,ELOVL2,GRCh37,cg25151806
78,16,102121,-,POLR3K,GRCh37,cg14820573
78,19,45737483,-,EXOC3L2,GRCh37,cg14184817
78,16,25228569,-,AQP8,GRCh37,cg05186188
78,11,118902213,+,SLC37A4;SLC37A4;SLC37A4;SLC37A4,GRCh37,cg17791936
78,19,11348439,-,LOC55908;DOCK6,GRCh37,cg00881370
78,3,52487733,+,TNNC1,GRCh37,cg26738080
78,20,23472484,+,CST8,GRCh37,cg23033024
78,1,150693100,-,HORMAD1,GRCh37,cg20767356
78,7,139763773,+,PARP12,GRCh37,cg24435704
78,11,111956362,-,TIMM8B;SDHD;TIMM8B,GRCh37,cg14839898
78,11,46637717,+,KIAA0652;KIAA0652;HARBI1;KIAA0652;KIAA0652;KIAA0652,GRCh37,cg11178136
78,10,75402320,+,MYOZ1,GRCh37,cg18180783
78,1,3579978,-,TP73,GRCh37,cg21906716
78,18,56529784,+,ZNF532,GRCh37,cg17675150
78,6,160221433,-,PNLDC1,GRCh37,cg24100167
78,19,55720737,+,PTPRH;PTPRH,GRCh37,cg11261264
78,9,77644250,-,C9orf41,GRCh37,cg18168989
78,3,138823086,-,BPESC1,GRCh37,cg20630151
78,2,197665024,-,GTF3C3,GRCh37,cg19160878
78,7,75914998,+,SRRM3,GRCh37,cg18705067
78,19,49402424,+,TULP2,GRCh37,cg00062776
78,1,155881846,+,RIT1,GRCh37,cg08256691
78,6,31801701,+,C6orf48;SNORD48;C6orf48,GRCh37,cg17384214
78,11,102713490,-,MMP3,GRCh37,cg18113270
78,7,143599982,-,FAM115A,GRCh37,cg16722118
78,1,12078821,-,MIIP,GRCh37,cg15770654
78,16,229983,-,HBQ1,GRCh37,cg17714030
78,6,36515856,+,STK38,GRCh37,cg23670203
78,16,72041376,-,DHODH,GRCh37,cg22381196
78,6,163149674,-,PACRG;PACRG;PACRG;PARK2;PARK2;PARK2,GRCh37,cg24816866
78,18,33078719,-,INO80C;INO80C,GRCh37,cg27318281
78,17,26127542,-,NOS2;NOS2,GRCh37,cg07150830
78,20,57457492,-,GNAS;GNAS;GNAS,GRCh37,cg01565918
78,17,40273815,-,KAT2A;HSPB9,GRCh37,cg04278905
78,2,217724363,-,TNP1,GRCh37,cg10376763
78,19,47158242,+,DACT3,GRCh37,cg06454084
79,15,29213860,+,APBA2;APBA2;APBA2;APBA2,GRCh37,cg21917349
80,9,136224666,+,SURF1;SURF2,GRCh37,cg01309153
80,19,12779366,-,MORG1;MORG1;C19orf56;MORG1,GRCh37,cg00033773
80,19,12779373,+,MORG1;MORG1;C19orf56;MORG1,GRCh37,cg13086467
81,19,52228048,-,HAS1,GRCh37,cg14141399
82,2,79347699,+,REG1A,GRCh37,cg05828624
82,2,79383891,-,,GRCh37,cg16158220
83,7,24323559,-,NPY,GRCh37,cg05158615
84,22.0,50690380,+,HDAC10;HDAC10,GRCh37,cg04586023
85,11,14993378,-,CALCA;CALCA;CALCA,GRCh37,cg09188980
85,11,14994045,-,CALCA;CALCA;CALCA,GRCh37,cg26833169
86,5,524269,+,SLC9A3,GRCh37,cg02748539
87,7,120964168,+,WNT16,GRCh37,cg04106190
88,10,21463858,+,NEBL,GRCh37,cg24625388
88,7,130126871,+,MEST,GRCh37,cg15164103
88,17,79269886,-,SLC38A10;SLC38A10,GRCh37,cg06850526
88,3,42201374,-,TRAK1;TRAK1,GRCh37,cg08804892
88,6,32709511,+,HLA-DQA2,GRCh37,cg22282941
88,19,54677232,-,MBOAT7;MBOAT7;TMC4;MBOAT7;TMC4,GRCh37,cg25736482
88,18,60988465,-,,GRCh37,cg24408313
88,17,79269884,-,SLC38A10;SLC38A10,GRCh37,cg00466249
88,6,79944654,-,HMGN3;HMGN3,GRCh37,cg13176979
88,12,48100805,+,RPAP3;RPAP3;RPAP3,GRCh37,cg18216249
88,22.0,29197846,+,XBP1;XBP1,GRCh37,cg18940763
88,16,764794,+,METRN,GRCh37,cg11027330
88,19,4338769,-,STAP2;STAP2;STAP2;STAP2,GRCh37,cg05517572
88,4,57547699,-,HOPX;HOPX;HOPX;HOPX;HOPX;HOPX,GRCh37,cg06771126
88,3,149191624,-,TM4SF4,GRCh37,cg04121771
89,5,153857789,+,HAND1;HAND1,GRCh37,cg19721889
90,1,12227700,+,TNFRSF1B,GRCh37,cg26189983
91,2,198650752,+,BOLL;BOLL;BOLL,GRCh37,cg10124201
91,11,47601881,-,KBTBD4;KBTBD4;NDUFS3;KBTBD4,GRCh37,cg11341028
91,14,101293726,+,MEG3;MEG3;MEG3,GRCh37,cg15101633
91,19,57351213,-,MIMT1;PEG3;PEG3;ZIM2;PEG3;PEG3;ZIM2;ZIM2,GRCh37,cg20897667
91,19,57349815,+,PEG3;PEG3;ZIM2;PEG3;PEG3;ZIM2;ZIM2,GRCh37,cg19771589
91,21,10990890,-,TPTE;TPTE;TPTE;TPTE;TPTE;TPTE,GRCh37,cg08538752
92,22.0,37607676,+,SSTR3,GRCh37,cg14297029
92,1,20616975,+,VWA5B1,GRCh37,cg00433406
92,19,35981224,+,KRTDAP,GRCh37,cg05241571
92,11,61522498,-,C11orf9;DKFZP434K028;C11orf9,GRCh37,cg22627427
92,1,20617456,-,VWA5B1;VWA5B1,GRCh37,cg04637372
93,15,25972400,+,ATP10A,GRCh37,cg20119871
93,15,25972328,+,ATP10A,GRCh37,cg12582965
93,15,26026347,-,ATP10A,GRCh37,cg17260954
93,15,25972474,-,ATP10A,GRCh37,cg19930802
93,15,26109204,-,ATP10A,GRCh37,cg08828036
93,15,26026152,-,ATP10A,GRCh37,cg14001035
94,9,130541237,-,SH2D3C,GRCh37,cg26920757
95,4,57687546,+,SPINK2,GRCh37,cg22681784
96,1,154293482,+,AQP10,GRCh37,cg20713492
96,15,83951732,-,BNC1,GRCh37,cg15736165
96,19,15852574,-,OR10H3,GRCh37,cg25843439
97,4,4861183,-,MSX1,GRCh37,cg15696627
97,1,159141860,-,CADM3;CADM3,GRCh37,cg10544564
97,16,68481968,-,SMPD3,GRCh37,cg22116290
97,15,89347176,-,ACAN;ACAN,GRCh37,cg18230771
97,5,161494810,-,GABRG2;GABRG2;GABRG2;GABRG2;GABRG2;GABRG2,GRCh37,cg18219951
97,19,51871466,-,CLDND2,GRCh37,cg05562817
97,19,44556485,-,ZNF223,GRCh37,cg06890553
97,10,56560945,-,PCDH15;PCDH15;PCDH15;PCDH15;PCDH15;PCDH15;PCDH15;PCDH15;PCDH15;PCDH15;PCDH15;PCDH15;PCDH15;PCDH15;PCDH15;PCDH15;PCDH15;PCDH15;PCDH15;PCDH15;PCDH15;PCDH15;PCDH15;PCDH15,GRCh37,cg03808835
97,11,106890084,+,GUCY1A2,GRCh37,cg21958798
97,20,61148587,-,C20orf166;C20orf200,GRCh37,cg27447740
97,8,11059277,-,XKR6,GRCh37,cg11434468
97,9,137533141,-,COL5A1,GRCh37,cg01753595
97,19,48216450,-,EHD2,GRCh37,cg12603043
97,19,40503358,+,ZNF546,GRCh37,cg14213992
97,18,56940755,+,RAX,GRCh37,cg08724563
97,10,1779730,+,ADARB2,GRCh37,cg14590817
97,5,135364552,-,TGFBI,GRCh37,cg21034676
97,19,12267464,-,ZNF625;ZNF625,GRCh37,cg17892556
97,7,38670985,-,AMPH;AMPH;AMPH;AMPH,GRCh37,cg10293925
97,11,22359868,-,SLC17A6;SLC17A6,GRCh37,cg06185738
97,10,52833610,-,PRKG1;PRKG1,GRCh37,cg23828595
97,7,158380179,+,PTPRN2;PTPRN2;PTPRN2,GRCh37,cg05119831
97,20,62185074,-,C20orf195,GRCh37,cg05004940
97,4,5052393,-,STK32B,GRCh37,cg10182321
97,1,212874085,-,BATF3,GRCh37,cg06150468
97,1,211306986,+,KCNH1;KCNH1,GRCh37,cg22197787
97,16,80575018,+,DYNLRB2,GRCh37,cg00720137
97,6,87647399,+,HTR1E;HTR1E,GRCh37,cg04278702
97,6,11044106,-,ELOVL2,GRCh37,cg13562911
97,4,5052795,+,STK32B,GRCh37,cg11768886
97,22.0,44208535,-,EFCAB6;EFCAB6,GRCh37,cg15819171
97,17,3867014,-,ATP2A3;ATP2A3;ATP2A3;ATP2A3;ATP2A3;ATP2A3;ATP2A3,GRCh37,cg15443822
97,4,4861683,-,MSX1,GRCh37,cg15755084
97,16,68482637,-,SMPD3,GRCh37,cg15201635
97,22.0,33198055,+,SYN3;TIMP3;SYN3;SYN3,GRCh37,cg05288803
97,12,107712210,-,BTBD11;BTBD11,GRCh37,cg08612037
97,7,45197318,+,RAMP3,GRCh37,cg16336120
97,4,4861820,-,MSX1,GRCh37,cg11930592
97,20,41818356,-,PTPRT;PTPRT,GRCh37,cg13168820
97,10,79397346,-,KCNMA1;KCNMA1;KCNMA1;KCNMA1,GRCh37,cg04688368
97,6,4135575,+,PECI;PECI;PECI;PECI,GRCh37,cg09439093
97,11,2165827,+,IGF2AS;INS-IGF2;IGF2;IGF2AS,GRCh37,cg16817891
97,5,174151334,-,MSX2,GRCh37,cg26796283
97,12,2161371,+,CACNA1C;CACNA1C;CACNA1C;CACNA1C;CACNA1C;CACNA1C;CACNA1C;CACNA1C;CACNA1C;CACNA1C;CACNA1C;CACNA1C;CACNA1C;CACNA1C;CACNA1C;CACNA1C;CACNA1C;CACNA1C;CACNA1C;CACNA1C;CACNA1C;CACNA1C;CACNA1C,GRCh37,cg20033731
97,13,29293325,+,SLC46A3;SLC46A3,GRCh37,cg02233559
97,10,28287707,+,ARMC4,GRCh37,cg08555772
97,19,58661915,+,ZNF329,GRCh37,cg12792011
97,15,32321637,-,CHRNA7,GRCh37,cg04785227
97,17,72855943,-,GRIN2C;GRIN2C,GRCh37,cg09722397
97,20,23030533,+,THBD,GRCh37,cg08244522
97,22.0,26566058,+,SEZ6L,GRCh37,cg25468723
97,10,118033370,-,GFRA1;GFRA1,GRCh37,cg12087643
97,11,790184,+,CEND1,GRCh37,cg09553358
97,12,119616618,+,HSPB8;HSPB8,GRCh37,cg07861564
97,9,140032686,+,GRIN1;GRIN1;GRIN1,GRCh37,cg03109047
97,19,58125489,+,ZNF134,GRCh37,cg17615007
98,17,28934075,+,LRRC37B2,GRCh37,cg06488505
99,1,163039155,+,RGS4;RGS4;RGS4;RGS4;RGS4,GRCh37,cg09501516
99,11,6948024,+,ZNF215,GRCh37,cg02416716
99,9,80911457,-,PSAT1;PSAT1,GRCh37,cg12548454
99,11,14993562,-,CALCA;CALCA;CALCA,GRCh37,cg14348532
99,3,21792938,-,ZNF385D,GRCh37,cg14550518
99,19,3932959,+,ITGB1BP3,GRCh37,cg03695693
99,3,99356666,-,COL8A1;MIR548G;COL8A1,GRCh37,cg03277051
99,7,136553595,-,CHRM2;CHRM2;CHRM2;CHRM2;CHRM2;CHRM2;CHRM2;CHRM2;CHRM2;CHRM2,GRCh37,cg00973677
99,11,6947622,-,ZNF215,GRCh37,cg17074212
99,6,150346721,+,RAET1L,GRCh37,cg07579404
99,16,86600389,+,FOXC2,GRCh37,cg24063470
99,3,44626029,-,ZNF660,GRCh37,cg15767406
99,8,62200518,+,CLVS1,GRCh37,cg22915732
99,9,73736452,-,TRPM3;TRPM3,GRCh37,cg20555507
99,11,128392683,-,ETS1;ETS1;ETS1,GRCh37,cg11861730
99,4,21305805,+,KCNIP4;KCNIP4;KCNIP4;KCNIP4,GRCh37,cg15401952
99,8,109096064,+,RSPO2,GRCh37,cg13700897
99,19,51520533,-,KLK10;KLK10;KLK10,GRCh37,cg13343486
99,3,115342527,+,GAP43;GAP43;GAP43;GAP43,GRCh37,cg00216361
99,3,64672609,+,ADAMTS9,GRCh37,cg00676660
100,12,4918391,-,KCNA6;KCNA6,GRCh37,cg26162582
101,12,54378896,-,HOXC10,GRCh37,cg08900043
101,6,7726108,-,BMP6,GRCh37,cg07479491
101,9,98271631,+,PTCH1;PTCH1;PTCH1;PTCH1;PTCH1,GRCh37,cg21526212
101,7,79763748,+,GNAI1,GRCh37,cg05806233
101,7,14029285,-,ETV1;ETV1;ETV1;ETV1;ETV1;ETV1,GRCh37,cg03166779
101,12,93965475,-,SOCS2,GRCh37,cg07215749
101,1,233749672,+,KCNK1,GRCh37,cg14249872
101,5,92919647,+,NR2F1;NR2F1,GRCh37,cg26937148
101,13,27131484,+,WASF3,GRCh37,cg07744166
101,6,114178507,+,MARCKS,GRCh37,cg09816912
101,15,44487192,+,FRMD5,GRCh37,cg16046465
101,22.0,42322146,+,TNFRSF13C,GRCh37,cg11932564
101,6,126070151,+,HEY2,GRCh37,cg08923450
101,6,106534206,+,PRDM1;PRDM1,GRCh37,cg17965230
101,4,156297942,-,MAP9;MAP9,GRCh37,cg03616357
101,4,84256345,+,HPSE;HPSE;HPSE,GRCh37,cg00979348
101,6,114179013,+,MARCKS,GRCh37,cg19211800
101,2,152956036,+,CACNB4;CACNB4;CACNB4,GRCh37,cg18272264
102,1,27338978,+,FAM46B,GRCh37,cg16352283
102,12,113841617,-,SDS;SDS,GRCh37,cg04123409
102,2,219725069,+,WNT6,GRCh37,cg22156632
103,17,46622037,+,HOXB2,GRCh37,cg25882366
104,7,98466963,+,TMEM130;TMEM130;TMEM130,GRCh37,cg15279364
105,19,15163470,+,CASP14,GRCh37,cg03752087
105,15,97326798,+,SPATA8;SPATA8,GRCh37,cg01407341
105,19,31770188,+,TSHZ3,GRCh37,cg03555203
105,19,19856230,-,,GRCh37,cg08579995
105,17,3375469,-,SPATA22;SPATA22;SPATA22;SPATA22;SPATA22;SPATA22,GRCh37,cg06862644
105,22.0,43898597,-,MPPED1,GRCh37,cg02261346
105,11,59950405,+,MS4A6A;MS4A6A;MS4A6A,GRCh37,cg03055440
105,7,132334710,-,PLXNA4,GRCh37,cg17356112
105,19,15083616,+,SLC1A6,GRCh37,cg06192619
105,3,54962242,+,LRTM1;CACNA2D3,GRCh37,cg11532513
105,12,14132940,+,GRIN2B;GRIN2B,GRCh37,cg04016326
105,5,175110375,-,HRH2;HRH2,GRCh37,cg20277670
105,5,157079404,-,SOX30;SOX30;SOX30;SOX30,GRCh37,cg06200339
106,12,54403254,+,HOXC8,GRCh37,cg05022306
106,12,54402888,+,HOXC8,GRCh37,cg25917510
107,19,54604124,-,OSCAR;OSCAR;OSCAR;OSCAR;OSCAR;OSCAR;OSCAR;OSCAR,GRCh37,cg14511156
107,22.0,33197034,-,SYN3;TIMP3;TIMP3;SYN3;SYN3,GRCh37,cg24080529
107,17,38171697,+,CSF3;CSF3;CSF3;CSF3;CSF3;CSF3,GRCh37,cg21432842
107,5,76505932,-,PDE8B;PDE8B;PDE8B;PDE8B;PDE8B,GRCh37,cg06339657
107,1,169555944,+,F5,GRCh37,cg25256723
107,11,2542862,+,KCNQ1;KCNQ1,GRCh37,cg12949760
107,19,4301870,+,TMIGD2;TMIGD2,GRCh37,cg14117297
107,18,43304079,+,SLC14A1;SLC14A1;SLC14A1,GRCh37,cg17589341
107,11,44327869,-,ALX4,GRCh37,cg00418150
108,1,152483199,+,LCE5A,GRCh37,cg05248781
109,5,76934946,-,OTP,GRCh37,cg15852891
110,2,80531842,+,CTNNA2;CTNNA2;LRRTM1,GRCh37,cg21621248
110,2,80531898,-,CTNNA2;CTNNA2;LRRTM1,GRCh37,cg00465284
111,2,109204845,+,LIMS1;LIMS1,GRCh37,cg00585790
111,1,150780684,+,CTSK,GRCh37,cg20802392
111,18,24220737,+,KCTD1,GRCh37,cg10539808
112,20,32308081,-,PXMP4;PXMP4;PXMP4;PXMP4,GRCh37,cg27194921
112,20,32308119,+,PXMP4;PXMP4;PXMP4;PXMP4,GRCh37,cg25092328
113,17,33759965,+,SLFN12,GRCh37,cg19566405
114,5,524941,+,SLC9A3,GRCh37,cg23061578
115,20,58179847,-,PHACTR3;PHACTR3,GRCh37,cg20357628
115,9,32783463,+,TMEM215,GRCh37,cg14614901
115,9,32783516,-,TMEM215;TMEM215,GRCh37,cg11308840
116,1,160040217,+,KCNJ10,GRCh37,cg05101920
117,1,53527435,+,PODN,GRCh37,cg16028753
117,10,105036645,-,INA,GRCh37,cg23642747
117,16,1030401,+,SOX8,GRCh37,cg21696393
117,19,1285397,-,EFNA2,GRCh37,cg11885098
118,22.0,34316316,-,LARGE;LARGE;LARGE;LARGE,GRCh37,cg05670348
118,17,80375975,-,C17orf101;HEXDC;C17orf101,GRCh37,cg24200059
118,1,33160900,+,SYNC;SYNC,GRCh37,cg17339202
118,8,57906837,-,IMPAD1,GRCh37,cg03732295
118,12,53441582,-,TENC1;TENC1,GRCh37,cg06311778
118,16,2908554,+,PRSS22,GRCh37,cg19328294
118,14,104314583,+,PPP1R13B,GRCh37,cg12011267
118,10,88728278,+,C10orf116;C10orf116,GRCh37,cg09715672
118,1,227058941,+,PSEN2;PSEN2,GRCh37,cg05894797
118,16,68771203,+,CDH1;CDH1,GRCh37,cg23989635
118,7,83277971,+,SEMA3E;SEMA3E,GRCh37,cg08274234
118,11,101000566,-,PGR,GRCh37,cg23641145
118,17,72744131,-,SLC9A3R1,GRCh37,cg21922841
118,15,81072152,-,KIAA1199,GRCh37,cg15973234
118,3,45067788,-,CLEC3B;CLEC3B,GRCh37,cg06117855
118,17,66507610,+,PRKAR1A;PRKAR1A;PRKAR1A,GRCh37,cg21256649
118,17,38465489,+,RARA;RARA,GRCh37,cg00236832
118,16,29823868,+,PRRT2,GRCh37,cg19769182
118,17,2615431,-,KIAA0664,GRCh37,cg17119387
118,11,2949813,-,PHLDA2,GRCh37,cg04720330
118,19,589411,+,HCN2,GRCh37,cg01284619
118,5,68788087,-,OCLN,GRCh37,cg13744194
118,1,95392389,+,CNN3,GRCh37,cg26619317
118,14,96671262,-,BDKRB2;BDKRB2,GRCh37,cg08328671
118,9,140446823,+,MRPL41,GRCh37,cg17959722
118,9,136324586,+,C9orf7;C9orf7,GRCh37,cg10570177
118,10,95241944,-,MYOF;MYOF,GRCh37,cg19166875
118,12,59313883,-,LRIG3;LRIG3,GRCh37,cg10708905
118,3,128997295,-,C3orf37;C3orf37,GRCh37,cg00135056
118,19,821565,-,LPPR3,GRCh37,cg15640375
118,3,73674070,+,PDZRN3;PDZRN3,GRCh37,cg26055770
118,14,37641964,-,SLC25A21;LOC100129794;SLC25A21,GRCh37,cg24384676
118,8,28347573,+,FBXO16,GRCh37,cg18508125
118,4,85886830,-,WDFY3;C4orf12,GRCh37,cg05890019
118,11,6495536,-,TRIM3;TRIM3,GRCh37,cg19219366
118,3,192445380,-,FGF12;FGF12,GRCh37,cg02992632
118,9,136324577,-,C9orf7;C9orf7,GRCh37,cg19123107
118,15,39873553,+,THBS1,GRCh37,cg05886626
118,4,667564,-,ATP5I,GRCh37,cg23970089
118,14,24900044,-,CBLN3;KHNYN,GRCh37,cg13105904
118,16,31484032,-,TGFB1I1;TGFB1I1;TGFB1I1,GRCh37,cg10995380
118,11,36615998,-,RAG2;C11orf74,GRCh37,cg10364182
118,19,45312525,+,BCAM;BCAM,GRCh37,cg08319238
118,7,82073573,+,CACNA2D1,GRCh37,cg06379754
118,20,11871375,+,BTBD3,GRCh37,cg14603345
118,7,72972279,+,BCL7B,GRCh37,cg05386606
118,17,2241570,+,SGSM2;TSR1;SGSM2,GRCh37,cg21870662
118,17,80232096,+,CSNK1D;CSNK1D,GRCh37,cg19761273
118,1,201124025,-,TMEM9,GRCh37,cg21431091
118,1,179262462,+,SOAT1,GRCh37,cg02275294
118,16,403314,-,AXIN1;AXIN1,GRCh37,cg15001381
118,4,77228354,-,STBD1,GRCh37,cg20430816
118,20,14318152,+,FLRT3;MACROD2;FLRT3;FLRT3;FLRT3,GRCh37,cg23127998
118,2,133173718,+,GPR39,GRCh37,cg24659201
118,1,68299511,+,GNG12,GRCh37,cg26764244
118,12,56391451,+,SUOX;SUOX;SUOX,GRCh37,cg06495347
118,15,57669165,-,CGNL1,GRCh37,cg07551659
118,8,19170890,+,SH2D4A,GRCh37,cg22708914
118,5,126853024,-,PRRC1,GRCh37,cg04431054
118,1,95285531,+,SLC44A3;SLC44A3,GRCh37,cg22424108
118,3,124605247,-,ITGB5,GRCh37,cg05062178
118,3,148846750,+,HPS3,GRCh37,cg10148280
118,1,26437241,+,PDIK1L;PDIK1L;PDIK1L,GRCh37,cg22436229
118,17,37856133,-,ERBB2;ERBB2,GRCh37,cg22778981
118,4,146402404,-,SMAD1,GRCh37,cg01803059
118,2,164592568,-,FIGN,GRCh37,cg06564900
118,5,178322924,-,ZFP2;ZFP2,GRCh37,cg27654142
118,12,33050217,-,PKP2;PKP2,GRCh37,cg01851399
118,20,44420291,-,WFDC3;DNTTIP1,GRCh37,cg04940435
118,2,110873396,+,MALL;MALL,GRCh37,cg01615704
118,17,34058597,+,RASL10B,GRCh37,cg20496643
118,5,10441490,-,ROPN1L,GRCh37,cg02227605
118,4,124342,-,ZNF718,GRCh37,cg12717203
118,12,118500366,-,WSB2,GRCh37,cg09879797
118,4,157892758,+,PDGFC,GRCh37,cg20937139
118,11,72929844,-,P2RY2;P2RY2;P2RY2,GRCh37,cg04388983
118,7,102714871,-,ARMC10;FBXL13;ARMC10;FBXL13;ARMC10;ARMC10;ARMC10;FBXL13;ARMC10,GRCh37,cg22799850
118,5,125930870,-,ALDH7A1,GRCh37,cg08675664
118,6,44213720,+,HSP90AB1,GRCh37,cg00651216
118,17,29422806,-,NF1;NF1;NF1,GRCh37,cg19959519
118,10,64027924,-,RTKN2,GRCh37,cg09941381
118,1,150978905,+,FAM63A;FAM63A;FAM63A;FAM63A;FAM63A;FAM63A;FAM63A;FAM63A,GRCh37,cg07495664
118,1,32827840,-,LOC100128071;LOC100128071;TSSK3,GRCh37,cg21172540
118,20,327623,-,NRSN2;NRSN2,GRCh37,cg08713365
118,11,12399109,-,PARVA,GRCh37,cg26320696
118,8,87354470,+,WWP1,GRCh37,cg17711870
118,4,39529866,+,UGDH,GRCh37,cg10094443
118,20,327811,+,NRSN2,GRCh37,cg07611334
118,19,17530319,-,FAM125A,GRCh37,cg02217814
118,16,67700143,-,C16orf86;C16orf48,GRCh37,cg26335299
118,19,38810212,+,KCNK6,GRCh37,cg24968336
119,1,159141063,+,CADM3;CADM3,GRCh37,cg08654655
119,1,46859774,-,FAAH,GRCh37,cg12671744
119,1,36039159,+,TFAP2E;TFAP2E,GRCh37,cg26372517
119,11,2153991,+,INS-IGF2;IGF2;IGF2;IGF2,GRCh37,cg02807948
119,1,11918954,-,NPPB;NPPB,GRCh37,cg14506552
119,15,75639433,-,NEIL1;NEIL1,GRCh37,cg12978308
119,12,6604039,-,NCAPD2,GRCh37,cg16399745
119,3,44770851,+,ZNF501,GRCh37,cg04389838
119,17,48243707,-,SGCA;SGCA,GRCh37,cg07826255
119,3,2141937,+,CNTN4,GRCh37,cg11563860
119,18,2572965,+,NDC80;METTL4,GRCh37,cg06454226
119,6,36097692,+,MAPK13,GRCh37,cg05859264
119,1,156696747,-,ISG20L2,GRCh37,cg00392257
119,11,61561219,+,FEN1;C11orf10;MIR611,GRCh37,cg03805684
119,8,145581006,+,FBXL6;GPR172A;FBXL6,GRCh37,cg21959619
119,6,35228319,+,ZNF76,GRCh37,cg06656924
119,1,223566709,-,C1orf65,GRCh37,cg27202708
119,4,74847758,-,PF4,GRCh37,cg16072462
119,11,63754708,+,OTUB1;OTUB1,GRCh37,cg15564267
119,4,71587640,+,RUFY3;RUFY3;RUFY3,GRCh37,cg03173722
119,7,17337976,-,AHR,GRCh37,cg13676215
119,17,76164144,+,SYNGR2,GRCh37,cg15555014
119,19,7295107,+,INSR;INSR,GRCh37,cg19371795
119,1,109756118,+,SARS,GRCh37,cg13619408
119,14,50088598,-,RPL36AL;MGAT2,GRCh37,cg04431133
119,1,16539088,+,ARHGEF19;ARHGEF19,GRCh37,cg18669381
119,12,109914141,-,UBE3B;KCTD10;UBE3B,GRCh37,cg20092036
120,3,119422161,+,C3orf15,GRCh37,cg08145590
121,2,131101440,-,IMP4,GRCh37,cg09640202
121,1,231472445,+,C1orf124;C1orf124;EXOC8,GRCh37,cg15459773
121,11,45827763,+,SLC35C1;SLC35C1;SLC35C1,GRCh37,cg10516359
121,2,131101463,-,IMP4,GRCh37,cg26385743
122,21.0,31987978,+,KRTAP20-1,GRCh37,cg25388528
122,21,32253760,-,KRTAP11-1,GRCh37,cg07014174
123,3,186330055,+,AHSG,GRCh37,cg25162301
123,3,186383874,-,HRG,GRCh37,cg02097420
124,14,100258973,+,EML1;EML1,GRCh37,cg02727423
124,21,44073202,+,PDE9A;PDE9A;PDE9A;PDE9A;PDE9A;PDE9A;PDE9A;PDE9A;PDE9A;PDE9A;PDE9A;PDE9A;PDE9A;PDE9A;PDE9A;PDE9A;PDE9A;PDE9A;PDE9A;PDE9A,GRCh37,cg00516481
124,16,89573312,+,SPG7;SPG7,GRCh37,cg15206445
124,5,31640216,+,,GRCh37,cg22705225
124,2,108905468,-,SULT1C2;SULT1C2;SULT1C2;SULT1C2,GRCh37,cg23163573
124,17,74534550,+,CYGB,GRCh37,cg21301440
124,19,7766974,-,FCER2;FCER2,GRCh37,cg12387247
124,20,3663421,-,ADAM33;ADAM33,GRCh37,cg22333888
124,5,135231526,-,IL9,GRCh37,cg13842648
124,1,1950111,+,GABRD,GRCh37,cg24087944
124,19,5286082,+,PTPRS;PTPRS;PTPRS;PTPRS,GRCh37,cg27299588
124,16,20416475,+,PDILT,GRCh37,cg11297236
124,3,50541467,+,CACNA2D2;CACNA2D2,GRCh37,cg04347447
124,17,4835476,+,GP1BA,GRCh37,cg11340260
124,10,134258421,-,C10orf91,GRCh37,cg22045288
124,1,58716377,+,DAB1,GRCh37,cg06710648
124,19,36235184,-,U2AF1L4;U2AF1L4;PSENEN,GRCh37,cg03309967
125,5,122372093,+,PPIC,GRCh37,cg01737507
125,19,1067356,+,HMHA1;HMHA1,GRCh37,cg18644543
125,11,1593657,-,HCCA2;LOC338651;DUSP8,GRCh37,cg23121547
125,19,18654267,+,FKBP8,GRCh37,cg23970523
125,1,145439013,-,TXNIP,GRCh37,cg19389852
125,10,81107211,-,PPIF,GRCh37,cg27352063
125,16,54320230,-,IRX3;IRX3,GRCh37,cg17745122
126,6,112194849,-,FYN,GRCh37,cg23076086
126,22.0,41601581,-,L3MBTL2,GRCh37,cg06235991
126,10,91061728,-,IFIT2;IFIT2,GRCh37,cg06476606
126,12,57039895,-,ATP5B;SNORD59A,GRCh37,cg22012054
126,20,44509620,+,ZSWIM1,GRCh37,cg23271318
126,3,195809355,+,TFRC;TFRC,GRCh37,cg22956956
126,5,130501199,-,HINT1;HINT1;HINT1,GRCh37,cg14645481
126,4,170541163,+,CLCN3;CLCN3,GRCh37,cg06292277
126,4,6642559,-,MRFAP1;MRFAP1,GRCh37,cg10663973
126,16,69458746,-,CYB5B,GRCh37,cg22067472
126,5,133304001,+,C5orf15,GRCh37,cg22065439
126,19,44079985,+,XRCC1,GRCh37,cg15167433
126,20,35374747,-,NDRG3;NDRG3,GRCh37,cg06499565
126,20,18447767,-,C20orf12;POLR3F;C20orf12,GRCh37,cg14780914
126,6,25279002,+,LRRC16A,GRCh37,cg22532997
126,11,8285587,+,LMO1,GRCh37,cg11102794
126,6,13712693,+,RANBP9,GRCh37,cg14645085
126,18,813059,+,YES1,GRCh37,cg06284244
126,5,127418922,-,SLC12A2;FLJ33630,GRCh37,cg02233558
126,14,93799869,-,KIAA1409;BTBD7;BTBD7,GRCh37,cg06084557
126,7,150974464,+,SMARCD3;SMARCD3,GRCh37,cg02917064
126,4,111119437,-,ELOVL6;ELOVL6,GRCh37,cg06100991
126,6,127588823,+,RNF146,GRCh37,cg22019980
126,3,100428033,-,TFG;TFG,GRCh37,cg10661591
126,3,155572542,-,SLC33A1,GRCh37,cg22572214
126,12,123460173,-,OGFOD2;ABCB9,GRCh37,cg03923464
126,3,111697653,-,ABHD10,GRCh37,cg00569620
126,11,2923659,+,SLC22A18AS;SLC22A18;SLC22A18,GRCh37,cg06211616
126,15,66161842,+,RAB11A;RAB11A,GRCh37,cg15125634
126,8,143808814,-,C8orf55,GRCh37,cg10913563
126,17,73775964,-,H3F3B,GRCh37,cg06502868
126,10,16859107,-,RSU1;RSU1,GRCh37,cg11175310
126,10,102295790,+,HIF1AN,GRCh37,cg14817542
126,10,12237553,-,CDC123;NUDT5,GRCh37,cg06109724
126,12,62586587,+,FAM19A2,GRCh37,cg06438300
126,1,173837002,+,GAS5;SNORD76;SNORD75;SNORD77;ZBTB37;SNORD74;ZBTB37,GRCh37,cg06189265
126,14,21945175,+,RAB2B;TOX4;RAB2B;RAB2B,GRCh37,cg11053740
126,16,57496411,+,POLR2C,GRCh37,cg15047833
126,3,52029932,+,RPL29;RPL29,GRCh37,cg15271594
126,17,38443714,+,CDC6,GRCh37,cg23188547
126,20,33413664,-,NCOA6,GRCh37,cg06425556
126,9,34620572,+,DCTN3;DCTN3,GRCh37,cg06418184
126,11,125495234,-,CHEK1;CHEK1;CHEK1;CHEK1;CHEK1,GRCh37,cg03474731
126,3,45730489,-,SACM1L,GRCh37,cg03912013
126,11,102217591,-,BIRC2,GRCh37,cg06276114
126,6,84937441,+,KIAA1009,GRCh37,cg22264946
126,7,149194095,-,ZNF746;ZNF746,GRCh37,cg22274662
126,19,42363626,+,RPS19,GRCh37,cg23030090
126,5,148738020,-,PCYOX1L,GRCh37,cg22281080
126,8,17659378,+,MTUS1;MTUS1,GRCh37,cg22807551
126,7,42951105,-,C7orf25;C7orf25,GRCh37,cg22805517
126,1,111682262,-,CEPT1;CEPT1;DRAM2;CEPT1,GRCh37,cg22780428
126,7,25164393,+,CYCS,GRCh37,cg14984920
126,17,55163212,+,AKAP1,GRCh37,cg10972821
126,6,33266076,-,RGL2;RGL2,GRCh37,cg03939485
126,2,58274034,-,VRK2;VRK2;VRK2;VRK2;VRK2;VRK2,GRCh37,cg15309264
126,16,48278073,-,LONP2,GRCh37,cg22285897
126,5,114962179,+,TMED7;TMED7-TICAM2;TMED7-TICAM2,GRCh37,cg00645922
126,11,47447411,+,PSMC3,GRCh37,cg23159857
126,2,24270357,+,C2orf44;C2orf44,GRCh37,cg15350455
126,19,36120356,+,RBM42,GRCh37,cg15357518
126,5,64777802,-,ADAMTS6,GRCh37,cg14700821
126,19,34288103,-,KCTD15;KCTD15;KCTD15,GRCh37,cg00704310
126,12,109915082,+,UBE3B;KCTD10;KCTD10;UBE3B,GRCh37,cg14949649
126,1,202311278,+,UBE2T,GRCh37,cg15173196
126,2,30369455,-,YPEL5;YPEL5;YPEL5;YPEL5,GRCh37,cg22841169
126,5,76326040,+,AGGF1,GRCh37,cg06252849
126,18,48406251,+,ME2;ME2,GRCh37,cg06777274
126,12,56915593,-,RBMS2,GRCh37,cg23002907
126,1,171711841,-,VAMP4,GRCh37,cg01653110
126,6,26155791,-,HIST1H1E,GRCh37,cg15519208
126,5,82372867,-,XRCC4;XRCC4;XRCC4;TMEM167A,GRCh37,cg23248587
126,17,58469253,+,USP32,GRCh37,cg23231873
126,11,62599247,+,STX5,GRCh37,cg15494980
126,2,73441257,+,SMYD5,GRCh37,cg06754047
126,4,142141984,-,ZNF330,GRCh37,cg15098690
126,20,34043664,+,CEP250,GRCh37,cg03424436
126,12,49183468,-,ADCY6,GRCh37,cg22689690
126,6,110501899,-,WASF1;CDC40;WASF1;WASF1;WASF1,GRCh37,cg11052068
126,4,147096787,-,LSM6,GRCh37,cg22495162
126,19,41903697,-,BCKDHA;BCKDHA;BCKDHA;BCKDHA;EXOSC5,GRCh37,cg01655341
126,15,78730334,-,IREB2,GRCh37,cg22916109
126,22.0,20068322,-,DGCR8,GRCh37,cg23216184
126,1,151881785,+,THEM4,GRCh37,cg03940966
126,1,63788184,+,FOXD3,GRCh37,cg15462232
126,12,109124743,+,CORO1C,GRCh37,cg03439805
126,1,25072583,+,CLIC4,GRCh37,cg10894102
126,6,26125435,+,HIST1H2BC,GRCh37,cg23070249
126,12,49961750,-,MCRS1,GRCh37,cg06452647
126,10,53459102,+,CSTF2T;PRKG1;PRKG1,GRCh37,cg06712026
126,8,94767316,-,TMEM67;TMEM67;TMEM67,GRCh37,cg27360560
126,19,9945653,-,PIN1,GRCh37,cg22728790
126,10,99078812,-,FRAT1,GRCh37,cg15432938
126,9,32552648,+,TOPORS,GRCh37,cg10716607
126,7,132937862,+,EXOC4;EXOC4,GRCh37,cg10880863
126,5,150138761,+,DCTN4;DCTN4;DCTN4,GRCh37,cg23128146
126,8,144680410,-,EEF1D;EEF1D;TIGD5;EEF1D;EEF1D;EEF1D;EEF1D;EEF1D,GRCh37,cg22186533
126,6,35310123,-,PPARD;PPARD,GRCh37,cg00657095
126,6,122792503,+,SERINC1;PKIB,GRCh37,cg20882852
126,5,65222522,+,ERBB2IP;ERBB2IP;ERBB2IP;ERBB2IP,GRCh37,cg22009138
126,1,211849158,+,NEK2,GRCh37,cg17241013
126,1,6454202,+,ACOT7,GRCh37,cg17236617
126,18,19749376,+,GATA6,GRCh37,cg19496782
126,1,155881046,+,RIT1;RIT1,GRCh37,cg17155167
126,15,40856878,+,C15orf57;C15orf57;C15orf57,GRCh37,cg17146877
126,16,27561715,-,GTF3C1;KIAA0556,GRCh37,cg19571071
126,3,133380964,-,TOPBP1,GRCh37,cg17260449
126,5,172410692,-,ATP6V0E1,GRCh37,cg08233173
126,1,117664089,+,TRIM45;TRIM45;TRIM45;TRIM45,GRCh37,cg02614187
126,19,7702224,+,STXBP2;STXBP2,GRCh37,cg26884154
126,17,36452805,+,MRPL45,GRCh37,cg17138359
126,22.0,18632997,-,USP18,GRCh37,cg08205655
126,14,65453410,+,FNTB,GRCh37,cg19637116
126,10,102672368,-,FAM178A;FAM178A;FAM178A;FAM178A;FAM178A,GRCh37,cg08177017
126,15,55489563,+,RSL24D1,GRCh37,cg08233088
126,6,149639693,+,MAP3K7IP2,GRCh37,cg01362183
126,6,138428131,-,PERP,GRCh37,cg08315187
126,1,179923514,+,CEP350,GRCh37,cg17286491
126,1,76251976,-,SNORD45C;RABGGTB,GRCh37,cg09458394
126,5,36151277,+,SKP2;SKP2;LMBRD2,GRCh37,cg19135982
126,2,63815760,-,C2orf86;C2orf86;MDH1,GRCh37,cg19147570
126,13,73301047,-,C13orf37;C13orf34,GRCh37,cg09480162
126,6,34855470,+,TAF11,GRCh37,cg17413703
126,18,71814861,+,FBXO15;C18orf55;FBXO15;FBXO15,GRCh37,cg26909237
126,4,25235712,+,PI4K2B;PI4K2B,GRCh37,cg19419801
126,19,36505139,+,ALKBH6;ALKBH6;ALKBH6;ALKBH6,GRCh37,cg17351385
126,4,159644759,+,PPID,GRCh37,cg19324172
126,15,64680051,-,TRIP4;TRIP4,GRCh37,cg19329389
126,2,191744975,+,GLS,GRCh37,cg17300307
126,4,38784578,-,TLR10;TLR10;TLR10;TLR10,GRCh37,cg19398783
126,12,56110020,+,BLOC1S1,GRCh37,cg08346269
126,16,22386531,-,CDR2,GRCh37,cg00069261
126,18,21978109,+,OSBPL1A,GRCh37,cg19301632
126,2,70476000,+,TIA1;TIA1,GRCh37,cg09658342
126,22.0,50781194,-,SAPS2,GRCh37,cg17122244
126,2,176046495,+,ATP5G3;ATP5G3,GRCh37,cg19713083
126,2,39005451,+,GEMIN6,GRCh37,cg07959896
126,1,948740,-,ISG15,GRCh37,cg20022511
126,12,72057977,-,ZFC3H1;THAP2;THAP2,GRCh37,cg16909364
126,12,67662589,+,CAND1,GRCh37,cg16896371
126,8,144348945,-,GLI4,GRCh37,cg03773789
126,19,6110462,+,RFX2;RFX2;RFX2;RFX2,GRCh37,cg07944287
126,13,25496605,+,CENPJ,GRCh37,cg16925970
126,3,192635636,-,C3orf59;C3orf59,GRCh37,cg07933199
126,17,37843987,-,ERBB2;PGAP3,GRCh37,cg09875273
126,10,14995957,+,DCLRE1C;DCLRE1C;DCLRE1C;DCLRE1C;DCLRE1C;DCLRE1C;DCLRE1C,GRCh37,cg07903860
126,6,38670437,-,GLO1,GRCh37,cg26824091
126,16,70487956,-,FUK,GRCh37,cg09881917
126,11,73587608,-,CHCHD8;PAAF1,GRCh37,cg20149998
126,19,37960542,-,ZNF570,GRCh37,cg02385791
126,20,34287853,-,ROMO1;NFS1,GRCh37,cg03572913
126,9,131486216,-,ZDHHC12,GRCh37,cg19973884
126,9,123342682,+,CDK5RAP2;CDK5RAP2,GRCh37,cg16956268
126,9,140485596,-,ZMYND19,GRCh37,cg19954739
126,21.0,15755380,+,HSPA13,GRCh37,cg19714241
126,12,101801241,+,ARL1,GRCh37,cg08132767
126,10,114206798,+,VTI1A;ZDHHC6;VTI1A,GRCh37,cg09688763
126,3,99536119,-,MIR548G;C3orf26,GRCh37,cg19746675
126,1,207495038,-,CD55;CD55;CD55;CD55,GRCh37,cg01064307
126,17,49230700,-,NME1;NME1;NME1-NME2,GRCh37,cg01063524
126,12,121790273,+,ANAPC5;ANAPC5,GRCh37,cg01376672
126,2,228336753,-,AGFG1;AGFG1;AGFG1;AGFG1,GRCh37,cg19850163
126,20,2645051,-,IDH3B;IDH3B;IDH3B,GRCh37,cg19851137
126,5,52285480,+,ITGA2,GRCh37,cg09759260
126,21.0,27108257,+,ATP5J;ATP5J;ATP5J;ATP5J;GABPA;ATP5J,GRCh37,cg19891733
126,2,86116384,+,ST3GAL5,GRCh37,cg01040759
126,3,49142572,+,QARS,GRCh37,cg19914751
126,16,1823875,+,EME2;MRPS34,GRCh37,cg19939627
126,3,167814123,+,GOLIM4,GRCh37,cg12437239
126,1,118148320,+,FAM46C,GRCh37,cg01152499
126,6,16128933,-,MYLIP,GRCh37,cg19055458
126,5,96144101,-,ERAP1;ERAP1,GRCh37,cg17522249
126,3,13009509,+,IQSEC1;IQSEC1,GRCh37,cg17534899
126,14,74959978,-,NPC2;NPC2;ISCA2,GRCh37,cg08802167
126,17,47492526,-,PHB,GRCh37,cg18548413
126,10,129924035,+,MKI67;MKI67,GRCh37,cg17929627
126,3,160938910,+,NMD3,GRCh37,cg09171381
126,16,67464707,-,HSD11B2,GRCh37,cg08789908
126,2,208395557,-,CREB1;CREB1,GRCh37,cg18579327
126,2,234263768,+,DGKD,GRCh37,cg01230160
126,13,27998438,-,GTF3A,GRCh37,cg17904786
126,3,32612253,+,DYNC1LI1,GRCh37,cg18602811
126,7,91876374,+,KRIT1;KRIT1;ANKIB1;KRIT1;KRIT1;KRIT1,GRCh37,cg08771429
126,12,132413611,+,PUS1;PUS1;PUS1,GRCh37,cg09218130
126,16,81039969,-,CENPN;CENPN;CENPN;C16orf61,GRCh37,cg17858663
126,10,121410453,-,BAG3,GRCh37,cg03690162
126,12,50505649,-,C12orf62,GRCh37,cg17774305
126,13,79979614,+,RBM26,GRCh37,cg18601293
126,7,86781459,+,DMTF1;DMTF1;DMTF1;DMTF1;DMTF1,GRCh37,cg27089973
126,18,657815,+,C18orf56;TYMS,GRCh37,cg18419020
126,19,1103660,+,GPX4;GPX4;GPX4,GRCh37,cg18061485
126,3,10029246,+,TMEM111,GRCh37,cg18215716
126,12,117348646,-,FBXW8;FBXW8,GRCh37,cg18222235
126,19,1270018,+,CIRBP;CIRBP;CIRBP;C19orf23,GRCh37,cg18194038
126,6,26597531,-,ABT1,GRCh37,cg27028749
126,19,52511778,+,ZNF615,GRCh37,cg08998501
126,22.0,20067313,+,DGCR8,GRCh37,cg18251360
126,1,217804728,-,SPATA17;GPATCH2,GRCh37,cg18263686
126,16,14726533,-,BFAR,GRCh37,cg18306327
126,8,130951244,-,FAM49B,GRCh37,cg18152311
126,2,55844203,+,SMEK2;SMEK2,GRCh37,cg18349258
126,1,149859898,+,HIST2H2AB,GRCh37,cg08934443
126,11,46143434,+,PHF21A;PHF21A,GRCh37,cg18362489
126,12,3186906,-,TSPAN9;TSPAN9,GRCh37,cg00081935
126,12,120884702,+,TRIAP1;GATC,GRCh37,cg08923060
126,19,3985414,-,EEF2;EEF2,GRCh37,cg18064655
126,19,44507157,-,ZNF230;ZNF230,GRCh37,cg18700516
126,14,23235738,-,OXA1L,GRCh37,cg16774604
126,20,2451208,+,SNRPB;SNRPB,GRCh37,cg17758721
126,3,11888297,-,C3orf31;C3orf31,GRCh37,cg17746675
126,11,86013447,-,C11orf73;C11orf73;C11orf73;C11orf73;C11orf73,GRCh37,cg17606683
126,1,156307348,+,CCT3;C1orf182;CCT3;CCT3,GRCh37,cg18993334
126,3,160284003,-,KPNA4,GRCh37,cg18996776
126,22.0,38669222,+,TMEM184B,GRCh37,cg17603184
126,8,124428540,+,WDYHV1,GRCh37,cg08573893
126,19,36036881,+,TMEM147,GRCh37,cg19016517
126,3,172469009,-,,GRCh37,cg17606881
126,19,15236755,+,ILVBL,GRCh37,cg09395833
126,16,67906816,-,EDC4,GRCh37,cg17582250
126,4,108641287,+,PAPSS1,GRCh37,cg08541219
126,17,72199871,-,RPL38;RPL38;RPL38,GRCh37,cg01160766
126,2,64067822,+,UGP2;UGP2,GRCh37,cg19029220
126,2,217363404,+,RPL37A,GRCh37,cg27140880
126,2,224702267,+,AP1S3;AP1S3,GRCh37,cg17569486
126,1,91487806,+,ZNF644;ZNF644;ZNF644,GRCh37,cg08552999
126,2,183988960,-,NUP35,GRCh37,cg18973389
126,7,90032535,-,CLDN12,GRCh37,cg18967846
126,8,96146723,+,PLEKHF2,GRCh37,cg08605641
126,10,96122379,-,NOC3L,GRCh37,cg08711724
126,9,117350088,-,ATP6V1G1;ATP6V1G1,GRCh37,cg17742155
126,19,59070524,+,UBE2M;LOC100131691,GRCh37,cg08704884
126,3,9773251,+,BRPF1;BRPF1,GRCh37,cg17738494
126,17,38574566,-,TOP2A,GRCh37,cg09273772
126,7,23338735,+,C7orf30,GRCh37,cg01182585
126,7,38948782,+,VPS41;VPS41;VPS41;VPS41,GRCh37,cg08680731
126,4,100872167,+,H2AFZ;LOC256880,GRCh37,cg17709884
126,16,1832709,-,SPSB3;NUBP2,GRCh37,cg03700218
126,8,29120848,-,KIF13B,GRCh37,cg18875839
126,3,57204229,+,,GRCh37,cg18925884
126,14,96858458,+,AK7;AK7,GRCh37,cg18936744
126,1,206730453,+,RASSF5;RASSF5;RASSF5,GRCh37,cg08617916
126,6,163836245,+,QKI;QKI;QKI;QKI,GRCh37,cg09339301
126,11,66444806,-,RBM4B,GRCh37,cg18962105
126,17,40985921,+,PSME3;PSME3,GRCh37,cg18702234
126,12,112563185,-,TRAFD1;TRAFD1,GRCh37,cg01409734
126,5,96270438,-,LNPEP,GRCh37,cg16746462
126,8,59572638,-,NSMAF;NSMAF,GRCh37,cg20239949
126,12,111806472,-,FAM109A,GRCh37,cg10361696
126,1,54518856,+,TMEM59;C1orf83,GRCh37,cg10362426
126,17,55162050,+,AKAP1,GRCh37,cg21409722
126,4,76861293,+,NAAA;NAAA,GRCh37,cg03201604
126,5,65220910,-,ERBB2IP;ERBB2IP,GRCh37,cg07172256
126,17,37618454,+,CDK12;CDK12,GRCh37,cg10398950
126,19,10680229,-,CDKN2D;CDKN2D,GRCh37,cg03496289
126,11,107436442,+,ALKBH8;ALKBH8,GRCh37,cg10404950
126,19,10514006,-,CDC37,GRCh37,cg21459710
126,8,8860201,+,ERI1,GRCh37,cg07118638
126,4,148605127,+,PRMT10,GRCh37,cg15810326
126,16,71495698,+,ZNF23;ZNF23,GRCh37,cg07114894
126,11,506809,-,RNH1;RNH1;RNH1;RNH1;RNH1;RNH1;RNH1;RNH1;RNH1;RNH1;RNH1;RNH1,GRCh37,cg15796682
126,16,30582918,-,ZNF688;ZNF688,GRCh37,cg00822607
126,8,103251646,+,RRM2B,GRCh37,cg07125123
126,3,122512821,-,DIRC2;HSPBAP1,GRCh37,cg07200897
126,12,49351625,-,ARF3,GRCh37,cg10346242
126,2,183943551,+,DUSP19;DUSP19;DUSP19;DUSP19,GRCh37,cg21364150
126,19,18451573,-,PGPEP1,GRCh37,cg10266068
126,3,185081374,-,MAP3K13,GRCh37,cg16078836
126,1,16173759,-,SPEN;FLJ37453,GRCh37,cg10274502
126,9,106856765,-,SMC2;SMC2;SMC2;SMC2,GRCh37,cg07328495
126,20,34042631,+,CEP250,GRCh37,cg07327328
126,12,112546905,-,NAA25,GRCh37,cg10294200
126,1,25558918,+,SYF2;SYF2,GRCh37,cg21257635
126,19,48894715,-,KDELR1;KDELR1,GRCh37,cg10309835
126,10,64576130,+,EGR2;EGR2;EGR2;EGR2,GRCh37,cg21264207
126,3,14444133,-,SLC6A6;SLC6A6;SLC6A6;SLC6A6;SLC6A6;SLC6A6,GRCh37,cg21291896
126,17,7123860,+,DLG4;ACADVL;ACADVL,GRCh37,cg02740128
126,1,53662243,-,CPT2;CPT2,GRCh37,cg10321208
126,13,79979929,-,RBM26,GRCh37,cg21306212
126,22.0,19418307,+,HIRA,GRCh37,cg21311175
126,2,233561722,-,GIGYF2;GIGYF2;GIGYF2;GIGYF2,GRCh37,cg07230446
126,2,25015597,-,CENPO;C2orf79,GRCh37,cg21494337
126,17,5342446,-,C1QBP;C1QBP,GRCh37,cg21200380
126,14,45605002,-,FKBP3;FANCM,GRCh37,cg03491181
126,13,33112842,+,N4BP2L2;N4BP2L2;N4BP2L2,GRCh37,cg15779381
126,17,4270245,+,UBE2G1,GRCh37,cg21705120
126,1,151512625,+,TUFT1;TUFT1,GRCh37,cg10545682
126,11,34460516,+,CAT;CAT,GRCh37,cg06908474
126,3,9005249,+,RAD18,GRCh37,cg26640549
126,11,77791237,-,NDUFC2;NDUFC2,GRCh37,cg03476370
126,3,100211622,+,TMEM45A;TMEM45A,GRCh37,cg15612063
126,1,52607471,-,ZFYVE9;ZFYVE9;ZFYVE9,GRCh37,cg15683488
126,5,180649807,+,TRIM41;TRIM41,GRCh37,cg21850069
126,19,44123224,+,ZNF428,GRCh37,cg10594105
126,2,55460405,-,C2orf63;RPS27A;C2orf63;RPS27A,GRCh37,cg15587603
126,19,33462915,+,C19orf40;CCDC123,GRCh37,cg21912241
126,13,28024888,+,MTIF3;MTIF3;MTIF3;MTIF3,GRCh37,cg21914262
126,6,160211790,+,TCP1;TCP1;MRPL18,GRCh37,cg10634217
126,7,148936572,-,ZNF212,GRCh37,cg06815817
126,10,112064057,-,SMNDC1,GRCh37,cg21872391
126,1,43736600,+,TMEM125,GRCh37,cg06948408
126,12,115122054,-,TBX3;TBX3,GRCh37,cg10530281
126,14,62163091,-,HIF1A;HIF1A,GRCh37,cg26661257
126,14,54955895,+,GMFB,GRCh37,cg21595737
126,7,12251342,-,TMEM106B;TMEM106B,GRCh37,cg21597649
126,19,44598375,-,ZNF224,GRCh37,cg03486540
126,10,103892376,+,PPRC1,GRCh37,cg10477754
126,2,128848528,+,UGGT1;UGGT1,GRCh37,cg07034269
126,1,11322191,-,MTOR,GRCh37,cg07029998
126,9,95055737,+,IARS;IARS;SNORA84;IARS,GRCh37,cg07027685
126,2,213403212,+,ERBB4;ERBB4,GRCh37,cg07015629
126,1,113161334,+,CAPZA1;ST7L;ST7L;ST7L;ST7L,GRCh37,cg07003563
126,11,77850393,+,ALG8;ALG8,GRCh37,cg15721424
126,17,17399700,-,RASD1;RASD1,GRCh37,cg06990298
126,14,24658101,+,IPO4;IPO4,GRCh37,cg21660424
126,19,47291626,-,SLC1A5;SLC1A5;SLC1A5,GRCh37,cg00782174
126,19,18434339,+,LSM4,GRCh37,cg21664310
126,1,9970993,+,CTNNBIP1;CTNNBIP1,GRCh37,cg27308387
126,1,114301432,-,PHTF1;PHTF1,GRCh37,cg21539243
126,12,66524411,+,LLPH,GRCh37,cg10654016
126,15,59279849,-,RNF111,GRCh37,cg03846288
126,1,171283203,-,FMO4,GRCh37,cg21183846
126,11,82612592,+,PRCP;C11orf82;PRCP,GRCh37,cg07714534
126,3,186649165,+,ST6GAL1;ST6GAL1,GRCh37,cg10005894
126,19,42759518,+,ERF,GRCh37,cg16551326
126,10,22604918,-,COMMD3,GRCh37,cg10028071
126,19,49865373,+,TEAD2,GRCh37,cg16539981
126,6,36854046,+,C6orf89,GRCh37,cg20598389
126,2,182756177,+,SSFA2;SSFA2,GRCh37,cg26778754
126,1,35325113,+,C1orf212;C1orf212;C1orf212;C1orf212,GRCh37,cg07678643
126,20,5107135,+,CDS2;PCNA,GRCh37,cg02689825
126,3,142298018,-,ATR,GRCh37,cg20636078
126,1,200708104,+,CAMSAP1L1,GRCh37,cg16443152
126,11,76155487,+,C11orf30,GRCh37,cg20641660
126,12,6861825,+,MLF2;MLF2,GRCh37,cg20642765
126,11,62521582,+,ZBTB3;ZBTB3,GRCh37,cg02360776
126,14,81421600,-,TSHR;TSHR;TSHR,GRCh37,cg07674153
126,5,65018600,-,SGTB;NLN,GRCh37,cg07733031
126,14,20774219,-,TTC5,GRCh37,cg20483016
126,12,57118673,+,NACA;NACA;NACA;NACA,GRCh37,cg20482364
126,1,43637592,+,WDR65;WDR65;EBNA1BP2;EBNA1BP2;WDR65;WDR65,GRCh37,cg16725097
126,11,126081648,-,RPUSD4;RPUSD4;FAM118B;FAM118B,GRCh37,cg20278498
126,10,99400181,-,PI4K2A,GRCh37,cg00997424
126,16,75498835,+,TMEM170A,GRCh37,cg07843027
126,15,49255875,+,SHC4,GRCh37,cg16711185
126,19,36119752,-,RBM42,GRCh37,cg03560090
126,19,1383349,-,NDUFS7,GRCh37,cg20330296
126,9,73029388,+,KLF9;KLF9,GRCh37,cg26798786
126,4,73935086,-,COX18,GRCh37,cg20368979
126,12,56123223,-,CD63;CD63,GRCh37,cg27215108
126,8,38853854,+,TM2D2;ADAM9;TM2D2;ADAM9;TM2D2;ADAM9;TM2D2;ADAM9;TM2D2,GRCh37,cg16652639
126,11,57282648,-,SLC43A1,GRCh37,cg07764959
126,7,150725256,+,ABCB8,GRCh37,cg20456055
126,6,26056168,-,HIST1H1C,GRCh37,cg07750111
126,1,45477977,+,UROD;HECTD3,GRCh37,cg16613192
126,14,104313278,+,PPP1R13B,GRCh37,cg10066332
126,9,124921437,-,MORN5;NDUFA8,GRCh37,cg07347725
126,4,2471025,-,RNF4,GRCh37,cg07651857
126,17,4699478,-,PSMB6;PSMB6,GRCh37,cg20693880
126,15,79237157,+,CTSH;CTSH,GRCh37,cg07448499
126,5,158690182,+,UBLCP1;UBLCP1,GRCh37,cg07444907
126,3,42622950,+,SEC22C;SEC22C,GRCh37,cg21008709
126,6,13575449,-,SIRT5;SIRT5,GRCh37,cg26753137
126,1,71546840,+,ZRANB2;ZRANB2,GRCh37,cg21032203
126,1,155113214,+,DPM3;DPM3,GRCh37,cg21038964
126,6,74363018,+,SLC17A5,GRCh37,cg01454004
126,7,102104807,+,LRWD1;ALKBH4,GRCh37,cg07404418
126,1,169337314,+,BLZF1;BLZF1;NME7;NME7,GRCh37,cg16121444
126,16,82204391,+,MPHOSPH6,GRCh37,cg16119274
126,10,64892880,-,NRBF2,GRCh37,cg10234776
126,10,75174197,+,ANXA7;ANXA7,GRCh37,cg16108132
126,4,185747098,+,ACSL1;ACSL1,GRCh37,cg16092956
126,2,204103465,-,CYP20A1;CYP20A1,GRCh37,cg10252059
126,9,116102792,+,WDR31;WDR31,GRCh37,cg00885506
126,1,115054143,-,TRIM33;TRIM33,GRCh37,cg20932765
126,11,10772434,+,CTR9,GRCh37,cg00901652
126,3,47823674,-,SMARCC1,GRCh37,cg16250355
126,12,49259726,+,RND1,GRCh37,cg27241190
126,18,3262664,+,MYL12B;MYL12B;MYL12B;MYL12B;MYL12B,GRCh37,cg16348491
126,20,32580856,+,RALY;RALY,GRCh37,cg01442481
126,2,238601467,+,LRRFIP1;LRRFIP1;LRRFIP1;LRRFIP1;LRRFIP1,GRCh37,cg20732367
126,11,118436807,-,C11orf60;C11orf60,GRCh37,cg16332060
126,1,89357418,+,GTF2B,GRCh37,cg02705666
126,2,28974102,-,PPP1CB;PPP1CB,GRCh37,cg16276199
126,12,49350941,+,ARF3,GRCh37,cg16261965
126,18,33710235,+,SLC39A6;ELP2;SLC39A6,GRCh37,cg20839219
126,4,151936449,+,LRBA,GRCh37,cg20850582
126,4,148605624,+,PRMT10,GRCh37,cg02715115
126,13,76056421,+,TBC1D4,GRCh37,cg07519011
126,8,33371225,+,C8orf41;C8orf41,GRCh37,cg07516225
126,12,57030450,+,BAZ2A,GRCh37,cg14634319
126,17,47491840,-,PHB,GRCh37,cg20887455
126,22.0,39151458,-,UNC84B,GRCh37,cg20652889
126,1,70876623,-,CTH;CTH,GRCh37,cg02917772
126,12,56497759,+,PA2G4,GRCh37,cg09011597
126,19,6424217,+,KHSRP,GRCh37,cg23307264
126,7,38217710,+,STARD3NL,GRCh37,cg00312919
126,6,28235208,-,ZNF187;ZNF187;ZNF187,GRCh37,cg26450541
126,8,122654045,+,HAS2;HAS2AS,GRCh37,cg04719491
126,1,68151105,-,GADD45A;GADD45A,GRCh37,cg04718306
126,20,11872261,-,BTBD3,GRCh37,cg14159894
126,4,152682442,+,PET112L,GRCh37,cg13218435
126,3,15642893,+,HACL1;BTD,GRCh37,cg23912721
126,20,48531577,-,SPATA2;SPATA2,GRCh37,cg13210512
126,17,37793212,-,STARD3;STARD3;STARD3,GRCh37,cg14115004
126,2,148778969,+,ORC4L;ORC4L;ORC4L,GRCh37,cg05218490
126,1,156163644,-,SLC25A44,GRCh37,cg14171523
126,1,40840012,-,SMAP2,GRCh37,cg04668164
126,12,6603428,-,NCAPD2;MRPL51,GRCh37,cg23877831
126,1,185286075,+,IVNS1ABP,GRCh37,cg25423402
126,1,111682148,-,CEPT1;CEPT1;DRAM2,GRCh37,cg23874078
126,19,14247374,-,ASF1B;ASF1B,GRCh37,cg14203758
126,1,3773909,-,DFFB;DFFB;KIAA0562,GRCh37,cg14213620
126,9,134955334,+,MED27,GRCh37,cg26228569
126,8,17434460,+,PDGFRL,GRCh37,cg04681849
126,2,20251576,-,LAPTM4A;LAPTM4A,GRCh37,cg23850377
126,4,141445059,-,ELMOD2,GRCh37,cg02157306
126,9,94123704,+,AUH,GRCh37,cg11466908
126,6,111805186,-,REV3L,GRCh37,cg25136687
126,11,2951844,-,PHLDA2,GRCh37,cg11961618
126,22.0,41697279,+,ZC3H7B,GRCh37,cg01849789
126,12,123011761,-,RSRC2;KNTC1;RSRC2;RSRC2,GRCh37,cg11510269
126,10,22609903,+,BMI1,GRCh37,cg13984351
126,9,128508709,-,PBX3;PBX3;PBX3,GRCh37,cg04794505
126,22.0,35695625,-,TOM1;TOM1;TOM1;TOM1;TOM1;TOM1,GRCh37,cg05531055
126,1,145438031,+,TXNIP,GRCh37,cg25173010
126,5,148930374,+,CSNK1A1;CSNK1A1,GRCh37,cg05607472
126,2,224467049,-,SCG2;SCG2,GRCh37,cg23988310
126,5,170815461,-,NPM1;NPM1;NPM1,GRCh37,cg14039952
126,1,33722720,-,ZNF362,GRCh37,cg11481793
126,6,30585154,-,MRPS18B;PPP1R10,GRCh37,cg01852131
126,1,54355695,-,YIPF1,GRCh37,cg13262752
126,1,167906865,-,BRP44;DCAF6;BRP44;DCAF6,GRCh37,cg25219134
126,11,36532056,+,TRAF6;TRAF6,GRCh37,cg23957424
126,1,1371347,+,VWA1;VWA1,GRCh37,cg25234611
126,6,89673710,+,RNGTT,GRCh37,cg14076411
126,3,9004773,+,RAD18,GRCh37,cg04765422
126,1,149858495,+,HIST2H2AC;HIST2H2BE,GRCh37,cg24070847
126,7,134331560,-,BPGM;BPGM;BPGM;BPGM,GRCh37,cg05680424
126,12,49525474,+,TUBA1B,GRCh37,cg14217534
126,12,54674412,+,HNRPA1L-2;HNRNPA1;HNRNPA1;CBX5,GRCh37,cg05754589
126,19,41870331,+,TMEM91;B9D2,GRCh37,cg12920798
126,1,10003572,+,NMNAT1;NMNAT1;LZIC,GRCh37,cg01929105
126,10,43634329,-,CSGALNACT2,GRCh37,cg27591196
126,8,11627812,-,NEIL2;NEIL2;NEIL2;NEIL2;NEIL2,GRCh37,cg14329976
126,16,1993130,-,SEPX1,GRCh37,cg25653103
126,22.0,50709127,+,MAPK11,GRCh37,cg00164898
126,1,118472483,-,GDAP2;GDAP2;WDR3,GRCh37,cg11320143
126,8,74883978,+,TCEB1,GRCh37,cg05751979
126,3,39148342,+,TTC21A;TTC21A;GORASP1,GRCh37,cg00239685
126,17,47865858,+,MYST2,GRCh37,cg02949544
126,7,99102081,-,ZKSCAN5;ZKSCAN5,GRCh37,cg23668257
126,17,37607105,-,MED1,GRCh37,cg05798972
126,17,4843676,+,RNF167;SLC25A11;SLC25A11;SLC25A11,GRCh37,cg14360897
126,14,78227701,+,C14orf178;SNW1,GRCh37,cg12781395
126,17,71228832,-,C17orf80;C17orf80;C17orf80;FAM104A;C17orf80;FAM104A;C17orf80;C17orf80,GRCh37,cg05815893
126,17,17380313,+,MED9;MED9,GRCh37,cg25782563
126,22.0,20862326,-,MED15;MED15,GRCh37,cg25785378
126,11,19262412,+,E2F8;E2F8,GRCh37,cg25685640
126,15,101835933,+,SNRPA1,GRCh37,cg00291877
126,7,35840410,+,SEPT7;SEPT7,GRCh37,cg04508286
126,22.0,51066394,+,ARSA;ARSA;ARSA;ARSA;ARSA;ARSA;ARSA;ARSA;ARSA,GRCh37,cg25575065
126,20,1373260,-,FKBP1A;FKBP1A,GRCh37,cg04613791
126,17,71229370,-,FAM104A;C17orf80;FAM104A;C17orf80;C17orf80,GRCh37,cg11394644
126,8,145150439,+,CYC1,GRCh37,cg26212924
126,14,24584340,+,DCAF11;DCAF11;DCAF11;DCAF11;DCAF11;DCAF11,GRCh37,cg25487438
126,1,117910371,+,MAN1A2;MAN1A2,GRCh37,cg23828212
126,6,139696378,+,CITED2;CITED2;CITED2,GRCh37,cg12082568
126,8,145516294,-,HSF1;BOP1,GRCh37,cg11375622
126,14,96001246,+,GLRX5;SNHG10;SCARNA13;SNHG10,GRCh37,cg11375079
126,11,118272104,+,ATP5L;ATP5L,GRCh37,cg23740844
126,1,165668181,-,ALDH9A1,GRCh37,cg11373746
126,8,38240894,+,WHSC1L1;WHSC1L1,GRCh37,cg25510610
126,2,150444436,+,MMADHC,GRCh37,cg12086773
126,15,89631191,+,ABHD2;ABHD2,GRCh37,cg25523753
126,19,1021362,+,C19orf6;C19orf6,GRCh37,cg23792364
126,17,4614312,-,ARRB2;ARRB2,GRCh37,cg23779331
126,11,120195822,-,TMEM136,GRCh37,cg04531254
126,15,91446813,+,MAN2A2,GRCh37,cg12984356
126,1,6259905,+,RPL22,GRCh37,cg14303330
126,8,37888493,-,EIF4EBP1,GRCh37,cg25500285
126,2,88990738,-,RPIA,GRCh37,cg13293721
126,11,77705488,-,INTS4,GRCh37,cg25126052
126,9,127177646,+,PSMB7,GRCh37,cg25118574
126,6,122793162,-,PKIB;PKIB;SERINC1,GRCh37,cg24758027
126,6,28891967,-,TRIM27,GRCh37,cg05293407
126,3,197476294,-,FYTTD1;KIAA0226;KIAA0226;FYTTD1;FYTTD1,GRCh37,cg26336277
126,1,167691881,-,MPZL1;MPZL1;MPZL1,GRCh37,cg03001647
126,8,48873190,+,MCM4;MCM4;PRKDC;PRKDC,GRCh37,cg24792272
126,3,156878512,-,CCNL1,GRCh37,cg24408817
126,10,120967744,+,GRK5,GRCh37,cg23303782
126,3,24535774,+,THRB;THRB;THRB,GRCh37,cg13518327
126,1,6614664,+,TAS1R1;TAS1R1;NOL9;TAS1R1;TAS1R1,GRCh37,cg05086993
126,8,27950972,+,ELP3,GRCh37,cg05026033
126,3,44803638,-,KIAA1143;KIF15,GRCh37,cg24858591
126,15,30113723,-,TJP1;TJP1,GRCh37,cg13836627
126,18,51884797,+,C18orf54,GRCh37,cg00381076
126,2,153032743,+,STAM2,GRCh37,cg24904765
126,11,108092707,-,ATM;NPAT,GRCh37,cg01800843
126,20,33999761,+,UQCC;UQCC,GRCh37,cg24906992
126,12,66696283,+,HELB,GRCh37,cg04982748
126,2,151343868,+,RND3,GRCh37,cg11626656
126,16,5122251,-,ALG1,GRCh37,cg13516796
126,11,118436523,-,C11orf60;C11orf60;C11orf60;C11orf60,GRCh37,cg24355174
126,3,113464350,+,NAA50,GRCh37,cg24454435
126,6,34394031,+,RPS10,GRCh37,cg11655418
126,9,79791919,-,VPS13A;VPS13A;LOC100286938;VPS13A;VPS13A,GRCh37,cg13724288
126,20,62588125,-,UCKL1AS;UCKL1;ZNF512B,GRCh37,cg24524435
126,2,44222568,+,LRPPRC,GRCh37,cg13721560
126,3,156272814,+,SSR3,GRCh37,cg24517609
126,16,75657337,+,ADAT1,GRCh37,cg05165580
126,1,43283185,-,CCDC23;ERMAP,GRCh37,cg01782487
126,12,125550350,-,AACS,GRCh37,cg03013422
126,3,53164389,+,RFT1,GRCh37,cg01783386
126,19,16739945,-,MED26,GRCh37,cg24459023
126,16,1993336,+,SEPX1,GRCh37,cg13652556
126,16,81111074,-,C16orf46;C16orf46,GRCh37,cg24687764
126,22.0,38004444,-,GGA1;GGA1;GGA1,GRCh37,cg24480194
126,9,125675579,+,ZBTB6;ZBTB6,GRCh37,cg13625113
126,2,55845095,+,SMEK2;SMEK2,GRCh37,cg13617705
126,1,74663750,-,LRRIQ3;TNNI3K;FPGT;LRRIQ3,GRCh37,cg00402366
126,14,31090880,+,SCFD1;SCFD1,GRCh37,cg24478145
126,19,36207871,+,MLL4;ZBTB32,GRCh37,cg24471867
126,6,26157673,+,HIST1H2BD;HIST1H2BD,GRCh37,cg03007571
126,19,50528836,+,VRK3;ZNF473;ZNF473;VRK3,GRCh37,cg24484103
126,4,89513149,+,HERC3,GRCh37,cg01802653
126,11,108535499,+,DDX10,GRCh37,cg24936630
126,12,6960807,+,USP5;USP5;CDCA3,GRCh37,cg24345793
126,19,12912527,-,PRDX2;PRDX2,GRCh37,cg00155609
126,5,170814287,-,NPM1;NPM1;NPM1,GRCh37,cg24145210
126,5,81268366,+,ATG10;ATG10,GRCh37,cg24136586
126,2,95963057,+,KCNIP3,GRCh37,cg05443740
126,12,93963504,-,SOCS2,GRCh37,cg24117442
126,1,212209499,+,INTS7;DTL,GRCh37,cg11901954
126,14,102276267,-,PPP2R5C;PPP2R5C;PPP2R5C;PPP2R5C;PPP2R5C;PPP2R5C;PPP2R5C;PPP2R5C,GRCh37,cg11903096
126,10,103114219,-,BTRC;BTRC,GRCh37,cg13962355
126,10,38265215,+,ZNF25,GRCh37,cg24146166
126,12,42720070,-,PPHLN1;PPHLN1;PPHLN1;PPHLN1;PPHLN1;PPHLN1;PPHLN1;PPHLN1;ZCRB1,GRCh37,cg25070480
126,12,106751417,-,POLR3B;POLR3B,GRCh37,cg24107581
126,6,149067742,-,UST,GRCh37,cg25089231
126,9,131790894,-,SH3GLB2,GRCh37,cg11526405
126,8,30891510,-,PURG;PURG;WRN,GRCh37,cg04833152
126,2,101869975,+,C2orf29,GRCh37,cg00479269
126,12,112847257,+,RPL6;RPL6;RPL6,GRCh37,cg13296563
126,3,101443408,-,CEP97,GRCh37,cg03072102
126,3,119396386,+,COX17,GRCh37,cg11951446
126,4,128886049,+,C4orf29;MFSD8,GRCh37,cg11528666
126,18,71959595,-,CYB5A;CYB5A,GRCh37,cg27662877
126,4,147443478,-,SLC10A7;SLC10A7,GRCh37,cg05417615
126,8,82633648,+,ZFAND1;ZFAND1;ZFAND1;ZFAND1;ZFAND1;ZFAND1;ZFAND1,GRCh37,cg24229963
126,6,37137464,+,PIM1,GRCh37,cg02123547
126,15,86337433,-,KLHL25,GRCh37,cg24345138
126,17,61627470,+,DCAF7,GRCh37,cg27518692
126,5,77071525,-,TBCA,GRCh37,cg13438543
126,13,26828068,-,CDK8,GRCh37,cg13433272
126,17,58042493,-,RNFT1,GRCh37,cg27541374
126,5,179126433,-,CANX;CANX,GRCh37,cg13859478
126,2,209119750,+,IDH1;IDH1,GRCh37,cg24324379
126,14,61190965,+,SIX4,GRCh37,cg03059018
126,8,29208983,-,DUSP4,GRCh37,cg00355802
126,14,23058032,-,DAD1,GRCh37,cg13386234
126,10,71992660,+,PPA1,GRCh37,cg11880892
126,6,86302808,-,SNX14;SNX14,GRCh37,cg24284910
126,2,171673207,+,GAD1;GAD1;GAD1;GAD1,GRCh37,cg11582100
126,2,242042016,+,MTERFD2;MTERFD2;MTERFD2;MTERFD2,GRCh37,cg04884732
126,6,135502794,-,MYB;MYB;MYB;MYB;MYB;MYB;MYB;MYB,GRCh37,cg11579069
126,11,58912174,+,FAM111A;FAM111A;FAM111A;FAM111A;FAM111A,GRCh37,cg24238205
126,1,67896192,-,SERBP1;SERBP1;SERBP1;SERBP1,GRCh37,cg27462969
126,2,71221890,-,TEX261;TEX261,GRCh37,cg05409038
126,4,107237183,+,TBCK;TBCK;AIMP1;AIMP1;TBCK;TBCK;TBCK;AIMP1;TBCK;AIMP1;TBCK,GRCh37,cg00230271
126,7,48128452,+,UPP1;UPP1;UPP1,GRCh37,cg00524288
126,14,70826495,-,COX16,GRCh37,cg13729392
126,19,39897131,+,ZFP36,GRCh37,cg23346960
126,6,75994825,-,TMEM30A;TMEM30A,GRCh37,cg26174387
126,14,76044228,-,FLVCR2,GRCh37,cg23575320
126,10,105677801,-,OBFC1,GRCh37,cg23333420
126,11,118401071,-,TMEM25;TMEM25;TMEM25;TMEM25;TMEM25;TTC36;TMEM25,GRCh37,cg23326785
126,19,37701738,+,ZNF585B,GRCh37,cg03147990
126,12,4648274,-,RAD51AP1;C12orf4;RAD51AP1,GRCh37,cg26127679
126,19,36139062,+,COX6B1,GRCh37,cg12680071
126,2,178483882,+,TTC30A,GRCh37,cg26147657
126,12,27677138,-,PPFIBP1;PPFIBP1;PPFIBP1;PPFIBP1,GRCh37,cg06058319
126,3,122233584,+,KPNA1;KPNA1,GRCh37,cg14526843
126,15,64387986,+,SNX1;SNX1;SNX1,GRCh37,cg04400030
126,1,89356964,-,GTF2B,GRCh37,cg04270788
126,4,57333643,+,SRP72,GRCh37,cg03129910
126,19,39110062,-,EIF3K;MAP4K1;MAP4K1,GRCh37,cg14631703
126,12,57985234,+,PIP4K2C;PIP4K2C;PIP4K2C;PIP4K2C,GRCh37,cg05876918
126,15,76351548,+,C15orf27,GRCh37,cg23484278
126,13,31191332,-,USPL1,GRCh37,cg04198824
126,11,72433619,+,ARAP1;ARAP1;ARAP1,GRCh37,cg00211661
126,4,79696708,-,BMP2K;BMP2K,GRCh37,cg26112353
126,12,123717888,-,C12orf65;C12orf65;C12orf65,GRCh37,cg14571620
126,2,118846289,-,INSIG2,GRCh37,cg04195527
126,10,32735292,-,CCDC7;CCDC7;CCDC7;CCDC7,GRCh37,cg12651014
126,6,138188823,-,TNFAIP3,GRCh37,cg14527802
126,9,123342680,+,CDK5RAP2;CDK5RAP2,GRCh37,cg12576700
126,2,201753874,+,PPIL3;NIF3L1;NIF3L1;PPIL3;PPIL3;PPIL3;NIF3L1,GRCh37,cg12465398
126,16,69599438,-,NFAT5;NFAT5;NFAT5;NFAT5;NFAT5;NFAT5;NFAT5;NFAT5;NFAT5;NFAT5,GRCh37,cg26183662
126,10,101419627,-,ENTPD7,GRCh37,cg14434255
126,13,46626792,+,ZC3H13,GRCh37,cg12378831
126,17,26898949,-,PIGS,GRCh37,cg26147132
126,8,48921407,-,UBE2V2,GRCh37,cg14473123
126,14,58711667,-,PSMA3;PSMA3,GRCh37,cg12533010
126,4,170542171,+,CLCN3;CLCN3;CLCN3;CLCN3,GRCh37,cg26171231
126,7,151573773,+,PRKAG2;PRKAG2,GRCh37,cg05953394
126,17,38296295,+,CASC3,GRCh37,cg26061772
126,15,102264062,+,TARSL2,GRCh37,cg14482322
126,1,43233523,-,LEPRE1;C1orf50;LEPRE1,GRCh37,cg27657283
126,3,50126434,-,RBM5;RBM5,GRCh37,cg12444340
126,5,137673669,+,FAM53C;FAM53C,GRCh37,cg00197381
126,12,52344971,-,ACVR1B;ACVR1B;ACVR1B,GRCh37,cg05940536
126,6,26125480,-,HIST1H2BC,GRCh37,cg02924961
126,22.0,40767218,+,SGSM3,GRCh37,cg04316770
126,5,219185,-,SDHA;CCDC127,GRCh37,cg12570787
126,10,135192102,+,PAOX;PAOX;PAOX,GRCh37,cg12292686
126,5,44808879,+,MRPS30,GRCh37,cg23455614
126,16,11349372,-,SOCS1,GRCh37,cg26012103
126,6,88118362,+,C6orf165;C6orf165,GRCh37,cg26132665
126,17,58603785,+,APPBP2,GRCh37,cg14623313
126,11,77185492,+,PAK1;PAK1,GRCh37,cg14521746
126,20,31408213,-,MAPRE1,GRCh37,cg05857825
126,9,127963181,-,RABEPK;RABEPK,GRCh37,cg03283569
126,11,68038788,-,C11orf24,GRCh37,cg27655905
126,1,38156545,-,C1orf109,GRCh37,cg12339802
126,5,75698732,+,IQGAP2,GRCh37,cg03132911
126,2,27603239,-,ZNF513,GRCh37,cg23337289
126,17,1588445,+,PRPF8,GRCh37,cg04317366
127,8,42065314,-,PLAT;PLAT,GRCh37,cg12091331
128,8,145690383,+,KIFC2;CYHR1;CYHR1;CYHR1;CYHR1,GRCh37,cg04794268
129,1,53528612,-,PODN,GRCh37,cg23092823
130,17,3100972,-,OR1A2,GRCh37,cg16678925
130,20,31595346,-,BPIL1,GRCh37,cg10968815
130,5,71803938,-,ZNF366,GRCh37,cg15037004
130,20,238156,-,DEFB132,GRCh37,cg18239253
130,1,207038704,-,IL20,GRCh37,cg01103730
131,10,102988529,-,LBX1;FLJ41350,GRCh37,cg03285457
132,1,160681404,-,CD48,GRCh37,cg13311440
132,6,134209980,+,TCF21;TCF21,GRCh37,cg10771262
133,1,153518054,-,S100A4;S100A4,GRCh37,cg26894575
133,17,10602001,+,C17orf48;SCO1,GRCh37,cg12478185
133,13,103054076,+,FGF14;FGF14,GRCh37,cg18977436
134,19,10450022,+,ICAM3,GRCh37,cg14145194
134,19,48752990,+,CARD8,GRCh37,cg26683005
134,17,59533844,-,TBX4;TBX4,GRCh37,cg18536148
134,1,202130920,+,PTPN7,GRCh37,cg23506842
134,2,100759014,-,AFF3;AFF3,GRCh37,cg07349094
134,16,28996449,+,LAT;LAT;LAT;LAT;LAT;LAT;LAT,GRCh37,cg23663476
134,11,60739178,-,CD6;CD6,GRCh37,cg09902130
134,11,67205195,-,PTPRCAP,GRCh37,cg20792833
134,4,24795830,+,SOD3,GRCh37,cg10307548
134,14,23589419,-,CEBPE,GRCh37,cg15691199
134,12,47609357,+,LOC100233209;FAM113B,GRCh37,cg03569637
134,19,10222409,-,PPAN-P2RY11;P2RY11,GRCh37,cg18910313
134,16,29757334,-,C16orf54;C16orf54,GRCh37,cg26285698
134,17,76127217,-,TMC8;TMC6,GRCh37,cg19056418
134,3,50313996,-,SEMA3B;SEMA3B,GRCh37,cg08097657
134,1,150947896,+,LASS2;LASS2,GRCh37,cg18611122
134,5,132161867,-,SHROOM1;SHROOM1,GRCh37,cg16609957
135,8,39791224,+,IDO2,GRCh37,cg16957569
135,4,68622191,+,GNRHR;GNRHR,GRCh37,cg27219973
135,11,118175631,-,CD3E,GRCh37,cg24612198
135,5,135231514,+,IL9;IL9,GRCh37,cg24585690
135,10,49483356,-,FRMPD2;FRMPD2,GRCh37,cg05859842
135,4,120056829,-,MYOZ2,GRCh37,cg07598199
136,1,85930151,-,DDAH1;DDAH1,GRCh37,cg21589280
136,1,94884541,-,ABCD3;ABCD3,GRCh37,cg09869791
136,1,46712613,-,RAD54L;RAD54L,GRCh37,cg03262773
136,2,65455536,-,ACTR2;ACTR2,GRCh37,cg15235832
136,10,72163718,-,EIF4EBP2,GRCh37,cg12230010
136,11,18035350,+,SERGEF,GRCh37,cg18568653
136,5,36152436,+,SKP2;SKP2;LMBRD2,GRCh37,cg14711201
136,16,2933841,+,FLYWCH2;FLYWCH2;FLYWCH2,GRCh37,cg12741488
136,6,31783364,-,HSPA1A;HSPA1L;HSPA1A,GRCh37,cg00929855
136,4,85888263,+,WDFY3;C4orf12,GRCh37,cg04595835
136,7,91510326,+,MTERF,GRCh37,cg17054360
136,3,69788840,-,MITF,GRCh37,cg14246617
136,5,70882903,-,MCCC2,GRCh37,cg13793354
136,19,49999468,-,RPS11,GRCh37,cg26490839
136,20,21283521,+,XRN2,GRCh37,cg27394046
136,1,22109947,-,USP48;USP48,GRCh37,cg18325289
136,1,222763149,+,TAF1A;TAF1A;TAF1A;TAF1A,GRCh37,cg25385272
136,11,33183343,+,CSTF3;CSTF3;CSTF3,GRCh37,cg25409040
136,9,37800484,-,DCAF10,GRCh37,cg04660234
136,17,47841827,-,FAM117A,GRCh37,cg13145440
136,12,80085268,+,PAWR,GRCh37,cg00864867
136,19,1438438,+,RPS15,GRCh37,cg15408407
136,14,65453617,+,FNTB;FNTB,GRCh37,cg10740670
136,10,75173374,-,ANXA7;ANXA7,GRCh37,cg04305134
136,8,74884794,+,TCEB1,GRCh37,cg23526055
136,1,23886409,+,ID3,GRCh37,cg19532954
136,3,178866004,+,PIK3CA,GRCh37,cg19522332
136,12,3982140,+,PARP11,GRCh37,cg08761447
136,6,33239694,+,VPS52;RPS18,GRCh37,cg20557567
136,5,64858848,+,CENPK;PPWD1,GRCh37,cg11044823
136,4,99579248,+,TSPAN5,GRCh37,cg00622677
136,9,15511358,+,PSIP1;PSIP1;PSIP1,GRCh37,cg01998146
136,11,82905199,+,ANKRD42,GRCh37,cg15749322
136,9,33474004,-,NOL6;SUGT1P1;NOL6,GRCh37,cg03863549
136,10,15138793,-,C10orf111;RPP38;RPP38;RPP38,GRCh37,cg23179321
136,7,45151440,+,TBRG4;TBRG4;TBRG4,GRCh37,cg19469297
136,4,48833587,+,OCIAD1;OCIAD1;OCIAD1;OCIAD1;OCIAD1;OCIAD1,GRCh37,cg06422693
136,19,52531777,-,ZNF614,GRCh37,cg25776555
136,8,66546482,+,ARMC1,GRCh37,cg20587336
136,19,18668516,+,C19orf50,GRCh37,cg26964415
136,15,29562142,+,NDNL2;FAM189A1,GRCh37,cg01665633
136,12,53645647,+,MFSD5;MFSD5,GRCh37,cg12835684
136,17,40925245,-,VPS25,GRCh37,cg20443314
136,5,78908678,+,PAPD4;PAPD4;PAPD4;PAPD4,GRCh37,cg05577173
136,17,37617470,+,CDK12;CDK12,GRCh37,cg12477119
136,1,149860026,-,HIST2H2AB,GRCh37,cg07807709
136,2,136634144,+,MCM6,GRCh37,cg12124516
136,9,136215029,-,SNORD24;MED22;RPL7A;MED22,GRCh37,cg11011602
136,5,61699957,+,DIMT1L,GRCh37,cg04883450
136,19,45418417,+,APOC1,GRCh37,cg11337525
136,2,220043530,+,FAM134A,GRCh37,cg12361925
136,15,89631790,-,ABHD2;ABHD2;ABHD2;ABHD2,GRCh37,cg21273125
136,6,90539239,-,CASP8AP2;CASP8AP2;CASP8AP2,GRCh37,cg25887294
136,2,74692696,-,MOGS;MOGS,GRCh37,cg24478630
136,17,54911265,-,DGKE,GRCh37,cg27227786
136,16,56642761,-,MT2A,GRCh37,cg01190915
136,1,78444964,-,FUBP1,GRCh37,cg08707063
136,4,44727930,-,GNPDA2,GRCh37,cg10217449
136,1,27560832,+,WDTC1,GRCh37,cg21824902
136,6,13486545,-,C6orf114;GFOD1,GRCh37,cg22023770
136,7,23637023,+,CCDC126;CCDC126,GRCh37,cg25635316
136,17,48796751,-,LUC7L3;LUC7L3,GRCh37,cg05766425
136,18,60986911,-,BCL2;BCL2,GRCh37,cg08554462
136,1,218458683,+,RRP15,GRCh37,cg17417191
136,3,14165843,-,TMEM43;CHCHD4;CHCHD4,GRCh37,cg21666675
136,4,99182798,-,RAP1GDS1;RAP1GDS1;RAP1GDS1;RAP1GDS1;RAP1GDS1;RAP1GDS1,GRCh37,cg26406994
136,6,30524853,+,PRR3;PRR3;PRR3;GNL1;PRR3;GNL1,GRCh37,cg14284643
136,17,59941055,+,BRIP1,GRCh37,cg05986149
136,17,74732291,-,SFRS2;MFSD11,GRCh37,cg08524221
136,12,53661749,-,ESPL1,GRCh37,cg13445358
136,3,142166789,-,XRN1;XRN1;XRN1;XRN1,GRCh37,cg25264554
136,15,55611099,-,PIGB,GRCh37,cg03843852
136,9,132586569,+,TOR1A,GRCh37,cg21374864
136,19,18682387,-,UBA52;UBA52,GRCh37,cg24356797
136,6,147524578,+,STXBP5;STXBP5,GRCh37,cg01135200
136,19,18529846,-,SSBP4;SSBP4,GRCh37,cg01532080
136,14,35591781,+,PPP2R3C;KIAA0391;KIAA0391,GRCh37,cg25755261
136,22.0,29196047,+,XBP1;XBP1,GRCh37,cg14013300
136,9,33024747,+,DNAJA1,GRCh37,cg10624768
136,4,166248219,-,SC4MOL;SC4MOL,GRCh37,cg12572545
136,6,108582627,+,SNX3;SNX3,GRCh37,cg08417687
136,4,146019130,+,ABCE1;ANAPC10;ABCE1,GRCh37,cg00375964
136,13,28195548,-,POLR1D;LNX2;POLR1D,GRCh37,cg21097640
136,14,67826378,-,EIF2S1;ATP6V1D,GRCh37,cg20908993
136,8,67578787,+,VCPIP1,GRCh37,cg12790134
136,1,151882157,-,THEM4,GRCh37,cg07017477
136,6,75915840,-,COL12A1;COL12A1,GRCh37,cg26780404
136,6,28891718,-,TRIM27;TRIM27,GRCh37,cg15629064
137,12,106977074,-,RFX4;RFX4,GRCh37,cg12025941
137,4,154710900,+,SFRP2,GRCh37,cg23910835
137,5,172199661,-,DUSP1,GRCh37,cg16957313
137,15,26108796,+,ATP10A,GRCh37,cg15523238
137,16,10970801,-,CIITA,GRCh37,cg26239233
137,10,100995305,+,HPSE2;HPSE2;HPSE2;HPSE2,GRCh37,cg20552296
137,17,47209827,-,B4GALNT2;B4GALNT2;B4GALNT2;B4GALNT2,GRCh37,cg20233029
137,11,22359188,-,SLC17A6,GRCh37,cg04270835
137,1,155829549,+,SYT11;SYT11,GRCh37,cg25446086
137,11,125366421,-,FEZ1;FEZ1,GRCh37,cg08221207
137,7,27187372,+,HOXA6,GRCh37,cg04265576
137,2,102003306,+,CREG2,GRCh37,cg21388029
137,10,6622777,-,PRKCQ,GRCh37,cg12245996
137,21.0,28339705,+,ADAMTS5,GRCh37,cg18895813
137,1,152670843,-,LCE2A;LCE2A,GRCh37,cg13697387
137,2,16846569,-,FAM49A,GRCh37,cg24242519
137,20,17208109,+,PCSK2,GRCh37,cg05846716
138,7,130126018,-,MEST,GRCh37,cg09059945
138,7,130126182,+,MEST;MEST,GRCh37,cg09872616
138,7,130126368,-,MEST,GRCh37,cg08077673
139,1,24152774,+,HMGCL;HMGCL,GRCh37,cg18888403
139,11,1855665,+,SYT8,GRCh37,cg24331162
139,2,265872,+,ACP1;ACP1;ACP1;ACP1,GRCh37,cg27226618
139,1,41950237,-,EDN2,GRCh37,cg20367961
139,16,57653702,+,GPR56;GPR56,GRCh37,cg25645462
139,6,42928920,-,GNMT,GRCh37,cg24751129
139,1,27189787,-,SFN,GRCh37,cg03421300
139,11,394199,-,PKP3,GRCh37,cg08314660
139,16,89725401,+,C16orf55;CHMP1A;CHMP1A,GRCh37,cg02910574
139,16,67233277,+,ELMO3,GRCh37,cg25341653
139,16,57654347,-,GPR56;GPR56,GRCh37,cg04001668
140,2,239149859,+,HES6;HES6,GRCh37,cg24127874
141,17,42092431,+,TMEM101,GRCh37,cg12259256
141,17,42092247,+,TMEM101,GRCh37,cg24638647
142,11,32449450,+,WT1;WT1;WT1;WT1,GRCh37,cg04096767
143,19,50431425,+,NUP62;ATF5;NUP62;NUP62;IL4I1;NUP62,GRCh37,cg23878206
143,9,22005288,+,CDKN2BAS;CDKN2B;CDKN2B,GRCh37,cg19481686
143,1,41708464,+,SCMH1,GRCh37,cg03387723
143,6,31127527,+,TCF19;TCF19,GRCh37,cg23654219
143,2,10261907,+,RRM2;RRM2,GRCh37,cg18623836
144,20,2361431,-,TGM6,GRCh37,cg23278885
144,1,25229192,+,RUNX3;RUNX3,GRCh37,cg04757093
144,9,136500234,+,DBH,GRCh37,cg25020204
144,11,2016848,+,H19,GRCh37,cg23977670
144,16,3306524,-,MEFV,GRCh37,cg07842062
144,7,100544704,-,,GRCh37,cg00644033
144,11,2891402,+,KCNQ1DN,GRCh37,cg09998591
144,6,32191895,-,NOTCH4,GRCh37,cg05973262
144,3,126237373,+,UROC1;UROC1,GRCh37,cg17676574
144,20,30226046,-,COX4I2,GRCh37,cg09027725
144,11,1213459,-,,GRCh37,cg03818682
144,3,128186859,-,DNAJB8,GRCh37,cg03022541
144,5,1225719,+,SLC6A18,GRCh37,cg02064402
145,12,48965123,-,LALBA,GRCh37,cg01726767
145,10,48390936,-,RBP3;RBP3,GRCh37,cg17964955
145,2,88427561,+,FABP1;FABP1,GRCh37,cg19910382
145,19,375831,-,THEG;THEG,GRCh37,cg27227797
145,6,30919513,-,DPCR1,GRCh37,cg20965815
145,2,238322680,-,COL6A3;COL6A3;COL6A3;COL6A3;COL6A3;COL6A3;COL6A3;COL6A3;COL6A3;COL6A3,GRCh37,cg00573606
145,17,62050038,-,SCN4A,GRCh37,cg13694749
145,2,68871642,+,PROKR1,GRCh37,cg00962459
145,13,114321466,-,GRK1,GRCh37,cg09034896
145,19,40440416,+,FCGBP,GRCh37,cg24030627
145,18,61157615,+,SERPINB5,GRCh37,cg06682185
145,18,56246997,-,ALPK2,GRCh37,cg15783800
145,3,10492478,+,ATP2B2;ATP2B2,GRCh37,cg10500167
145,12,57443622,+,MYO1A,GRCh37,cg09541248
145,3,51938430,-,IQCF1,GRCh37,cg16660041
145,13,37454023,-,SMAD9;SMAD9,GRCh37,cg27508002
145,2,48808114,-,STON1-GTF2A1L;STON1,GRCh37,cg25061755
145,7,3084516,-,CARD11,GRCh37,cg18321354
145,22.0,32651345,+,SLC5A4,GRCh37,cg21578906
145,19,56687199,+,GALP;GALP,GRCh37,cg23075286
145,9,135042197,+,NTNG2,GRCh37,cg09059635
145,20,43850511,-,SEMG2,GRCh37,cg02311163
146,3,6903153,-,GRM7;GRM7,GRCh37,cg02332525
146,10,50818911,+,SLC18A3;CHAT,GRCh37,cg14008883
147,7,70597091,+,WBSCR17,GRCh37,cg01366419
148,12,4384022,+,CCND2,GRCh37,cg13801381
148,12,4383699,+,CCND2,GRCh37,cg12382902
148,12,4383724,+,CCND2,GRCh37,cg16994506
149,17,48546620,-,CHAD;ACSF2,GRCh37,cg06818777
149,17,48546118,-,ACSF2;CHAD,GRCh37,cg06958829
150,1,206857947,+,MAPKAPK2;MAPKAPK2,GRCh37,cg03958426
150,22.0,17601381,-,CECR6;CECR6,GRCh37,cg12373771
151,9,133540108,+,PRDM12,GRCh37,cg09191327
151,16,24266905,-,CACNG3;CACNG3,GRCh37,cg17234150
151,6,1389146,-,FOXF2,GRCh37,cg03848675
151,10,1779667,+,ADARB2;ADARB2,GRCh37,cg05307923
151,7,86273429,-,GRM3;GRM3,GRCh37,cg14724613
151,2,219850301,-,FEV;FEV,GRCh37,cg11269533
151,12,113910545,-,LHX5,GRCh37,cg23922454
151,6,391114,+,IRF4,GRCh37,cg25140370
151,20,53091739,-,DOK5,GRCh37,cg09260441
151,16,82661725,-,CDH13,GRCh37,cg19369556
151,8,50823468,+,SNTG1,GRCh37,cg08896053
151,19,51487360,+,KLK7;KLK7,GRCh37,cg19953406
151,8,57026301,-,MOS,GRCh37,cg22411207
151,12,14133426,+,GRIN2B,GRCh37,cg13264741
152,1,89829951,-,GBP6,GRCh37,cg24959428
152,16,67223955,+,EXOC3L;EXOC3L,GRCh37,cg04802221
152,16,11375385,-,PRM1,GRCh37,cg24075743
152,19,35719126,+,FAM187B,GRCh37,cg15571154
152,10,73723221,-,CHST3,GRCh37,cg04268405
152,17,56159620,-,DYNLL2,GRCh37,cg07056057
152,11,2193034,+,TH;TH;TH;TH;TH;TH,GRCh37,cg05912121
152,16,48180664,+,ABCC12;ABCC12,GRCh37,cg12940073
152,17,65040609,+,CACNG1,GRCh37,cg24459563
152,3,48601117,+,UCN2,GRCh37,cg10135708
152,12,97886312,+,RMST,GRCh37,cg04303901
152,8,124749564,-,ANXA13;ANXA13,GRCh37,cg00283535
152,22.0,26137524,-,MYO18B,GRCh37,cg25013838
152,9,5231539,+,INSL4,GRCh37,cg12067261
152,10,125806388,-,CHST15,GRCh37,cg25475443
152,7,99574383,+,AZGP1,GRCh37,cg12019109
152,21,43771664,+,TFF2,GRCh37,cg11158374
152,6,168398981,-,,GRCh37,cg11251877
152,5,146461855,+,PPP2R2B;PPP2R2B,GRCh37,cg17342759
152,11,71259251,+,KRTAP5-9,GRCh37,cg26832211
152,2,241080464,+,OTOS,GRCh37,cg18790143
152,6,41714182,-,PGC;PGC,GRCh37,cg17391877
152,1,54359132,-,DIO1;DIO1;DIO1;DIO1,GRCh37,cg03886898
152,22.0,25617422,+,CRYBB2,GRCh37,cg10490064
152,19,35627220,-,LGI4,GRCh37,cg17920197
152,11,2193041,-,TH;TH;TH,GRCh37,cg08573687
152,19,42931679,-,LIPE,GRCh37,cg14679230
152,4,71457838,+,AMBN,GRCh37,cg13523386
152,16,19297743,-,LOC728276,GRCh37,cg23444894
152,19,41496749,-,CYP2B6,GRCh37,cg10322876
152,20,16729319,+,OTOR,GRCh37,cg16537367
153,11,75917353,+,WNT11,GRCh37,cg21238457
153,20,61448534,-,COL9A3,GRCh37,cg06497752
154,11,20690957,+,NELL1;NELL1,GRCh37,cg17371081
155,6,133035235,+,VNN1,GRCh37,cg02184413
156,12,118498675,-,WSB2,GRCh37,cg26778807
156,9,97488940,-,C9orf3,GRCh37,cg26277709
156,6,132129363,+,ENPP1,GRCh37,cg01818492
156,17,37856378,+,ERBB2;ERBB2;ERBB2,GRCh37,cg26111030
156,17,48503634,-,ACSF2,GRCh37,cg02516388
156,9,140353475,+,NELF;NELF;NELF;NELF,GRCh37,cg07772309
156,3,170075773,-,SKIL;SKIL,GRCh37,cg03159785
156,11,76778247,-,CAPN5,GRCh37,cg16641915
156,8,141646303,+,EIF2C2;EIF2C2,GRCh37,cg13405161
156,11,6502990,+,FXC1;ARFIP2,GRCh37,cg24975769
156,2,64681733,-,HSPC159,GRCh37,cg12691366
156,14,61788328,-,PRKCH,GRCh37,cg13425637
156,7,93633593,+,BET1;BET1,GRCh37,cg20831492
156,5,177557700,-,RMND5B,GRCh37,cg16257040
156,17,47754976,+,SPOP;SPOP;SPOP;SPOP;SPOP;SPOP,GRCh37,cg01446983
156,3,57994372,+,FLNB;FLNB;FLNB;FLNB,GRCh37,cg13577407
156,2,241525811,-,CAPN10;CAPN10;CAPN10;CAPN10,GRCh37,cg24767315
156,7,128049863,-,IMPDH1;IMPDH1;IMPDH1;IMPDH1,GRCh37,cg05089059
156,11,65625717,-,CFL1;CFL1,GRCh37,cg02715140
156,2,157189316,+,NR4A2,GRCh37,cg16246410
156,1,35325533,-,C1orf212;C1orf212;C1orf212,GRCh37,cg20913782
156,16,284647,+,ITFG3,GRCh37,cg26762198
156,12,1800488,+,ADIPOR2,GRCh37,cg16245844
156,1,8938751,+,ENO1;ENO1,GRCh37,cg07483064
156,16,4897216,+,UBN1;GLYR1,GRCh37,cg01261535
156,1,91966361,-,CDC7;CDC7;CDC7,GRCh37,cg13599025
156,1,22379390,-,CDC42;CDC42;CDC42,GRCh37,cg16268051
156,3,50365552,+,TUSC2;TUSC2,GRCh37,cg16225429
156,17,80477962,+,FOXK2,GRCh37,cg18242682
156,20,30539733,+,PDRG1,GRCh37,cg10211877
156,1,228290868,+,C1orf35,GRCh37,cg00105470
156,9,132565518,-,TOR1B,GRCh37,cg21060854
156,8,29120487,+,KIF13B,GRCh37,cg10220156
156,5,178157518,+,ZNF354A,GRCh37,cg10224037
156,1,11120574,+,SRM,GRCh37,cg21099221
156,10,106014893,-,GSTO1,GRCh37,cg26358059
156,3,114865874,+,ZBTB20,GRCh37,cg26152597
156,15,75165896,-,SCAMP2,GRCh37,cg10253484
156,7,99036534,-,CPSF4;PTCD1;CPSF4,GRCh37,cg10256052
156,21,35015683,+,ITSN1;ITSN1,GRCh37,cg01465641
156,6,151712546,-,ZBTB2,GRCh37,cg01998682
156,6,139309321,-,REPS1;REPS1;REPS1;REPS1,GRCh37,cg18217172
156,5,126112439,-,LMNB1,GRCh37,cg20986134
156,6,114291911,-,HDAC2,GRCh37,cg18387216
156,7,140624905,+,BRAF,GRCh37,cg10141022
156,11,22647309,-,FANCF,GRCh37,cg00146096
156,5,176873808,+,PRR7;PRR7,GRCh37,cg01805784
156,1,228270207,-,ARF1;ARF1;ARF1;ARF1,GRCh37,cg16582344
156,11,118966186,+,H2AFX,GRCh37,cg07697569
156,16,46723048,+,ORC6L;VPS35;VPS35,GRCh37,cg13448401
156,17,73267439,+,MIF4GD,GRCh37,cg20590849
156,3,133614578,-,RAB6B;RAB6B,GRCh37,cg20591405
156,2,241526520,-,CAPN10;CAPN10;CAPN10;CAPN10,GRCh37,cg24941797
156,1,11865920,+,CLCN6;CLCN6;MTHFR;CLCN6;CLCN6,GRCh37,cg27012203
156,18,13218595,+,C18orf1;C18orf1,GRCh37,cg18106189
156,10,126848743,-,CTBP2;CTBP2,GRCh37,cg04233664
156,17,74732700,+,SFRS2;MFSD11;MIR636,GRCh37,cg00953277
156,19,797109,+,PTBP1;PTBP1;PTBP1;PTBP1,GRCh37,cg02364038
156,1,160231585,-,DCAF8;DCAF8;DCAF8;DCAF8;DCAF8,GRCh37,cg01429181
156,5,162864489,+,CCNG1;CCNG1,GRCh37,cg04232649
156,12,133287770,-,PGAM5;PGAM5;PGAM5,GRCh37,cg20785344
156,7,135194685,+,CNOT4;CNOT4;CNOT4;CNOT4,GRCh37,cg03266904
156,8,9413457,-,TNKS,GRCh37,cg04228628
156,17,33914258,+,AP2B1;AP2B1,GRCh37,cg07628086
156,8,75233153,+,JPH1,GRCh37,cg08949296
156,9,127631644,-,ARPC5L,GRCh37,cg11797883
156,8,124553600,-,FBXO32,GRCh37,cg12508214
156,10,18940650,+,NSUN6,GRCh37,cg05018361
156,17,55334276,+,MSI2;MSI2,GRCh37,cg20736065
156,3,126423553,-,CHCHD6,GRCh37,cg13517305
156,8,67525279,+,MYBL1;MYBL1;MYBL1;MYBL1,GRCh37,cg07595113
156,1,91966616,+,CDC7;CDC7;CDC7,GRCh37,cg05027081
156,2,235405968,+,ARL4C,GRCh37,cg13539030
156,8,107670161,-,OXR1;OXR1;OXR1,GRCh37,cg16326979
156,12,107487097,+,CRY1;CRY1,GRCh37,cg10126874
156,10,103892833,-,PPRC1,GRCh37,cg20778294
156,3,184279657,+,EPHB3;EPHB3,GRCh37,cg16382256
156,3,33319024,+,FBXL2,GRCh37,cg02699167
156,11,118443240,+,ARCN1;ARCN1;ARCN1;ARCN1,GRCh37,cg16866038
156,4,6717981,-,CNO,GRCh37,cg18424538
156,21.0,33984651,+,C21orf59;C21orf59,GRCh37,cg25505974
156,9,135230256,+,SETX,GRCh37,cg12085225
156,16,46655349,-,SHCBP1,GRCh37,cg03693601
156,20,61847127,+,YTHDF1,GRCh37,cg17364922
156,3,167813648,-,GOLIM4,GRCh37,cg12291552
156,1,28052708,-,FAM76A;FAM76A;FAM76A;FAM76A;FAM76A,GRCh37,cg17386433
156,2,20212517,+,MATN3,GRCh37,cg00261781
156,22.0,39928765,+,RPS19BP1;RPS19BP1,GRCh37,cg25556101
156,1,167904990,+,DCAF6;BRP44;DCAF6;BRP44;BRP44,GRCh37,cg08412305
156,7,94537347,-,PPP1R9A;PPP1R9A,GRCh37,cg19221959
156,20,62587702,-,UCKL1AS;UCKL1,GRCh37,cg02047577
156,16,30583024,+,ZNF688;ZNF688;ZNF688,GRCh37,cg27586455
156,22.0,29784237,-,AP1B1;AP1B1;AP1B1,GRCh37,cg04329069
156,11,66313549,-,ZDHHC24;ACTN3;ZDHHC24,GRCh37,cg08420085
156,21.0,38444952,+,PIGP;PIGP;TTC3;PIGP;PIGP,GRCh37,cg19207856
156,3,184032412,-,EIF4G1;EIF4G1;EIF4G1;EIF4G1;EIF4G1;EIF4G1;EIF4G1,GRCh37,cg04531710
156,1,44412679,-,IPO13;IPO13,GRCh37,cg17771854
156,22.0,42228971,+,SREBF2,GRCh37,cg25937494
156,16,75498559,+,TMEM170A;TMEM170A,GRCh37,cg17465219
156,5,139175116,-,PSD2,GRCh37,cg17811228
156,7,92076896,+,GATAD1;GATAD1,GRCh37,cg00084687
156,21.0,44299567,+,WDR4;WDR4,GRCh37,cg17329518
156,16,30582930,-,ZNF688;ZNF688,GRCh37,cg01343729
156,19,14640371,-,MIR639;TECR,GRCh37,cg17162271
156,16,3333486,-,ZNF263;ZNF263,GRCh37,cg17171916
156,17,8066251,-,VAMP2;VAMP2,GRCh37,cg08261666
156,1,36023720,-,NCDN;NCDN;KIAA0319L;NCDN;NCDN,GRCh37,cg19524049
156,4,71554199,-,UTP3;UTP3,GRCh37,cg09209002
156,2,25565288,+,DNMT3A;DNMT3A;DNMT3A,GRCh37,cg12066181
156,15,66084447,+,DENND4A;DENND4A;DENND4A;DENND4A,GRCh37,cg08291539
156,4,39699959,-,UBE2K;UBE2K;UBE2K,GRCh37,cg08292112
156,2,88354927,+,KRCC1,GRCh37,cg08305742
156,17,79885650,-,LOC92659;MAFG,GRCh37,cg02451362
156,16,1664582,-,CRAMP1L,GRCh37,cg25459778
156,10,5855170,+,GDI2;GDI2,GRCh37,cg03157149
156,4,68566438,+,UBA6;LOC550112,GRCh37,cg19445598
156,17,74732409,-,SFRS2;MFSD11,GRCh37,cg08308286
156,1,211752620,+,SLC30A1,GRCh37,cg25466974
156,12,107487383,+,CRY1;CRY1,GRCh37,cg03742214
156,19,633490,+,POLRMT,GRCh37,cg17283268
156,19,10614022,-,KEAP1;KEAP1;KEAP1,GRCh37,cg02428100
156,1,23695530,-,C1orf213;C1orf213;ZNF436;C1orf213;C1orf213;ZNF436,GRCh37,cg00269115
156,1,156084516,+,LMNA;LMNA;LMNA;LMNA;LMNA;LMNA,GRCh37,cg04317543
156,1,38274017,-,C1orf122;YRDC;C1orf122;C1orf122,GRCh37,cg17829314
156,17,40925516,-,VPS25,GRCh37,cg19567046
156,14,20929606,+,TMEM55B;TMEM55B;TMEM55B;TMEM55B,GRCh37,cg17466535
156,17,33307622,-,LIG3;LIG3;LIG3;LIG3,GRCh37,cg01151686
156,3,33759647,+,CLASP2;CLASP2,GRCh37,cg18986332
156,19,7968560,-,MAP2K7,GRCh37,cg27635983
156,16,30407289,-,ZNF48,GRCh37,cg17640201
156,17,1958412,-,HIC1;HIC1;HIC1,GRCh37,cg01168201
156,8,33424350,-,RNF122;RNF122,GRCh37,cg25781202
156,13,50367057,+,KPNA3,GRCh37,cg12684360
156,8,145133899,+,EXOSC4,GRCh37,cg25788012
156,12,108154370,+,PRDM4,GRCh37,cg17677842
156,7,127983877,-,RBM28;RBM28;RBM28;RBM28,GRCh37,cg08635249
156,1,178694481,-,RALGPS2;RALGPS2,GRCh37,cg08643928
156,2,69614274,-,GFPT1;GFPT1,GRCh37,cg08646988
156,22.0,39190195,+,DNAL4,GRCh37,cg09299381
156,4,113153267,-,AP1AR;AP1AR,GRCh37,cg03109066
156,7,99214691,-,ZNF498,GRCh37,cg18895155
156,17,79651124,-,ARL16;HGS,GRCh37,cg12693135
156,12,56618184,-,OBFC2B;OBFC2B,GRCh37,cg17709466
156,2,173940639,-,ZAK;ZAK;ZAK;ZAK,GRCh37,cg09288658
156,16,87985047,+,BANP;BANP;BANP;BANP,GRCh37,cg03631076
156,7,127032512,+,ZNF800;ZNF800,GRCh37,cg09283635
156,3,49824184,-,IP6K1;IP6K1,GRCh37,cg08584430
156,11,65122441,-,TIGD3,GRCh37,cg12788061
156,1,86046661,+,CYR61;CYR61,GRCh37,cg04453065
156,5,1523874,-,LPCAT1,GRCh37,cg17714828
156,19,8478017,-,MARCH2;MARCH2;MARCH2,GRCh37,cg17470637
156,19,45394624,-,TOMM40;TOMM40;TOMM40;TOMM40,GRCh37,cg12266551
156,19,56159710,+,CCDC106,GRCh37,cg04126816
156,17,74733470,+,MIR636;SFRS2;MFSD11,GRCh37,cg19125323
156,5,114880508,-,FEM1C;FEM1C,GRCh37,cg08490173
156,6,31509945,-,BAT1;BAT1;SNORD84;BAT1;BAT1,GRCh37,cg17489752
156,16,30569751,+,ZNF764,GRCh37,cg09438266
156,2,68479620,+,PPP3R1;PPP3R1,GRCh37,cg04496615
156,1,54304148,+,TMEM48;TMEM48;TMEM48;TMEM48;TMEM48,GRCh37,cg25637824
156,9,97488953,-,C9orf3,GRCh37,cg25910443
156,5,44809098,-,MRPS30,GRCh37,cg09420988
156,22.0,21336741,+,LZTR1,GRCh37,cg03697316
156,12,66696536,-,HELB,GRCh37,cg09412715
156,5,33441063,-,TARS;TARS,GRCh37,cg12168164
156,22.0,29949575,+,THOC5;THOC5;THOC5;THOC5;THOC5;THOC5,GRCh37,cg04483623
156,2,179058698,-,OSBPL6,GRCh37,cg09266433
156,2,37899023,+,CDC42EP3;CDC42EP3,GRCh37,cg17731079
156,2,3381941,-,TSSC1,GRCh37,cg03107405
156,3,49823664,+,IP6K1;IP6K1,GRCh37,cg08563994
156,12,25403937,-,KRAS;KRAS,GRCh37,cg08578305
156,2,160918675,+,PLA2R1;PLA2R1,GRCh37,cg04367351
156,14,71067759,+,MED6,GRCh37,cg07774222
156,2,73441412,-,SMYD5,GRCh37,cg17895873
156,19,55973320,-,ISOC2;ISOC2;ISOC2,GRCh37,cg27153400
156,11,68518800,+,MTL5;MTL5,GRCh37,cg16721845
156,3,148804272,-,HLTF;HLTF;HLTF;HLTF,GRCh37,cg04836786
156,1,6640149,-,ZBTB48;ZBTB48,GRCh37,cg09143576
156,17,36904069,+,PCGF2,GRCh37,cg20228512
156,11,57435499,-,ZDHHC5;ZDHHC5,GRCh37,cg18493899
156,7,44621808,+,TMED4;TMED4,GRCh37,cg26817382
156,8,145159373,-,SHARPIN;MAF1;MAF1,GRCh37,cg08825571
156,19,1020733,-,C19orf6;C19orf6,GRCh37,cg20147100
156,5,172198141,+,DUSP1;DUSP1,GRCh37,cg17946497
156,20,13976190,-,MACROD2;MACROD2,GRCh37,cg26059153
156,7,45151241,+,TBRG4;TBRG4;TBRG4;TBRG4;TBRG4,GRCh37,cg11959821
156,4,128802013,+,PLK4,GRCh37,cg20088535
156,4,184365888,-,CDKN2AIP;CDKN2AIP,GRCh37,cg16802152
156,3,31574495,+,STT3B,GRCh37,cg20074371
156,15,44119062,+,WDR76;WDR76,GRCh37,cg17935677
156,5,141488611,+,NDFIP1,GRCh37,cg16821394
156,6,31628639,+,C6orf47,GRCh37,cg16842485
156,1,935139,-,HES4;HES4,GRCh37,cg02397514
156,6,31774618,-,LSM2;LSM2,GRCh37,cg07935151
156,9,140149483,+,COBRA1,GRCh37,cg02068676
156,19,13056743,-,RAD23A;RAD23A,GRCh37,cg11913104
156,8,91013687,+,DECR1;DECR1,GRCh37,cg18485485
156,16,68056849,+,DDX28;DUS2L,GRCh37,cg17982504
156,17,27053695,+,TLCD1;TLCD1,GRCh37,cg26787505
156,16,30960279,-,ORAI3,GRCh37,cg18427589
156,5,102594347,-,C5orf30,GRCh37,cg02675896
156,19,58838420,-,ZSCAN22;ZSCAN22,GRCh37,cg25041148
156,17,4890503,-,CAMTA2;CAMTA2;CAMTA2;CAMTA2;CAMTA2;CAMTA2,GRCh37,cg07811750
156,14,50999316,+,MAP4K5;MAP4K5;MAP4K5;ATL1;MAP4K5,GRCh37,cg18440188
156,1,43424417,+,SLC2A1;SLC2A1,GRCh37,cg20345840
156,14,39644624,-,PNN,GRCh37,cg20337385
156,17,4710619,+,PLD2,GRCh37,cg16685860
156,8,124286482,+,ZHX1;ZHX1;ZHX1;ZHX1,GRCh37,cg08811349
156,9,116918247,-,COL27A1,GRCh37,cg09944147
156,11,108093680,-,ATM;ATM;NPAT,GRCh37,cg18457775
156,13,51483769,+,RNASEH2B;RNASEH2B,GRCh37,cg07818646
156,14,68086576,-,ARG2,GRCh37,cg18458993
156,7,139025145,-,C7orf55,GRCh37,cg07819926
156,4,26862483,-,STIM2;STIM2;STIM2;STIM2;STIM2;STIM2,GRCh37,cg20326867
156,1,182360822,-,GLUL;GLUL;GLUL;GLUL;GLUL,GRCh37,cg01419479
156,22.0,31064008,+,DUSP18,GRCh37,cg03560597
156,11,65554398,+,OVOL1,GRCh37,cg20315951
156,4,10118265,+,WDR1;WDR1,GRCh37,cg20303303
156,9,129376904,-,LMX1B,GRCh37,cg18453621
156,21,46494823,-,ADARB1;ADARB1;ADARB1;ADARB1;ADARB1;ADARB1;ADARB1,GRCh37,cg08222185
156,5,179159945,-,MAML1;MAML1,GRCh37,cg20060451
156,16,11349832,+,SOCS1,GRCh37,cg11973052
156,12,120703085,-,PXN;PXN,GRCh37,cg17026456
156,21.0,47649323,-,MCM3APAS;LSS;LSS;LSS;LSS,GRCh37,cg19830147
156,22.0,42467013,-,NAGA,GRCh37,cg04733989
156,16,67596514,-,CTCF;CTCF,GRCh37,cg01866162
156,9,37801319,+,DCAF10,GRCh37,cg26233529
156,14,39901508,+,FBXO33;FBXO33,GRCh37,cg01078871
156,20,56885090,-,RAB22A;PPP4R1L,GRCh37,cg02635865
156,6,76459077,+,MYO6;MYO6,GRCh37,cg17055145
156,1,145516630,-,PEX11B;GNRHR2,GRCh37,cg03085637
156,7,56019574,-,MRPS17,GRCh37,cg08107767
156,7,105752980,-,SYPL1;SYPL1;SYPL1,GRCh37,cg19744122
156,16,88923231,+,GALNS;TRAPPC2L,GRCh37,cg08781448
156,8,681122,+,ERICH1,GRCh37,cg09664442
156,2,47629949,+,MSH2,GRCh37,cg17129141
156,17,66244127,-,AMZ2;AMZ2;AMZ2;AMZ2;AMZ2;AMZ2,GRCh37,cg08172935
156,13,96742413,-,HS6ST3,GRCh37,cg00303548
156,10,14920910,-,SUV39H2;SUV39H2,GRCh37,cg12042678
156,13,76056030,+,TBC1D4;TBC1D4,GRCh37,cg25999486
156,14,99947096,+,SETD3;SETD3;SETD3;CCNK;CCNK;SETD3,GRCh37,cg27559343
156,11,64863958,-,C11orf2,GRCh37,cg02646854
156,5,76382885,+,LOC728723;ZBED3,GRCh37,cg04735745
156,9,138987102,+,NACC2;NACC2,GRCh37,cg12004206
156,17,61920423,+,SMARCD2;SMARCD2,GRCh37,cg12577610
156,1,153606541,-,S100A13;C1orf77;C1orf77;S100A13,GRCh37,cg13283942
156,17,80009856,-,GPS1;GPS1;GPS1;RFNG,GRCh37,cg16878652
156,13,114145361,-,TMCO3;DCUN1D2;TMCO3,GRCh37,cg18540305
156,11,61560355,-,FEN1;C11orf10;MIR611;FEN1,GRCh37,cg03114244
156,17,48450481,+,EME1;MRPL27;EME1,GRCh37,cg09822907
156,19,10341584,+,S1PR2,GRCh37,cg04762346
156,20,62284615,+,STMN3,GRCh37,cg04757428
156,9,139981660,-,LOC100289341;MAN1B1,GRCh37,cg03261004
156,12,6798404,+,ZNF384;ZNF384;ZNF384;ZNF384;ZNF384;ZNF384;ZNF384;ZNF384;ZNF384,GRCh37,cg01856985
156,17,26971809,+,KIAA0100,GRCh37,cg20050012
156,10,75571334,+,NDST2;NDST2,GRCh37,cg11993300
156,9,139838518,+,C8G;FBXW5,GRCh37,cg18556220
156,20,44519697,-,NEURL2;CTSA;CTSA;CTSA;CTSA;CTSA;CTSA;NEURL2,GRCh37,cg25241845
156,16,74808678,+,FA2H;FA2H,GRCh37,cg09787254
156,14,77564635,-,KIAA1737;KIAA1737,GRCh37,cg16961092
156,10,12084977,+,UPF2;UPF2;UPF2,GRCh37,cg04745698
156,4,186317888,-,ANKRD37;ANKRD37,GRCh37,cg19905754
156,18,76829143,+,ATP9B,GRCh37,cg16961218
156,17,76777877,+,CYTH1;CYTH1,GRCh37,cg08024766
156,22.0,50624742,-,TRABD,GRCh37,cg19890858
156,11,124670177,-,C11orf61,GRCh37,cg19948397
156,19,40950703,-,SERTAD3,GRCh37,cg01881255
156,20,60962318,-,RPS21,GRCh37,cg03035419
156,17,37793518,-,STARD3;STARD3;STARD3,GRCh37,cg23894539
156,16,69364455,+,COG8;PDF,GRCh37,cg21658946
156,11,2950632,-,PHLDA2;PHLDA2,GRCh37,cg01505590
156,6,31763310,-,VARS,GRCh37,cg01505176
156,19,59070227,-,UBE2M;UBE2M;LOC100131691,GRCh37,cg21639968
156,7,128049868,-,IMPDH1;IMPDH1;IMPDH1;IMPDH1,GRCh37,cg15740366
156,11,44972293,-,TP53I11;TP53I11;TP53I11;TP53I11,GRCh37,cg22623062
156,1,169455176,+,SLC19A2;SLC19A2,GRCh37,cg06492206
156,10,104264023,+,SUFU,GRCh37,cg15109571
156,14,67982152,+,TMEM229B,GRCh37,cg10484450
156,12,125478229,-,BRI3BP;BRI3BP,GRCh37,cg03455874
156,17,79670454,-,MRPL12;MRPL12,GRCh37,cg22663117
156,1,171454668,-,BAT2L2;BAT2L2,GRCh37,cg11594415
156,19,10764728,+,ILF3;ILF3;ILF3;ILF3;LOC147727;ILF3,GRCh37,cg01755369
156,3,16306809,+,OXNAD1;DPH3;DPH3;OXNAD1,GRCh37,cg22688260
156,3,53194728,+,PRKCD;PRKCD,GRCh37,cg13908523
156,7,50861049,+,GRB10;GRB10,GRCh37,cg24302095
156,8,145149574,+,CYC1,GRCh37,cg06495924
156,19,57106714,-,ZNF71;ZNF71,GRCh37,cg15705469
156,1,161719820,+,DUSP12,GRCh37,cg23779106
156,12,125348168,+,SCARB1;SCARB1,GRCh37,cg02250992
156,9,131592049,+,C9orf114,GRCh37,cg00475955
156,13,52586367,+,ALG11;ATP7B;ATP7B,GRCh37,cg00671161
156,17,26645922,+,TMEM97,GRCh37,cg21784498
156,12,105724426,-,C12orf75;C12orf75,GRCh37,cg21768899
156,2,97482059,-,CNNM3;CNNM3,GRCh37,cg15157837
156,13,48878037,+,RB1;RB1,GRCh37,cg10552385
156,2,96811060,+,DUSP2,GRCh37,cg05732530
156,5,125759291,+,GRAMD3;GRAMD3;GRAMD3;GRAMD3;GRAMD3;GRAMD3;GRAMD3,GRCh37,cg15165084
156,19,54641527,+,CNOT3;CNOT3,GRCh37,cg21700070
156,12,120105824,-,PRKAB1;PRKAB1,GRCh37,cg05432118
156,1,155023435,-,ADAM15;ADAM15;ADAM15;ADAM15;ADAM15;ADAM15,GRCh37,cg15694180
156,15,85924342,+,AKAP13;AKAP13,GRCh37,cg05421555
156,12,2999840,+,TULP3;TULP3,GRCh37,cg00770871
156,1,53704016,+,MAGOH,GRCh37,cg14297876
156,7,1200135,-,ZFAND2A,GRCh37,cg01497501
156,12,49212561,-,CACNB3;CACNB3,GRCh37,cg23921699
156,22.0,28315563,-,PITPNB;LOC284900;LOC284900,GRCh37,cg05352541
156,20,361903,+,TRIB3,GRCh37,cg07115304
156,13,113242289,-,TUBGCP3,GRCh37,cg14405589
156,1,2159373,-,SKI,GRCh37,cg06382459
156,11,67888603,+,CHKA;CHKA,GRCh37,cg27431247
156,17,80710049,-,TBCD;TBCD,GRCh37,cg05348272
156,22.0,17565874,+,IL17RA;IL17RA,GRCh37,cg05824484
156,1,205180539,-,DSTYK;DSTYK,GRCh37,cg06376129
156,12,6716566,+,CHD4,GRCh37,cg00824109
156,4,41216271,-,APBB2;APBB2;APBB2,GRCh37,cg13842258
156,20,3140466,+,UBOX5;UBOX5;UBOX5;FASTKD5;FASTKD5;UBOX5,GRCh37,cg22828804
156,22.0,43507369,-,BIK,GRCh37,cg15820809
156,18,61034556,+,KDSR,GRCh37,cg23613305
156,1,227128009,-,CABC1;CABC1,GRCh37,cg10399369
156,1,154600487,-,ADAR,GRCh37,cg10409799
156,11,45868993,-,CRY2;CRY2,GRCh37,cg01618083
156,8,145550365,+,DGAT1;DGAT1,GRCh37,cg07103819
156,19,48949047,+,GRWD1;GRWD1,GRCh37,cg01493303
156,2,20850809,-,HS1BP3,GRCh37,cg05790999
156,3,46735009,-,ALS2CL,GRCh37,cg05369142
156,16,4466650,+,CORO7,GRCh37,cg00519627
156,16,30582942,-,ZNF688;ZNF688,GRCh37,cg23660191
156,5,176036806,+,GPRIN1,GRCh37,cg22733478
156,4,184020261,-,C4orf38;WWC2,GRCh37,cg22734085
156,9,136202985,-,SURF6;SURF6,GRCh37,cg15003434
156,14,78174352,+,ALKBH1;C14orf156;ALKBH1,GRCh37,cg15046735
156,12,50135785,+,TMBIM6;TMBIM6;TMBIM6,GRCh37,cg05368762
156,2,10263043,-,RRM2;RRM2,GRCh37,cg02237186
156,11,67275985,+,CDK2AP2;CDK2AP2,GRCh37,cg15039399
156,20,32077966,-,CBFA2T2;CBFA2T2,GRCh37,cg21523528
156,19,11040012,+,YIPF2;C19orf52,GRCh37,cg24352736
156,3,105587721,+,CBLB;CBLB,GRCh37,cg00522034
156,17,72772512,+,TMEM104;NAT9,GRCh37,cg00032227
156,9,140446240,+,PNPLA7;MRPL41;PNPLA7,GRCh37,cg15636365
156,10,70884251,+,VPS26A;VPS26A,GRCh37,cg21830413
156,15,66586003,+,DIS3L;DIS3L,GRCh37,cg15198335
156,12,57610686,+,NXPH4;NXPH4,GRCh37,cg11468462
156,10,89577906,+,ATAD1;CFLP1;ATAD1,GRCh37,cg24552431
156,16,4743814,+,NUDT16L1,GRCh37,cg22115808
156,5,172198031,+,DUSP1;DUSP1,GRCh37,cg22229034
156,19,10829173,-,MIR638;DNM2;DNM2;DNM2;DNM2,GRCh37,cg15392792
156,19,58838374,-,ZSCAN22,GRCh37,cg22255355
156,7,98972733,+,ARPC1B,GRCh37,cg11467738
156,2,113403533,-,SLC20A1;SLC20A1,GRCh37,cg10762132
156,12,49182586,+,ADCY6,GRCh37,cg11422541
156,17,58677844,+,PPM1D,GRCh37,cg10673984
156,14,89029605,-,ZC3H14;ZC3H14;ZC3H14;ZC3H14;ZC3H14,GRCh37,cg14046757
156,11,70244691,-,CTTN;CTTN;CTTN;CTTN,GRCh37,cg15383392
156,22.0,31063986,+,DUSP18,GRCh37,cg02278071
156,18,158567,-,USP14;USP14;USP14;USP14,GRCh37,cg02273078
156,17,72427941,-,GPRC5C;GPRC5C,GRCh37,cg23953396
156,11,6633739,+,TAF10,GRCh37,cg23845773
156,4,140217063,-,NDUFC1,GRCh37,cg22127491
156,5,96143592,+,ERAP1;ERAP1;ERAP1;ERAP1,GRCh37,cg14161426
156,22.0,20255667,-,RTN4R;RTN4R,GRCh37,cg03475420
156,20,306359,-,SOX12;SOX12,GRCh37,cg23922081
156,2,47142867,+,MCFD2;MCFD2;MCFD2;MCFD2;MCFD2;MCFD2;MCFD2;MCFD2;MCFD2;MCFD2,GRCh37,cg14126210
156,3,98241469,-,CLDND1;CLDND1;CLDND1;CLDND1;CLDND1;CLDND1;CLDND1,GRCh37,cg10713320
156,3,39149258,+,GORASP1;TTC21A;TTC21A;TTC21A;TTC21A,GRCh37,cg15427774
156,7,99756139,-,C7orf43;C7orf43,GRCh37,cg10698222
156,17,37844223,+,PGAP3;ERBB2,GRCh37,cg23906291
156,4,88929263,-,PKD2,GRCh37,cg23916751
156,2,152684540,+,ARL5A;ARL5A;ARL5A,GRCh37,cg22148652
156,19,34856250,+,GPI,GRCh37,cg26615712
156,7,140624470,+,BRAF,GRCh37,cg14094063
156,2,136499412,-,UBXN4;UBXN4,GRCh37,cg05650565
156,4,4861330,+,MSX1,GRCh37,cg26615830
156,11,117186896,+,BACE1;BACE1;BACE1;BACE1;BACE1;BACE1;BACE1;BACE1,GRCh37,cg15427448
156,10,123734658,+,NSMCE4A;NSMCE4A,GRCh37,cg05610379
156,2,232379107,+,C2orf52,GRCh37,cg10660136
156,11,71814220,+,LRTOMT;LRTOMT;C11orf59;LRTOMT,GRCh37,cg10805667
156,15,99193466,+,IGF1R,GRCh37,cg22375192
156,2,220435838,+,INHA;OBSL1,GRCh37,cg06552037
156,16,12009405,-,GSPT1;GSPT1;GSPT1,GRCh37,cg21875234
156,19,1174154,-,SBNO2,GRCh37,cg06864275
156,3,139062925,-,MRPS22,GRCh37,cg22451189
156,2,48667874,-,KLRAQ1;KLRAQ1;KLRAQ1;KLRAQ1,GRCh37,cg24076392
156,14,68141442,-,VTI1B;VTI1B,GRCh37,cg00682653
156,12,122326713,-,PSMD9;PSMD9,GRCh37,cg02964389
156,8,94929239,-,PDP1;PDP1;PDP1;PDP1;PDP1;PDP1;PDP1;PDP1,GRCh37,cg06543761
156,1,154934115,-,PYGO2;PYGO2,GRCh37,cg10892866
156,19,14640373,-,MIR639;TECR,GRCh37,cg22469141
156,11,62528990,+,POLR2G,GRCh37,cg11372696
156,10,127408106,-,C10orf137;C10orf137,GRCh37,cg24079455
156,16,20911827,+,DCUN1D3;LYRM1;LYRM1;LYRM1;LYRM1,GRCh37,cg26424013
156,7,152456700,-,ACTR3B;ACTR3B,GRCh37,cg10896886
156,17,7307419,+,C17orf61,GRCh37,cg15215114
156,4,130014369,+,SCLT1;C4orf33;SCLT1,GRCh37,cg10871523
156,11,64002298,+,VEGFB;VEGFB,GRCh37,cg05492845
156,8,29208153,+,DUSP4;DUSP4,GRCh37,cg13983578
156,11,13690461,-,FAR1,GRCh37,cg14026971
156,6,80341283,-,SH3BGRL2,GRCh37,cg15331039
156,19,14117094,-,RFX1;RFX1,GRCh37,cg02841886
156,1,91966731,-,CDC7;CDC7;CDC7;CDC7,GRCh37,cg23845507
156,19,49661080,-,TRPM4;TRPM4,GRCh37,cg26623224
156,16,67515344,+,ATP6V0D1,GRCh37,cg15301525
156,9,137001737,+,WDR5,GRCh37,cg10604703
156,4,57843540,-,C4orf14,GRCh37,cg05503412
156,19,18794247,+,CRTC1;CRTC1,GRCh37,cg05501721
156,5,32585739,-,SUB1,GRCh37,cg15288179
156,3,150126560,+,TSC22D2,GRCh37,cg15584630
156,17,15902837,+,TTC19;ZSWIM7;ZSWIM7,GRCh37,cg23838531
156,11,61684592,+,RAB3IL1,GRCh37,cg15589156
156,10,15902324,-,FAM188A;FAM188A,GRCh37,cg05499853
156,14,103244199,+,TRAF3;TRAF3;TRAF3,GRCh37,cg06588247
156,2,27009384,+,CENPA;CENPA,GRCh37,cg14934766
156,13,50510151,-,C13orf1;C13orf1;C13orf1,GRCh37,cg05337966
156,5,176433271,+,UIMC1,GRCh37,cg06720424
156,20,49547260,-,ADNP;ADNP,GRCh37,cg16003500
156,11,66056944,-,YIF1A,GRCh37,cg05945622
156,19,49314192,+,BCAT2;BCAT2;BCAT2;BCAT2,GRCh37,cg23441208
156,1,145576023,-,PIAS3;PIAS3,GRCh37,cg11246695
156,5,180688063,+,TRIM52;TRIM52,GRCh37,cg11100802
156,17,66031828,-,KPNA2,GRCh37,cg14732136
156,19,58144687,-,ZNF211;ZNF211;ZNF211;ZNF211,GRCh37,cg05908775
156,3,125314337,+,OSBPL11;OSBPL11,GRCh37,cg07248043
156,16,2827139,-,TCEB2;TCEB2,GRCh37,cg06090630
156,17,16472440,+,ZNF287;ZNF287,GRCh37,cg23423382
156,12,46766543,-,SLC38A2;SLC38A2,GRCh37,cg23123694
156,19,10829176,-,MIR638;DNM2;DNM2;DNM2;DNM2,GRCh37,cg07248407
156,14,50087799,-,RPL36AL;MGAT2;MGAT2,GRCh37,cg07184439
156,6,30640543,+,DHX16;DHX16,GRCh37,cg24450157
156,9,100395413,+,TSTD2;NCBP1,GRCh37,cg14707431
156,14,78082992,-,SPTLC2;SPTLC2,GRCh37,cg06175025
156,16,20818068,-,LOC81691;ERI2;ERI2;LOC81691,GRCh37,cg06039624
156,2,55277621,+,RTN4;RTN4;RTN4;RTN4;RTN4;RTN4;RTN4,GRCh37,cg23539966
156,9,102669115,-,STX17,GRCh37,cg03950009
156,19,57703301,-,ZNF264,GRCh37,cg11140785
156,3,52090142,-,DUSP7,GRCh37,cg22863122
156,9,110251826,-,KLF4;KLF4,GRCh37,cg07309102
156,1,24127262,+,GALE;GALE;GALE;GALE,GRCh37,cg24409107
156,16,28565295,+,CCDC101;CCDC101,GRCh37,cg14791831
156,2,73298881,+,SFXN5;SFXN5,GRCh37,cg03856450
156,10,124768608,-,IKZF5;ACADSB,GRCh37,cg03860051
156,19,56165797,-,U2AF2;U2AF2;U2AF2;U2AF2,GRCh37,cg13791658
156,1,76190428,-,ACADM;ACADM;ACADM;ACADM,GRCh37,cg27478651
156,18,55253643,+,FECH;FECH,GRCh37,cg14532644
156,20,57607420,+,ATP5E;ATP5E;ATP5E,GRCh37,cg24457521
156,19,14640395,-,TECR;MIR639;TECR,GRCh37,cg23470272
156,8,145691776,+,CYHR1;KIFC2;KIFC2;CYHR1;CYHR1,GRCh37,cg11238505
156,1,149899654,+,SF3B4;SF3B4,GRCh37,cg21363943
156,1,47184738,+,KIAA0494,GRCh37,cg06240849
156,11,73472211,+,RAB6A;RAB6A,GRCh37,cg10343901
156,9,27573817,-,C9orf72;C9orf72;C9orf72,GRCh37,cg23074747
156,1,17380702,+,SDHB,GRCh37,cg03861428
156,16,68057212,-,DUS2L;DUS2L;DDX28;DDX28,GRCh37,cg21348691
156,11,62414045,+,GANAB;GANAB,GRCh37,cg11084035
156,8,82754387,+,SNX16;SNX16;SNX16;SNX16;SNX16;SNX16,GRCh37,cg23324259
156,10,97321106,+,SORBS1;SORBS1;SORBS1;SORBS1,GRCh37,cg21235838
156,3,137906066,-,ARMC8;ARMC8;ARMC8,GRCh37,cg05308617
156,19,58978569,-,ZNF324,GRCh37,cg23473726
156,17,8093493,-,C17orf59;C17orf59,GRCh37,cg05236474
156,16,30583056,+,ZNF688;ZNF688;ZNF688,GRCh37,cg11141013
156,15,102264749,-,TARSL2,GRCh37,cg02738763
156,20,60640758,+,TAF4,GRCh37,cg03503905
156,12,120426784,-,CCDC64,GRCh37,cg13752005
156,1,155904084,+,KIAA0907,GRCh37,cg05321960
156,9,79009433,+,RFK;RFK,GRCh37,cg13789236
156,6,109762418,-,SMPD2;PPIL6;PPIL6,GRCh37,cg21273098
156,1,212872679,-,BATF3,GRCh37,cg21421701
156,16,30441347,+,DCTPP1;DCTPP1,GRCh37,cg02733650
156,22.0,38863908,-,KDELR3;KDELR3,GRCh37,cg23583739
156,5,34656563,-,RAI14;RAI14;RAI14;RAI14;RAI14,GRCh37,cg11154798
156,12,57610078,-,NXPH4,GRCh37,cg07159490
156,4,84406202,-,FAM175A,GRCh37,cg02918483
156,9,36401074,+,RNF38;RNF38;RNF38;RNF38;RNF38,GRCh37,cg06087537
156,8,11725306,-,CTSB;CTSB;CTSB;CTSB;CTSB,GRCh37,cg21281001
156,17,42401753,-,SLC25A39;SLC25A39,GRCh37,cg24497270
156,1,109289079,-,STXBP3,GRCh37,cg11666924
156,10,60094879,+,UBE2D1;UBE2D1,GRCh37,cg06077733
156,19,1905417,-,ADAT3;ADAT3;SCAMP4;SCAMP4,GRCh37,cg14658285
156,17,7137923,+,DVL2,GRCh37,cg14438174
156,10,97803525,-,CCNJ;CCNJ;CCNJ,GRCh37,cg22864416
156,16,68056774,-,DDX28;DUS2L,GRCh37,cg11289251
157,1,205473393,-,CDK18;CDK18;CDK18,GRCh37,cg07713493
158,19,49123742,+,RPL18;SPHK2,GRCh37,cg23972869
158,3,50229604,-,GNAT1;GNAT1,GRCh37,cg06803253
158,16,70680380,+,IL34,GRCh37,cg12347740
158,5,176836695,-,F12,GRCh37,cg06625767
158,12,54778312,-,ZNF385A;ZNF385A;ZNF385A;ZNF385A,GRCh37,cg12962778
158,16,30676444,+,FBRS,GRCh37,cg23894003
158,9,116223775,+,RGS3,GRCh37,cg19944367
158,5,175817338,-,,GRCh37,cg27035806
158,12,53901405,-,NPFF;NPFF,GRCh37,cg14662756
158,19,35451371,+,ZNF792,GRCh37,cg24678320
158,3,52479601,+,SEMA3G,GRCh37,cg08448751
158,12,51773594,+,GALNT6,GRCh37,cg11566199
158,17,26851153,+,FOXN1,GRCh37,cg10769011
158,22.0,24032426,-,LOC91316;RGL4,GRCh37,cg13253729
158,12,15126020,+,PDE6H,GRCh37,cg09447105
158,1,162601807,-,DDR2;DDR2,GRCh37,cg17496788
158,22.0,25595955,-,CRYBB3,GRCh37,cg25221625
158,13,114107710,-,ADPRHL1,GRCh37,cg00463202
158,19,12998426,+,KLF1,GRCh37,cg26136776
158,8,145722190,+,PPP1R16A;PPP1R16A,GRCh37,cg22563697
158,11,126140110,+,FOXRED1;SRPR,GRCh37,cg13952892
158,14,65409452,+,GPX2;GPX2,GRCh37,cg09643186
158,15,65361335,-,RASL12,GRCh37,cg03349935
158,15,69590255,+,PAQR5,GRCh37,cg20082641
158,10,131321830,+,MGMT,GRCh37,cg12040555
158,15,68499367,-,CLN6;CALML4;CALML4,GRCh37,cg09099177
158,4,128651707,-,SLC25A31,GRCh37,cg13649728
158,10,5542328,+,CALML5,GRCh37,cg21130124
158,2,27633235,+,PPM1G;PPM1G,GRCh37,cg15296858
158,11,66359430,+,CCDC87;CCS,GRCh37,cg27278802
158,1,160336994,+,NHLH1;NHLH1,GRCh37,cg12529228
158,22.0,18043745,-,SLC25A18,GRCh37,cg18003231
158,20,44006560,+,SYS1-DBNDD2;TP53TG5,GRCh37,cg14226064
158,11,46740790,-,F2,GRCh37,cg20199333
158,8,22223937,-,SLC39A14;SLC39A14;SLC39A14;SLC39A14,GRCh37,cg05254747
158,19,4818359,-,TICAM1,GRCh37,cg10221736
158,20,57594200,+,TUBB1,GRCh37,cg08304608
158,7,99775862,-,STAG3;GPC2,GRCh37,cg04697562
158,17,1549434,+,SCARF1;SCARF1;SCARF1;SCARF1;SCARF1,GRCh37,cg11998307
158,10,106094061,+,ITPRIP,GRCh37,cg11943820
158,19,45449006,-,APOC2,GRCh37,cg27436184
158,12,52695270,+,KRT86,GRCh37,cg04123507
158,19,39303506,-,LGALS4,GRCh37,cg16731016
158,14,75388105,+,RPS6KL1,GRCh37,cg09133026
158,17,39645876,+,KRT36,GRCh37,cg04618528
158,13,52436281,-,CCDC70;CCDC70,GRCh37,cg12071073
158,1,6297890,+,,GRCh37,cg15341760
158,16,2004052,-,RPL3L,GRCh37,cg06001166
158,1,1238595,+,ACAP3,GRCh37,cg25203980
158,19,750024,+,C19orf21,GRCh37,cg17376813
158,20,61867533,+,BIRC7;BIRC7,GRCh37,cg17237881
158,11,62381264,-,EML3;ROM1,GRCh37,cg13352306
158,4,2627118,+,FAM193A,GRCh37,cg22980079
158,3,129247119,+,RHO,GRCh37,cg15113803
158,17,62010607,-,CD79B;CD79B;CD79B,GRCh37,cg25729716
158,3,197300143,-,BDH1;BDH1,GRCh37,cg24789424
158,12,50344626,-,AQP2,GRCh37,cg07047653
158,3,10150139,-,C3orf24;C3orf24,GRCh37,cg13560548
158,3,39235366,-,XIRP1,GRCh37,cg12413566
158,22.0,24891452,+,C22orf45;UPB1;C22orf45,GRCh37,cg17647273
158,12,1726033,+,WNT5B,GRCh37,cg24854010
158,22.0,19118539,-,TSSK2;DGCR14;TSSK2,GRCh37,cg25759381
158,15,65504534,+,CILP,GRCh37,cg23323879
158,19,39368345,+,RINL,GRCh37,cg23022999
158,15,45248878,-,C15orf43,GRCh37,cg20543571
158,10,128767610,+,DOCK1,GRCh37,cg00623593
158,6,35480426,-,TULP1,GRCh37,cg25830052
158,2,47382593,+,C2orf61;C2orf61,GRCh37,cg20697204
158,19,292245,-,PPAP2C;PPAP2C;PPAP2C,GRCh37,cg02686662
158,16,56672671,+,MT1A,GRCh37,cg00425710
158,19,57966896,+,VN1R1,GRCh37,cg02875404
158,10,80961382,+,ZMIZ1,GRCh37,cg09354331
158,7,97841591,-,BHLHA15;BHLHA15,GRCh37,cg14975238
158,20,31870405,+,C20orf114,GRCh37,cg04405541
158,19,8933297,-,ZNF558,GRCh37,cg04301375
158,19,1969744,-,CSNK1G2,GRCh37,cg24355006
158,12,122611783,-,MLXIP,GRCh37,cg04739485
158,15,52404029,+,BCL2L10,GRCh37,cg22870280
158,16,46782176,+,MYLK3;MYLK3,GRCh37,cg13247990
158,4,71587722,-,RUFY3;RUFY3;RUFY3;RUFY3;RUFY3,GRCh37,cg06059810
158,19,1969666,+,CSNK1G2,GRCh37,cg26776924
158,19,48807322,-,CCDC114,GRCh37,cg03113824
158,12,57883279,+,MARS,GRCh37,cg14338062
158,12,122611918,-,MLXIP,GRCh37,cg27349244
158,17,44249866,-,KIAA1267,GRCh37,cg19832721
158,9,125877134,-,C9orf45,GRCh37,cg21489873
158,2,217278609,+,SMARCAL1;SMARCAL1,GRCh37,cg12591323
158,5,34043140,-,C1QTNF3;C1QTNF3,GRCh37,cg03934354
158,2,99135471,+,INPP4A;INPP4A;INPP4A;INPP4A,GRCh37,cg01169610
158,3,119379220,+,POPDC2,GRCh37,cg09411212
158,1,202092285,+,GPR37L1,GRCh37,cg02751839
158,3,178984973,+,KCNMB3;KCNMB3,GRCh37,cg00862290
158,1,16763671,-,SPATA21;SPATA21,GRCh37,cg26845278
158,1,3380288,+,ARHGEF16,GRCh37,cg24919884
158,19,50434179,-,NUP62;NUP62;IL4I1;ATF5;NUP62;NUP62,GRCh37,cg07603484
158,21.0,43736926,-,TFF3,GRCh37,cg20488657
158,14,70263811,-,SLC10A1,GRCh37,cg05633152
158,10,94819802,-,CYP26C1,GRCh37,cg26404725
158,9,34662951,-,CCL27,GRCh37,cg15777570
159,11,33694151,+,C11orf41,GRCh37,cg06601473
159,7,23285742,+,GPNMB;GPNMB,GRCh37,cg22932819
159,2,234589810,-,UGT1A10;UGT1A7;UGT1A9;UGT1A8,GRCh37,cg05961827
159,20,18794833,-,C20orf79,GRCh37,cg20998885
159,2,234579873,-,UGT1A9;UGT1A10;UGT1A8,GRCh37,cg15559700
159,20,137877,-,DEFB127,GRCh37,cg24116886
159,17,72276937,-,DNAI2,GRCh37,cg11856697
159,11,2542580,+,KCNQ1;KCNQ1,GRCh37,cg04719766
159,6,30128385,+,TRIM10;TRIM10,GRCh37,cg17232861
159,18,56986220,-,CPLX4,GRCh37,cg13168374
159,8,21609373,+,GFRA2;GFRA2;GFRA2,GRCh37,cg09950370
159,11,2817991,+,KCNQ1;KCNQ1,GRCh37,cg26879282
159,5,180326186,+,BTNL8;BTNL8;BTNL8;BTNL8;BTNL8;BTNL8;BTNL8;BTNL8;BTNL8;BTNL8,GRCh37,cg03723845
159,6,160327345,-,MAS1,GRCh37,cg02582754
159,17,12569901,+,MYOCD;MYOCD,GRCh37,cg04882759
159,22.0,32853844,+,BPIL2,GRCh37,cg14789590
159,12,53045793,+,KRT2,GRCh37,cg16405957
160,11,61347820,+,SYT7,GRCh37,cg02104644
160,15,43662581,-,TUBGCP4;ZSCAN29,GRCh37,cg21033855
160,22.0,38143168,-,TRIOBP;TRIOBP;TRIOBP,GRCh37,cg25404088
160,9,139694135,-,KIAA1984,GRCh37,cg05627103
160,1,156542103,-,IQGAP3,GRCh37,cg12262564
160,1,109657035,-,KIAA1324;C1orf194,GRCh37,cg16797831
160,6,136872119,+,MAP7,GRCh37,cg19555986
160,10,126106614,+,OAT,GRCh37,cg16933922
160,16,837842,+,RPUSD1;CHTF18,GRCh37,cg12689475
160,11,67777682,+,ALDH3B1;ALDH3B1;ALDH3B1,GRCh37,cg15322932
160,9,139305771,+,SDCCAG3;SDCCAG3;PMPCA;SDCCAG3,GRCh37,cg15583058
160,22.0,44258690,-,SULT4A1,GRCh37,cg27501458
160,11,118869385,+,CCDC84,GRCh37,cg18801806
160,2,160142643,+,WDSUB1;WDSUB1;WDSUB1,GRCh37,cg00168785
160,20,3761916,-,SPEF1,GRCh37,cg24889744
160,1,52608558,+,ZFYVE9;ZFYVE9;ZFYVE9,GRCh37,cg01172972
160,1,43736290,+,TMEM125,GRCh37,cg04355435
160,1,236046939,-,,GRCh37,cg02829654
160,14,56046098,-,KTN1;C14orf33;KTN1;KTN1;KTN1,GRCh37,cg16907514
160,2,27436111,+,SLC5A6;C2orf28;SLC5A6;C2orf28;C2orf28,GRCh37,cg01620785
160,1,27693398,-,MAP3K6,GRCh37,cg20651453
160,6,3119541,-,BPHL;BPHL;BPHL;BPHL,GRCh37,cg21182407
160,3,13008878,+,IQSEC1;IQSEC1,GRCh37,cg11397854
160,3,118959985,-,B4GALT4;B4GALT4,GRCh37,cg25372693
160,6,43027930,-,KLC4;KLC4;KLC4;KLC4;KLC4;MRPL2,GRCh37,cg07099407
160,14,94492474,-,OTUB2,GRCh37,cg22981461
160,12,89918221,+,WDR51B;GALNT4,GRCh37,cg16606638
160,11,134095652,+,VPS26B;NCAPD3,GRCh37,cg26723847
160,2,150186706,+,LYPD6,GRCh37,cg09500672
160,14,93215207,+,LGMN;LGMN,GRCh37,cg02628202
160,9,140446993,+,MRPL41,GRCh37,cg15473904
160,8,9007933,+,PPP1R3B,GRCh37,cg24727203
160,19,1513513,+,ADAMTSL5,GRCh37,cg05473871
160,1,166809407,-,POGK,GRCh37,cg26079320
160,3,53529259,+,CACNA1D;CACNA1D;CACNA1D,GRCh37,cg01942127
160,11,534632,+,HRAS;HRAS;HRAS,GRCh37,cg08141873
160,15,91479023,+,UNC45A;UNC45A,GRCh37,cg08022502
160,1,201368390,+,LAD1,GRCh37,cg19713196
160,1,11160205,+,EXOSC10;EXOSC10,GRCh37,cg03617456
160,6,83903927,+,PGM3;RWDD2A,GRCh37,cg04887278
160,1,9188688,+,GPR157,GRCh37,cg17940013
160,10,45473712,-,C10orf10;RASSF4,GRCh37,cg04444771
160,2,170440722,-,PPIG,GRCh37,cg15768203
160,2,73114144,-,SPR,GRCh37,cg19889780
160,19,46171872,-,GIPR,GRCh37,cg03879902
160,3,195164580,-,ACAP2,GRCh37,cg14163776
160,2,217560292,+,IGFBP5,GRCh37,cg19008649
160,6,42946178,+,PEX6,GRCh37,cg01125463
160,2,86565124,-,REEP1;REEP1;REEP1;REEP1,GRCh37,cg02870945
160,6,43336278,-,ZNF318,GRCh37,cg11378686
160,16,68770981,-,CDH1,GRCh37,cg11667754
160,17,40075716,-,ACLY;ACLY,GRCh37,cg25687894
160,5,42811952,-,SEPP1;SEPP1;SEPP1;SEPP1;SEPP1;SEPP1,GRCh37,cg04502814
160,22.0,22306651,-,PPM1F,GRCh37,cg09350141
160,11,67070517,-,SSH3,GRCh37,cg19192120
161,19,10222175,+,PPAN-P2RY11;P2RY11,GRCh37,cg07753644
162,12,93967225,+,SOCS2,GRCh37,cg11738543
162,12,93967387,+,SOCS2,GRCh37,cg23412850
162,12,93966978,-,SOCS2,GRCh37,cg04797323
163,8,23021515,+,TNFRSF10D;TNFRSF10D,GRCh37,cg11947493
163,8,23021513,+,TNFRSF10D;TNFRSF10D,GRCh37,cg01031400
163,8,23021553,-,TNFRSF10D,GRCh37,cg22783363
164,5,140480218,-,PCDHB3,GRCh37,cg03504078
164,5,140480967,-,PCDHB3,GRCh37,cg01512854
165,12,6756088,-,ACRBP,GRCh37,cg25683185
166,17,46655394,-,HOXB4,GRCh37,cg14458834
166,17,46655387,-,HOXB4,GRCh37,cg21546671
167,12,322250,+,SLC6A12;SLC6A12;SLC6A12,GRCh37,cg20938359
167,9,101866433,+,TGFBR1;TGFBR1,GRCh37,cg15526708
167,20,56286391,+,PMEPA1;PMEPA1;PMEPA1;PMEPA1;PMEPA1,GRCh37,cg26912636
167,19,15217781,+,SYDE1,GRCh37,cg00666746
168,6,27841683,+,HIST1H4L,GRCh37,cg17651821
169,12,68647015,+,IL22,GRCh37,cg26333641
169,17,59668604,+,NACA2,GRCh37,cg17894008
170,6,31846996,-,SLC44A4,GRCh37,cg07363637
171,17,39122753,-,KRT39,GRCh37,cg22506453
171,17,39122765,-,KRT39,GRCh37,cg09088193
172,4,4864711,-,MSX1,GRCh37,cg20891301
173,19,52391480,-,ZNF577;ZNF577;ZNF577,GRCh37,cg22472290
173,19,52391250,+,ZNF577;ZNF577;ZNF577,GRCh37,cg16731240
174,21,48055212,-,PRMT2;PRMT2,GRCh37,cg06725035
174,4,183065224,+,MGC45800,GRCh37,cg24399106
174,1,72748124,+,NEGR1,GRCh37,cg04645342
174,1,38324738,+,MTF1,GRCh37,cg07031996
174,5,55291172,-,IL6ST;IL6ST,GRCh37,cg13576061
174,15,44084145,-,SERF2,GRCh37,cg18997990
174,14,32545277,-,ARHGAP5;C14orf128;ARHGAP5,GRCh37,cg20550520
174,1,51434373,+,CDKN2C;CDKN2C;CDKN2C,GRCh37,cg10450322
174,1,68697988,-,GPR177;GPR177;GPR177;GPR177,GRCh37,cg04447890
174,1,206730839,-,RASSF5;RASSF5;RASSF5;RASSF5,GRCh37,cg23520347
174,17,4844722,+,SLC25A11;RNF167;SLC25A11;SLC25A11,GRCh37,cg04958703
174,12,42721010,-,PPHLN1;PPHLN1;PPHLN1;PPHLN1;PPHLN1;ZCRB1;PPHLN1;PPHLN1;PPHLN1,GRCh37,cg18915211
174,17,79989039,-,RAC3,GRCh37,cg17787710
174,8,22926600,+,TNFRSF10B;TNFRSF10B;TNFRSF10B;TNFRSF10B;TNFRSF10B,GRCh37,cg02008544
174,7,98476628,-,TRRAP,GRCh37,cg22800631
174,3,97691400,+,MINA;MINA;MINA,GRCh37,cg23629183
174,2,114647787,-,ACTR3;ACTR3,GRCh37,cg12644353
174,1,115300850,+,CSDE1;CSDE1;CSDE1,GRCh37,cg10125119
174,2,71127226,-,VAX2,GRCh37,cg20699736
174,21,34863711,-,DNAJC28;DNAJC28;DNAJC28,GRCh37,cg04383274
174,8,143696006,+,ARC,GRCh37,cg10104451
174,16,57126212,+,CPNE2,GRCh37,cg08696890
174,11,110300429,+,FDX1,GRCh37,cg26763524
174,17,31254878,-,TMEM98;TMEM98,GRCh37,cg12969595
174,3,9834004,-,ARPC4;TADA3;TADA3;ARPC4;ARPC4;TADA3;TADA3,GRCh37,cg14800883
174,10,135193212,+,PAOX;PAOX;PAOX,GRCh37,cg18361093
174,17,16472866,+,ZNF287,GRCh37,cg03565323
174,9,72288156,-,APBA1,GRCh37,cg26535072
174,2,101034279,+,CHST10,GRCh37,cg03853987
174,19,38714549,+,DPF1;DPF1;DPF1,GRCh37,cg06168449
174,4,175205422,+,KIAA1712;KIAA1712;FBXO8,GRCh37,cg14602164
174,9,82186884,-,TLE4;TLE4,GRCh37,cg19523029
174,19,51522454,-,KLK10;KLK10;KLK10,GRCh37,cg21869055
174,1,150121727,-,PLEKHO1,GRCh37,cg12072973
174,19,36359772,+,APLP1;APLP1,GRCh37,cg19995014
175,11,5290746,+,HBE1,GRCh37,cg08970694
175,11,5249528,+,HBB,GRCh37,cg06233985
175,11,5322976,-,OR51B4,GRCh37,cg06353345
175,11,5248566,-,HBB,GRCh37,cg14544583
176,12,101603835,+,SLC5A8;SLC5A8,GRCh37,cg20740029
176,12,101604147,+,SLC5A8,GRCh37,cg12135976
176,12,101603996,-,SLC5A8;SLC5A8,GRCh37,cg16178491
177,2,211089815,+,ACADL,GRCh37,cg14795968
177,2,211090171,+,ACADL;ACADL,GRCh37,cg09068528
178,5,34043509,-,C1QTNF3;C1QTNF3,GRCh37,cg18752880
178,19,8212675,+,FBN3,GRCh37,cg14156381
178,19,10120594,-,COL5A3,GRCh37,cg17177699
178,1,17633681,+,PADI4,GRCh37,cg23228178
178,15,40649989,+,DISP2,GRCh37,cg06595693
178,20,42964959,-,R3HDML,GRCh37,cg17692403
178,9,140032953,+,GRIN1;GRIN1;GRIN1,GRCh37,cg19404582
178,4,48988015,-,CWH43,GRCh37,cg25484904
178,10,70847882,+,SRGN;SRGN,GRCh37,cg17342283
178,11,111784328,-,HSPB2,GRCh37,cg13210534
178,2,192109731,+,MYO1B;MYO1B;MYO1B,GRCh37,cg15096140
178,7,138348774,-,SVOPL;SVOPL,GRCh37,cg05719902
178,1,40105764,+,HEYL,GRCh37,cg06154570
178,9,130679915,-,ST6GALNAC4;ST6GALNAC4,GRCh37,cg25732252
178,22.0,22901596,-,PRAME;PRAME;PRAME;PRAME;LOC648691;PRAME;PRAME;PRAME;PRAME,GRCh37,cg05208878
178,9,34653580,+,IL11RA;IL11RA;IL11RA,GRCh37,cg21504624
178,8,23262073,-,LOXL2,GRCh37,cg05365729
178,12,110271439,-,TRPV4;TRPV4,GRCh37,cg13628514
178,17,61600957,-,KCNH6;KCNH6,GRCh37,cg13520327
178,4,8581650,+,GPR78,GRCh37,cg21911019
178,1,156217942,+,PAQR6;PAQR6,GRCh37,cg10046892
178,5,178421314,+,GRM6,GRCh37,cg15674997
178,11,2828364,+,KCNQ1;KCNQ1,GRCh37,cg16609872
178,9,134407190,+,UCK1;UCK1,GRCh37,cg07957491
178,5,134915088,+,CXCL14,GRCh37,cg10179196
178,2,73520043,-,EGR4,GRCh37,cg13481359
178,5,141017903,-,RELL2;HDAC3;RELL2,GRCh37,cg10414058
179,17,34391478,-,CCL18,GRCh37,cg08214029
180,19,56739868,-,ZSCAN5A,GRCh37,cg07499806
180,7,129907199,+,CPA2,GRCh37,cg24060938
180,15,48413040,-,SLC24A5,GRCh37,cg19409156
180,2,233242330,+,ALPP,GRCh37,cg13605579
180,16,66952714,+,CDH16;CDH16,GRCh37,cg14221831
180,2,135782086,-,YSK4;YSK4,GRCh37,cg15527554
180,7,18067463,+,PRPS1L1;PRPS1L1,GRCh37,cg00911873
180,2,233271575,-,ALPPL2;ALPPL2,GRCh37,cg18374517
180,2,179749654,+,CCDC141;CCDC141,GRCh37,cg12331980
180,7,129906627,+,CPA2,GRCh37,cg22213042
180,19,49401721,+,TULP2,GRCh37,cg18971671
180,1,163172649,-,RGS5;RGS5,GRCh37,cg10604646
180,5,150283885,-,ZNF300,GRCh37,cg12346881
180,1,86888629,+,CLCA2,GRCh37,cg13693652
180,6,97010439,+,FHL5;FHL5;FHL5;FHL5,GRCh37,cg23978322
180,1,93258319,+,EVI5,GRCh37,cg00519208
180,17,34208503,-,CCL5,GRCh37,cg12455187
180,17,34328396,-,CCL15;CCL14-CCL15;CCL14-CCL15,GRCh37,cg23743114
180,4,76823701,+,PPEF2,GRCh37,cg22476251
180,1,156828202,-,NTRK1;INSRR,GRCh37,cg02049180
180,12,7817844,-,APOBEC1,GRCh37,cg26692016
180,14,77292733,+,C14orf166B;C14orf166B,GRCh37,cg08675585
180,1,209858581,-,HSD11B1,GRCh37,cg04732193
180,7,148287712,-,C7orf33;C7orf33,GRCh37,cg26866014
180,16,21315153,-,CRYM;NCRNA00169,GRCh37,cg22152192
180,10,35536010,-,CCNY;CCNY,GRCh37,cg23218877
180,13,46679081,+,CPB2;CPB2,GRCh37,cg14662172
180,17,60457116,-,EFCAB3;EFCAB3,GRCh37,cg07292816
180,5,131880649,+,IL5,GRCh37,cg15619794
180,9,130508173,-,SH2D3C;SH2D3C;SH2D3C;SH2D3C;SH2D3C;SH2D3C,GRCh37,cg22105022
181,10,5488485,-,NET1;NET1,GRCh37,cg13599477
181,3,24537177,-,THRB;THRB;THRB,GRCh37,cg21303011
181,7,128049508,-,IMPDH1;IMPDH1;IMPDH1;IMPDH1,GRCh37,cg24127989
181,19,56154382,+,ZNF581;ZNF580;ZNF580;ZNF580,GRCh37,cg26209676
181,12,7245890,-,C1R,GRCh37,cg15776355
181,2,11272868,-,C2orf50,GRCh37,cg10334385
181,13,113655560,+,MCF2L;MCF2L,GRCh37,cg03623878
181,20,2795601,+,C20orf141;LOC100288797,GRCh37,cg01143454
181,12,6931017,-,GPR162;GPR162;GPR162;GPR162,GRCh37,cg19286986
181,16,50730813,-,NOD2,GRCh37,cg26954174
181,5,75699865,-,IQGAP2,GRCh37,cg02387679
181,7,142636840,+,C7orf34,GRCh37,cg10896774
181,2,21266568,+,APOB,GRCh37,cg05337441
181,2,27805893,-,ZNF512;ZNF512,GRCh37,cg15609321
181,4,174089019,+,GALNT7,GRCh37,cg27433088
181,19,13262015,-,IER2;STX10,GRCh37,cg11025793
181,17,4689655,+,VMO1;VMO1;VMO1;VMO1;VMO1;VMO1;VMO1;VMO1,GRCh37,cg08341874
181,2,238768916,-,RAMP1,GRCh37,cg03270167
181,10,71389696,-,C10orf35,GRCh37,cg13129046
181,1,156251436,-,TMEM79;SMG5,GRCh37,cg01646665
181,6,32921142,+,HLA-DMA,GRCh37,cg14833385
181,14,50582909,-,C14orf138;C14orf138,GRCh37,cg14029663
181,6,105627246,+,POPDC3,GRCh37,cg05874450
181,19,52034970,+,SIGLEC6;SIGLEC6;SIGLEC6;SIGLEC6;SIGLEC6;SIGLEC6,GRCh37,cg16293105
181,14,75390007,+,RPS6KL1,GRCh37,cg26551843
181,7,83278504,-,SEMA3E,GRCh37,cg18464137
181,19,46196934,+,QPCTL;SNRPD2;SNRPD2;QPCTL,GRCh37,cg24254206
181,7,156804561,-,MNX1,GRCh37,cg20420433
181,1,1981270,-,PRKCZ,GRCh37,cg21137823
181,16,1822289,+,NME3;MRPS34;EME2,GRCh37,cg19030554
181,17,39684124,-,KRT19,GRCh37,cg11462865
181,11,537638,-,LRRC56,GRCh37,cg27158867
181,6,2841468,-,SERPINB1,GRCh37,cg06148264
181,1,211848760,+,NEK2,GRCh37,cg12820481
181,12,58135833,+,AGAP2,GRCh37,cg22199080
181,16,67062687,-,CBFB;CBFB,GRCh37,cg06766367
181,21,45773294,-,TRPM2,GRCh37,cg08191854
181,17,40346680,-,GHDC;GHDC;GHDC;GHDC,GRCh37,cg08468689
181,11,126226154,-,ST3GAL4;ST3GAL4,GRCh37,cg08203715
181,11,32851950,+,PRRG4,GRCh37,cg19005368
181,1,38260283,+,MANEAL;MANEAL;MANEAL,GRCh37,cg18105315
181,8,145049472,+,PLEC1,GRCh37,cg01242619
181,12,86268154,+,NTS;NTS,GRCh37,cg04916911
182,6,69346114,+,BAI3,GRCh37,cg10244047
182,19,51522767,-,KLK10;KLK10;KLK10,GRCh37,cg11170179
182,19,38924349,+,RYR1;RYR1;RYR1;RYR1,GRCh37,cg05471297
182,19,6768251,+,SH2D3A,GRCh37,cg01036779
182,19,18902172,+,COMP,GRCh37,cg15784332
182,2,223164747,+,PAX3;PAX3;PAX3;PAX3;PAX3;CCDC140;PAX3;PAX3;PAX3,GRCh37,cg13496838
182,19,17982930,+,SLC5A5;SLC5A5,GRCh37,cg20557202
182,20,61993427,+,CHRNA4,GRCh37,cg08912400
182,19,3933195,+,ITGB1BP3,GRCh37,cg27601582
182,19,4280054,-,SHD;SHD,GRCh37,cg18581445
182,13,41241734,+,FOXO1,GRCh37,cg26611683
183,11,125439070,-,EI24;EI24,GRCh37,cg26606064
183,11,107992076,+,ACAT1,GRCh37,cg24341800
183,1,27226980,-,GPATCH3,GRCh37,cg08360728
183,13,48611615,+,NUDT15,GRCh37,cg11473104
184,16,68770944,-,CDH1,GRCh37,cg17655614
184,8,143695376,-,ARC,GRCh37,cg24981018
184,19,5851255,+,FUT3;FUT3;FUT3;FUT3,GRCh37,cg17471102
184,14,24038103,-,JPH4;AP1G2;JPH4,GRCh37,cg25832796
184,7,45197727,+,RAMP3,GRCh37,cg02417264
184,7,76139922,+,UPK3B;UPK3B;UPK3B;UPK3B,GRCh37,cg19384697
184,17,48422990,-,XYLT2,GRCh37,cg05105913
184,17,38333503,-,RAPGEFL1,GRCh37,cg25104511
184,11,18034024,-,SERGEF,GRCh37,cg10989517
184,11,10472840,+,AMPD3,GRCh37,cg24921089
185,17,8816266,+,PIK3R5;PIK3R5,GRCh37,cg09528351
185,17,8815262,+,PIK3R5;PIK3R5,GRCh37,cg13453139
185,5,180581950,-,OR2V2,GRCh37,cg05071677
186,13,78493349,-,EDNRB;EDNRB;EDNRB,GRCh37,cg12847373
187,7,126883640,-,GRM8;GRM8;GRM8,GRCh37,cg09868882
188,7,96654132,+,DLX5;DLX5,GRCh37,cg13344740
188,7,96654185,-,DLX5,GRCh37,cg00096922
188,11,123524938,-,SCN3B;SCN3B;SCN3B;SCN3B,GRCh37,cg13765785
188,7,96654425,+,DLX5,GRCh37,cg01169726
188,17,66597007,-,FAM20A;FAM20A,GRCh37,cg13591701
188,7,96654183,-,DLX5,GRCh37,cg11997899
189,9,124462172,-,DAB2IP,GRCh37,cg24794433
189,9,124462182,-,DAB2IP,GRCh37,cg08128768
189,9,124461998,+,DAB2IP,GRCh37,cg13060154
190,5,83680717,-,EDIL3,GRCh37,cg03478689
190,6,124125170,+,NKAIN2;NKAIN2,GRCh37,cg21787291
190,5,83680326,+,EDIL3;EDIL3,GRCh37,cg16773899
191,19,49399788,-,TULP2,GRCh37,cg21252483
191,17,27039523,+,PROCA1,GRCh37,cg04578090
191,5,138725400,-,MGC29506,GRCh37,cg13500819
191,2,219696472,+,PRKAG3,GRCh37,cg23081213
191,4,102712010,+,BANK1;BANK1;BANK1;BANK1,GRCh37,cg00332153
191,19,36203832,-,ZBTB32;ZBTB32,GRCh37,cg08539991
191,22.0,50986813,-,KLHDC7B,GRCh37,cg18533225
191,18,67624071,-,CD226;CD226,GRCh37,cg13164537
191,19,35531403,+,HPN;HPN,GRCh37,cg24715735
191,11,70507825,-,SHANK2;SHANK2,GRCh37,cg10362475
191,22.0,30661949,+,OSM,GRCh37,cg14519350
191,14,96180648,-,TCL1A;TCL1A,GRCh37,cg13282837
191,11,118215112,-,CD3G;CD3G,GRCh37,cg15880738
191,19,35531417,+,HPN;HPN;HPN;HPN,GRCh37,cg06151964
191,3,50313213,-,SEMA3B;SEMA3B,GRCh37,cg09811393
191,20,3713584,-,HSPA12B,GRCh37,cg15127733
191,20,57426835,+,GNAS;GNAS;GNAS;GNASAS,GRCh37,cg04457481
191,19,3178955,-,S1PR4,GRCh37,cg17518965
192,16,31214417,-,PYCARD;PYCARD,GRCh37,cg12100791
193,1,114414340,-,PTPN22;PTPN22;PTPN22;PTPN22,GRCh37,cg14385738
193,1,114414312,+,PTPN22;PTPN22;PTPN22;PTPN22,GRCh37,cg00916635
194,6,52051317,-,IL17A,GRCh37,cg27168844
195,5,134870514,+,NEUROG1;NEUROG1,GRCh37,cg11946503
195,3,62861544,-,CADPS;CADPS;CADPS,GRCh37,cg24505341
195,19,54495183,+,CACNG6;CACNG6;CACNG6,GRCh37,cg04080057
195,11,86086101,-,CCDC81;CCDC81;CCDC81;CCDC81,GRCh37,cg25500444
195,2,95691051,+,MAL;MAL;MAL;MAL,GRCh37,cg21245652
196,7,145813439,+,CNTNAP2,GRCh37,cg07028533
197,11,32456069,-,WT1;WIT1;WT1;WT1;WT1,GRCh37,cg25563456
198,13,45768901,+,KCTD4;GTF2F2,GRCh37,cg04439215
198,13,45768695,-,GTF2F2;KCTD4,GRCh37,cg21457147
199,5,80256664,+,RASGRF2,GRCh37,cg09952204
200,3,50375459,-,RASSF1;RASSF1;RASSF1;RASSF1,GRCh37,cg06821120
200,3,50375674,-,RASSF1;RASSF1;RASSF1;RASSF1,GRCh37,cg06980053
201,19,58740861,+,ZNF544,GRCh37,cg14386312
201,9,136216154,+,SNORD24;SNORD36B;MED22;RPL7A;MED22;SNORD36A,GRCh37,cg01605984
201,16,89725269,+,C16orf55;CHMP1A;CHMP1A,GRCh37,cg26563737
201,19,36428308,-,LRFN3;LRFN3,GRCh37,cg15060813
201,3,45018909,-,ZDHHC3;ZDHHC3;EXOSC7;ZDHHC3;EXOSC7,GRCh37,cg25766774
201,19,36427779,-,LRFN3,GRCh37,cg20580177
201,2,27665543,-,KRTCAP3;KRTCAP3,GRCh37,cg11618577
201,12,7081145,+,PHB2;PHB2;EMG1,GRCh37,cg15778232
201,22.0,26881231,-,HPS4;SRRD,GRCh37,cg07924575
201,13,95131951,-,DCT;DCT,GRCh37,cg05256043
201,1,19614851,-,AKR7A3,GRCh37,cg07447773
201,17,7339721,-,TMEM102,GRCh37,cg14782678
201,11,69458644,-,CCND1,GRCh37,cg09637363
201,17,79138873,-,LOC388428;AATK,GRCh37,cg05569220
201,19,11038320,+,YIPF2;C19orf52,GRCh37,cg19998328
201,16,67233432,+,ELMO3,GRCh37,cg19514469
201,1,26348325,+,EXTL1;EXTL1,GRCh37,cg04629204
201,1,153588782,+,S100A14;S100A14,GRCh37,cg25433648
201,7,73245564,-,CLDN4,GRCh37,cg15544036
201,19,17326655,-,USE1,GRCh37,cg01252496
201,18,61144339,+,SERPINB5,GRCh37,cg15422147
201,19,15618559,+,CYP4F22,GRCh37,cg14851685
201,17,19771548,+,ULK2;ULK2,GRCh37,cg12324629
201,11,118827082,+,UPK2,GRCh37,cg00757070
201,17,79990263,+,RAC3,GRCh37,cg03000846
202,3,10491247,-,ATP2B2;ATP2B2,GRCh37,cg14547335
202,17,64873528,-,CACNG5;CACNG5,GRCh37,cg22495124
202,2,219892516,+,CCDC108,GRCh37,cg13379763
202,18,48190637,-,MAPK4,GRCh37,cg18450227
203,15,52820479,+,MYO5A;MYO5A,GRCh37,cg23287547
203,4,164265745,+,NPY5R,GRCh37,cg18438777
203,19,58038856,-,ZNF549;ZNF549,GRCh37,cg07054095
203,10,116853664,-,ATRNL1,GRCh37,cg06055013
203,3,98452218,-,ST3GAL6,GRCh37,cg04251363
203,5,57879001,+,RAB3C;RAB3C,GRCh37,cg03014628
203,11,72385075,+,PDE2A,GRCh37,cg22635155
203,12,20521299,-,PDE3A,GRCh37,cg23367478
203,4,186456935,-,PDLIM3;PDLIM3,GRCh37,cg02515725
203,15,85525744,+,PDE8A;PDE8A,GRCh37,cg02913089
203,14,103989478,+,CKB,GRCh37,cg05786809
203,19,49944488,+,SLC17A7,GRCh37,cg03138668
203,15,45406654,+,DUOXA2;DUOX2;DUOXA2,GRCh37,cg00877887
203,19,19649144,+,CILP2;CILP2,GRCh37,cg10313673
203,19,6591204,+,CD70,GRCh37,cg23263923
203,19,47137863,+,GNG8,GRCh37,cg21072025
203,11,124631981,+,ESAM,GRCh37,cg18170080
203,7,99765818,+,GAL3ST4,GRCh37,cg25717844
203,9,79520720,-,PRUNE2,GRCh37,cg11195662
203,3,185827402,+,ETV5,GRCh37,cg15760943
203,10,25242031,-,PRTFDC1,GRCh37,cg09072120
203,7,100492945,-,ACHE;ACHE,GRCh37,cg08560942
203,17,47308389,-,PHOSPHO1;PHOSPHO1,GRCh37,cg22808175
203,16,2828302,+,TCEB2;TCEB2,GRCh37,cg07059052
203,12,26277826,-,BHLHE41;BHLHE41,GRCh37,cg03046445
203,8,104383499,-,CTHRC1,GRCh37,cg26952662
203,7,23221354,-,NUPL2,GRCh37,cg02480835
203,2,97202323,+,ARID5A,GRCh37,cg16388829
203,19,46476046,+,NOVA2,GRCh37,cg21451553
203,10,98945300,-,SLIT1,GRCh37,cg07143898
203,13,58205045,-,PCDH17,GRCh37,cg13806135
203,15,91643655,+,SV2B;SV2B,GRCh37,cg24824266
203,6,84744055,+,MRAP2,GRCh37,cg26384034
203,8,79717627,-,IL7;IL7,GRCh37,cg23538854
203,16,56226346,+,LOC283856;GNAO1;GNAO1,GRCh37,cg21530453
203,17,61776851,-,LIMD2,GRCh37,cg20797699
203,20,21494977,+,NKX2-2,GRCh37,cg23114866
203,19,44037866,-,ZNF575,GRCh37,cg25999015
203,14,95235869,-,GSC,GRCh37,cg20804555
203,13,27132773,+,WASF3,GRCh37,cg09185773
203,11,96122651,+,CCDC82;JRKL,GRCh37,cg01651364
203,5,110848575,+,STARD4,GRCh37,cg23043119
203,17,71161160,-,SSTR2;SSTR2,GRCh37,cg21547708
203,6,1311825,-,FOXQ1,GRCh37,cg14809191
203,21.0,39288830,+,KCNJ6,GRCh37,cg21380842
203,11,107799287,+,RAB39;RAB39,GRCh37,cg05090725
203,5,49962613,+,PARP8,GRCh37,cg09351859
203,6,43423540,-,DLK2;DLK2,GRCh37,cg24908499
203,18,40857464,-,SYT4;SYT4,GRCh37,cg16222762
203,4,25863689,-,SEL1L3,GRCh37,cg18489440
203,18,10455463,-,APCDD1,GRCh37,cg26328002
203,2,228029790,+,COL4A3;COL4A3;COL4A4;COL4A3;COL4A3,GRCh37,cg16640096
203,17,56833253,+,PPM1E;PPM1E,GRCh37,cg19141563
203,19,10121323,-,COL5A3,GRCh37,cg19430430
203,21.0,47401109,-,COL6A1,GRCh37,cg19835478
203,15,68724690,+,ITGA11,GRCh37,cg19836283
203,4,94750205,+,ATOH1,GRCh37,cg04107037
203,9,112542779,+,PALM2;PALM2-AKAP2;PALM2-AKAP2;PALM2,GRCh37,cg06953995
203,8,72273984,-,EYA1;EYA1,GRCh37,cg16793061
203,10,3109459,+,PFKP,GRCh37,cg08465862
203,13,67804733,-,PCDH9;PCDH9,GRCh37,cg25422943
203,10,49813142,-,ARHGAP22,GRCh37,cg25290938
203,12,41086198,-,CNTN1;CNTN1,GRCh37,cg22560190
203,5,107006413,+,EFNA5;EFNA5,GRCh37,cg15230273
203,2,17721751,-,VSNL1,GRCh37,cg25306927
203,8,70747646,+,SLCO5A1,GRCh37,cg22083639
203,10,124221799,-,HTRA1,GRCh37,cg10588377
203,8,18870913,-,PSD3,GRCh37,cg08040428
203,18,55102210,-,ONECUT2,GRCh37,cg09879099
203,1,38099916,-,RSPO1,GRCh37,cg06626655
203,2,232791083,-,NPPC,GRCh37,cg19969873
203,7,40174843,-,C7orf10;C7orf11,GRCh37,cg22284975
203,6,117197952,-,RFX6,GRCh37,cg25423576
203,1,42845990,-,RIMKLA,GRCh37,cg13199589
203,1,205744008,-,RAB7L1;RAB7L1;RAB7L1;RAB7L1,GRCh37,cg09635067
203,4,81187906,+,FGF5;FGF5;FGF5;FGF5,GRCh37,cg14197923
203,4,54965904,+,GSX2,GRCh37,cg21905630
203,6,3227556,+,TUBB2B,GRCh37,cg03462055
203,4,156588012,-,GUCY1A3;GUCY1A3;GUCY1A3;GUCY1A3;GUCY1A3;GUCY1A3;GUCY1A3;GUCY1A3;GUCY1A3;GUCY1A3;GUCY1A3,GRCh37,cg09750385
203,4,55991943,+,KDR,GRCh37,cg14323109
203,1,38100795,+,RSPO1,GRCh37,cg22063989
203,15,40212781,-,GPR176;GPR176,GRCh37,cg17497271
203,22.0,38852154,+,KCNJ4,GRCh37,cg13151102
203,3,183146809,+,MCF2L2,GRCh37,cg25416014
203,6,39197502,+,KCNK5,GRCh37,cg10844844
203,8,104311490,-,FZD6;FZD6;FZD6,GRCh37,cg21975377
203,11,14666436,-,PDE3B;PSMA1,GRCh37,cg05532892
203,9,87283789,-,NTRK2;NTRK2;NTRK2;NTRK2;NTRK2,GRCh37,cg09539438
203,8,49834618,+,SNAI2,GRCh37,cg09881855
203,4,154605087,-,TLR2,GRCh37,cg06618866
203,20,3662546,+,ADAM33;ADAM33,GRCh37,cg14089692
203,1,233462765,+,KIAA1804,GRCh37,cg05477024
203,13,67804285,-,PCDH9;PCDH9;PCDH9;PCDH9,GRCh37,cg02407785
203,2,189157566,-,GULP1;GULP1,GRCh37,cg13274254
204,19,7812265,-,CD209;CD209;CD209;CD209;CD209;CD209;CD209;CD209,GRCh37,cg01618851
204,16,27413904,+,IL21R;IL21R;IL21R,GRCh37,cg19423311
204,11,14664991,-,PDE3B;PSMA1,GRCh37,cg03439703
204,10,135161047,-,PRAP1;PRAP1,GRCh37,cg10742801
204,19,33716273,+,SLC7A10,GRCh37,cg05976074
204,8,27492077,-,SCARA3;SCARA3,GRCh37,cg26847866
204,20,61149399,+,C20orf166;C20orf200,GRCh37,cg11682508
204,1,10056957,+,RBP7,GRCh37,cg03406535
205,2,85555574,-,TGOLN2,GRCh37,cg14542238
205,11,128775691,+,KCNJ5;C11orf45,GRCh37,cg15948326
205,3,98620581,+,DCBLD2,GRCh37,cg09615786
205,17,33416003,+,RFFL,GRCh37,cg03312124
205,11,64890006,-,FAU;MRPL49,GRCh37,cg11419863
205,16,451507,-,DECR2,GRCh37,cg16245339
205,16,2273300,+,E4F1,GRCh37,cg09615982
205,16,69788565,+,NOB1,GRCh37,cg09617747
205,1,6295537,-,ICMT,GRCh37,cg17145806
205,12,93964653,-,SOCS2,GRCh37,cg01882179
205,22.0,20307724,+,DGCR6L,GRCh37,cg03308985
205,2,242447907,+,STK25,GRCh37,cg14172532
205,11,34073324,+,CAPRIN1;CAPRIN1;CAPRIN1;CAPRIN1,GRCh37,cg16218377
205,19,51307950,+,C19orf48;C19orf48;C19orf48;C19orf48,GRCh37,cg09123444
205,2,233562476,-,GIGYF2;GIGYF2;GIGYF2;GIGYF2,GRCh37,cg09138627
205,1,43824241,+,CDC20,GRCh37,cg01651593
205,6,106773140,-,ATG5,GRCh37,cg16950012
205,3,10290674,-,TATDN2;TATDN2,GRCh37,cg14011734
205,12,133405852,+,GOLGA3,GRCh37,cg17272491
205,10,12110679,-,DHTKD1,GRCh37,cg15563952
205,8,30013987,-,DCTN6,GRCh37,cg15319076
205,6,139456038,-,HECA,GRCh37,cg11498188
205,16,67225987,-,E2F4,GRCh37,cg17896249
205,2,234160162,+,ATG16L1;ATG16L1,GRCh37,cg13281719
205,6,160113813,-,SOD2;SOD2;SOD2,GRCh37,cg14515483
205,22.0,21213665,-,SNAP29;PI4KA,GRCh37,cg17239761
205,3,38179985,+,ACAA1;ACAA1;ACAA1;MYD88;MYD88,GRCh37,cg15348640
205,1,43123922,+,PPIH,GRCh37,cg02150709
205,19,10764001,+,ILF3;ILF3;ILF3;ILF3;ILF3;LOC147727,GRCh37,cg27258787
205,2,201676720,-,BZW1,GRCh37,cg27561421
205,1,156561334,-,APOA1BP,GRCh37,cg09822001
205,15,91537654,+,PRC1;PRC1;PRC1;PRC1;PRC1;PRC1,GRCh37,cg09180926
205,12,123459532,+,OGFOD2;ABCB9;ABCB9;OGFOD2,GRCh37,cg11064206
205,18,9103090,+,NDUFV2,GRCh37,cg17905198
205,4,7069733,+,GRPEL1,GRCh37,cg13564595
205,8,63998778,+,TTPA,GRCh37,cg14817143
205,1,203830685,-,SNRPE,GRCh37,cg09819495
205,22.0,38902623,+,DDX17;DDX17,GRCh37,cg03640568
205,20,32951410,-,ITCH,GRCh37,cg16200844
205,17,7476140,+,EIF4A1;EIF4A1,GRCh37,cg10353436
205,4,169931597,-,CBR4,GRCh37,cg13260633
205,11,17297984,+,NUCB2,GRCh37,cg12575751
205,3,99537053,+,C3orf26;MIR548G,GRCh37,cg15372098
205,11,75110826,-,SNORD15A;RPS3,GRCh37,cg12573766
205,8,17434805,-,PDGFRL,GRCh37,cg10160407
205,18,72163198,+,CNDP2,GRCh37,cg01794711
205,2,122494874,+,MKI67IP,GRCh37,cg09809242
205,1,212606106,-,NENF;NENF,GRCh37,cg17979628
205,6,16761668,+,ATXN1;ATXN1;ATXN1;ATXN1,GRCh37,cg10487127
205,17,57232584,+,SKA2;SKA2;SKA2;PRR11;SKA2,GRCh37,cg17989037
205,7,72936880,+,BAZ1B,GRCh37,cg14093368
205,19,48673955,-,LIG1,GRCh37,cg13668397
205,9,74384303,+,TMEM2;TMEM2,GRCh37,cg14667033
205,6,33547980,+,BAK1;BAK1,GRCh37,cg14666892
205,6,31802922,-,C6orf48;C6orf48;C6orf48;SNORD48;C6orf48,GRCh37,cg14663792
205,6,33240022,-,VPS52;RPS18,GRCh37,cg10301967
205,22.0,21996253,-,SDF2L1,GRCh37,cg15477600
205,7,66093349,-,KCTD7;KCTD7,GRCh37,cg15423613
205,2,187558983,+,FAM171B,GRCh37,cg12393697
205,12,69202060,+,MDM2;MDM2;MDM2;MDM2;MDM2;MDM2;MDM2;MDM2;MDM2;MDM2;MDM2;MDM2;MDM2;MDM2,GRCh37,cg12504957
205,5,175815688,+,HIGD2A;NOP16,GRCh37,cg27164762
205,17,33468875,-,NLE1;NLE1,GRCh37,cg03363175
205,14,57736065,+,MUDENG;EXOC5;MUDENG,GRCh37,cg17071536
205,1,154192844,+,C1orf43;C1orf43;UBAP2L;UBAP2L;C1orf43,GRCh37,cg12402495
205,7,99006468,+,PDAP1;BUD31,GRCh37,cg18176813
205,1,224301873,+,FBXO28;FBXO28,GRCh37,cg17057965
205,12,4758496,-,NDUFA9,GRCh37,cg16004800
205,1,222886490,-,C1orf58;AIDA,GRCh37,cg11177955
205,11,118992413,+,HINFP;HINFP,GRCh37,cg11676109
205,12,16034962,-,STRAP,GRCh37,cg01868559
205,9,131644109,-,LRRC8A;CCBL1;CCBL1;LRRC8A;CCBL1;LRRC8A,GRCh37,cg13752043
205,12,50505957,-,C12orf62;C12orf62,GRCh37,cg01372605
205,12,110939919,+,VPS29;VPS29;RAD9B,GRCh37,cg11175477
205,1,150039081,-,VPS45,GRCh37,cg01385430
205,16,75656651,-,ADAT1,GRCh37,cg13232900
205,19,50169182,-,IRF3;BCL2L12;BCL2L12,GRCh37,cg09712606
205,17,8192024,+,RANGRF;SLC25A35;RANGRF,GRCh37,cg11178443
205,17,13972696,+,COX10,GRCh37,cg13706352
205,12,49463506,+,RHEBL1,GRCh37,cg14636377
205,17,73105863,+,ARMC7,GRCh37,cg03605339
205,2,69871685,-,AAK1,GRCh37,cg01272601
205,9,131419157,+,WDR34,GRCh37,cg16037142
205,6,28092420,-,ZSCAN16;ZSCAN16,GRCh37,cg13665593
205,22.0,35695944,-,TOM1;TOM1;TOM1;TOM1;TOM1;TOM1,GRCh37,cg13788301
205,11,118868622,-,CCDC84,GRCh37,cg11713029
205,12,104359415,+,TDG,GRCh37,cg11207379
205,14,50101089,-,C14orf104;C14orf104,GRCh37,cg14723799
205,2,220363584,-,GMPPA;GMPPA,GRCh37,cg14569415
205,11,8933372,+,ST5;C11orf17;C11orf17,GRCh37,cg16176301
205,6,137112939,+,MAP3K5,GRCh37,cg13255096
205,6,30029143,-,NCRNA00171;ZNRD1;ZNRD1;ZNRD1;ZNRD1,GRCh37,cg01716083
205,10,1102313,-,WDR37,GRCh37,cg27274028
205,3,25705530,-,TOP2B,GRCh37,cg09793001
205,14,95623699,+,DICER1;DICER1;FLJ45244,GRCh37,cg16184930
205,6,160390829,-,IGF2R,GRCh37,cg14556618
205,3,196230308,-,RNF168;RNF168,GRCh37,cg16185365
205,9,100396477,-,TSTD2;NCBP1,GRCh37,cg16199381
205,2,103353471,+,MFSD9,GRCh37,cg17997329
205,7,116502333,+,CAPZA2,GRCh37,cg13155059
205,19,2457194,-,LMNB2,GRCh37,cg14047244
205,18,61090281,+,VPS4B,GRCh37,cg13613748
205,19,50353971,+,PTOV1,GRCh37,cg15398448
205,1,62208645,-,INADL,GRCh37,cg10316635
205,13,73632762,-,KLF5,GRCh37,cg09667226
205,2,192110658,-,MYO1B;MYO1B;MYO1B,GRCh37,cg09666654
205,3,113234093,+,CCDC52,GRCh37,cg15416577
205,11,9406115,-,IPO7,GRCh37,cg09659887
205,1,178062686,+,LOC100302401;RASAL2,GRCh37,cg16962970
205,6,33422403,-,ZBTB9;ZBTB9,GRCh37,cg02322621
205,4,57301120,+,PAICS;PPAT;PAICS;PAICS,GRCh37,cg12370884
205,7,92861678,+,CCDC132;CCDC132;CCDC132;CCDC132,GRCh37,cg27402949
205,2,113239349,+,TTL,GRCh37,cg10216105
205,14,90722856,-,PSMC1,GRCh37,cg02276686
205,22.0,43411403,-,,GRCh37,cg01557667
205,5,138940474,+,UBE2D2;UBE2D2,GRCh37,cg11713336
205,10,74385779,+,CBARA1;CBARA1,GRCh37,cg11655691
205,1,197115405,-,ASPM,GRCh37,cg13650137
205,12,89746418,+,DUSP6;DUSP6,GRCh37,cg18081750
205,8,120886151,-,DEPDC6,GRCh37,cg12051359
205,2,96932403,+,CIAO1;TMEM127,GRCh37,cg15884411
205,19,2328391,+,LSM7;SPPL2B;SPPL2B,GRCh37,cg00040861
205,19,47354240,+,AP2S1;AP2S1,GRCh37,cg02303361
205,8,37594596,+,ERLIN2;ERLIN2;ERLIN2,GRCh37,cg09478597
205,18,19320538,-,MIB1,GRCh37,cg12985418
205,3,12525750,+,TSEN2;TSEN2;TSEN2;TSEN2;TSEN2,GRCh37,cg12985164
205,14,64320521,+,SYNE2;SYNE2,GRCh37,cg02018101
205,16,68345102,-,PRMT7;SLC7A6OS,GRCh37,cg11893236
205,6,34725116,-,SNRPC;SNRPC;SNRPC,GRCh37,cg15676488
205,10,79793653,-,RPS24;RPS24;RPS24;RPS24;RPS24;RPS24;RPS24;RPS24;RPS24;RPS24;RPS24;RPS24,GRCh37,cg14298951
205,5,94890897,-,TTC37;ARSK;ARSK,GRCh37,cg03550002
205,20,52825087,-,PFDN4,GRCh37,cg13347296
205,11,65769444,+,EIF1AD;EIF1AD;BANF1;BANF1,GRCh37,cg09462587
205,19,58326226,+,ZNF552;ZNF552,GRCh37,cg12983442
205,1,229644037,-,NUP133;NUP133,GRCh37,cg15056107
205,1,117209954,+,IGSF3;IGSF3,GRCh37,cg12205047
205,7,100137102,-,AGFG2,GRCh37,cg10442358
205,17,79850075,-,ANAPC11;ANAPC11;ANAPC11;ANAPC11;ANAPC11;ANAPC11;ANAPC11;THOC4,GRCh37,cg01515426
205,20,47538576,+,ARFGEF2,GRCh37,cg09345431
205,19,34663000,-,LSM14A;LSM14A,GRCh37,cg13846796
205,2,153032369,+,STAM2;STAM2,GRCh37,cg01846065
205,4,17812264,-,NCAPG;DCAF16;DCAF16,GRCh37,cg14377370
205,19,57792257,-,ZNF460,GRCh37,cg16518291
205,16,576870,+,SOLH;C16orf10,GRCh37,cg13310628
205,2,64752200,+,AFTPH;AFTPH;AFTPH,GRCh37,cg10423227
205,4,140216957,+,NDUFC1,GRCh37,cg15010390
205,6,33257095,-,WDR46;WDR46;WDR46;PFDN6;WDR46,GRCh37,cg11368791
205,11,64490633,+,NRXN2;NRXN2;NRXN2;NRXN2,GRCh37,cg16718678
205,12,121838009,-,RNF34;RNF34;RNF34;RNF34,GRCh37,cg09926889
205,16,53537025,+,AKTIP;AKTIP,GRCh37,cg10965432
205,15,40531152,+,PAK6;PAK6;PAK6,GRCh37,cg10563284
205,1,22778527,-,ZBTB40;ZBTB40,GRCh37,cg15041659
205,16,1359179,+,UBE2I;UBE2I;UBE2I;UBE2I;UBE2I,GRCh37,cg10960946
205,6,26537952,-,HMGN4,GRCh37,cg17624892
205,18,51796331,+,POLI,GRCh37,cg02447314
205,6,109415607,+,C6orf182;SESN1,GRCh37,cg11541187
205,5,177027589,-,B4GALT7,GRCh37,cg11313997
205,12,51442056,-,LETMD1;LETMD1,GRCh37,cg01322897
205,4,106395029,+,PPA2;PPA2;PPA2;PPA2;PPA2,GRCh37,cg09459044
205,11,62538738,+,TAF6L,GRCh37,cg15725808
205,10,71993604,-,PPA1,GRCh37,cg15097876
205,9,138853438,+,UBAC1,GRCh37,cg09446127
205,1,231664276,-,TSNAX-DISC1;TSNAX-DISC1;TSNAX-DISC1;TSNAX-DISC1;TSNAX-DISC1;TSNAX-DISC1;TSNAX;TSNAX-DISC1;TSNAX-DISC1,GRCh37,cg16616325
205,14,20929766,+,TMEM55B;TMEM55B,GRCh37,cg14353162
205,11,8703884,+,RPL27A,GRCh37,cg02171008
205,22.0,36925444,-,EIF3D,GRCh37,cg11603096
205,18,77712293,+,PQLC1;PQLC1;PQLC1,GRCh37,cg09441152
205,13,28024626,+,MTIF3;MTIF3;MTIF3;MTIF3,GRCh37,cg27323780
205,22.0,39096760,+,JOSD1,GRCh37,cg09991975
205,17,27224811,+,FLOT2;DHRS13,GRCh37,cg17568035
205,22.0,29168792,-,CCDC117;CCDC117,GRCh37,cg15103426
205,8,38243683,+,LETM2,GRCh37,cg14336578
205,3,45883621,+,LZTFL1,GRCh37,cg12857957
205,21,46294237,+,PTTG1IP,GRCh37,cg01419679
205,12,1704156,-,FBXL14,GRCh37,cg27470406
205,15,49448126,+,GALK2;GALK2;COPS2;COPS2,GRCh37,cg14317651
205,22.0,20851056,-,KLHL22,GRCh37,cg09958090
205,6,32812422,+,PSMB8;PSMB8;PSMB8,GRCh37,cg15451100
205,1,1051364,+,C1orf159,GRCh37,cg09383789
205,8,59465609,+,SDCBP;SDCBP;SDCBP;SDCBP;SDCBP,GRCh37,cg11550426
205,10,15139785,-,RPP38;C10orf111;RPP38;RPP38,GRCh37,cg13417824
205,2,85788810,-,GGCX;GGCX,GRCh37,cg10506212
205,14,77923690,+,AHSA1;C14orf133,GRCh37,cg17598875
205,7,44240862,-,YKT6,GRCh37,cg11609344
205,7,139026010,-,C7orf55;C7orf55,GRCh37,cg11609154
205,3,28390080,+,AZI2;AZI2;AZI2,GRCh37,cg27614038
205,11,27528592,+,LIN7C;BDNFOS,GRCh37,cg13360150
205,6,35888298,-,SRPK1,GRCh37,cg01693108
205,9,139839391,+,C8G;FBXW5,GRCh37,cg15139737
205,2,74710227,-,CCDC142;TTC31;TTC31;CCDC142,GRCh37,cg12825252
205,14,69259640,-,ZFP36L1,GRCh37,cg01928902
205,11,85339608,+,TMEM126B;DLG2,GRCh37,cg17597195
205,3,37217087,-,LRRFIP2;LRRFIP2;LRRFIP2,GRCh37,cg12792366
205,18,23671264,+,SS18;SS18,GRCh37,cg16511708
205,4,13629759,-,BOD1L,GRCh37,cg13455369
205,3,141944344,+,GK5;GK5,GRCh37,cg09910464
205,5,86708659,-,CCNH;CCNH,GRCh37,cg14452392
205,19,6361455,+,CLPP,GRCh37,cg17756392
205,1,19537115,-,UBR4,GRCh37,cg10850580
205,20,34824487,-,C20orf4;C20orf4,GRCh37,cg11649825
205,8,95908119,+,CCNE2,GRCh37,cg16328273
205,17,78519082,-,RPTOR;RPTOR;RPTOR;RPTOR,GRCh37,cg12073949
205,11,18610074,+,UEVLD;UEVLD,GRCh37,cg12626085
205,12,53894418,+,TARBP2;TARBP2;TARBP2;MAP3K12,GRCh37,cg14903309
205,16,4323326,-,TFAP4,GRCh37,cg10396357
205,7,74489585,+,WBSCR16;WBSCR16,GRCh37,cg02053171
205,5,179159589,+,MAML1,GRCh37,cg14908548
205,17,27506970,+,MYO18A;MYO18A,GRCh37,cg13060405
205,15,40763073,-,CHST14,GRCh37,cg14924091
205,7,29603541,-,PRR15;PRR15,GRCh37,cg12658982
205,14,24658292,-,IPO4,GRCh37,cg11646704
205,15,64455677,-,PPIB,GRCh37,cg16312647
205,16,21964765,-,UQCRC2,GRCh37,cg11766698
205,18,60987429,+,BCL2;BCL2,GRCh37,cg14455307
205,22.0,19420236,+,HIRA;MRPL40,GRCh37,cg17881637
205,17,8924757,-,NTN1,GRCh37,cg17875156
205,1,62207966,+,INADL,GRCh37,cg10139846
205,16,88878090,-,APRT;APRT,GRCh37,cg17863168
205,7,140396347,-,LOC100134713;NDUFB2,GRCh37,cg12318316
205,17,73008587,-,ICT1,GRCh37,cg11263584
205,14,70079160,-,KIAA0247,GRCh37,cg27141427
205,19,18633053,+,ELL,GRCh37,cg17843759
205,7,120497998,-,TSPAN12;TSPAN12,GRCh37,cg13983870
205,8,125385130,+,TMEM65,GRCh37,cg11044263
205,7,87257416,-,RUNDC3B;RUNDC3B;ABCB1;RUNDC3B,GRCh37,cg01966465
205,12,105629755,-,APPL2,GRCh37,cg01643284
205,18,3261712,-,MYL12B;MYL12B;MYL12B;MYL12B,GRCh37,cg14462626
205,7,32530038,-,LSM5;LSM5;LSM5;LSM5,GRCh37,cg14853515
205,1,33722125,-,ZNF362,GRCh37,cg03382564
205,12,58166652,-,METTL1;FAM119B;METTL1;FAM119B,GRCh37,cg13289561
205,8,11659832,+,FDFT1,GRCh37,cg15836394
205,17,36909238,+,PSMB3,GRCh37,cg13824734
205,20,30326883,-,TPX2,GRCh37,cg16338822
205,11,65029103,+,POLA2,GRCh37,cg17346115
205,16,278852,-,LUC7L;LUC7L,GRCh37,cg01687051
205,15,44828937,+,EIF3J,GRCh37,cg10891025
205,1,61548754,-,NFIA;NFIA;NFIA;NFIA,GRCh37,cg10069638
205,7,30067792,+,PLEKHA8,GRCh37,cg10982775
205,6,135375900,+,HBS1L;HBS1L;HBS1L;HBS1L;HBS1L;HBS1L,GRCh37,cg03340261
205,2,170441054,-,PPIG,GRCh37,cg16756620
205,17,37357067,+,RPL19,GRCh37,cg17366325
205,10,25013471,-,ARHGAP21,GRCh37,cg09892390
205,3,25831423,+,OXSM;NGLY1;OXSM;OXSM;NGLY1,GRCh37,cg15611364
205,11,64901569,-,SYVN1;SYVN1,GRCh37,cg02441831
205,6,170123723,-,PHF10;PHF10,GRCh37,cg16740543
205,17,26989432,-,SUPT6H;SDF2,GRCh37,cg13045611
205,4,139937474,-,CCRN4L,GRCh37,cg10976673
205,12,122710630,+,DIABLO;DIABLO;DIABLO;DIABLO,GRCh37,cg03543403
205,11,121163497,-,SC5DL;SC5DL;SC5DL,GRCh37,cg13982661
205,1,154948248,-,SHC1;SHC1;CKS1B;CKS1B,GRCh37,cg17891149
205,11,77790796,+,NDUFC2;NDUFC2,GRCh37,cg16409869
205,9,139743802,-,PHPT1;PHPT1;PHPT1;PHPT1,GRCh37,cg16777839
205,17,61905004,-,FTSJ3;PSMC5;FTSJ3,GRCh37,cg11296363
205,8,33342777,-,MAK16,GRCh37,cg12674192
205,15,68346484,-,PIAS1,GRCh37,cg11790217
205,6,36646540,-,CDKN1A;CDKN1A;CDKN1A;CDKN1A,GRCh37,cg01306510
205,13,53029954,-,CKAP2;CKAP2,GRCh37,cg11298616
205,6,34857281,-,TAF11;ANKS1A,GRCh37,cg13510363
205,1,151736130,+,OAZ3;MRPL9,GRCh37,cg14269514
205,19,38086035,-,ZNF540;ZNF571,GRCh37,cg17333479
205,11,67211245,+,CORO1B;CORO1B;CORO1B,GRCh37,cg09541468
205,10,89578168,-,ATAD1;CFLP1,GRCh37,cg01765473
205,3,179065624,-,MFN1,GRCh37,cg11628282
205,10,120966843,-,GRK5,GRCh37,cg27315279
205,14,78083305,-,SPTLC2,GRCh37,cg27553433
205,11,57480394,+,TMX2;MED19;TMX2;TMX2,GRCh37,cg01959848
205,20,36662310,+,KIAA0406;RPRD1B;RPRD1B,GRCh37,cg14424111
205,1,113615878,+,LRIG2;LRIG2,GRCh37,cg10983720
205,19,48018668,+,NAPA,GRCh37,cg13236854
205,4,25032141,+,LGI2,GRCh37,cg12435758
205,17,46125833,-,NFE2L1,GRCh37,cg03777405
205,17,40896881,+,EZH1,GRCh37,cg06975499
205,11,65381610,-,MAP3K11;MAP3K11,GRCh37,cg21651436
205,19,36249454,-,C19orf55,GRCh37,cg02956481
205,3,183892773,-,AP2M1;AP2M1,GRCh37,cg23679085
205,19,58459358,-,ZNF256,GRCh37,cg02959669
205,9,15510857,+,PSIP1;PSIP1;PSIP1;PSIP1;PSIP1,GRCh37,cg08101172
205,4,123653978,-,LOC729338;BBS12;BBS12,GRCh37,cg08524525
205,5,140018911,-,TMCO6,GRCh37,cg06994793
205,5,36877626,-,NIPBL;NIPBL,GRCh37,cg26929490
205,15,40401297,+,BMF,GRCh37,cg07000551
205,21.0,30397240,+,USP16;USP16;USP16,GRCh37,cg23772557
205,15,44069451,+,ELL3;ELL3,GRCh37,cg23790767
205,2,65283421,-,CEP68,GRCh37,cg23816572
205,1,68150823,-,GADD45A,GRCh37,cg07000785
205,16,24740934,-,TNRC6A,GRCh37,cg05689121
205,15,99791930,+,LRRC28,GRCh37,cg26677874
205,2,64751325,+,AFTPH;AFTPH;AFTPH,GRCh37,cg23854921
205,16,67595703,-,CTCF,GRCh37,cg23858565
205,5,59996328,-,DEPDC1B;DEPDC1B,GRCh37,cg19051578
205,9,35096058,+,PIGO;PIGO,GRCh37,cg23644213
205,20,10654420,-,JAG1;JAG1,GRCh37,cg23643330
205,3,4508875,+,SUMF1;SUMF1;SUMF1,GRCh37,cg05843800
205,1,28286146,-,XKR8,GRCh37,cg00563229
205,3,137834238,+,DZIP1L;DZIP1L,GRCh37,cg26533949
205,1,3713096,+,LRRC47,GRCh37,cg19148051
205,5,172410975,-,ATP6V0E1,GRCh37,cg20225275
205,18,61089154,-,VPS4B,GRCh37,cg05934874
205,10,102106811,+,SCD;SCD,GRCh37,cg23508052
205,8,79717776,-,IL7,GRCh37,cg23512958
205,6,143772210,+,ADAT2;PEX3,GRCh37,cg21684385
205,17,55927468,-,MRPS23,GRCh37,cg06957329
205,7,100076562,+,TSC22D4;TSC22D4,GRCh37,cg08487374
205,12,56360414,+,CDK2;SILV;CDK2,GRCh37,cg00129774
205,2,9983427,-,TAF1B,GRCh37,cg08494812
205,2,32581711,+,BIRC6,GRCh37,cg19098826
205,15,55489120,+,RSL24D1;RSL24D1,GRCh37,cg03878377
205,2,74055942,-,STAMBP;STAMBP;STAMBP,GRCh37,cg19754094
205,10,124739793,-,PSTK;PSTK,GRCh37,cg23613177
205,16,69420083,-,TERF2,GRCh37,cg03970351
205,4,20702329,-,PACRGL;PACRGL;PACRGL;PACRGL,GRCh37,cg01154775
205,13,99228955,-,STK24,GRCh37,cg00528967
205,8,96281399,-,C8orf37,GRCh37,cg23862908
205,16,30934696,+,NCRNA00095;FBXL19,GRCh37,cg08535091
205,15,34502525,+,C15orf29,GRCh37,cg19021732
205,6,1610197,-,FOXC1,GRCh37,cg23867624
205,16,31129424,-,MYST1;MYST1,GRCh37,cg19819891
205,5,178978234,-,RUFY1,GRCh37,cg05497107
205,19,10381924,-,ICAM1,GRCh37,cg08607082
205,18,44702545,+,IER3IP1,GRCh37,cg02987051
205,16,85061578,-,KIAA0513,GRCh37,cg24148044
205,17,26662842,-,TNFAIP1;TNFAIP1;IFT20,GRCh37,cg00464269
205,13,41635860,-,WBP4,GRCh37,cg24219962
205,20,2451552,+,SNRPB;SNRPB,GRCh37,cg05399553
205,7,30634132,-,GARS,GRCh37,cg19832597
205,4,26585505,-,TBC1D19,GRCh37,cg18953280
205,12,7080038,+,PHB2;EMG1;EMG1;PHB2,GRCh37,cg05382730
205,17,71160892,+,SSTR2,GRCh37,cg18943599
205,2,20189487,+,WDR35;WDR35,GRCh37,cg24297976
205,17,41150154,+,RPL27,GRCh37,cg07080007
205,4,71704884,+,GRSF1;GRSF1,GRCh37,cg24329794
205,11,10562295,+,RNF141,GRCh37,cg05367858
205,9,5450410,-,CD274,GRCh37,cg02823866
205,10,112631335,-,LOC282997;PDCD4;PDCD4,GRCh37,cg24371157
205,11,66206319,+,MRPL11;MRPL11;MRPL11,GRCh37,cg24394865
205,7,103848319,-,ORC5L;ORC5L,GRCh37,cg07068616
205,4,13486498,-,RAB28;RAB28;RAB28,GRCh37,cg21774863
205,7,92157488,-,PEX1;C7orf64,GRCh37,cg24030425
205,3,38207110,-,OXSR1;OXSR1,GRCh37,cg00798206
205,12,110906055,+,GPN3;GPN3;GPN3;GPN3;GPN3;C12orf24,GRCh37,cg19020694
205,5,179050530,+,HNRNPH1,GRCh37,cg03992230
205,9,140100305,-,TMEM203;NDOR1;NDOR1;NDOR1;NDOR1,GRCh37,cg23897067
205,2,239196947,+,PER2,GRCh37,cg23905308
205,17,4458473,+,MYBBP1A;MYBBP1A,GRCh37,cg23916158
205,19,16738737,-,MED26,GRCh37,cg08553339
205,7,128379677,-,CALU;CALU,GRCh37,cg05647526
205,16,67514524,+,ATP6V0D1,GRCh37,cg19815928
205,1,145470395,+,ANKRD34A;POLR3GL,GRCh37,cg07036775
205,12,53773795,+,SP1;SP1,GRCh37,cg00495415
205,19,39322242,+,ECH1,GRCh37,cg02581667
205,22.0,41864983,-,ACO2;PHF5A,GRCh37,cg05593780
205,5,177659229,-,AGXT2L2,GRCh37,cg07051140
205,12,72149029,+,RAB21,GRCh37,cg23943801
205,8,29953064,-,LEPROTL1;LEPROTL1,GRCh37,cg18986713
205,6,57087242,+,RAB23;RAB23,GRCh37,cg26430450
205,19,11640070,+,ECSIT;ECSIT;ECSIT;ECSIT,GRCh37,cg21584983
205,16,70835035,+,VAC14;VAC14,GRCh37,cg05547993
205,1,207925461,-,CD46;CD46;CD46;CD46;CD46;CD46;CD46;CD46;CD46;CD46;CD46;CD46;CD46;CD46;CD46;CD46;CD46;CD46;CD46;CD46;CD46;CD46;CD46;CD46;CD46;CD46;CD46;CD46,GRCh37,cg23983340
205,7,26240560,+,CBX3;CBX3;HNRNPA2B1;HNRNPA2B1,GRCh37,cg00485380
205,12,122326515,-,PSMD9,GRCh37,cg21787206
205,3,44379533,-,C3orf23;C3orf23;C3orf23,GRCh37,cg21796234
205,1,202858393,+,RABIF,GRCh37,cg19157971
205,9,140008995,-,DPP7,GRCh37,cg22419075
205,2,223725731,-,ACSL3;ACSL3;ACSL3;ACSL3,GRCh37,cg22111003
205,6,71276461,-,C6orf57,GRCh37,cg26568669
205,6,79944186,+,HMGN3;HMGN3,GRCh37,cg22058458
205,1,211751907,+,SLC30A1,GRCh37,cg19652869
205,16,28503379,-,CLN3;CLN3;CLN3;CLN3,GRCh37,cg06530118
205,14,105766987,+,BRF1;BRF1,GRCh37,cg22496859
205,20,25371822,+,ABHD12;ABHD12,GRCh37,cg19434221
205,17,4901101,+,INCA1;INCA1;INCA1;INCA1;KIF1C,GRCh37,cg19425528
205,11,65479309,-,KAT5;KAT5;KAT5,GRCh37,cg22048492
205,2,3381578,+,TSSC1;TSSC1,GRCh37,cg06506156
205,1,145470355,+,POLR3GL;ANKRD34A;POLR3GL,GRCh37,cg19413110
205,2,203735866,+,ICA1L;ICA1L,GRCh37,cg26556918
205,2,75873790,+,MRPL19,GRCh37,cg19401923
205,4,77996244,-,CCNI,GRCh37,cg22606062
205,9,34329521,-,NUDT2;NUDT2;KIF24;NUDT2;NUDT2;NUDT2;NUDT2,GRCh37,cg19398446
205,3,14166502,-,TMEM43;CHCHD4;CHCHD4;TMEM43,GRCh37,cg00661202
205,14,35761401,-,PSMA6,GRCh37,cg22624926
205,4,39529052,+,UGDH;UGDH,GRCh37,cg08353062
205,20,25677738,-,ZNF337,GRCh37,cg22125922
205,2,68384458,+,PNO1;WDR92,GRCh37,cg22628840
205,2,18741870,+,RDH14;RDH14,GRCh37,cg19638349
205,11,67159770,-,RAD9A,GRCh37,cg03750407
205,6,17394417,+,CAP2,GRCh37,cg06682978
205,14,74485554,+,ENTPD5;C14orf45,GRCh37,cg22201387
205,19,2476129,-,GADD45B,GRCh37,cg08259617
205,3,154042356,-,DHX36;DHX36,GRCh37,cg22183849
205,17,77006080,-,CANT1;CANT1;CANT1,GRCh37,cg01107741
205,17,57297718,-,GDPD1;GDPD1;GDPD1,GRCh37,cg06655504
205,1,229762532,+,URB2;TAF5L;TAF5L,GRCh37,cg18220284
205,1,145610689,+,POLR3C;RNF115,GRCh37,cg22262549
205,11,62359237,+,TUT1,GRCh37,cg22169418
205,10,103578316,+,MGEA5;MGEA5,GRCh37,cg08242493
205,17,47439802,+,ZNF652;ZNF652;ZNF652,GRCh37,cg22370370
205,3,25706456,+,TOP2B,GRCh37,cg19576739
205,19,37329274,+,ZNF790;ZNF790,GRCh37,cg22379207
205,14,103799756,+,EIF5;EIF5,GRCh37,cg22388943
205,17,3626760,-,ITGAE;GSG2,GRCh37,cg19585196
205,6,43484373,+,POLR1C;POLR1C;YIPF3,GRCh37,cg19506903
205,2,202317001,+,STRADB;TRAK2,GRCh37,cg02801485
205,1,160232170,+,DCAF8;DCAF8;DCAF8;DCAF8;DCAF8,GRCh37,cg08284180
205,17,7591899,+,WRAP53;TP53;WRAP53;TP53;WRAP53;TP53;TP53;WRAP53;WRAP53,GRCh37,cg06587969
205,18,54305287,+,TXNL1;TXNL1,GRCh37,cg06765434
205,15,40857495,-,C15orf57;C15orf57;C15orf57,GRCh37,cg05334239
205,8,28747453,-,INTS9;HMBOX1;INTS9;HMBOX1;INTS9;INTS9;INTS9,GRCh37,cg01124961
205,1,145516254,-,GNRHR2;PEX11B,GRCh37,cg06804431
205,6,105307907,+,HACE1,GRCh37,cg23047681
205,14,55518132,-,MAPK1IP1L,GRCh37,cg02909042
205,16,89882934,+,FANCA;FANCA,GRCh37,cg19216839
205,7,140624057,+,BRAF,GRCh37,cg23066879
205,2,97001960,+,NCAPH,GRCh37,cg26625319
205,4,87927706,+,AFF1;AFF1,GRCh37,cg23092072
205,12,70759870,-,KCNMB4,GRCh37,cg23096553
205,3,4534791,+,ITPR1;ITPR1;ITPR1,GRCh37,cg21858376
205,17,78965712,-,CHMP6;CHMP6,GRCh37,cg19693015
205,6,30875883,+,GTF2H4,GRCh37,cg23142900
205,7,75988652,-,YWHAG,GRCh37,cg06186973
205,6,170862231,-,PSMB1;TBP,GRCh37,cg06893980
205,20,2644649,+,IDH3B;IDH3B;IDH3B,GRCh37,cg23191772
205,6,31515458,-,NFKBIL1;NFKBIL1;ATP6V1G2;NFKBIL1;NFKBIL1;NFKBIL1;ATP6V1G2;NFKBIL1,GRCh37,cg00585846
205,1,2322827,-,RER1;MORN1,GRCh37,cg23207616
205,7,144533092,-,TPK1;TPK1;TPK1;TPK1,GRCh37,cg19714749
205,5,7868887,-,MTRR;MTRR;FASTKD3,GRCh37,cg21803417
205,9,133320279,+,ASS1;ASS1;ASS1;ASS1,GRCh37,cg23282771
205,1,6259145,-,RPL22,GRCh37,cg23323711
205,6,24666573,-,ACOT13;TTRAP;ACOT13,GRCh37,cg23020402
205,16,770731,-,FAM173A,GRCh37,cg00659953
205,14,24768621,-,DHRS1;C14orf21;DHRS1;DHRS1,GRCh37,cg06824727
205,6,125475126,-,TPD52L1;TPD52L1;TPD52L1;TPD52L1,GRCh37,cg21972430
205,20,54967037,-,AURKA;AURKA;AURKA;CSTF1;AURKA;CSTF1;AURKA;AURKA;AURKA;AURKA;CSTF1,GRCh37,cg22732672
205,19,17414346,-,ABHD8,GRCh37,cg22734480
205,1,23037368,-,EPHB2;EPHB2;EPHB2;EPHB2,GRCh37,cg00650762
205,11,6440482,+,APBB1;APBB1,GRCh37,cg19327844
205,11,116643266,+,BUD13;BUD13,GRCh37,cg06418878
205,12,112280887,+,C12orf47;MAPKAPK5;MAPKAPK5,GRCh37,cg22778180
205,17,42148292,-,G6PC3;G6PC3;G6PC3;G6PC3,GRCh37,cg06808983
205,16,84150069,-,MBTPS1,GRCh37,cg03930357
205,2,241075960,+,MYEOV2;MYEOV2,GRCh37,cg22009489
205,14,102829177,+,CINP;TECPR2,GRCh37,cg21973800
205,10,14879645,-,HSPA14;CDNF,GRCh37,cg03737135
205,1,54519286,-,C1orf83;C1orf83;TMEM59,GRCh37,cg22813220
205,2,128568196,-,WDR33;WDR33;WDR33,GRCh37,cg22854546
205,3,11762253,+,VGLL4,GRCh37,cg21973517
205,2,239112570,-,ILKAP,GRCh37,cg22886005
205,12,26111213,-,RASSF8;RASSF8,GRCh37,cg22946876
205,17,80477010,+,FOXK2,GRCh37,cg01137065
205,13,39611764,-,C13orf23;C13orf23;C13orf23;C13orf23;NHLRC3;NHLRC3,GRCh37,cg22950347
205,16,28857255,+,TUFM,GRCh37,cg22973038
205,1,155990882,-,SSR2,GRCh37,cg06821274
205,17,16120569,-,PIGL,GRCh37,cg05310071
205,2,224821935,+,MRPL44,GRCh37,cg19846927
205,3,49507186,-,DAG1;DAG1,GRCh37,cg21475255
205,3,139654245,-,CLSTN2,GRCh37,cg08853659
205,10,94353331,+,KIF11,GRCh37,cg25494789
205,13,21714725,-,SAP18,GRCh37,cg25495394
205,17,7487249,+,MPDU1;MPDU1,GRCh37,cg00103783
205,1,235667507,+,B3GALNT2,GRCh37,cg00265415
205,10,11652950,-,USP6NL,GRCh37,cg20716064
205,5,74062846,+,NSA2;GFM2;GFM2;GFM2;GFM2;GFM2;GFM2,GRCh37,cg08881067
205,12,121019412,+,POP5;POP5,GRCh37,cg25515063
205,6,39082812,-,C6orf64,GRCh37,cg08851943
205,9,91002900,+,SPIN1,GRCh37,cg25530169
205,12,12764894,+,CREBL2;CREBL2,GRCh37,cg00261552
205,5,137879323,-,ETF1,GRCh37,cg08902132
205,6,42897059,-,CNPY3;CNPY3,GRCh37,cg20681975
205,1,242011162,+,EXO1;EXO1;EXO1,GRCh37,cg07639959
205,8,42249569,-,VDAC3;VDAC3,GRCh37,cg18381880
205,19,50180579,-,PRMT1;PRMT1;PRMT1,GRCh37,cg25595446
205,12,27166943,+,TM7SF3,GRCh37,cg20673611
205,10,30722678,+,MAP3K8,GRCh37,cg03807314
205,5,95158068,+,GLRX;GLRX,GRCh37,cg26829318
205,17,37856786,-,ERBB2;ERBB2,GRCh37,cg27005179
205,11,74303786,-,POLD3,GRCh37,cg08839620
205,10,105726614,-,SLK,GRCh37,cg00276797
205,10,91461107,-,KIF20B,GRCh37,cg20896197
205,1,224301701,-,FBXO28;FBXO28,GRCh37,cg20030671
205,13,21750473,+,MRP63;MRP63;SKA3;SKA3,GRCh37,cg00432979
205,6,7107952,+,RREB1;RREB1;RREB1;RREB1;RREB1,GRCh37,cg18533466
205,19,12992479,+,DNASE2,GRCh37,cg07955356
205,9,35812293,-,SPAG8;SPAG8,GRCh37,cg04109220
205,15,40987790,+,RAD51;RAD51;RAD51;RAD51,GRCh37,cg04662451
205,1,235668099,+,B3GALNT2,GRCh37,cg03209127
205,2,99758462,+,TSGA10;C2orf15;TSGA10,GRCh37,cg25411534
205,1,110881820,-,RBM15,GRCh37,cg25416363
205,12,94071150,-,CRADD;CRADD,GRCh37,cg04117338
205,15,75932582,+,IMP3;IMP3,GRCh37,cg25429010
205,3,98241168,-,CLDND1;CLDND1;CLDND1;CLDND1;CLDND1;CLDND1,GRCh37,cg25438440
205,10,5855992,+,GDI2;GDI2,GRCh37,cg08827391
205,8,146176336,+,ZNF16;ZNF16,GRCh37,cg07534467
205,19,12777736,-,MORG1;MORG1;MAN2B1;MORG1,GRCh37,cg20791841
205,8,126011005,-,SQLE;SQLE,GRCh37,cg04618607
205,1,78245521,-,FAM73A,GRCh37,cg25470175
205,22.0,28314676,+,PITPNB;LOC284900;LOC284900,GRCh37,cg25477181
205,1,78148262,+,ZZZ3,GRCh37,cg04127303
205,12,83080830,-,TMTC2,GRCh37,cg25638984
205,1,153963072,-,RPS27,GRCh37,cg25667202
205,2,203776787,-,ALS2CR8;ALS2CR8;WDR12;WDR12,GRCh37,cg25671651
205,22.0,29977203,+,NIPSNAP1,GRCh37,cg20319264
205,12,99039578,+,APAF1;APAF1;APAF1;APAF1;IKBIP;APAF1;APAF1;IKBIP;APAF1;APAF1;IKBIP;APAF1;APAF1,GRCh37,cg00210842
205,1,48938046,+,SPATA6,GRCh37,cg04141379
205,8,23386623,+,SLC25A37,GRCh37,cg25944700
205,19,51869401,-,ETFB,GRCh37,cg04322978
205,5,149737654,-,TCOF1;TCOF1;TCOF1;TCOF1;TCOF1;TCOF1,GRCh37,cg08983975
205,19,56111252,+,FIZ1;ZNF524,GRCh37,cg20317180
205,14,103852417,-,MARK3;MARK3;MARK3;MARK3;MARK3,GRCh37,cg18263030
205,19,18315002,-,RAB3A,GRCh37,cg26001336
205,11,95523144,+,CEP57;FAM76B,GRCh37,cg04303269
205,15,40453036,+,BUB1B,GRCh37,cg20259534
205,17,74707271,+,MXRA7;MXRA7;MXRA7,GRCh37,cg07851243
205,11,62529213,+,POLR2G,GRCh37,cg26125443
205,13,24735051,-,SPATA13;SPATA13;SPATA13;SPATA13,GRCh37,cg03126490
205,20,2632587,-,MIR1292;NOP56;NOP56,GRCh37,cg26132853
205,1,160001439,+,PIGM,GRCh37,cg04197051
205,6,159239164,+,EZR;EZR;EZR,GRCh37,cg04185037
205,2,201729279,+,CLK1;CLK1;CLK1;CLK1;CLK1,GRCh37,cg20218060
205,11,85955689,+,EED;EED,GRCh37,cg00080012
205,18,32956850,-,ZNF396,GRCh37,cg03776551
205,8,73921005,-,TERF1;TERF1,GRCh37,cg25396537
205,10,75911181,+,ADK;AP3M1;AP3M1,GRCh37,cg25892434
205,3,49967065,-,MON1A;MON1A,GRCh37,cg20162159
205,1,28655639,-,MED18;MED18;MED18,GRCh37,cg25716286
205,2,213403960,+,ERBB4;ERBB4,GRCh37,cg20637307
205,3,50654228,-,MAPKAPK3,GRCh37,cg25716871
205,19,44100631,-,ZNF576;ZNF576;ZNF576;IRGQ,GRCh37,cg07667595
205,1,151227536,-,PSMD4,GRCh37,cg07668036
205,17,1419634,+,LOC100306951;INPP5K;INPP5K;INPP5K,GRCh37,cg20612559
205,16,70473316,-,ST3GAL2,GRCh37,cg00958517
205,19,36209626,-,MLL4,GRCh37,cg25746138
205,14,53173891,+,PSMC6,GRCh37,cg01254459
205,8,29208540,+,DUSP4,GRCh37,cg25751295
205,17,21030370,-,DHRS7B,GRCh37,cg07706067
205,12,120972173,-,RNF10;RNF10,GRCh37,cg20559561
205,19,7599173,-,PNPLA6;PNPLA6;PNPLA6;PNPLA6;PNPLA6;PNPLA6,GRCh37,cg00098239
205,1,211500034,-,TRAF5;TRAF5,GRCh37,cg25812776
205,1,180472200,-,ACBD6,GRCh37,cg00223186
205,6,43655393,-,MRPS18A,GRCh37,cg25824330
205,7,132937811,-,EXOC4;EXOC4,GRCh37,cg20451802
205,1,219347340,-,LYPLAL1,GRCh37,cg02665570
205,14,67878973,-,PLEK2,GRCh37,cg20141916
205,8,33330484,-,FUT10,GRCh37,cg20349695
205,6,167412704,+,FGFR1OP;FGFR1OP,GRCh37,cg25395108
205,11,85359218,+,TMEM126A,GRCh37,cg06698742
205,17,6554855,+,C17orf100;MED31;MED31,GRCh37,cg07265622
205,12,116714600,-,MED13L,GRCh37,cg00155485
205,17,26662236,-,TNFAIP1;IFT20,GRCh37,cg18712119
205,5,172571539,+,BNIP1;BNIP1;BNIP1;BNIP1;BNIP1;BNIP1;BNIP1;BNIP1,GRCh37,cg04960652
205,1,78225121,+,USP33;USP33;USP33,GRCh37,cg24947394
205,9,99181234,+,ZNF367,GRCh37,cg19881177
205,8,126442747,-,TRIB1;TRIB1,GRCh37,cg08715135
205,12,45609653,+,ANO6;ANO6;ANO6;PLEKHA9,GRCh37,cg24949344
205,1,95538652,-,ALG14,GRCh37,cg08721347
205,16,1464225,+,UNKL,GRCh37,cg04979725
205,3,136471162,+,STAG1;STAG1,GRCh37,cg00841581
205,12,100594734,+,ACTR6,GRCh37,cg02741744
205,1,36690116,-,THRAP3,GRCh37,cg04936062
205,11,122753977,+,C11orf63;C11orf63,GRCh37,cg03694261
205,7,73588253,-,EIF4H;EIF4H,GRCh37,cg00827369
205,10,53459536,-,PRKG1;PRKG1;CSTF2T,GRCh37,cg18690395
205,4,110650657,-,PLA2G12A,GRCh37,cg24974477
205,8,17104503,-,VPS37A;CNOT7;VPS37A;CNOT7;VPS37A;VPS37A,GRCh37,cg00825031
205,15,40986872,-,RAD51;RAD51;RAD51;RAD51,GRCh37,cg21465754
205,7,100861253,-,ZNHIT1;PLOD3;ZNHIT1,GRCh37,cg19873785
205,11,65337263,+,SSSCA1,GRCh37,cg24977709
205,19,12912941,+,PRDX2;PRDX2,GRCh37,cg03860466
205,21.0,15755606,-,HSPA13,GRCh37,cg24847572
205,8,27169256,-,TRIM35;PTK2B;PTK2B,GRCh37,cg21443261
205,21,45719797,-,PFKL;PFKL,GRCh37,cg05129930
205,4,17579272,+,LAP3,GRCh37,cg21429500
205,16,47495541,+,PHKB;ITFG1;PHKB,GRCh37,cg24728447
205,17,35969650,+,SYNRG;SYNRG;SYNRG;SYNRG;SYNRG;SYNRG;SYNRG,GRCh37,cg07165793
205,7,30544301,+,GGCT,GRCh37,cg05142115
205,1,78148604,-,ZZZ3,GRCh37,cg24762437
205,13,103498027,+,ERCC5,GRCh37,cg07177755
205,3,149470375,+,COMMD2,GRCh37,cg18759346
205,10,74927745,+,FAM149B1;ECD;ECD;ECD;ECD;ECD;ECD;ECD,GRCh37,cg21416602
205,10,64893120,-,NRBF2;NRBF2,GRCh37,cg01172656
205,12,4758272,-,NDUFA9,GRCh37,cg18796520
205,6,37788018,-,ZFAND3,GRCh37,cg24822446
205,22.0,42085003,+,NHP2L1,GRCh37,cg24823993
205,6,31633040,+,BAT4;BAT4;CSNK2B,GRCh37,cg24836175
205,3,187463562,+,BCL6,GRCh37,cg18776764
205,12,2904912,+,FKBP4,GRCh37,cg18776056
205,10,75910806,-,AP3M1;AP3M1;ADK;AP3M1;AP3M1,GRCh37,cg05019661
205,11,72852496,+,FCHSD2,GRCh37,cg21412748
205,12,9102068,+,M6PR,GRCh37,cg26277809
205,1,85155606,+,SSX2IP;SSX2IP;SSX2IP;SSX2IP;SSX2IP,GRCh37,cg24686542
205,17,27046990,-,SNORD42B;RPL23A,GRCh37,cg25138936
205,1,230202430,-,GALNT2,GRCh37,cg04702490
205,14,23564641,-,ACIN1;ACIN1;ACIN1;ACIN1;C14orf119;ACIN1;ACIN1,GRCh37,cg25140501
205,3,140660955,-,SLC25A36;SLC25A36,GRCh37,cg25152631
205,7,135242951,-,NUP205,GRCh37,cg07383972
205,11,65029484,-,POLA2;POLA2,GRCh37,cg04780126
205,12,132379326,-,ULK1;ULK1,GRCh37,cg02546521
205,7,36407067,+,KIAA0895;KIAA0895,GRCh37,cg18607470
205,18,47807709,+,MBD1;MBD1;MBD1;MBD1;MBD1,GRCh37,cg03841029
205,5,176449842,-,ZNF346,GRCh37,cg24504986
205,9,77703619,-,C9orf95;C9orf95;C9orf95;OSTF1,GRCh37,cg25287375
205,15,44119432,+,WDR76;WDR76,GRCh37,cg18592307
205,3,17783491,+,TBC1D5;TBC1D5,GRCh37,cg18585306
205,4,141349096,+,CLGN;CLGN,GRCh37,cg25323711
205,1,26324647,-,PAFAH2;PAFAH2,GRCh37,cg04722168
205,10,104473629,+,ARL3;SFXN2,GRCh37,cg25355065
205,8,26435429,+,DPYSL2;DPYSL2,GRCh37,cg01214321
205,21.0,47744248,-,C21orf58;PCNT,GRCh37,cg25110234
205,14,100625756,-,DEGS2,GRCh37,cg00890257
205,5,154238496,+,CNOT8,GRCh37,cg18632102
205,21.0,33032656,+,SOD1,GRCh37,cg19948014
205,14,23504085,+,PSMB5;PSMB5;PSMB5,GRCh37,cg04884122
205,1,150946396,+,LASS2;LASS2,GRCh37,cg04082985
205,11,809697,-,RPLP2,GRCh37,cg03066138
205,12,27864261,+,MRPS35,GRCh37,cg07289581
205,19,1592158,+,MBD3,GRCh37,cg26982998
205,2,70142523,-,MXD1,GRCh37,cg08744769
205,17,1933471,-,DPH1,GRCh37,cg25340056
205,12,6976333,+,TPI1;TPI1;TPI1,GRCh37,cg03067226
205,5,162864824,-,CCNG1;CCNG1,GRCh37,cg04084172
205,20,3027028,-,MRPS26,GRCh37,cg07357256
205,16,67208247,-,NOL3,GRCh37,cg00332745
205,4,186346747,-,UFSP2;UFSP2,GRCh37,cg21114485
205,15,83654895,+,FAM103A1,GRCh37,cg08757531
205,16,58163203,+,C16orf80;C16orf80,GRCh37,cg18633178
205,1,113258366,-,PPM1J,GRCh37,cg04828892
205,4,44680344,-,GUF1,GRCh37,cg21219744
205,13,115000211,+,CDC16;CDC16,GRCh37,cg04718414
206,21.0,36041612,+,CLIC6,GRCh37,cg18074297
206,21,36041699,-,CLIC6,GRCh37,cg10722799
207,9,139939792,+,NPDC1,GRCh37,cg26581729
207,3,45066971,-,CLEC3B,GRCh37,cg21057494
207,11,64054159,-,GPR137;GPR137;GPR137;GPR137,GRCh37,cg25400358
208,8,139165052,+,FAM135B,GRCh37,cg15642035
209,15,90294762,+,MESP1,GRCh37,cg01091565
209,9,131217480,+,ODF2,GRCh37,cg12867448
210,11,128563714,-,FLI1;FLI1,GRCh37,cg13755070
211,5,1294729,+,TERT;TERT,GRCh37,cg02545192
212,9,95857577,-,C9orf89,GRCh37,cg09547190
212,1,6086448,-,KCNAB2;KCNAB2;KCNAB2;KCNAB2,GRCh37,cg19814116
212,17,48639836,+,CACNA1G;CACNA1G;CACNA1G;CACNA1G;CACNA1G;CACNA1G;CACNA1G;CACNA1G;CACNA1G;CACNA1G;CACNA1G;CACNA1G;CACNA1G;CACNA1G;CACNA1G,GRCh37,cg04216597
212,19,5851504,+,FUT3;FUT3;FUT3;FUT3,GRCh37,cg09001777
212,14,81422111,+,TSHR;TSHR;TSHR,GRCh37,cg09721659
212,17,48279072,+,COL1A1,GRCh37,cg01234133
212,17,48352008,-,TMEM92;TMEM92,GRCh37,cg25949363
212,4,100737821,-,DAPP1,GRCh37,cg21614638
213,3,190931199,-,OSTN,GRCh37,cg03192737
214,2,131113015,+,PTPN18;PTPN18,GRCh37,cg26160573
214,5,33984930,-,SLC45A2;SLC45A2,GRCh37,cg10752753
214,8,16859754,+,FGF20,GRCh37,cg14605021
214,8,11561361,-,GATA4,GRCh37,cg10866709
214,13,28675265,+,FLT3,GRCh37,cg24454143
214,1,156083276,-,LMNA;LMNA;LMNA,GRCh37,cg05898524
215,8,98290510,-,TSPYL5,GRCh37,cg00186701
216,12,57444047,+,MYO1A,GRCh37,cg01514487
216,15,74465888,-,ISLR;ISLR,GRCh37,cg02077702
216,15,74466337,-,ISLR;ISLR;ISLR,GRCh37,cg17258195
217,1,153329882,+,S100A9,GRCh37,cg03165378
217,1,153330758,+,S100A9,GRCh37,cg16139316
218,14,24047021,+,JPH4;JPH4,GRCh37,cg02916816
219,10,35103869,-,PARD3,GRCh37,cg07452799
219,11,65819332,+,SF3B2,GRCh37,cg16196602
219,17,42295591,-,UBTF;UBTF;UBTF,GRCh37,cg10183248
219,8,41909463,+,MYST3;MYST3;MYST3;MYST3;MYST3;MYST3,GRCh37,cg20966972
219,12,94071223,-,CRADD;CRADD,GRCh37,cg07498421
219,11,63933998,+,MACROD1,GRCh37,cg01882150
219,19,39616336,+,PAK4;PAK4;PAK4;PAK4;PAK4,GRCh37,cg24957950
219,9,117267460,+,DFNB31;DFNB31,GRCh37,cg15903421
219,19,18794818,+,CRTC1;CRTC1,GRCh37,cg12045676
219,16,3184811,+,ZNF213;ZNF213,GRCh37,cg01449415
219,8,90914101,+,OSGIN2;OSGIN2;OSGIN2,GRCh37,cg13153865
219,4,39368212,-,RFC1,GRCh37,cg12062995
219,6,36842844,+,PPIL1,GRCh37,cg26222229
219,11,4116184,+,RRM1;RRM1,GRCh37,cg04680304
219,6,44355163,-,CDC5L,GRCh37,cg13184442
219,10,48355286,-,ZNF488,GRCh37,cg10211252
219,17,74100207,+,EXOC7;EXOC7;EXOC7;EXOC7;EXOC7;EXOC7,GRCh37,cg21016177
219,7,150780797,-,TMUB1;TMUB1,GRCh37,cg00367438
219,22.0,39641132,+,PDGFB,GRCh37,cg24990612
219,11,61130067,+,TMEM138;CYBASC3;CYBASC3;TMEM138,GRCh37,cg07273415
219,3,61236909,+,FHIT;FHIT,GRCh37,cg15931943
219,10,25305002,-,ENKUR;THNSL1;ENKUR,GRCh37,cg24995798
219,2,20851304,-,HS1BP3,GRCh37,cg04856043
219,11,3014169,-,NAP1L4,GRCh37,cg24890446
219,20,2489285,-,ZNF343,GRCh37,cg07355551
219,18,32073245,+,DTNA;DTNA;DTNA,GRCh37,cg04836428
219,19,45251180,-,BCL3,GRCh37,cg16094954
219,2,46768944,-,RHOQ,GRCh37,cg26251101
219,2,169103514,-,STK39,GRCh37,cg03159329
219,5,114632630,+,CCDC112;CCDC112,GRCh37,cg25267732
219,10,16479076,-,PTER;PTER,GRCh37,cg07570421
219,1,204654145,-,LRRN2;LRRN2,GRCh37,cg04698187
219,9,138391250,-,C9orf116;MRPS2;C9orf116,GRCh37,cg21010262
219,3,48647215,-,UQCRC1,GRCh37,cg16129988
219,19,16771394,+,TMEM38A;C19orf42,GRCh37,cg16345226
219,6,31774911,-,LSM2,GRCh37,cg27573806
219,19,2427244,+,TIMM13,GRCh37,cg20536369
219,1,8939529,-,ENO1,GRCh37,cg12711814
219,6,127439684,-,RSPO3,GRCh37,cg25834568
219,2,46770299,+,RHOQ,GRCh37,cg20449833
219,5,147763803,+,FBXO38;FBXO38,GRCh37,cg25847835
219,16,69139568,-,HAS3,GRCh37,cg12265604
219,19,46097075,-,GPR4,GRCh37,cg16620032
219,13,111214457,+,RAB20,GRCh37,cg12736438
219,17,74379922,+,SPHK1;SPHK1;SPHK1;SPHK1,GRCh37,cg07775675
219,14,96001355,-,GLRX5;GLRX5;SNHG10;SCARNA13;SNHG10,GRCh37,cg04362655
219,1,37979729,-,MEAF6,GRCh37,cg03112782
219,10,71930586,+,SAR1A;SAR1A,GRCh37,cg12635664
219,10,27793549,+,RAB18,GRCh37,cg26177629
219,17,48046365,-,DLX4,GRCh37,cg12559031
219,2,74735054,-,PCGF1,GRCh37,cg26091679
219,2,10588434,+,ODC1;ODC1;SNORA80B,GRCh37,cg04169469
219,11,22646597,+,FANCF,GRCh37,cg03794550
219,4,140587147,+,MGST2;MGST2,GRCh37,cg12229172
219,21,37507390,-,CBR3;CBR3,GRCh37,cg04454259
219,17,48450745,-,EME1;MRPL27;EME1,GRCh37,cg20572838
219,14,31926792,+,C14orf126,GRCh37,cg00832517
219,19,57702697,+,ZNF264,GRCh37,cg20715764
219,11,61659465,+,FADS3,GRCh37,cg20691408
219,1,55353327,-,DHCR24,GRCh37,cg25536676
219,3,122234134,+,KPNA1;KPNA1,GRCh37,cg25564800
219,11,3186095,-,OSBPL5;OSBPL5;OSBPL5,GRCh37,cg12970008
219,5,77656518,-,SCAMP1,GRCh37,cg12126786
219,19,3573751,-,HMG20B,GRCh37,cg12946225
219,2,217498574,+,IGFBP2,GRCh37,cg26187237
219,3,50388565,+,TUSC4;CYB561D2,GRCh37,cg16470957
219,4,2470049,+,RNF4,GRCh37,cg16474684
219,12,6677729,-,NOP2;NOP2,GRCh37,cg12806521
219,15,91475925,+,UNC45A;HDDC3,GRCh37,cg27626899
219,17,73106517,-,ARMC7,GRCh37,cg12195695
219,4,2010703,+,WHSC2,GRCh37,cg16538604
219,6,137144199,-,PEX7,GRCh37,cg03807235
219,19,47551971,-,TMEM160,GRCh37,cg07688933
219,19,1269048,-,CIRBP;C19orf23;CIRBP;CIRBP,GRCh37,cg13078388
219,1,38471474,+,FHL3,GRCh37,cg05045781
219,1,9600345,-,SLC25A33,GRCh37,cg13631913
219,11,64949398,+,CAPN1;CAPN1,GRCh37,cg05072951
219,14,78174491,+,C14orf156;ALKBH1,GRCh37,cg21974996
219,9,100459634,+,XPA;XPA;XPA,GRCh37,cg06383088
219,15,51058114,+,SPPL2A,GRCh37,cg11007423
219,11,65729635,+,SART1,GRCh37,cg06285486
219,2,75938223,+,C2orf3,GRCh37,cg11051158
219,9,131486918,+,ZDHHC12,GRCh37,cg23003832
219,15,44487924,+,FRMD5,GRCh37,cg23074453
219,1,26324823,-,PAFAH2,GRCh37,cg15547662
219,3,12598618,+,MKRN2;MKRN2,GRCh37,cg06840042
219,19,5978790,+,RANBP3;RANBP3;RANBP3,GRCh37,cg14737613
219,10,30024328,+,SVIL,GRCh37,cg23163471
219,11,451101,-,PTDSS2,GRCh37,cg23260799
219,22.0,43044788,-,CYB5R3,GRCh37,cg23325242
219,6,170893182,+,PDCD2;PDCD2,GRCh37,cg23350446
219,9,125693677,-,ZBTB26,GRCh37,cg01677177
219,7,124405467,-,GPR37;GPR37,GRCh37,cg23428445
219,1,159750836,+,DUSP23,GRCh37,cg11104347
219,11,69455712,-,CCND1,GRCh37,cg10539418
219,1,32687567,+,EIF3I;C1orf91,GRCh37,cg14992253
219,18,74535233,-,ZNF236,GRCh37,cg15059932
219,4,54244258,+,FIP1L1;FIP1L1;FIP1L1,GRCh37,cg22333016
219,1,226070397,+,TMEM63A;TMEM63A,GRCh37,cg15368822
219,19,56152139,+,ZNF580;ZNF580;ZNF580,GRCh37,cg15456206
219,1,15480748,-,TMEM51;TMEM51;TMEM51;TMEM51,GRCh37,cg15319451
219,14,61190550,-,SIX4,GRCh37,cg06726207
219,5,172199244,-,DUSP1,GRCh37,cg10837843
219,12,95397704,+,NDUFA12,GRCh37,cg22141781
219,16,30597528,+,ZNF785,GRCh37,cg10976172
219,6,31744927,+,C6orf27;C6orf27,GRCh37,cg00728602
219,16,58232206,+,CSNK2A2,GRCh37,cg15508020
219,13,111358291,-,CARS2,GRCh37,cg15270851
219,6,170190112,-,C6orf122;C6orf208,GRCh37,cg10865119
219,4,83821917,-,THAP9;THAP9,GRCh37,cg22461615
219,17,76183551,+,AFMID;TK1;AFMID;AFMID,GRCh37,cg22061523
219,3,61236911,+,FHIT;FHIT,GRCh37,cg02854288
219,6,7541442,-,DSP;DSP,GRCh37,cg27321931
219,9,116172568,-,POLE3;C9orf43;POLE3,GRCh37,cg00047469
219,11,60674370,-,PRPF19,GRCh37,cg00778920
219,1,29213367,-,EPB41;EPB41;EPB41;EPB41;EPB41,GRCh37,cg11226328
219,15,38856341,-,RASGRP1;RASGRP1,GRCh37,cg06952236
219,16,9056723,+,USP7,GRCh37,cg14026602
219,6,18265208,+,DEK;DEK,GRCh37,cg21561142
219,13,114239958,-,TFDP1;TFDP1,GRCh37,cg05516537
219,6,2988723,+,DKFZP686I15217;DKFZP686I15217,GRCh37,cg05501682
219,1,210405566,+,SERTAD4;C1orf133,GRCh37,cg02304930
219,8,145669353,+,NFKBIL2,GRCh37,cg15783027
219,4,83352560,-,ENOPH1;HNRPDL;HNRPDL,GRCh37,cg13873733
219,19,34663544,+,LSM14A;LSM14A;LSM14A;LSM14A,GRCh37,cg10452522
219,5,132149404,-,ANKRD43,GRCh37,cg26399201
219,16,53537307,+,AKTIP;AKTIP,GRCh37,cg24633242
219,1,32666264,+,CCDC28B;CCDC28B,GRCh37,cg13704271
219,7,90894714,-,FZD1,GRCh37,cg05142373
219,16,68057062,-,DUS2L;DDX28,GRCh37,cg13665184
219,10,102505266,-,PAX2;PAX2;PAX2;PAX2;PAX2,GRCh37,cg15416233
219,6,45346247,-,SUPT3H;RUNX2;RUNX2;SUPT3H,GRCh37,cg05112986
219,17,72869117,-,FDXR;FDXR;FDXR;FDXR,GRCh37,cg24737900
219,5,132387814,+,HSPA4;HSPA4,GRCh37,cg13778073
219,11,59522542,-,STX3,GRCh37,cg10454268
219,15,90777592,-,C15orf58;CIB1,GRCh37,cg23979923
219,9,128003852,-,HSPA5,GRCh37,cg01733783
219,11,102187974,-,BIRC3;BIRC3,GRCh37,cg14481222
219,10,12111049,-,DHTKD1,GRCh37,cg14461963
219,2,74685465,+,WBP1,GRCh37,cg11286618
219,16,22012565,+,C16orf65,GRCh37,cg15703512
219,8,144910787,-,PUF60;PUF60;PUF60,GRCh37,cg01692572
219,3,197476880,+,FYTTD1;FYTTD1;FYTTD1;KIAA0226,GRCh37,cg05788437
219,1,47082691,-,MOBKL2C,GRCh37,cg03409548
219,9,21335551,+,KLHL9,GRCh37,cg00513467
219,14,100151063,-,CYP46A1,GRCh37,cg23733753
219,15,74286614,-,PML;PML;PML;PML;PML;PML;PML;PML;PML,GRCh37,cg05697231
219,10,44144641,-,ZNF32;ZNF32,GRCh37,cg14218343
219,7,121036729,+,FAM3C;FAM3C,GRCh37,cg14175438
219,2,241508725,+,RNPEPL1,GRCh37,cg00497251
219,4,1857103,+,LETM1,GRCh37,cg10481740
219,20,3749519,-,C20orf27,GRCh37,cg14159818
219,17,79828356,-,ARHGDIA,GRCh37,cg23918047
219,12,10365596,+,GABARAPL1;GABARAPL1,GRCh37,cg11450001
219,15,81294299,+,MESDC1;MESDC1,GRCh37,cg24817430
219,9,116037401,-,PRPF4;CDC26,GRCh37,cg11233228
219,19,13067554,+,GADD45GIP1,GRCh37,cg18197795
219,5,153418202,-,FAM114A2;MFAP3;MFAP3;MFAP3,GRCh37,cg22230395
219,22.0,19131573,-,DGCR14,GRCh37,cg09343544
219,17,18266764,+,SHMT1;SHMT1;SHMT1;SHMT1,GRCh37,cg18958584
219,8,124287111,-,ZHX1;ZHX1,GRCh37,cg18956095
219,9,137218286,+,RXRA,GRCh37,cg09800519
219,9,136203289,+,SURF6,GRCh37,cg18718102
219,9,130965474,-,DNM1;DNM1;CIZ1;CIZ1,GRCh37,cg02494117
219,1,35734334,-,ZMYM4,GRCh37,cg17801256
219,22.0,37447915,-,KCTD17,GRCh37,cg20011794
219,19,5679875,+,HSD11B1L;HSD11B1L;HSD11B1L;HSD11B1L;C19orf70;HSD11B1L;HSD11B1L,GRCh37,cg17830754
219,10,13390774,-,SEPHS1,GRCh37,cg17854497
219,20,3185384,+,DDRGK1,GRCh37,cg18635110
219,10,105110211,+,PCGF6;PCGF6,GRCh37,cg17877656
219,11,60691582,-,TMEM132A;TMEM132A,GRCh37,cg07962043
219,14,61448125,-,TRMT5;SLC38A6,GRCh37,cg18555206
219,5,78810602,+,HOMER1,GRCh37,cg09147213
219,16,68056595,-,DDX28;DUS2L,GRCh37,cg09144422
219,1,156308174,-,CCT3;CCT3;C1orf182;CCT3;CCT3;CCT3;CCT3,GRCh37,cg18388972
219,17,36956264,+,PIP4K2B,GRCh37,cg18123596
219,3,128598559,-,ACAD9,GRCh37,cg20083871
219,3,43147479,-,C3orf39;C3orf39,GRCh37,cg08595011
219,14,35183363,-,CFL2;CFL2;CFL2;CFL2;CFL2,GRCh37,cg26949796
219,10,103912076,+,NOLC1;NOLC1,GRCh37,cg17043101
219,11,19734588,+,NAV2;NAV2;NAV2;LOC100126784,GRCh37,cg08550026
219,6,53409850,-,GCLC,GRCh37,cg08302713
219,14,100150713,+,CYP46A1,GRCh37,cg01117627
219,11,119204876,+,RNF26,GRCh37,cg09530763
219,19,8510039,-,HNRNPM;HNRNPM,GRCh37,cg19262019
219,6,46620673,+,CYP39A1;SLC25A27,GRCh37,cg19557537
219,2,39103372,-,MORN2;DHX57,GRCh37,cg19559392
219,1,217262978,-,ESRRG;ESRRG;ESRRG,GRCh37,cg03750606
219,19,49622715,-,PPFIA3;C19orf73;PPFIA3,GRCh37,cg17414431
219,9,112082384,+,EPB41L4B;EPB41L4B,GRCh37,cg19635712
219,6,13574371,-,SIRT5;SIRT5,GRCh37,cg07909422
219,4,89445094,-,PIGY;PIGY,GRCh37,cg09657538
219,1,32670957,+,IQCC;CCDC28B;IQCC,GRCh37,cg01154193
219,14,75530649,-,ACYP1;ACYP1,GRCh37,cg19691267
219,10,6019877,-,IL15RA;IL15RA;IL15RA,GRCh37,cg08497766
219,19,15311304,-,NOTCH3,GRCh37,cg17498321
219,5,133861951,+,PHF15;PHF15,GRCh37,cg19729279
219,9,96792562,+,PTPDC1,GRCh37,cg09429111
219,7,142960387,-,GSTK1;GSTK1;GSTK1;GSTK1,GRCh37,cg17524624
219,11,6502436,-,ARFIP2;FXC1,GRCh37,cg03756121
219,18,47901443,+,SKA1;SKA1;SKA1;SKA1,GRCh37,cg01313966
219,12,56693554,-,CS,GRCh37,cg09658438
219,12,120703817,+,PXN;PXN,GRCh37,cg16785344
219,20,4701595,-,PRND,GRCh37,cg16977257
219,22.0,20118943,+,ZDHHC8,GRCh37,cg16756998
219,6,33176225,-,RING1,GRCh37,cg18189601
219,22.0,31364948,-,MORC2;TUG1,GRCh37,cg07894162
219,1,2458238,+,PANK4,GRCh37,cg09044743
220,2,182321855,+,ITGA4;ITGA4,GRCh37,cg20415809
221,5,140261810,+,PCDHA7;PCDHA12;PCDHA6;PCDHA10;PCDHA4;PCDHA11;PCDHA8;PCDHA1;PCDHA2;PCDHA6;PCDHA1;PCDHA9;PCDHA5;PCDHA13;PCDHA3;PCDHA13;PCDHA10,GRCh37,cg26556719
222,1,22985937,+,C1QB,GRCh37,cg03941108
222,1,22984594,-,C1QB,GRCh37,cg22477971
223,2,208994720,+,CRYGC,GRCh37,cg05619712
223,4,141178469,+,SCOC;SCOC,GRCh37,cg04457051
223,11,6462452,+,HPX,GRCh37,cg11547724
224,3,112051808,+,CD200;CD200,GRCh37,cg10777851
225,2,74120274,-,ACTG2,GRCh37,cg23173910
225,2,220282281,-,DES,GRCh37,cg26259363
225,10,75410777,+,SYNPO2L;SYNPO2L;SYNPO2L,GRCh37,cg27550918
225,1,9005734,-,CA6,GRCh37,cg02981703
225,10,102890296,+,TLX1;TLX1NB,GRCh37,cg16715722
225,1,227750892,+,ZNF678;ZNF678,GRCh37,cg26683023
225,9,125877923,+,C9orf45,GRCh37,cg07763768
225,16,811347,+,MSLN;MSLN,GRCh37,cg06100324
225,20,37209999,-,ADIG,GRCh37,cg14271690
225,11,67805456,-,TCIRG1,GRCh37,cg21049762
225,11,2182644,+,INS;INS-IGF2;INS-IGF2,GRCh37,cg03366382
225,1,31660916,+,NKAIN1,GRCh37,cg12864581
225,7,122635522,+,TAS2R16,GRCh37,cg12150401
225,2,113816662,-,IL1F5;IL1F5,GRCh37,cg01507173
225,15,40532180,-,PAK6;PAK6;PAK6;PAK6,GRCh37,cg06958211
225,10,75313138,+,USP54,GRCh37,cg16193203
225,17,45992811,-,SP2,GRCh37,cg02691091
225,5,148442554,+,SH3TC2,GRCh37,cg14818279
225,4,38830902,+,TLR6,GRCh37,cg25769980
225,10,5541423,+,CALML5;CALML5,GRCh37,cg24392574
225,3,189349323,+,TP63;TP63;TP63,GRCh37,cg21723486
225,11,111784386,-,HSPB2,GRCh37,cg12598198
225,6,32784255,-,HLA-DOB,GRCh37,cg04576021
225,15,101421249,-,ALDH1A3,GRCh37,cg19510698
225,15,68498251,-,CALML4;CALML4;CALML4;CALML4,GRCh37,cg05338167
225,12,133424221,-,CHFR;CHFR;CHFR;CHFR;CHFR,GRCh37,cg21232015
225,16,28517278,+,IL27,GRCh37,cg17122311
225,1,205473404,-,CDK18;CDK18;CDK18,GRCh37,cg06948937
225,14,39703302,-,MIA2;MIA2,GRCh37,cg24603941
225,5,146460987,-,PPP2R2B;PPP2R2B;PPP2R2B;PPP2R2B,GRCh37,cg01112778
225,20,49576406,+,MOCS3;DPM1,GRCh37,cg16332224
225,12,109878728,+,MYO1H,GRCh37,cg26292028
225,11,66625278,+,PC;PC;LRFN4;PC,GRCh37,cg05111110
225,22.0,37500588,-,TMPRSS6,GRCh37,cg00556408
226,21.0,30446238,+,CCT8,GRCh37,cg24568646
226,22.0,43484984,+,TTLL1;TTLL1,GRCh37,cg09047884
226,12,12420574,-,LRP6,GRCh37,cg18142353
226,17,57784647,+,PTRH2;TMEM49,GRCh37,cg08793459
226,22.0,44319257,+,PNPLA3,GRCh37,cg23653187
226,6,91297190,+,MAP3K7;MAP3K7;MAP3K7;MAP3K7,GRCh37,cg01087382
226,3,192958726,-,MGC2889;HRASLS,GRCh37,cg08376864
226,17,35306863,+,AATF,GRCh37,cg25742201
226,17,41277580,+,NBR2;BRCA1;BRCA1;BRCA1;BRCA1;BRCA1;BRCA1,GRCh37,cg20760063
226,2,44223328,-,LRPPRC,GRCh37,cg26538116
226,13,27844618,-,RASL11A;RASL11A,GRCh37,cg06611744
226,20,18268978,+,ZNF133;ZNF133,GRCh37,cg26446827
226,16,30934334,-,NCRNA00095,GRCh37,cg03627896
226,6,151772946,-,C6orf211;RMND1,GRCh37,cg00510787
227,19,54495970,-,CACNG6;CACNG6;CACNG6;CACNG6;CACNG6;CACNG6,GRCh37,cg11128808
227,13,37247537,-,C13orf36,GRCh37,cg18401406
227,12,52827847,+,KRT75,GRCh37,cg20256783
227,4,122685145,-,TMEM155;LOC100192379,GRCh37,cg14654731
227,20,4721250,-,PRNT;PRNT;PRNT,GRCh37,cg09425898
227,17,56357994,+,MPO,GRCh37,cg09421562
227,11,18193674,-,MRGPRX4,GRCh37,cg09691574
227,5,150683178,-,SLC36A3;SLC36A3;SLC36A3;SLC36A3,GRCh37,cg22445920
227,20,2517231,+,TMC2,GRCh37,cg03243506
227,15,74660265,+,CYP11A1,GRCh37,cg17790333
227,15,74659901,-,CYP11A1;CYP11A1,GRCh37,cg06285340
227,13,20717597,+,GJA3,GRCh37,cg12428416
227,11,36588217,-,RAG1,GRCh37,cg11494699
227,12,9141740,-,KLRG1,GRCh37,cg00443307
227,12,56237041,-,MMP19,GRCh37,cg18787783
227,2,128403286,-,GPR17;GPR17;LIMS2;GPR17;GPR17;LIMS2;LIMS2;LIMS2;LIMS2,GRCh37,cg20074593
228,1,152595842,-,LCE3A,GRCh37,cg26466858
229,1,210001418,+,C1orf107,GRCh37,cg09686635
229,13,76112039,+,COMMD6;COMMD6,GRCh37,cg11593656
229,2,27805844,+,ZNF512,GRCh37,cg18611281
229,5,176513704,-,FGFR4;FGFR4,GRCh37,cg27294629
229,4,122791956,+,BBS7;BBS7,GRCh37,cg05318777
229,6,159466458,+,TAGAP;TAGAP;TAGAP,GRCh37,cg05103623
229,2,88470173,+,THNSL2,GRCh37,cg07952391
229,1,89591719,+,GBP2;GBP2,GRCh37,cg13629753
229,10,92631428,-,RPP30;RPP30,GRCh37,cg05163348
229,12,75784541,-,GLIPR1L2,GRCh37,cg20291222
229,8,23712355,-,STC1,GRCh37,cg00410898
229,19,50887127,+,POLD1,GRCh37,cg19063397
229,6,13486339,+,C6orf114;C6orf114;GFOD1,GRCh37,cg04775502
229,3,169381241,-,MECOM;MECOM,GRCh37,cg11590700
229,6,41890080,+,BYSL;MED20,GRCh37,cg07964539
229,14,62229330,-,SNAPC1,GRCh37,cg15860839
229,11,92930739,+,SLC36A4,GRCh37,cg11879480
229,22.0,38577578,-,PLA2G6;PLA2G6,GRCh37,cg10184886
229,22.0,36019632,+,MB,GRCh37,cg07009002
229,1,74664160,-,LRRIQ3;TNNI3K;FPGT,GRCh37,cg03837750
229,6,99396064,+,FBXL4,GRCh37,cg21616088
229,1,44115979,-,KDM4A,GRCh37,cg08552254
229,19,9930365,-,FBXL12,GRCh37,cg03621406
229,7,139025181,-,C7orf55,GRCh37,cg02096656
229,12,132196036,+,SFRS8,GRCh37,cg02470959
229,2,68290497,-,C1D;C1D,GRCh37,cg23918676
229,5,137673771,-,FAM53C;FAM53C;FAM53C,GRCh37,cg18986273
229,3,101546697,+,FAM55C;FAM55C;NFKBIZ,GRCh37,cg26284390
229,4,2845120,+,ADD1;ADD1;ADD1;ADD1,GRCh37,cg13979182
229,4,120549556,-,PDE5A;PDE5A;PDE5A,GRCh37,cg07154408
229,5,141704734,+,SPRY4;SPRY4,GRCh37,cg25040733
229,9,117880330,-,TNC;TNC,GRCh37,cg09201327
229,6,150067846,+,NUP43,GRCh37,cg26675382
229,19,40169912,+,LOC400696,GRCh37,cg14377791
229,7,69063971,-,AUTS2;AUTS2;AUTS2;AUTS2;AUTS2;AUTS2,GRCh37,cg13234848
229,5,43041808,+,C5orf39;LOC153684,GRCh37,cg14681629
229,15,42788175,-,SNAP23;SNAP23,GRCh37,cg06751597
229,17,47022499,+,SNF8,GRCh37,cg19206150
229,21,44496378,-,CBS,GRCh37,cg09622447
229,5,148205614,-,ADRB2,GRCh37,cg15415509
229,1,60392933,+,CYP2J2,GRCh37,cg26815229
229,2,128051348,-,ERCC3,GRCh37,cg09788866
229,1,217262889,-,ESRRG;ESRRG;ESRRG;ESRRG;ESRRG,GRCh37,cg23273333
229,16,68299128,-,SLC7A6;SLC7A6,GRCh37,cg10049535
229,17,42836931,+,ADAM11,GRCh37,cg06374075
229,16,89985254,-,MC1R;MC1R,GRCh37,cg16790239
229,15,49256042,-,SHC4,GRCh37,cg19362572
229,11,118122715,-,MPZL3,GRCh37,cg06491116
229,5,142149399,+,ARHGAP26;ARHGAP26,GRCh37,cg00672638
229,10,116853118,-,ATRNL1,GRCh37,cg04335339
229,3,67049586,+,KBTBD8,GRCh37,cg18304195
229,1,27719463,-,GPR3,GRCh37,cg14963371
229,1,205181077,-,DSTYK;DSTYK,GRCh37,cg23362667
229,11,22647123,-,FANCF,GRCh37,cg02235880
229,2,220083306,+,ABCB6,GRCh37,cg23547073
229,6,96969423,+,KIAA0776,GRCh37,cg16298282
229,19,30433024,-,C19orf2;C19orf2,GRCh37,cg23490074
229,1,200379718,+,ZNF281,GRCh37,cg17918239
229,8,97506180,+,SDC2;SDC2,GRCh37,cg14538332
230,19,751241,-,C19orf21,GRCh37,cg04245402
230,6,42927986,+,GNMT,GRCh37,cg10862848
230,12,56472805,+,ERBB3;ERBB3,GRCh37,cg19258882
230,2,47597118,-,EPCAM,GRCh37,cg16076328
230,12,40500139,-,SLC2A13,GRCh37,cg01603095
230,7,73256414,-,WBSCR27,GRCh37,cg02237119
230,3,167454339,+,SERPINI1;SERPINI1,GRCh37,cg18123677
230,9,86572014,-,C9orf64,GRCh37,cg02654291
230,3,9959128,+,IL17RC;IL17RC;IL17RC,GRCh37,cg07705835
230,10,45474317,+,C10orf10;C10orf10;RASSF4,GRCh37,cg17186163
230,16,1128689,+,SSTR5;LOC146336,GRCh37,cg24433189
230,19,33686390,+,LRP3,GRCh37,cg08700306
230,17,4902281,-,INCA1;INCA1;KIF1C;INCA1;INCA1,GRCh37,cg09307264
230,16,68269763,+,ESRP2,GRCh37,cg20264732
230,17,7146757,-,GABARAP,GRCh37,cg23983449
230,12,125003218,-,NCOR2;NCOR2,GRCh37,cg22820108
230,12,6493767,+,LTBR,GRCh37,cg15784615
230,19,43969810,+,LYPD3;LYPD3,GRCh37,cg15014458
230,11,65325158,+,LTBP3;LTBP3;LTBP3;LTBP3,GRCh37,cg08965235
230,6,32121368,+,PPT2;PPT2;PPT2,GRCh37,cg12585943
230,19,11908712,+,ZNF491,GRCh37,cg23673107
230,11,57090070,+,TNKS1BP1,GRCh37,cg12603560
230,11,34936781,-,PDHX;PDHX;APIP;PDHX,GRCh37,cg25948180
230,15,41135847,-,SPINT1;SPINT1;SPINT1,GRCh37,cg26531804
230,7,56160528,+,PHKG1;PHKG1,GRCh37,cg05724065
230,11,62315119,-,AHNAK;AHNAK,GRCh37,cg19764555
230,19,16045788,-,CYP4F11;CYP4F11,GRCh37,cg03190825
230,12,123215553,+,GPR81,GRCh37,cg13702536
230,11,64794610,+,SNX15;SNX15,GRCh37,cg03101664
230,9,134405925,-,UCK1;UCK1,GRCh37,cg12894126
230,3,49170496,-,LAMB2;LAMB2,GRCh37,cg01919208
230,17,7836610,+,TRAPPC1;CNTROB;CNTROB;TRAPPC1;TRAPPC1;TRAPPC1,GRCh37,cg01837574
230,7,56160687,+,PHKG1;PHKG1,GRCh37,cg19759064
230,6,116381609,-,FRK;FRK,GRCh37,cg16176600
230,2,112895559,-,FBLN7;FBLN7,GRCh37,cg07880854
230,10,124739466,+,PSTK,GRCh37,cg09419900
230,1,149908781,+,MTMR11;MTMR11;MTMR11,GRCh37,cg24620905
230,19,50084283,+,PRRG2;NOSIP,GRCh37,cg05696092
230,2,85646239,-,,GRCh37,cg10203483
231,2,176972113,+,HOXD11,GRCh37,cg16632715
232,5,140864834,-,PCDHGA4;PCDHGC3;PCDHGA12;PCDHGA11;PCDHGA11;PCDHGA9;PCDHGA1;PCDHGB1;PCDHGB6;PCDHGC4;PCDHGB3;PCDHGB7;PCDHGC4;PCDHGA6;PCDHGA8;PCDHGA10;PCDHGA5;PCDHGB4;PCDHGA3;PCDHGA2;PCDHGA7;PCDHGB2;PCDHGB5;PCDHGC3,GRCh37,cg12145907
232,5,140864701,-,PCDHGA4;PCDHGC3;PCDHGA12;PCDHGA11;PCDHGA11;PCDHGA9;PCDHGA1;PCDHGB1;PCDHGC4;PCDHGB6;PCDHGB3;PCDHGC4;PCDHGB7;PCDHGA6;PCDHGA8;PCDHGA10;PCDHGA5;PCDHGB4;PCDHGA3;PCDHGA2;PCDHGA7;PCDHGB2;PCDHGB5;PCDHGC3,GRCh37,cg15361590
233,20,59826207,-,CDH4,GRCh37,cg15534366
234,12,121163887,+,ACADS,GRCh37,cg01535453
234,12,121163493,-,ACADS,GRCh37,cg27522780
235,11,57004294,-,APLNR;APLNR,GRCh37,cg26637069
235,15,23890686,+,MAGEL2,GRCh37,cg01678091
235,20,29522467,-,,GRCh37,cg15207953
235,7,31726912,+,C7orf16;C7orf16;C7orf16;C7orf16,GRCh37,cg01353448
235,6,41130718,+,TREM2,GRCh37,cg20095587
235,6,160679690,+,SLC22A2,GRCh37,cg19561774
235,9,104357177,-,GRIN3A;PPP3R2,GRCh37,cg02602411
235,7,50444317,+,IKZF1,GRCh37,cg06590610
235,6,88757878,+,SPACA1,GRCh37,cg13334277
235,12,129337768,-,GLT1D1,GRCh37,cg16717225
235,5,169930535,-,KCNIP1;KCNIP1;KCNIP1,GRCh37,cg12833011
236,17,1553661,+,RILP,GRCh37,cg04049033
236,17,46608293,-,HOXB1,GRCh37,cg17233506
236,11,73357396,+,PLEKHB1;PLEKHB1;PLEKHB1;PLEKHB1;PLEKHB1;PLEKHB1,GRCh37,cg25288155
236,3,133118940,+,BFSP2,GRCh37,cg25249068
236,17,7082562,-,ASGR1;ASGR1,GRCh37,cg08141989
236,19,57349709,+,PEG3;PEG3;ZIM2;PEG3;PEG3;ZIM2;ZIM2,GRCh37,cg17663463
236,2,27301943,+,EMILIN1,GRCh37,cg20516209
236,16,15527940,-,C16orf45,GRCh37,cg07977490
236,14,101292306,+,MEG3;MEG3;MEG3,GRCh37,cg25836301
236,19,56879262,-,ZNF542;ZNF542;ZNF542;ZNF542,GRCh37,cg01510051
236,1,154966068,-,LENEP;LENEP,GRCh37,cg23154272
236,2,132480958,-,C2orf27A,GRCh37,cg11084611
236,15,25093244,+,SNRPN;SNRPN;SNRPN,GRCh37,cg25978208
236,5,138726419,-,MGC29506,GRCh37,cg19569684
236,2,3642867,+,COLEC11;COLEC11,GRCh37,cg26615126
236,3,9920572,-,CIDEC,GRCh37,cg05684195
236,13,53314203,-,LECT1;LECT1,GRCh37,cg22398616
236,6,30898937,+,,GRCh37,cg09408780
236,2,42990957,+,OXER1,GRCh37,cg23759710
236,1,156182246,-,PMF1;SLC25A44,GRCh37,cg24008892
236,17,1665119,+,SERPINF1,GRCh37,cg24214470
236,22.0,42526619,+,CYP2D6;CYP2D6,GRCh37,cg10840135
236,16,1843424,+,IGFALS;IGFALS;IGFALS,GRCh37,cg01747665
236,20,57416888,-,GNASAS;GNAS,GRCh37,cg01355739
236,19,54416165,+,CACNG7,GRCh37,cg13672791
237,15,74726614,+,SEMA7A;SEMA7A;SEMA7A,GRCh37,cg14093936
237,3,52529524,-,STAB1,GRCh37,cg15407570
237,19,7734203,-,RETN,GRCh37,cg22322184
237,12,53492662,-,IGFBP6,GRCh37,cg23841186
237,10,94821085,+,CYP26C1,GRCh37,cg20322977
237,16,2286601,-,DNASE1L2,GRCh37,cg12619509
237,20,48185517,-,PTGIS,GRCh37,cg07612655
237,11,17498819,+,ABCC8,GRCh37,cg13185308
237,19,49249932,-,IZUMO1;IZUMO1,GRCh37,cg10234985
237,7,127880932,+,LEP,GRCh37,cg12782180
237,19,10216676,+,PPAN;PPAN-P2RY11,GRCh37,cg12819826
238,20,57090315,-,APCDD1L,GRCh37,cg14546153
238,20,57090317,+,APCDD1L,GRCh37,cg23418591
239,2,190044636,-,COL5A2,GRCh37,cg22774472
240,18,74961727,+,GALR1,GRCh37,cg26721264
241,1,145727720,-,PDZK1,GRCh37,cg13019092
241,1,145727762,-,PDZK1,GRCh37,cg10321723
242,17,72931664,+,OTOP3,GRCh37,cg27243140
242,9,93564603,-,SYK;SYK;SYK,GRCh37,cg23447996
242,16,1875963,-,HAGH;HAGH;FAHD1;FAHD1;FAHD1,GRCh37,cg16270890
242,5,40756462,+,TTC33,GRCh37,cg02588309
242,17,37825027,+,PNMT,GRCh37,cg11896923
242,10,43277757,+,BMS1,GRCh37,cg05454446
242,19,44905343,-,ZNF285A,GRCh37,cg09030119
242,3,138153170,+,ESYT3,GRCh37,cg21075829
242,11,14994983,-,CALCA;CALCA;CALCA,GRCh37,cg10467022
242,7,73497778,-,LIMK1,GRCh37,cg05592398
242,20,49638967,-,KCNG1,GRCh37,cg02305261
242,5,158758353,+,IL12B,GRCh37,cg00066816
242,10,111682693,+,XPNPEP1;XPNPEP1;XPNPEP1,GRCh37,cg09352789
242,14,88459866,+,GALC;GALC;GALC;GALC,GRCh37,cg24058132
242,15,44092606,+,SERINC4;C15orf63,GRCh37,cg24125648
242,11,64570331,+,MAP4K2,GRCh37,cg04898797
242,17,32582516,-,CCL2,GRCh37,cg11860203
242,8,71520941,-,TRAM1,GRCh37,cg17127823
242,8,81084056,-,TPD52;TPD52,GRCh37,cg18459342
242,16,3767978,+,TRAP1,GRCh37,cg15239579
242,8,1993035,-,MYOM2,GRCh37,cg11701148
242,16,10971191,+,CIITA,GRCh37,cg01351032
242,19,10397561,-,ICAM4;ICAM4;ICAM4,GRCh37,cg03740216
242,12,104532377,+,NFYB,GRCh37,cg10954182
242,17,77814064,-,CBX4,GRCh37,cg04398978
242,15,45314789,-,SORD,GRCh37,cg06424894
242,19,2721800,+,DIRAS1,GRCh37,cg22772878
242,16,15188596,+,RRN3,GRCh37,cg03152385
242,12,93771346,+,NUDT4;NUDT4P1;NUDT4,GRCh37,cg06392241
242,6,41703613,-,TFEB;TFEB,GRCh37,cg06378976
242,19,18451112,-,PGPEP1,GRCh37,cg00420929
242,14,75422604,-,PGF,GRCh37,cg12841020
242,7,107644249,-,LAMB1,GRCh37,cg10064162
242,10,73078790,+,SLC29A3,GRCh37,cg19241744
242,8,92053433,+,TMEM55A,GRCh37,cg06688396
242,10,86004660,-,RGR;RGR;RGR,GRCh37,cg13133883
242,8,42234975,+,DKK4,GRCh37,cg21209091
243,10,23481594,+,PTF1A,GRCh37,cg11438428
243,16,22826117,+,HS3ST2,GRCh37,cg19064258
244,11,27743580,+,BDNF;BDNF;BDNF;BDNF;BDNF,GRCh37,cg16257091
245,5,140306458,-,PCDHAC1;PCDHA7;PCDHAC1;PCDHA12;PCDHA6;PCDHA10;PCDHA4;PCDHA11;PCDHA8;PCDHAC1;PCDHA6;PCDHA1;PCDHA2;PCDHA9;PCDHA1;PCDHAC1;PCDHA13;PCDHA5;PCDHA3;PCDHA10,GRCh37,cg12629325
245,5,140306249,+,PCDHA7;PCDHA12;PCDHA6;PCDHAC1;PCDHA10;PCDHA4;PCDHA11;PCDHA8;PCDHA6;PCDHA1;PCDHA2;PCDHA1;PCDHA9;PCDHA13;PCDHA5;PCDHA3;PCDHAC1;PCDHA10,GRCh37,cg18902090
246,2,79387273,+,REG3A;REG3A;REG3A,GRCh37,cg27342801
247,13,28494177,-,PDX1;PDX1,GRCh37,cg17740399
247,13,28494174,-,PDX1;PDX1,GRCh37,cg26344532
248,12,75728212,-,GLIPR1L1,GRCh37,cg07684809
249,21,22370237,+,NCAM2,GRCh37,cg13297960
250,9,124461171,-,DAB2IP,GRCh37,cg05684891
250,9,124461640,+,DAB2IP,GRCh37,cg27650175
251,2,54087343,-,LOC100302652;GPR75,GRCh37,cg19664945
251,2,54087028,+,GPR75;LOC100302652;GPR75,GRCh37,cg14832904
252,11,2016513,-,H19,GRCh37,cg11492040
253,1,228337776,-,GJC2,GRCh37,cg20848130
253,11,73586776,+,CHCHD8;PAAF1,GRCh37,cg07196761
253,8,145721996,+,PPP1R16A,GRCh37,cg12515371
253,15,90166033,-,C15orf42,GRCh37,cg03312532
253,1,116193783,-,VANGL1,GRCh37,cg00819310
253,3,148581837,+,CPA3,GRCh37,cg13424229
253,2,219133847,+,AAMP;PNKD;PNKD,GRCh37,cg21613754
253,12,48516484,-,PFKM;PFKM;PFKM;PFKM;PFKM,GRCh37,cg27446233
253,1,10508598,+,APITD1;CORT,GRCh37,cg07894717
253,15,90349979,-,ANPEP,GRCh37,cg13042288
254,3,126277693,+,C3orf22;C3orf22,GRCh37,cg24389347
254,3,128185690,+,DNAJB8;DNAJB8,GRCh37,cg16953612
254,19,36020232,-,SBSN;SBSN;SBSN,GRCh37,cg23680518
254,7,100662570,-,MUC17,GRCh37,cg07873488
254,9,138413012,-,LCN1,GRCh37,cg23815000
255,4,4864833,+,MSX1,GRCh37,cg01785568
255,19,6670390,-,TNFSF14;TNFSF14;TNFSF14;TNFSF14,GRCh37,cg04891836
255,6,30104552,+,TRIM40;TRIM40,GRCh37,cg07405796
255,11,44324833,-,ALX4,GRCh37,cg14753432
255,14,23842125,+,IL25;IL25;IL25;IL25,GRCh37,cg07258507
255,7,27142200,+,HOXA2;HOXA2,GRCh37,cg26069745
255,1,207095153,+,FAIM3;FAIM3;FAIM3,GRCh37,cg06640279
255,11,12031508,-,DKK3;DKK3;DKK3,GRCh37,cg25787984
255,9,35618412,+,CD72;CD72,GRCh37,cg12971694
255,11,1861344,-,TNNI2;TNNI2;TNNI2,GRCh37,cg25623459
255,11,64703415,-,GPHA2,GRCh37,cg03245641
256,20,32891428,-,AHCY;AHCY,GRCh37,cg05674199
256,1,41328420,+,CITED4,GRCh37,cg10705800
256,11,67250052,-,AIP,GRCh37,cg21747271
256,12,54332209,-,HOXC13,GRCh37,cg20587394
256,4,2758447,+,TNIP2;TNIP2,GRCh37,cg22362636
256,6,18122719,+,NHLRC1,GRCh37,cg22736354
256,1,157016521,-,ARHGEF11;ARHGEF11,GRCh37,cg14265075
256,8,130799007,-,GSDMC;GSDMC,GRCh37,cg05316065
256,19,14785849,+,EMR3,GRCh37,cg15746620
256,16,84273157,+,KCNG4,GRCh37,cg11913615
256,12,54070378,-,ATP5G2;ATP5G2;ATP5G2,GRCh37,cg22546318
257,19,14138639,-,RLN3,GRCh37,cg00722300
257,1,117544781,-,CD101,GRCh37,cg08920071
257,10,115612802,-,DCLRE1A,GRCh37,cg04281204
257,3,123676909,+,CCDC14,GRCh37,cg18364088
257,6,138527542,+,KIAA1244,GRCh37,cg01269048
257,10,133748026,+,PPP2R2D;PPP2R2D;PPP2R2D;PPP2R2D,GRCh37,cg21750602
257,3,58652346,+,FAM3D;FAM3D,GRCh37,cg02194211
257,1,111832593,-,CHIA;CHIA,GRCh37,cg26159933
257,2,145051829,-,GTDC1;GTDC1,GRCh37,cg27003571
257,2,44586901,+,PREPL;PREPL;PREPL;PREPL;PREPL;PREPL;PREPL;PREPL,GRCh37,cg03894103
257,8,39771756,+,IDO1,GRCh37,cg08465774
257,5,35047946,+,AGXT2,GRCh37,cg16297030
257,1,22264515,+,HSPG2,GRCh37,cg12274479
257,5,95018471,-,SPATA9,GRCh37,cg07948472
257,5,71614752,-,PTCD2;MRPS27,GRCh37,cg04527989
257,2,234216360,+,SAG;SAG,GRCh37,cg00539322
257,20,16728794,+,OTOR,GRCh37,cg21845297
257,1,145525223,+,ITGA10,GRCh37,cg04126335
257,11,58343791,+,LPXN;LPXN,GRCh37,cg23641267
257,10,76599281,+,MYST4,GRCh37,cg08789630
257,21,44899139,-,C21orf84,GRCh37,cg12003230
257,9,111697645,+,C9orf6;IKBKAP,GRCh37,cg25018881
257,17,6460572,-,PITPNM3;PITPNM3,GRCh37,cg14723032
257,20,44421751,-,WFDC3;DNTTIP1,GRCh37,cg01517033
257,11,60552236,-,MS4A10,GRCh37,cg17397420
257,6,27836018,-,HIST1H1B,GRCh37,cg03821311
257,4,70361062,+,UGT2B4,GRCh37,cg03498559
257,5,58882753,-,PDE4D;PDE4D;PDE4D,GRCh37,cg13112511
257,10,50732297,-,ERCC6;PGBD3;PGBD3,GRCh37,cg08335125
257,6,100017988,+,CCNC;CCNC,GRCh37,cg06667091
257,14,65876865,+,FUT8;FUT8,GRCh37,cg10225525
257,17,27402893,+,TIAF1;MYO18A;MYO18A,GRCh37,cg25743584
257,18,51882189,-,STARD6,GRCh37,cg18934187
257,3,58200326,+,DNASE1L3;DNASE1L3,GRCh37,cg10235741
257,15,48470973,-,MYEF2,GRCh37,cg20603888
257,14,44976457,-,FSCB;FSCB,GRCh37,cg20103550
257,4,1893307,-,WHSC1;WHSC1;WHSC1;WHSC1;WHSC1,GRCh37,cg01305547
257,22.0,24032819,-,LOC91316;RGL4,GRCh37,cg05266460
257,5,111095049,-,C5orf13;C5orf13;C5orf13;C5orf13,GRCh37,cg03775246
257,5,147548826,+,SPINK5L2,GRCh37,cg26851800
257,4,69111391,+,TMPRSS11B;TMPRSS11B,GRCh37,cg06399881
257,4,76958126,-,ART3;CXCL11,GRCh37,cg08046471
257,16,50731412,-,NOD2,GRCh37,cg02119982
257,14,94463829,-,C14orf48;C14orf48;C14orf48,GRCh37,cg19512848
257,1,15986245,+,DDI2;RSC1A1,GRCh37,cg09559551
257,20,2845218,-,VPS16;PTPRA;VPS16,GRCh37,cg03115886
257,6,22298146,+,PRL;PRL,GRCh37,cg27541541
257,10,75314128,-,USP54,GRCh37,cg21194776
257,17,15847412,-,ADORA2B,GRCh37,cg07677850
257,18,28957111,+,DSG4;DSG4,GRCh37,cg13445249
258,20,1974646,-,PDYN;PDYN,GRCh37,cg11245384
258,19,51334496,+,KLK15;KLK15;KLK15,GRCh37,cg26149550
258,11,2017664,-,H19,GRCh37,cg25852472
258,7,127255483,-,PAX4,GRCh37,cg16514843
259,21.0,43816355,+,TMPRSS3;TMPRSS3,GRCh37,cg25608949
259,21,43816086,+,TMPRSS3;TMPRSS3;TMPRSS3;TMPRSS3,GRCh37,cg01214847
260,19,16284242,+,CIB3,GRCh37,cg09686308
260,2,79386720,-,REG3A;REG3A;REG3A;REG3A,GRCh37,cg24240626
260,17,80798023,+,TBCD;ZNF750,GRCh37,cg27285599
260,7,154429032,-,DPP6;DPP6;DPP6,GRCh37,cg26738880
260,20,52687007,-,BCAS1;BCAS1,GRCh37,cg18917378
260,9,116861442,+,KIF12,GRCh37,cg17465304
260,20,56136012,-,PCK1,GRCh37,cg13904968
260,20,29956585,+,DEFB118,GRCh37,cg20312687
260,6,44187674,+,SLC29A1;SLC29A1,GRCh37,cg01993576
260,11,20385085,-,HTATIP2;HTATIP2;HTATIP2;HTATIP2;HTATIP2,GRCh37,cg18788940
260,19,47840131,+,GPR77,GRCh37,cg10451565
260,4,74486558,-,RASSF6;RASSF6,GRCh37,cg03996822
260,17,15168570,-,PMP22;PMP22,GRCh37,cg03242666
260,1,204165307,+,KISS1,GRCh37,cg05606799
260,2,31637622,+,XDH,GRCh37,cg16862361
261,6,291909,-,DUSP22,GRCh37,cg15383120
262,19,50086849,+,PRRG2,GRCh37,cg04201347
262,10,102279373,-,SEC31B,GRCh37,cg20831708
262,1,161207966,+,NR1I3;NR1I3;NR1I3;NR1I3;NR1I3;NR1I3;NR1I3;NR1I3;NR1I3;NR1I3;NR1I3;NR1I3;NR1I3;NR1I3;NR1I3;NR1I3;NR1I3;NR1I3;NR1I3;NR1I3;NR1I3;NR1I3;NR1I3;NR1I3;NR1I3;NR1I3;NR1I3;NR1I3;NR1I3;NR1I3,GRCh37,cg25214346
262,17,7121848,+,ACADVL;DLG4;DLG4;ACADVL,GRCh37,cg24825722
262,14,23846479,-,CMTM5;CMTM5,GRCh37,cg00174500
262,10,105846002,-,COL17A1,GRCh37,cg13553455
263,10,8094679,+,FLJ45983;FLJ45983,GRCh37,cg04765277
263,10,8094641,-,FLJ45983;FLJ45983,GRCh37,cg00779924
264,12,56617737,+,OBFC2B,GRCh37,cg08409225
264,19,14142353,-,IL27RA;IL27RA,GRCh37,cg07979357
264,6,133135904,-,RPS12;SNORD101,GRCh37,cg12855988
264,1,210001082,-,C1orf107,GRCh37,cg23166289
264,11,9482594,+,ZNF143;ZNF143,GRCh37,cg14037413
265,22.0,37256900,+,NCF4;NCF4,GRCh37,cg09624565
265,14,101291136,-,MEG3;MEG3;MEG3,GRCh37,cg16567044
265,12,7848093,+,GDF3,GRCh37,cg15992730
265,11,1874320,+,LSP1;LSP1,GRCh37,cg26158194
265,8,41654967,-,ANK1;ANK1;ANK1;ANK1;ANK1,GRCh37,cg00176210
265,2,225266346,-,FAM124B;FAM124B,GRCh37,cg26154999
266,17,42082392,+,PYY;NAGS,GRCh37,cg04032226
267,11,2554583,+,KCNQ1;KCNQ1,GRCh37,cg27491887
267,12,56732721,-,IL23A;IL23A,GRCh37,cg00294382
267,11,2554410,+,KCNQ1;KCNQ1,GRCh37,cg16465939
267,11,120531034,-,GRIK4,GRCh37,cg06465194
268,4,47033575,+,GABRB1;GABRB1,GRCh37,cg12294121
269,17,39041602,-,KRT20,GRCh37,cg00091693
270,18,55400167,-,ATP8B1,GRCh37,cg18085435
270,12,52579502,-,KRT80;KRT80,GRCh37,cg24506604
270,11,62474725,-,BSCL2;GNG3;BSCL2;BSCL2;BSCL2,GRCh37,cg07237830
271,19,841082,+,PRTN3,GRCh37,cg09134726
271,16,3931885,-,,GRCh37,cg03264209
271,6,35992685,-,SLC26A8;SLC26A8,GRCh37,cg23807646
271,14,35009492,-,EAPP,GRCh37,cg24276491
271,21,46823800,-,COL18A1,GRCh37,cg02066681
271,7,66204797,+,RABGEF1,GRCh37,cg18884741
272,1,26855423,-,RPS6KA1,GRCh37,cg01031251
272,7,122839955,+,SLC13A1,GRCh37,cg22024657
272,19,50030461,-,RCN3,GRCh37,cg03907174
272,22.0,41075007,-,MCHR1,GRCh37,cg06264060
272,1,43996062,+,PTPRF;PTPRF,GRCh37,cg16570917
272,11,57364841,+,SERPING1;SERPING1,GRCh37,cg09061733
272,6,13329625,+,TBC1D7;TBC1D7;TBC1D7;TBC1D7,GRCh37,cg09258965
272,2,219221131,-,C2orf62,GRCh37,cg10498097
272,1,55445880,-,TMEM61,GRCh37,cg02008416
272,19,14629905,-,DNAJB1,GRCh37,cg15712267
273,21.0,45706101,-,AIRE,GRCh37,cg18876487
273,19,36303880,+,PRODH2,GRCh37,cg27404050
274,1,228645704,+,HIST3H2A;HIST3H2BB,GRCh37,cg14541950
274,1,228645859,+,HIST3H2A;HIST3H2BB,GRCh37,cg00143998
275,10,54531653,+,MBL2,GRCh37,cg27418851
276,19,52264413,+,FPR2,GRCh37,cg24964368
277,11,65639869,-,EFEMP2,GRCh37,cg02586730
277,19,5824065,+,NRTN;NRTN,GRCh37,cg14333565
277,4,671489,+,MYL5,GRCh37,cg18176712
277,1,36024404,-,KIAA0319L;NCDN;NCDN;NCDN,GRCh37,cg14772955
277,17,41924577,+,CD300LG;CD300LG;CD300LG;CD300LG;CD300LG;CD300LG;CD300LG;CD300LG,GRCh37,cg13269964
277,16,67224341,+,EXOC3L,GRCh37,cg21142272
277,1,25258332,+,RUNX3,GRCh37,cg03171924
277,20,57430313,+,GNAS;GNAS;GNAS,GRCh37,cg21625881
277,1,6639570,-,ZBTB48;TAS1R1;TAS1R1;TAS1R1;TAS1R1,GRCh37,cg14186992
277,20,57464742,-,GNAS;GNAS;GNAS;GNAS,GRCh37,cg27027803
277,1,206971195,-,IL19,GRCh37,cg12380764
277,21,15646635,+,ABCC13;ABCC13,GRCh37,cg11429658
277,19,544349,+,GZMM,GRCh37,cg18338021
277,1,32802291,-,MARCKSL1,GRCh37,cg06434451
277,10,105253152,-,NEURL,GRCh37,cg02324920
277,12,6949472,-,GNB3;GNB3,GRCh37,cg11692021
277,3,51428079,-,RBM15B,GRCh37,cg15821095
277,17,4463371,+,GGT6;GGT6,GRCh37,cg04511534
277,19,7445850,+,,GRCh37,cg02981853
277,7,1022904,-,CYP2W1,GRCh37,cg22025233
277,16,2285775,+,DNASE1L2,GRCh37,cg24237576
277,3,39321449,+,CX3CR1;CX3CR1;CX3CR1;CX3CR1;CX3CR1,GRCh37,cg04569233
277,3,48466751,-,PLXNB1;PLXNB1,GRCh37,cg09837648
277,1,45308298,-,PTCH2;PTCH2,GRCh37,cg15329642
277,16,3062368,-,CLDN9,GRCh37,cg10282491
277,4,89619053,+,NAP1L5;HERC3,GRCh37,cg01026744
277,11,832065,-,CD151;CD151;CD151;CD151,GRCh37,cg22009923
277,14,77737800,+,NGB,GRCh37,cg15501381
278,17,36105239,-,HNF1B;HNF1B,GRCh37,cg02335804
279,6,26240920,-,HIST1H4F,GRCh37,cg08260959
279,6,26240579,+,HIST1H4F,GRCh37,cg05159188
280,11,14993642,+,CALCA;CALCA;CALCA,GRCh37,cg06295856
280,11,14993658,-,CALCA;CALCA;CALCA,GRCh37,cg09068492
280,12,25102072,+,BCAT1;BCAT1,GRCh37,cg10764357
281,11,65816642,-,GAL3ST3;GAL3ST3,GRCh37,cg21238818
282,4,3768555,-,ADRA2C,GRCh37,cg10235817
282,2,27194436,+,MAPRE3,GRCh37,cg17192247
282,16,29909924,-,SEZ6L2;SEZ6L2;SEZ6L2;SEZ6L2,GRCh37,cg13552869
282,19,36247869,+,HSPB6;C19orf55,GRCh37,cg24673765
283,1,216596639,+,USH2A;USH2A;USH2A;USH2A,GRCh37,cg15590780
283,1,216596808,-,USH2A;USH2A,GRCh37,cg27566805
284,8,42064673,-,PLAT;PLAT,GRCh37,cg22038738
284,17,73761562,-,GALK1,GRCh37,cg26527984
284,2,106055006,+,FHL2;FHL2,GRCh37,cg10635061
284,2,74607600,-,DCTN1;DCTN1,GRCh37,cg01753375
284,16,58768565,-,GOT2,GRCh37,cg13883681
284,12,50017787,+,PRPF40B;PRPF40B,GRCh37,cg13307384
285,6,27777739,+,HIST1H3H,GRCh37,cg05882691
285,6,27777858,-,HIST1H3H,GRCh37,cg18943383
285,6,27775042,+,HIST1H2AI,GRCh37,cg10046620
286,11,2161894,-,IGF2AS;INS-IGF2;IGF2;IGF2;IGF2AS,GRCh37,cg25574024
286,11,2161892,-,IGF2AS;INS-IGF2;IGF2;IGF2;IGF2AS,GRCh37,cg13791131
287,14,36990144,+,NKX2-1;NKX2-1,GRCh37,cg12220493
287,12,4383117,-,CCND2;CCND2,GRCh37,cg26989531
288,6,111302729,-,RPF2,GRCh37,cg05213296
289,5,112073570,-,APC;APC;APC;APC;APC,GRCh37,cg21634602
289,5,112073433,-,APC;APC;APC,GRCh37,cg16970232
290,11,44327399,-,ALX4,GRCh37,cg04970352
291,6,99842353,+,COQ3,GRCh37,cg24831427
292,1,153013830,-,SPRR2D,GRCh37,cg14826683
293,1,160766535,-,LY9;LY9,GRCh37,cg01367992
294,16,75528459,-,CHST6,GRCh37,cg02298612
294,14,24541377,+,CPNE6,GRCh37,cg01545079
295,1,20395367,-,PLA2G5,GRCh37,cg19521927
295,1,67266801,-,INSL5,GRCh37,cg04979933
295,4,72650088,-,GC,GRCh37,cg09816180
295,6,29624414,-,MOG;MOG;MOG;MOG;MOG;MOG;MOG;MOG;MOG;MOG;MOG,GRCh37,cg05598246
295,3,118892068,-,UPK1B,GRCh37,cg22842233
295,5,147692173,+,SPINK7,GRCh37,cg19404190
295,8,95222020,-,CDH17;CDH17,GRCh37,cg20987610
295,6,47749786,-,OPN5,GRCh37,cg20906802
296,17,40718830,+,MLX;MLX;MLX,GRCh37,cg20795913
296,11,64527414,+,PYGM;PYGM;PYGM;PYGM,GRCh37,cg26884581
297,7,100318626,-,EPO,GRCh37,cg08575537
298,2,176964456,-,HOXD12,GRCh37,cg03874199
298,2,176964588,-,HOXD12,GRCh37,cg23130254
299,19,19729732,-,PBX4,GRCh37,cg23158811
299,19,19729375,-,PBX4,GRCh37,cg19996355
300,7,96651915,-,DLX5,GRCh37,cg18873386
301,7,23510648,-,IGF2BP3,GRCh37,cg02860543
302,11,35547074,+,PAMR1;PAMR1,GRCh37,cg14542839
302,16,68003240,-,SLC12A4;SLC12A4;SLC12A4,GRCh37,cg23656386
302,16,3115286,-,IL32;IL32;IL32;IL32;IL32;IL32;IL32;IL32,GRCh37,cg23813257
302,3,42543566,+,VIPR1,GRCh37,cg10970409
302,17,7942342,+,ALOX15B;ALOX15B;ALOX15B,GRCh37,cg12343777
302,11,77734280,+,KCTD14,GRCh37,cg17272843
303,21.0,42538894,-,BACE2;BACE2;BACE2,GRCh37,cg16334795
304,8,22132992,-,PIWIL2;PIWIL2,GRCh37,cg18135555
304,12,133429949,+,CHFR;CHFR;CHFR;CHFR;CHFR,GRCh37,cg22381955
304,2,135477056,-,TMEM163,GRCh37,cg15297650
304,19,58864846,-,NCRNA00181;A1BG;A1BG,GRCh37,cg22568540
304,1,230883552,+,CAPN9;CAPN9,GRCh37,cg06585893
304,8,145741991,-,RECQL4;LRRC14,GRCh37,cg21226234
304,6,74104388,+,DDX43;DDX43,GRCh37,cg17188169
304,2,10281526,+,C2orf48;C2orf48,GRCh37,cg05404787
304,3,52828794,-,ITIH3;ITIH3,GRCh37,cg26099316
304,3,50314291,+,SEMA3B;SEMA3B,GRCh37,cg24019851
304,16,56995840,+,CETP;CETP,GRCh37,cg12564453
304,19,33623091,+,WDR88,GRCh37,cg26687173
304,15,90222555,+,PLIN1;PLIN1;PLIN1;PLIN1,GRCh37,cg01035422
304,3,49459855,+,AMT;AMT;AMT;NICN1;AMT;AMT,GRCh37,cg20191453
304,6,31948433,+,C4B;STK19;STK19;STK19;C4A,GRCh37,cg21415604
304,1,161185092,-,FCER1G;FCER1G,GRCh37,cg13853198
304,16,84224707,-,ADAD2;ADAD2,GRCh37,cg17561452
304,19,43033801,+,CEACAM1;CEACAM1,GRCh37,cg19776453
304,9,124133094,+,STOM;STOM,GRCh37,cg18676053
304,21,43824071,+,UBASH3A;UBASH3A,GRCh37,cg00134539
304,1,53794313,-,LRP8;LRP8;LRP8;LRP8,GRCh37,cg17095731
304,1,156785558,-,SH2D2A;SH2D2A;NTRK1;NTRK1;SH2D2A;SH2D2A;SH2D2A,GRCh37,cg25827666
304,16,67977865,-,SLC12A4;SLC12A4;SLC12A4;LCAT;SLC12A4;SLC12A4,GRCh37,cg26924825
304,17,41738893,+,MEOX1;MEOX1;MEOX1,GRCh37,cg08471713
304,9,34398637,+,C9orf25;C9orf24,GRCh37,cg05208153
304,1,228336130,-,GJC2;GUK1;GUK1;GUK1,GRCh37,cg22844623
304,6,143095613,+,HIVEP2,GRCh37,cg22858308
304,7,100880751,+,CLDN15,GRCh37,cg02512860
304,5,176937363,+,DOK3;DOK3;DOK3;DOK3;DOK3,GRCh37,cg01278291
304,19,46318439,-,RSPH6A;RSPH6A,GRCh37,cg02218324
304,16,28888844,-,ATP2A1;ATP2A1,GRCh37,cg11094938
304,18,60903834,-,BCL2,GRCh37,cg08223235
304,1,162348010,+,C1orf226;C1orf111,GRCh37,cg14701962
304,7,75583421,-,POR,GRCh37,cg20748065
304,15,90349511,-,ANPEP,GRCh37,cg05985767
304,20,36150061,+,BLCAP;BLCAP;BLCAP;NNAT;BLCAP;BLCAP;NNAT,GRCh37,cg10642330
304,9,140125696,+,SLC34A3,GRCh37,cg21964481
304,5,148758791,+,IL17B;IL17B,GRCh37,cg00298357
304,1,26394083,-,TRIM63;TRIM63,GRCh37,cg16051685
304,10,101732382,-,DNMBP,GRCh37,cg02732134
305,19,39523436,+,FBXO27,GRCh37,cg11402505
305,19,39523158,+,FBXO27;FBXO27,GRCh37,cg02197293
306,1,207039302,-,IL20,GRCh37,cg23282674
307,1,159684431,+,CRP,GRCh37,cg08474603
308,8,11562155,-,GATA4,GRCh37,cg21073927
309,15,23932620,-,NDN,GRCh37,cg18552939
310,9,127019914,+,NEK6;NEK6;NEK6;NEK6;NEK6,GRCh37,cg21468416
311,10,131762961,+,EBF3,GRCh37,cg06139836
311,1,66258441,-,PDE4B;PDE4B,GRCh37,cg26832142
312,7,44104935,+,PGAM2,GRCh37,cg26057752
312,7,44105434,-,PGAM2,GRCh37,cg23616741
313,11,62783543,-,SLC22A8,GRCh37,cg21062347
313,1,183559527,+,NCF2;NCF2;NCF2,GRCh37,cg09076123
313,6,35765589,+,CLPS,GRCh37,cg26823505
313,2,113810641,-,IL1F8;IL1F8,GRCh37,cg10479672
313,1,161475240,+,FCGR2A;FCGR2A;FCGR2A;FCGR2A,GRCh37,cg27470554
313,1,211666129,+,RD3;RD3;RD3;RD3,GRCh37,cg00658007
314,7,94284634,+,SGCE;SGCE;PEG10;SGCE;PEG10,GRCh37,cg23096644
314,7,94284893,-,SGCE;SGCE;PEG10;SGCE;PEG10,GRCh37,cg25524350
314,7,94284486,+,SGCE;SGCE;PEG10;SGCE;PEG10,GRCh37,cg07236943
315,2,228736135,-,WDR69,GRCh37,cg14329157
316,10,135044114,+,UTF1,GRCh37,cg09053680
317,2,214148972,-,SPAG16;SPAG16,GRCh37,cg07900766
317,2,214149200,-,SPAG16;SPAG16;SPAG16;SPAG16,GRCh37,cg24664861
318,6,50786670,+,TFAP2B,GRCh37,cg25593948
318,6,50785152,+,TFAP2B,GRCh37,cg25226247
319,10,133110646,+,TCERG1L,GRCh37,cg03943081
319,10,133109194,-,TCERG1L,GRCh37,cg10175795
320,1,158301038,+,CD1B,GRCh37,cg04574507
320,1,158223934,+,CD1A;CD1A,GRCh37,cg07950803
321,11,34535281,+,ELF5;ELF5,GRCh37,cg01473816
322,11,32459760,+,WIT1,GRCh37,cg25577842
323,11,84634126,+,DLG2;DLG2,GRCh37,cg00846036
324,11,55703443,-,OR5I1,GRCh37,cg25890048
324,18,61310626,+,SERPINB4,GRCh37,cg24546942
324,18,61441730,+,SERPINB7;SERPINB7,GRCh37,cg01568736
325,18,24445318,-,C18orf16;AQP4,GRCh37,cg15976539
325,20,44638517,-,MMP9,GRCh37,cg20925811
325,12,68041322,+,DYRK2;DYRK2,GRCh37,cg21281799
325,8,39442347,-,ADAM18,GRCh37,cg23566335
325,19,46917255,+,CCDC8,GRCh37,cg11715966
325,14,21271313,-,RNASE1;RNASE1;RNASE1;RNASE1,GRCh37,cg13718960
325,19,16008723,-,CYP4F2,GRCh37,cg13656062
325,2,25565795,-,DNMT3A;DNMT3A;DNMT3A,GRCh37,cg21629895
325,7,110731201,-,LRRN3;LRRN3;IMMP2L;LRRN3;LRRN3;LRRN3;LRRN3,GRCh37,cg09837977
325,8,11568356,-,GATA4,GRCh37,cg26020513
325,11,102576094,-,MMP27,GRCh37,cg06259570
325,7,138483273,-,TMEM213;ATP6V0A4;ATP6V0A4,GRCh37,cg26349773
325,4,72897281,+,NPFFR2,GRCh37,cg03017946
325,1,16062720,-,SLC25A34,GRCh37,cg16713727
325,3,131754273,+,CPNE4,GRCh37,cg16673198
325,1,231561414,-,EGLN1,GRCh37,cg16855929
325,8,131414474,-,ASAP1,GRCh37,cg00077877
325,19,12846618,-,C19orf43,GRCh37,cg12202913
325,12,6936267,-,GPR162;LEPREL2;GPR162,GRCh37,cg18881269
325,12,41831558,+,PDZRN4;PDZRN4;PDZRN4,GRCh37,cg15417244
325,11,1243090,+,MUC5B,GRCh37,cg22407504
325,5,147443252,+,SPINK5;SPINK5;SPINK5,GRCh37,cg17788013
326,16,66637919,-,CMTM3;CMTM3;CMTM3;CMTM3,GRCh37,cg16335762
327,1,103573989,+,COL11A1;COL11A1;COL11A1;COL11A1;COL11A1;COL11A1;COL11A1;COL11A1,GRCh37,cg12884406
328,3,111314186,-,ZBED2;CD96;CD96,GRCh37,cg24323726
328,3,111314102,-,ZBED2;CD96;CD96,GRCh37,cg25298754
329,11,65405362,-,SIPA1,GRCh37,cg25361844
330,1,226012913,-,EPHX1;EPHX1,GRCh37,cg24928687
331,10,28965584,+,BAMBI,GRCh37,cg16408970
331,12,7033911,-,ATN1,GRCh37,cg01437411
331,13,52585283,-,ATP7B;ALG11;ATP7B,GRCh37,cg02071074
331,7,73867457,-,GTF2IRD1;GTF2IRD1,GRCh37,cg14120784
331,17,37783011,-,PPP1R1B,GRCh37,cg00112517
331,20,30458745,-,TTLL9;DUSP15;DUSP15;DUSP15;TTLL9,GRCh37,cg03513363
331,2,11886400,+,LPIN1,GRCh37,cg09863772
332,9,103235181,+,TMEFF1,GRCh37,cg22775000
333,6,56112484,+,COL21A1,GRCh37,cg05157725
334,11,67071322,-,SSH3,GRCh37,cg22285621
334,6,161695561,+,AGPAT4,GRCh37,cg07074571
334,10,135051292,-,VENTX,GRCh37,cg22165685
334,22.0,46932642,-,CELSR1,GRCh37,cg06268694
334,8,102803237,+,NCALD;NCALD;NCALD;NCALD;NCALD;NCALD;NCALD;NCALD;NCALD,GRCh37,cg17084151
334,19,48325089,+,CRX,GRCh37,cg19762747
334,2,1748112,-,PXDN,GRCh37,cg12164282
334,3,193272778,+,ATP13A4,GRCh37,cg23159337
334,19,18496953,+,GDF15,GRCh37,cg16929104
334,10,56561096,-,PCDH15;PCDH15;PCDH15;PCDH15;PCDH15;PCDH15;PCDH15;PCDH15;PCDH15;PCDH15;PCDH15;PCDH15,GRCh37,cg20588045
334,1,159869960,+,CCDC19,GRCh37,cg02849695
334,19,37825679,+,HKR1;HKR1,GRCh37,cg12024906
334,14,23775777,-,BCL2L2,GRCh37,cg25149155
334,4,2935692,-,MFSD10;MFSD10;MFSD10,GRCh37,cg14973995
334,9,99145525,-,SLC35D2,GRCh37,cg15582789
334,5,140012728,+,CD14;CD14;CD14,GRCh37,cg25358289
334,5,54281437,-,ESM1;ESM1,GRCh37,cg07233761
335,2,56150255,+,EFEMP1;EFEMP1;EFEMP1;EFEMP1,GRCh37,cg20786074
335,2,56149825,-,EFEMP1;EFEMP1;EFEMP1,GRCh37,cg25711779
336,20,43729897,+,KCNS1,GRCh37,cg06288351
337,17,3323791,+,OR3A3,GRCh37,cg05674036
338,10,95372445,-,PDE6C;PDE6C,GRCh37,cg19635695
339,1,2985218,+,FLJ42875;PRDM16;PRDM16;FLJ42875,GRCh37,cg08528984
340,7,27239024,-,HOXA13,GRCh37,cg10883303
341,19,58238928,+,ZNF671;ZNF671,GRCh37,cg19246110
342,1,203320223,-,FMOD;FMOD,GRCh37,cg03764585
342,1,203320386,-,FMOD,GRCh37,cg26987645
343,16,20338808,-,GP2;GP2;GP2;GP2;GP2;GP2;GP2;GP2,GRCh37,cg12554476
344,1,32042161,+,TINAGL1;TINAGL1,GRCh37,cg14869028
344,1,32042037,-,TINAGL1,GRCh37,cg22855405
345,16,90076766,-,DBNDD1;DBNDD1,GRCh37,cg04731384
345,20,44517227,+,C20orf165,GRCh37,cg21023770
345,16,30718443,-,SRCAP,GRCh37,cg03766965
345,19,50086378,-,PRRG2,GRCh37,cg21961766
346,21,37852334,-,CLDN14;CLDN14;CLDN14;CLDN14;CLDN14;CLDN14,GRCh37,cg11099899
347,6,33378019,-,PHF1;PHF1;PHF1,GRCh37,cg13303256
347,17,26684562,+,POLDIP2;POLDIP2;TMEM199,GRCh37,cg27520502
347,11,47448306,+,PSMC3,GRCh37,cg08722104
347,1,161087635,+,PFDN2;NIT1,GRCh37,cg13298382
347,15,96873868,+,NR2F2;NR2F2,GRCh37,cg04943986
347,3,179322868,+,MRPL47;MRPL47;NDUFB5,GRCh37,cg18652121
347,11,65686003,-,DRAP1;C11orf68;C11orf68,GRCh37,cg10172318
347,8,11142737,-,MTMR9,GRCh37,cg20951726
347,22.0,47158756,-,TBC1D22A,GRCh37,cg13346032
347,8,55047904,+,MRPL15,GRCh37,cg16129797
347,2,18060086,-,KCNS3,GRCh37,cg20940661
347,5,151138161,-,ATOX1;ATOX1,GRCh37,cg21101222
347,17,62658750,-,SMURF2,GRCh37,cg04808672
347,3,127541529,+,MGLL;MGLL;MGLL,GRCh37,cg00149976
347,12,96429271,+,LTA4H,GRCh37,cg26240353
347,2,27545751,-,MPV17,GRCh37,cg10239941
347,11,3829534,+,PGAP2;PGAP2;PGAP2;PGAP2;PGAP2;PGAP2;PGAP2;PGAP2,GRCh37,cg21091629
347,11,112097212,-,PTS,GRCh37,cg25131727
347,19,42724717,+,ZNF526,GRCh37,cg13438673
347,14,69445989,+,ACTN1;ACTN1;ACTN1;ACTN1;ACTN1;ACTN1,GRCh37,cg25126812
347,3,48343235,+,NME6,GRCh37,cg11946769
347,1,87170624,-,SH3GLB1,GRCh37,cg16116363
347,12,109490239,-,USP30,GRCh37,cg03070588
347,1,202113704,-,ARL8A;ARL8A,GRCh37,cg27261136
347,11,77184925,-,PAK1;PAK1;PAK1;PAK1,GRCh37,cg21086464
347,20,16554249,+,KIF16B,GRCh37,cg18710985
347,3,98241925,-,CLDND1;CLDND1;CLDND1;CLDND1;CLDND1;CLDND1,GRCh37,cg20938286
347,12,57916571,+,MBD6,GRCh37,cg25107978
347,6,31708121,+,MSH5;MSH5;MSH5;MSH5,GRCh37,cg00071998
347,13,44453183,-,CCDC122;C13orf31;C13orf31,GRCh37,cg00056767
347,19,1490631,-,REEP6;PCSK4,GRCh37,cg26260201
347,16,90089283,-,GAS8;GAS8,GRCh37,cg03634997
347,7,100860599,-,ZNHIT1;PLOD3;PLOD3,GRCh37,cg27550442
347,19,49149573,-,SEC1;CA11,GRCh37,cg07443954
347,7,39990729,-,CDK13;CDK13,GRCh37,cg20991801
347,6,18156341,+,TPMT;KDM1B,GRCh37,cg07465480
347,8,19675140,-,INTS10,GRCh37,cg17823320
347,14,55369861,-,GCH1;GCH1;GCH1;GCH1,GRCh37,cg01838317
347,5,79950956,+,MSH3;DHFR,GRCh37,cg16161425
347,9,139780417,-,TRAF2,GRCh37,cg25068445
347,20,33872806,-,EIF6;EIF6;EIF6,GRCh37,cg27270218
347,1,43638094,-,WDR65;WDR65;EBNA1BP2;EBNA1BP2;WDR65;EBNA1BP2;WDR65;WDR65;WDR65,GRCh37,cg13342625
347,11,47574990,+,CUGBP1,GRCh37,cg25059436
347,17,4982244,+,ZFP3,GRCh37,cg04862249
347,14,105941190,+,CRIP2;CRIP2,GRCh37,cg17818900
347,1,44412582,-,IPO13;IPO13,GRCh37,cg25047378
347,17,1532217,-,SLC43A2,GRCh37,cg11896345
347,16,88519222,-,ZFPM1,GRCh37,cg08738269
347,6,17600646,-,FAM8A1,GRCh37,cg16218387
347,1,64058941,-,PGM1,GRCh37,cg25013852
347,6,42981894,+,MEA1;KLHDC3,GRCh37,cg13397365
347,11,22646721,+,FANCF,GRCh37,cg03822011
347,6,43337708,+,ZNF318,GRCh37,cg11928635
347,19,14682779,-,NDUFB7,GRCh37,cg11928366
347,2,232063176,+,ARMC9,GRCh37,cg03369671
347,10,90639684,+,STAMBPL1,GRCh37,cg11917694
347,10,91011892,+,LIPA;LIPA,GRCh37,cg18701598
347,17,76210490,-,BIRC5;BIRC5;BIRC5;EPR1,GRCh37,cg26267341
347,14,100704671,-,YY1,GRCh37,cg20009671
347,8,27472395,+,CLU,GRCh37,cg04929736
347,9,35096797,+,PIGO;PIGO,GRCh37,cg16213976
347,12,118811020,+,TAOK3,GRCh37,cg00887547
347,2,32503081,-,YIPF4;YIPF4,GRCh37,cg01195127
347,4,184365087,-,CDKN2AIP,GRCh37,cg07973390
347,15,77713622,+,HMG20A,GRCh37,cg11876919
347,7,130353961,+,TSGA13;COPG2,GRCh37,cg27195917
347,5,86563744,-,RASA1;RASA1,GRCh37,cg16160720
347,14,73393301,-,DCAF4;DCAF4;DCAF4;DCAF4;DCAF4,GRCh37,cg16948979
347,16,31106318,+,VKORC1;VKORC1,GRCh37,cg25047102
347,1,201951866,+,RNPEP,GRCh37,cg01036148
347,2,18742122,+,RDH14,GRCh37,cg17741106
347,1,37939724,-,ZC3H12A,GRCh37,cg15949277
347,12,6833012,-,COPS7A;COPS7A;COPS7A;COPS7A,GRCh37,cg15974062
347,6,31430916,-,HCP5,GRCh37,cg13784557
347,6,33385896,+,CUTA;CUTA;CUTA;CUTA;CUTA;CUTA;CUTA;CUTA;CUTA,GRCh37,cg00426056
347,12,62654245,+,USP15,GRCh37,cg18915437
347,11,113644407,-,ZW10;ZW10,GRCh37,cg05225390
347,12,56360607,+,CDK2;CDK2;CDK2;SILV;CDK2,GRCh37,cg09304040
347,7,100424945,-,EPHB4;EPHB4,GRCh37,cg11673969
347,17,1619022,+,C17orf91;C17orf91;WDR81;C17orf91;WDR81;C17orf91,GRCh37,cg00422913
347,10,124133934,+,PLEKHA1,GRCh37,cg11676599
347,12,104234975,+,NT5DC3,GRCh37,cg15977278
347,9,15307376,+,TTC39B;TTC39B;TTC39B;TTC39B,GRCh37,cg11680158
347,6,97372856,+,KLHL32;KLHL32,GRCh37,cg15981265
347,6,32145830,-,RNF5P1;RNF5;AGPAT1;AGPAT1,GRCh37,cg15982308
347,12,93963601,+,SOCS2;SOCS2,GRCh37,cg08002996
347,17,17494835,+,PEMT,GRCh37,cg27291501
347,6,52285149,-,EFHC1;EFHC1,GRCh37,cg02567144
347,12,98987961,-,SLC25A3;SLC25A3;SLC25A3,GRCh37,cg11694641
347,16,639209,+,RAB40C,GRCh37,cg03701222
347,2,175870435,-,CHN1;CHN1,GRCh37,cg11695601
347,2,24346000,+,PFN4;PFN4;LOC375190,GRCh37,cg07265300
347,12,108908742,+,FICD,GRCh37,cg24642516
347,18,48556631,-,SMAD4;SMAD4,GRCh37,cg10315128
347,8,128806938,+,MIR1204;PVT1,GRCh37,cg13784855
347,14,90723462,+,PSMC1,GRCh37,cg11665562
347,22.0,39928927,+,RPS19BP1,GRCh37,cg13785207
347,16,73081722,+,ZFHX3;ZFHX3;ZFHX3,GRCh37,cg09306186
347,6,42714115,+,TBCC,GRCh37,cg03383661
347,11,64949038,+,CAPN1,GRCh37,cg00686623
347,22.0,46449461,-,C22orf26;LOC150381,GRCh37,cg26394940
347,11,112046248,+,BCO2;BCO2;BCO2,GRCh37,cg02119229
347,19,8273912,-,LASS4,GRCh37,cg05346899
347,16,2803408,+,SRRM2;LOC100128788,GRCh37,cg07195622
347,16,30007965,+,HIRIP3;INO80E,GRCh37,cg02647545
347,1,226595978,-,PARP1,GRCh37,cg17661881
347,17,37887061,-,C17orf37,GRCh37,cg19895197
347,10,91174651,-,IFIT5,GRCh37,cg05338155
347,9,131709471,+,NUP188;DOLK,GRCh37,cg13812587
347,3,66024554,-,MAGI1;MAGI1;MAGI1,GRCh37,cg02105377
347,13,111267856,-,CARKD,GRCh37,cg21368354
347,22.0,36784323,+,MYH9,GRCh37,cg13810225
347,3,49171185,-,LAMB2,GRCh37,cg05323436
347,6,37400863,-,FTSJD2,GRCh37,cg11649001
347,4,37828500,+,PGM2,GRCh37,cg00107632
347,1,28286884,-,XKR8,GRCh37,cg13804316
347,12,56137323,+,GDF11,GRCh37,cg15932716
347,1,12040877,-,MFN2;MFN2,GRCh37,cg09306577
347,4,71859710,-,DCK,GRCh37,cg11654333
347,1,210502792,+,HHAT;HHAT;HHAT;HHAT;HHAT;HHAT;HHAT,GRCh37,cg15945769
347,5,138775061,-,DNAJC18,GRCh37,cg05284582
347,1,1244060,+,PUSL1;ACAP3,GRCh37,cg24497877
347,7,128095699,-,C7orf68;C7orf68,GRCh37,cg11646757
347,1,109584447,+,WDR47;WDR47;WDR47,GRCh37,cg15991288
347,13,114144567,+,DCUN1D2;TMCO3,GRCh37,cg09791681
347,7,92861612,+,CCDC132;CCDC132,GRCh37,cg21262854
347,22.0,19702104,+,SEPT5;SEPT5,GRCh37,cg24783979
347,19,33166123,+,ANKRD27;RGS9BP,GRCh37,cg24792749
347,19,54663461,-,LENG1,GRCh37,cg24794758
347,9,86323640,-,UBQLN1;UBQLN1,GRCh37,cg08670517
347,1,95538467,+,ALG14;ALG14,GRCh37,cg13559495
347,3,134205507,+,CEP63;ANAPC13;CEP63;ANAPC13;CEP63;CEP63;ANAPC13,GRCh37,cg18871670
347,17,37856663,+,ERBB2;ERBB2,GRCh37,cg16065186
347,1,204381148,-,PPP1R15B,GRCh37,cg16072030
347,11,1330611,+,TOLLIP;LOC255512,GRCh37,cg13547299
347,22.0,29784697,+,AP1B1;AP1B1;AP1B1,GRCh37,cg08693206
347,16,74640816,-,GLG1;GLG1;GLG1;GLG1;GLG1,GRCh37,cg21212066
347,5,133512930,+,SKP1;SKP1,GRCh37,cg00854995
347,14,104387812,+,C14orf2;C14orf2;C14orf2;C14orf2,GRCh37,cg05032550
347,12,104323957,+,LOC253724;HSP90B1,GRCh37,cg16085042
347,3,32612556,-,DYNC1LI1,GRCh37,cg11786750
347,15,41056369,+,GCHFR;GCHFR,GRCh37,cg09264112
347,16,67143525,-,C16orf70,GRCh37,cg07352600
347,8,124084640,+,WDR67;WDR67,GRCh37,cg00871453
347,17,37353838,+,CACNB1;CACNB1;CACNB1;CACNB1;CACNB1;CACNB1,GRCh37,cg13501999
347,16,11350915,+,SOCS1,GRCh37,cg26301908
347,1,3566577,-,WDR8;WDR8,GRCh37,cg13501117
347,3,10157352,-,C3orf10;C3orf10,GRCh37,cg00149659
347,19,56135916,+,ZNF784,GRCh37,cg16954928
347,4,7940843,+,AFAP1;AFAP1,GRCh37,cg10250107
347,1,23858035,-,E2F2,GRCh37,cg21211748
347,17,18267123,+,SHMT1;SHMT1,GRCh37,cg16094520
347,18,57026192,-,LMAN1,GRCh37,cg17709676
347,17,62503001,-,CCDC45;DDX5,GRCh37,cg01795697
347,17,17584505,+,RAI1,GRCh37,cg15994159
347,17,41623840,-,ETV4;ETV4,GRCh37,cg24679082
347,16,15982631,-,C16orf63,GRCh37,cg17698643
347,17,76165253,+,SYNGR2,GRCh37,cg18907029
347,5,86709023,+,CCNH,GRCh37,cg09299307
347,17,42143817,+,LSM12,GRCh37,cg24682149
347,14,77495178,-,C14orf4,GRCh37,cg07989514
347,12,57914352,+,DDIT3,GRCh37,cg17703658
347,11,77301139,-,AQP11,GRCh37,cg24715106
347,13,49106778,-,RCBTB2,GRCh37,cg16000832
347,1,45266048,-,PLK3;PLK3,GRCh37,cg27287808
347,7,2884365,-,GNA12,GRCh37,cg24743283
347,4,1283721,+,MAEA;MAEA,GRCh37,cg05122605
347,6,30043727,-,RNF39;RNF39,GRCh37,cg11724134
347,15,41245706,-,CHAC1;CHAC1,GRCh37,cg05120641
347,4,109684250,-,AGXT2L1;AGXT2L1;AGXT2L1;AGXT2L1;AGXT2L1,GRCh37,cg24727182
347,2,169746671,-,SPC25,GRCh37,cg13605690
347,7,44529975,+,NUDCD3,GRCh37,cg03521347
347,2,70315011,+,PCBP1,GRCh37,cg24727568
347,1,85724702,-,C1orf52;C1orf52,GRCh37,cg03848145
347,9,131267057,+,GLE1;GLE1;GLE1;GLE1,GRCh37,cg18878891
347,3,52001477,-,PCBP4,GRCh37,cg07309361
347,10,22605339,+,COMMD3;COMMD3,GRCh37,cg21226861
347,1,180471249,+,ACBD6,GRCh37,cg26750139
347,9,114659593,-,UGCG,GRCh37,cg05120715
347,13,31040215,-,HMGB1,GRCh37,cg09203961
347,3,119187891,-,KTELC1;KTELC1,GRCh37,cg25345005
347,17,34948329,-,DHRS11;DHRS11,GRCh37,cg11976048
347,2,231921692,-,PSMD1;PSMD1,GRCh37,cg04383012
347,19,52490199,-,ZNF350,GRCh37,cg25835225
347,2,187455298,+,ITGAV;ITGAV,GRCh37,cg07909265
347,2,232790231,-,NPPC,GRCh37,cg18330611
347,10,99160939,-,RRP12;RRP12,GRCh37,cg10014190
347,2,170335841,+,BBS5,GRCh37,cg10006582
347,7,559070,-,PDGFA;PDGFA;PDGFA;PDGFA,GRCh37,cg02683985
347,3,183853126,-,EIF2B5;EIF2B5,GRCh37,cg18313702
347,1,163291493,-,NUF2;NUF2,GRCh37,cg16604136
347,16,30134858,+,MAPK3;MAPK3;MAPK3,GRCh37,cg08966293
347,15,72612567,+,BRUNOL6,GRCh37,cg16778903
347,16,8768110,+,ABAT,GRCh37,cg20587543
347,2,135809693,+,RAB3GAP1,GRCh37,cg18312807
347,12,108956650,+,ISCU;ISCU;SART3,GRCh37,cg20476877
347,12,7342621,-,PEX5;PEX5;PEX5;PEX5;PEX5;PEX5,GRCh37,cg07748017
347,18,52495605,-,RAB27B,GRCh37,cg09052983
347,13,41885231,-,NAA16;NAA16;NAA16,GRCh37,cg20458981
347,17,76183078,-,TK1;TK1;AFMID;AFMID;AFMID,GRCh37,cg20104688
347,3,139062848,+,MRPS22,GRCh37,cg09989883
347,22.0,24093496,-,ZNF70,GRCh37,cg12620111
347,12,110437259,-,ANKRD13A;ANKRD13A,GRCh37,cg16616734
347,11,65325623,+,LTBP3;LTBP3;LTBP3;LTBP3;LTBP3;LTBP3,GRCh37,cg16632280
347,3,138327707,+,FAIM;FAIM;FAIM;FAIM;FAIM;FAIM;FAIM,GRCh37,cg04148458
347,3,49508289,+,DAG1;DAG1,GRCh37,cg12609467
347,18,43684181,+,ATP5A1;ATP5A1;HAUS1;HAUS1,GRCh37,cg18307767
347,15,22833308,-,TUBGCP5;TUBGCP5,GRCh37,cg16639637
347,12,76742097,+,BBS10,GRCh37,cg10027114
347,9,132404763,+,ASB6;ASB6,GRCh37,cg16543294
347,17,7165909,+,CLDN7,GRCh37,cg25718402
347,5,70883173,-,MCCC2;MCCC2,GRCh37,cg18359921
347,15,41166217,-,RHOV,GRCh37,cg12189880
347,16,67881270,+,CENPT;NUTF2,GRCh37,cg12797788
347,19,41223331,-,ITPKC;ADCK4,GRCh37,cg16477324
347,7,105029125,+,SRPK2,GRCh37,cg00950418
347,3,53527994,+,CACNA1D;CACNA1D;CACNA1D,GRCh37,cg27239921
347,16,23607818,-,NDUFAB1,GRCh37,cg04454391
347,1,236305169,+,GPR137B,GRCh37,cg16505687
347,6,116989975,+,ZUFSP,GRCh37,cg12783573
347,12,49212475,-,CACNB3,GRCh37,cg00065408
347,17,73511087,-,CASKIN2,GRCh37,cg27037648
347,7,73669205,-,RFC2;RFC2,GRCh37,cg00955230
347,2,136499146,-,UBXN4,GRCh37,cg25752527
347,11,10326589,+,ADM,GRCh37,cg12228707
347,1,146715099,-,CHD1L,GRCh37,cg16525692
347,12,110888290,+,ARPC3,GRCh37,cg20597908
347,4,57301960,-,PAICS;PAICS;PPAT;PAICS;PAICS,GRCh37,cg04418752
347,1,10003059,-,NMNAT1;LZIC,GRCh37,cg04413397
347,9,6413167,+,UHRF2;UHRF2,GRCh37,cg20595300
347,3,160823255,+,B3GALNT1;B3GALNT1;B3GALNT1;B3GALNT1;B3GALNT1,GRCh37,cg12716838
347,16,1833420,+,NUBP2;SPSB3,GRCh37,cg07909527
347,6,80247154,+,LCA5;LCA5,GRCh37,cg27038197
347,5,55007918,+,SLC38A9,GRCh37,cg04401436
347,2,219134788,-,PNKD;AAMP;PNKD,GRCh37,cg12224394
347,13,49821843,-,CDADC1,GRCh37,cg18112431
347,3,150421723,-,FAM194A;FAM194A,GRCh37,cg20434811
347,8,119634612,-,SAMD12;SAMD12,GRCh37,cg16659043
347,12,111180513,-,PPP1CC;PPP1CC,GRCh37,cg03310453
347,12,110718311,+,ATP2A2;ATP2A2;ATP2A2,GRCh37,cg04235146
347,9,35605352,+,TESK1;TESK1,GRCh37,cg09000510
347,3,81811053,-,GBE1,GRCh37,cg03785807
347,12,48167505,+,SLC48A1,GRCh37,cg12391174
347,17,8152410,-,PFAS;C17orf68,GRCh37,cg26138224
347,6,5261829,+,LYRM4;LYRM4;FARS2;LYRM4;FARS2,GRCh37,cg26165608
347,17,48172022,+,PDK2,GRCh37,cg02668984
347,1,20834501,-,MUL1,GRCh37,cg12497298
347,12,92539575,+,BTG1;BTG1,GRCh37,cg04211745
347,22.0,28197796,-,MN1,GRCh37,cg07849904
347,17,48207508,-,SAMD14,GRCh37,cg20199629
347,18,21033426,-,RIOK3,GRCh37,cg07851278
347,1,29213863,+,EPB41;EPB41;EPB41;EPB41;EPB41,GRCh37,cg18189938
347,8,41435301,-,AGPAT6,GRCh37,cg09915099
347,6,43543548,-,POLH;XPO5,GRCh37,cg07857181
347,1,156722064,-,HDGF;HDGF;HDGF,GRCh37,cg12421458
347,17,73975215,-,ACOX1;ACOX1;ACOX1;ACOX1;C17orf106,GRCh37,cg12452675
347,17,78235094,+,RNF213;RNF213,GRCh37,cg09907395
347,15,43802885,-,TP53BP1,GRCh37,cg09020461
347,1,27998703,-,IFI6;IFI6;IFI6;IFI6;IFI6;IFI6,GRCh37,cg20227766
347,3,41240962,+,CTNNB1;CTNNB1;CTNNB1;CTNNB1;CTNNB1;CTNNB1,GRCh37,cg04180460
347,20,31989412,-,CDK5RAP1;CDK5RAP1,GRCh37,cg12431699
347,2,109065314,+,GCC2;GCC2,GRCh37,cg12433691
347,9,133589177,-,ABL1,GRCh37,cg00168082
347,16,58059321,+,MMP15;MMP15,GRCh37,cg16652241
347,13,21750347,-,SKA3;SKA3;MRP63,GRCh37,cg07827038
347,2,219265245,-,CTDSP1;CTDSP1,GRCh37,cg01264826
347,15,23086698,+,NIPA1;NIPA1,GRCh37,cg09884077
347,14,53196609,+,STYX;STYX,GRCh37,cg03803589
347,1,110527746,+,AHCYL1,GRCh37,cg04310489
347,16,30007384,-,HIRIP3;INO80E;HIRIP3,GRCh37,cg09039698
347,9,32573171,+,NDUFB6;NDUFB6;NDUFB6;NDUFB6,GRCh37,cg18178963
347,17,47021804,+,SNF8,GRCh37,cg26022315
347,3,48594205,-,PFKFB4,GRCh37,cg26029248
347,22.0,39101703,+,GTPBP1,GRCh37,cg09964005
347,3,127842622,-,RUVBL1;RUVBL1,GRCh37,cg16672449
347,1,193091399,+,CDC73,GRCh37,cg26793710
347,13,111213752,-,RAB20,GRCh37,cg20371891
347,16,23464207,-,COG7,GRCh37,cg26809911
347,5,34008431,-,AMACR;AMACR;AMACR;AMACR;AMACR;AMACR,GRCh37,cg12346515
347,1,150981091,+,FAM63A;PRUNE;PRUNE;FAM63A,GRCh37,cg04275985
347,3,179280746,-,ACTL6A;ACTL6A;ACTL6A;ACTL6A;ACTL6A;ACTL6A,GRCh37,cg03667091
347,8,101571911,-,ANKRD46,GRCh37,cg12548064
347,1,26798271,+,HMGN2,GRCh37,cg20345978
347,16,28834065,+,ATXN2L;ATXN2L;ATXN2L;ATXN2L;ATXN2L,GRCh37,cg12360373
347,2,232063611,+,ARMC9,GRCh37,cg26089280
347,2,74056290,+,STAMBP;STAMBP;STAMBP;STAMBP,GRCh37,cg26809210
347,5,172197489,-,DUSP1,GRCh37,cg26095194
347,19,45909858,+,CD3EAP;CD3EAP;PPP1R13L,GRCh37,cg07816442
347,2,45236672,+,SIX2,GRCh37,cg03310469
347,16,9184705,-,C16orf72,GRCh37,cg12529801
347,15,42566151,+,TMEM87A;GANC;TMEM87A,GRCh37,cg26052367
347,13,91999408,+,MIR17HG;MIR17HG,GRCh37,cg25139619
347,3,120461082,-,RABL3;GTF2E1,GRCh37,cg07925687
347,3,64673741,+,ADAMTS9,GRCh37,cg12187213
347,10,13141832,+,OPTN;OPTN;OPTN;OPTN,GRCh37,cg27555776
347,1,147142282,+,ACP6;ACP6,GRCh37,cg27244432
347,1,150899251,+,SETDB1;SETDB1;SETDB1,GRCh37,cg17918089
347,10,27150106,-,ABI1;ABI1;ABI1;ABI1,GRCh37,cg17918201
347,18,29671984,-,RNF138;RNF138;RNF138,GRCh37,cg27556566
347,11,101981050,-,YAP1;YAP1,GRCh37,cg01442799
347,13,25861533,+,MTMR6;MTMR6,GRCh37,cg08798523
347,9,72287123,+,APBA1;APBA1,GRCh37,cg18505908
347,15,75165624,-,SCAMP2;SCAMP2,GRCh37,cg18502522
347,1,860185,+,SAMD11,GRCh37,cg04672450
347,3,3168225,+,TRNT1,GRCh37,cg08819884
347,1,179051893,-,TOR3A,GRCh37,cg02709261
347,1,154946946,+,SHC1;SHC1;CKS1B;SHC1;SHC1;CKS1B,GRCh37,cg00915289
347,17,58156231,+,HEATR6,GRCh37,cg07567107
347,1,114471974,-,HIPK1;HIPK1,GRCh37,cg01883521
347,4,3465004,+,DOK7;DOK7,GRCh37,cg17960516
347,9,139743185,+,PHPT1;PHPT1,GRCh37,cg17963089
347,10,71211006,+,TSPAN15,GRCh37,cg08831594
347,2,190526040,-,ASNSD1,GRCh37,cg20767936
347,7,36429601,-,ANLN;KIAA0895;ANLN,GRCh37,cg18491230
347,4,2964972,-,GRK4;GRK4;GRK4;NOP14,GRCh37,cg07945480
347,20,62371416,+,SLC2A4RG,GRCh37,cg03680758
347,20,62496434,-,TPD52L2;TPD52L2;TPD52L2;TPD52L2;TPD52L2;TPD52L2,GRCh37,cg18488623
347,18,54306120,-,TXNL1;TXNL1,GRCh37,cg09130402
347,7,148725440,+,PDIA4,GRCh37,cg10128868
347,19,6372660,+,ALKBH7;ALKBH7,GRCh37,cg13120519
347,9,129567924,-,ZBTB43;ZBTB43,GRCh37,cg16284292
347,7,56032364,+,GBAS,GRCh37,cg13205516
347,19,18632488,+,ELL,GRCh37,cg02344201
347,17,5389462,-,MIS12;DERL2,GRCh37,cg02550200
347,10,74856386,+,P4HA1;P4HA1;P4HA1;P4HA1,GRCh37,cg20910436
347,20,49411856,-,BCAS4;BCAS4;BCAS4,GRCh37,cg20028291
347,22.0,37957154,+,CDC42EP1,GRCh37,cg27553637
347,3,13521178,+,HDAC11;HDAC11,GRCh37,cg16254764
347,6,90529294,+,MDN1,GRCh37,cg16900022
347,11,2907127,-,CDKN1C;CDKN1C;CDKN1C,GRCh37,cg25215340
347,12,62997570,-,C12orf61,GRCh37,cg25217357
347,19,18314691,-,RAB3A,GRCh37,cg00320243
347,10,76871606,+,SAMD8,GRCh37,cg25229706
347,4,185570979,+,CASP3;CCDC111;CCDC111;CASP3,GRCh37,cg20811273
347,20,25228899,+,PYGB,GRCh37,cg18606310
347,9,101984791,-,ALG2;ALG2;SEC61B,GRCh37,cg07535475
347,6,153323363,-,MTRF1L;MTRF1L,GRCh37,cg07535879
347,3,57993979,-,FLNB;FLNB;FLNB;FLNB,GRCh37,cg08785215
347,14,21151223,+,ANG;RNASE4,GRCh37,cg25327013
347,2,96068839,+,FAHD2A,GRCh37,cg16282101
347,6,30181032,+,TRIM26,GRCh37,cg18556540
347,5,68389849,-,SLC30A5;SLC30A5;SLC30A5,GRCh37,cg09176995
347,12,26985672,+,ITPR2,GRCh37,cg02569086
347,1,153643044,-,ILF2,GRCh37,cg13216303
347,11,65082792,-,CDC42EP2,GRCh37,cg09175724
347,14,23058288,-,DAD1,GRCh37,cg10145369
347,16,3074537,+,HCFC1R1;THOC6;HCFC1R1;HCFC1R1;THOC6,GRCh37,cg02062650
347,6,2246077,+,GMDS,GRCh37,cg08932320
347,19,34919831,+,UBA2,GRCh37,cg25485128
347,2,64880738,+,SERTAD2,GRCh37,cg04576855
347,4,170679294,-,C4orf27,GRCh37,cg04518155
347,11,124632552,-,ESAM,GRCh37,cg03332970
347,16,75182568,-,ZFP1,GRCh37,cg18371284
347,16,85061061,-,KIAA0513,GRCh37,cg07929310
347,19,33555255,+,RHPN2,GRCh37,cg18084798
347,12,93323497,+,EEA1,GRCh37,cg09848198
347,6,33589418,-,ITPR3,GRCh37,cg16400825
347,2,97523931,-,ANKRD39,GRCh37,cg25605045
347,8,145137896,-,GPAA1,GRCh37,cg20669525
347,10,73975451,+,ASCC1;C10orf104,GRCh37,cg03155724
347,11,118978508,-,C2CD2L,GRCh37,cg25611931
347,17,27070618,-,TRAF4,GRCh37,cg12971338
347,16,88520056,+,ZFPM1,GRCh37,cg20652640
347,1,112939192,+,CTTNBP2NL,GRCh37,cg20648108
347,11,46867918,-,CKAP5;CKAP5,GRCh37,cg16823737
347,9,88556685,-,NAA35,GRCh37,cg18090228
347,9,127624485,+,RPL35,GRCh37,cg20645649
347,16,67752877,+,GFOD2;GFOD2;GFOD2,GRCh37,cg25640176
347,22.0,42476080,+,C22orf32,GRCh37,cg20641580
347,10,30025293,-,SVIL,GRCh37,cg03259469
347,10,101945124,-,ERLIN1;ERLIN1,GRCh37,cg16443939
347,3,50396736,+,TMEM115;TMEM115,GRCh37,cg10061247
347,12,123755775,+,CDK2AP1,GRCh37,cg04464465
347,19,38270280,-,ZNF573,GRCh37,cg12821045
347,5,168006761,-,PANK3,GRCh37,cg16421589
347,16,71660049,+,MARVELD3;MARVELD3,GRCh37,cg18468219
347,12,21655265,+,RECQL;GOLT1B;RECQL,GRCh37,cg20701850
347,19,2841391,-,ZNF555,GRCh37,cg12111697
347,20,37101903,+,RALGAPB,GRCh37,cg09113613
347,11,119205373,+,RNF26;RNF26,GRCh37,cg13084909
347,5,81047188,+,SSBP2,GRCh37,cg20757912
347,1,40042061,-,PABPC4;PABPC4;PABPC4;PABPC4;PABPC4;PABPC4,GRCh37,cg08866753
347,7,107531982,+,DLD,GRCh37,cg16328820
347,7,89874465,-,C7orf63;C7orf63,GRCh37,cg07588113
347,17,73512855,+,CASKIN2;TSEN54,GRCh37,cg25506900
347,7,6629959,+,C7orf26,GRCh37,cg18428217
347,17,40897149,+,EZH1,GRCh37,cg27088844
347,4,120988417,+,MAD2L1,GRCh37,cg25522312
347,21.0,45758982,+,C21orf2,GRCh37,cg18027946
347,11,60673661,-,PRPF19,GRCh37,cg25575359
347,20,10015783,+,ANKRD5;ANKRD5;ANKRD5;ANKRD5,GRCh37,cg27204739
347,15,50474754,-,SLC27A2;SLC27A2,GRCh37,cg13021384
347,16,4475932,-,DNAJA3;DNAJA3,GRCh37,cg07617560
347,2,39663782,-,MAP4K3,GRCh37,cg25537724
347,13,113863227,+,CUL4A;PCID2;CUL4A;PCID2;PCID2,GRCh37,cg04536998
347,1,117909089,-,MAN1A2,GRCh37,cg18389062
347,9,140473184,+,WDR85,GRCh37,cg16351184
347,18,46065767,+,KIAA0427;KIAA0427,GRCh37,cg25560840
347,17,7761459,-,CYB5D1;LSMD1,GRCh37,cg03644378
347,11,130030103,-,ST14,GRCh37,cg10089145
347,5,122847581,-,CSNK1G3;CSNK1G3;CSNK1G3;CSNK1G3,GRCh37,cg20708411
347,19,5623459,-,SAFB2;SAFB,GRCh37,cg16353836
347,1,40627050,-,RLF;RLF,GRCh37,cg01918888
347,11,107729434,-,SLC35F2,GRCh37,cg18934103
347,15,45815269,+,SLC30A4;C15orf21,GRCh37,cg08027001
347,7,102715131,+,ARMC10;ARMC10;ARMC10;FBXL13;ARMC10;ARMC10;FBXL13;ARMC10,GRCh37,cg21399198
347,12,1101044,+,ERC1;ERC1;ERC1;ERC1;ERC1,GRCh37,cg17416608
347,16,89984517,-,MC1R;MC1R,GRCh37,cg14696348
347,5,40755670,+,TTC33,GRCh37,cg23164327
347,14,77787351,+,POMT2;GSTZ1;GSTZ1;GSTZ1;GSTZ1;GSTZ1,GRCh37,cg14685339
347,10,88281865,-,WAPAL,GRCh37,cg19596653
347,12,110011466,+,MMAB;MVK;MVK,GRCh37,cg14683036
347,14,50359789,-,ARF6;ARF6,GRCh37,cg23173032
347,18,77748248,+,TXNL4A,GRCh37,cg19644162
347,12,123011310,+,RSRC2;KNTC1;RSRC2;RSRC2,GRCh37,cg11157872
347,2,114647103,-,ACTR3,GRCh37,cg26540127
347,3,122102727,+,FAM162A;CCDC58,GRCh37,cg17133388
347,1,227922838,-,JMJD4;SNAP47;SNAP47;JMJD4,GRCh37,cg19175383
347,9,95526812,+,BICD2;BICD2,GRCh37,cg08439468
347,12,49110427,-,CCNT1,GRCh37,cg22103585
347,9,35814704,+,HINT2,GRCh37,cg01328164
347,16,56691744,+,MT1F,GRCh37,cg23217005
347,12,69753606,-,YEATS4;YEATS4,GRCh37,cg19645103
347,1,40562564,-,PPT1;PPT1,GRCh37,cg17130791
347,1,221915794,-,DUSP10;DUSP10,GRCh37,cg23221122
347,7,27702596,+,HIBADH;HIBADH,GRCh37,cg08440125
347,10,121302492,-,RGS10,GRCh37,cg19653161
347,12,98908939,-,TMPO;TMPO;TMPO;LOC100128191,GRCh37,cg23264519
347,15,45927554,-,SQRDL,GRCh37,cg17428950
347,17,71188803,+,COG1,GRCh37,cg15541230
347,1,51433840,-,CDKN2C,GRCh37,cg01145389
347,1,180199560,+,LHX4;LHX4,GRCh37,cg22126266
347,3,196594476,-,SENP5,GRCh37,cg11177450
347,14,74417249,+,COQ6;COQ6;FAM161B,GRCh37,cg15492104
347,1,185014264,+,RNF2,GRCh37,cg26542888
347,12,31479096,-,FAM60A;FAM60A;FAM60A;FAM60A;FAM60A;FAM60A,GRCh37,cg11082575
347,14,54864244,+,CDKN3;CDKN3,GRCh37,cg03724882
347,1,155178670,+,MTX1;THBS3;MTX1,GRCh37,cg06237414
347,17,19880691,-,AKAP10,GRCh37,cg02811755
347,1,70671218,+,LRRC40;SFRS11,GRCh37,cg02809263
347,1,114355137,-,RSBN1,GRCh37,cg23078294
347,2,97536097,+,SEMA4C,GRCh37,cg23089298
347,1,165601007,-,MGST3,GRCh37,cg22165507
347,1,150669796,+,GOLPH3L,GRCh37,cg01139966
347,4,39529514,+,UGDH,GRCh37,cg22158956
347,15,34394218,+,PGBD4;C15orf24,GRCh37,cg27379417
347,15,74833838,+,ARID3B,GRCh37,cg19187486
347,1,100818374,+,CDC14A;CDC14A;CDC14A;CDC14A;CDC14A;CDC14A,GRCh37,cg14766198
347,7,128502651,-,ATP6V1F,GRCh37,cg17140815
347,11,126153305,-,TIRAP;TIRAP,GRCh37,cg14755009
347,16,2318300,-,RNPS1;RNPS1,GRCh37,cg06728335
347,5,139782041,+,ANKHD1;ANKHD1-EIF4EBP3;ANKHD1;ANKHD1,GRCh37,cg02215538
347,17,74379779,+,SPHK1;SPHK1;SPHK1,GRCh37,cg17399352
347,4,108911077,+,HADH;HADH,GRCh37,cg00612467
347,8,48650989,+,CEBPD,GRCh37,cg06734962
347,13,45914939,-,LOC100190939;TPT1,GRCh37,cg19185384
347,17,73266642,+,MIF4GD,GRCh37,cg19586645
347,1,10459268,+,PGD,GRCh37,cg14718680
347,2,20646743,+,RHOB,GRCh37,cg19594691
347,2,172291219,-,DCAF17;METTL8;METTL8;DCAF17;DCAF17,GRCh37,cg22138461
347,19,44488327,+,ZNF155;ZNF155,GRCh37,cg27309253
347,9,110251706,-,KLF4;KLF4,GRCh37,cg03939688
347,1,6662645,-,KLHL21,GRCh37,cg06066711
347,12,124155880,-,TCTN2;TCTN2,GRCh37,cg17451138
347,7,107220583,-,BCAP29;BCAP29;BCAP29;BCAP29,GRCh37,cg23434459
347,15,23034186,+,NIPA2;NIPA2;NIPA2;NIPA2;NIPA2;NIPA2;NIPA2;NIPA2,GRCh37,cg15566783
347,9,22008970,+,CDKN2B;CDKN2B;CDKN2BAS;CDKN2B;CDKN2B,GRCh37,cg19133618
347,3,158520176,-,MFSD1;MFSD1,GRCh37,cg09459188
347,22.0,20104473,+,RANBP1;TRMT2A;TRMT2A;TRMT2A,GRCh37,cg02630122
347,10,126849760,-,CTBP2;CTBP2,GRCh37,cg14540150
347,2,85581729,+,RETSAT;ELMOD3;ELMOD3;RETSAT;ELMOD3;ELMOD3,GRCh37,cg24341220
347,3,5229596,-,EDEM1,GRCh37,cg23456692
347,9,77642970,-,C9orf41,GRCh37,cg02936468
347,10,101945906,+,ERLIN1;ERLIN1,GRCh37,cg06837731
347,9,99801550,+,CTSL2,GRCh37,cg02936872
347,2,58468512,-,FANCL;FANCL;FANCL;FANCL,GRCh37,cg19679281
347,4,87516007,-,PTPN13;PTPN13;PTPN13;PTPN13,GRCh37,cg23478284
347,2,27309759,+,KHK;KHK;KHK;KHK,GRCh37,cg14527441
347,3,146262331,+,PLSCR1;PLSCR1,GRCh37,cg23486067
347,11,62539043,+,TAF6L,GRCh37,cg06840239
347,6,32098034,+,FKBPL;FKBPL,GRCh37,cg02937479
347,17,78965457,+,CHMP6,GRCh37,cg19132701
347,10,82214337,-,TSPAN14;TSPAN14,GRCh37,cg15594133
347,5,71616321,-,PTCD2;MRPS27,GRCh37,cg05903630
347,12,82752005,-,CCDC59;C12orf26;CCDC59,GRCh37,cg14495243
347,12,49717280,-,TROAP;TROAP,GRCh37,cg27419217
347,12,80328522,-,PPP1R12A;PPP1R12A,GRCh37,cg23536300
347,15,85292323,+,ZNF592,GRCh37,cg14492347
347,22.0,51066755,-,ARSA;ARSA;ARSA;ARSA;ARSA,GRCh37,cg02181494
347,8,38854671,-,TM2D2;ADAM9;ADAM9;TM2D2;TM2D2;ADAM9;ADAM9;TM2D2,GRCh37,cg09662150
347,12,45610452,+,ANO6;PLEKHA9;ANO6;ANO6,GRCh37,cg23310538
347,12,53440492,+,TENC1,GRCh37,cg10624583
347,9,21335126,-,KLHL9;KLHL9,GRCh37,cg23426587
347,9,131843633,-,DOLPP1;DOLPP1,GRCh37,cg11184091
347,14,53418048,+,FERMT2;FERMT2;FERMT2,GRCh37,cg17460095
347,17,79009114,-,FLJ90757;BAIAP2;BAIAP2;BAIAP2;BAIAP2,GRCh37,cg14623518
347,1,185125966,+,C1orf25;C1orf26;C1orf26;C1orf25,GRCh37,cg23335946
347,15,69745057,-,RPLP1;RPLP1,GRCh37,cg09656405
347,14,77787952,-,GSTZ1;GSTZ1;POMT2;GSTZ1,GRCh37,cg11193041
347,3,48230167,-,CDC25A;CDC25A,GRCh37,cg02449978
347,16,30103089,-,TBX6,GRCh37,cg23353982
347,11,114309932,-,REXO2,GRCh37,cg15541315
347,17,81009998,+,B3GNTL1,GRCh37,cg14596431
347,1,153748118,-,SLC27A3,GRCh37,cg23376526
347,2,85788382,-,GGCX;GGCX,GRCh37,cg17127132
347,9,35829279,+,C9orf128;TMEM8B;TMEM8B;TMEM8B;TMEM8B;TMEM8B,GRCh37,cg21984310
347,2,42588304,-,COX7A2L;COX7A2L,GRCh37,cg14576681
347,11,60692329,+,TMEM132A;TMEM132A,GRCh37,cg15553522
347,11,61348901,+,SYT7,GRCh37,cg14572111
347,1,39456578,+,AKIRIN1;AKIRIN1,GRCh37,cg19675684
347,19,1864622,-,KLF16,GRCh37,cg05970437
347,14,24611157,+,FAM158A,GRCh37,cg23389061
347,12,112451600,-,TMEM116;ERP29;ERP29,GRCh37,cg19154173
347,15,99191797,+,IGF1R,GRCh37,cg14568338
347,19,50935305,+,MYBPC2,GRCh37,cg15560112
347,8,144699502,+,TSTA3,GRCh37,cg19150884
347,15,66994600,-,SMAD6;SMAD6,GRCh37,cg21973276
347,9,129375847,+,LMX1B,GRCh37,cg09660171
347,17,33288337,+,ZNF830;CCT6B,GRCh37,cg11221508
347,2,32236343,+,MEMO1;MEMO1,GRCh37,cg11074746
347,6,144471985,-,STX11,GRCh37,cg11070941
347,11,66406312,-,RBM4,GRCh37,cg03429582
347,3,180630157,-,FXR1;FXR1;FXR1,GRCh37,cg17302852
347,10,6131472,-,RBM17;RBM17;RBM17,GRCh37,cg02863237
347,11,833345,+,CD151;CD151;CD151;CD151,GRCh37,cg22404646
347,19,45349685,+,PVRL2;PVRL2;PVRL2;PVRL2,GRCh37,cg02863842
347,6,53659348,+,LRRC1,GRCh37,cg15286372
347,13,37633341,-,FAM48A;FAM48A,GRCh37,cg19337295
347,7,99214201,-,ZNF498,GRCh37,cg26553682
347,10,27530250,-,ACBD5;ACBD5;ACBD5,GRCh37,cg15286905
347,12,104235479,-,NT5DC3,GRCh37,cg06462291
347,16,740561,+,WDR24,GRCh37,cg15070798
347,14,64855287,+,MTHFD1,GRCh37,cg06459066
347,22.0,24407907,-,CABIN1,GRCh37,cg15061008
347,3,169756530,+,GPR160,GRCh37,cg26575445
347,7,129251651,+,NRF1;NRF1,GRCh37,cg02841933
347,16,18812558,+,ARL6IP1,GRCh37,cg17228833
347,8,90769710,+,RIPK2,GRCh37,cg15054260
347,1,150979092,+,FAM63A;FAM63A;FAM63A;FAM63A;FAM63A;FAM63A;FAM63A;FAM63A,GRCh37,cg06433658
347,1,35497506,-,ZMYM6;ZMYM6,GRCh37,cg15315630
347,5,137667638,+,CDC25C;CDC25C,GRCh37,cg22748850
347,6,88182369,-,SLC35A1;SLC35A1,GRCh37,cg17341703
347,9,132816229,-,GPR107;GPR107;GPR107,GRCh37,cg06615667
347,19,12992237,+,DNASE2;DNASE2,GRCh37,cg15341340
347,8,62627042,+,ASPH;ASPH;ASPH;ASPH;ASPH;ASPH;ASPH;ASPH;ASPH;ASPH,GRCh37,cg06619076
347,3,52489418,-,TNNC1;NISCH,GRCh37,cg09597496
347,8,19171706,-,SH2D4A,GRCh37,cg09537031
347,5,153825063,-,SAP30L;SAP30L;SAP30L;SAP30L,GRCh37,cg09545860
347,3,101395525,-,ZBTB11;LOC100009676,GRCh37,cg22793458
347,7,101459386,-,CUX1;CUX1;CUX1,GRCh37,cg02862153
347,16,58284024,-,CCDC113;CCDC113,GRCh37,cg15272690
347,8,117778488,-,UTP23,GRCh37,cg17256555
347,19,55996652,-,NAT14,GRCh37,cg22468123
347,2,220252231,+,DNPEP,GRCh37,cg27321538
347,3,4345438,-,SETMAR;SETMAR,GRCh37,cg15232450
347,3,87276743,-,CHMP2B,GRCh37,cg22470827
347,1,193028809,-,TROVE2;TROVE2;TROVE2;UCHL5;TROVE2,GRCh37,cg15235185
347,22.0,24236603,-,MIF;MIF,GRCh37,cg06534422
347,14,103058815,+,RCOR1,GRCh37,cg09556292
347,3,64008758,+,PSMD6,GRCh37,cg26567442
347,12,51611826,+,POU6F1,GRCh37,cg22493172
347,1,38061398,-,GNL2,GRCh37,cg06528936
347,15,89010459,-,MRPS11;MRPL46;MRPS11,GRCh37,cg15257765
347,5,115177504,+,AP3S1;ATG12,GRCh37,cg15260250
347,6,31865086,+,EHMT2;EHMT2,GRCh37,cg10909324
347,1,228296964,-,MRPL55;MRPL55;MRPL55;MRPL55;MRPL55;MRPL55;MRPL55;MRPL55;MRPL55;MRPL55;MRPL55;MRPL55;MRPL55;MRPL55;MRPL55;MRPL55,GRCh37,cg08299045
347,17,4642647,+,ZMYND15;CXCL16;CXCL16;ZMYND15,GRCh37,cg19478743
347,17,2496280,-,PAFAH1B1,GRCh37,cg10911877
347,17,76921095,-,TIMP2,GRCh37,cg06508934
347,1,225840109,+,ENAH;ENAH,GRCh37,cg02254649
347,3,197025201,+,DLG1;DLG1,GRCh37,cg15160312
347,5,37371053,-,NUP155;NUP155,GRCh37,cg15269294
347,2,235861303,+,SH3BP4,GRCh37,cg15144793
347,2,27806117,-,ZNF512,GRCh37,cg02247582
347,6,143771981,+,PEX3;PEX3;ADAT2,GRCh37,cg08286169
347,1,70820718,+,HHLA3;ANKRD13C;HHLA3;HHLA3;HHLA3,GRCh37,cg15128849
347,3,49894152,+,TRAIP,GRCh37,cg01598046
347,1,156022836,-,UBQLN4,GRCh37,cg22796458
347,13,48877434,-,RB1,GRCh37,cg08383063
347,9,129567355,-,ZBTB43;ZBTB43;ZBTB43;ZBTB43,GRCh37,cg10805447
347,3,9291212,-,SRGAP3;SRGAP3;SRGAP3;SRGAP3,GRCh37,cg03438515
347,19,1041020,+,ABCA7,GRCh37,cg10749413
347,2,173292579,+,ITGA6;ITGA6,GRCh37,cg10749011
347,1,19638330,-,AKR7A2;PQLC2;PQLC2;PQLC2,GRCh37,cg06305312
347,1,210406738,-,SERTAD4;C1orf133,GRCh37,cg22209624
347,12,56474175,-,ERBB3;ERBB3,GRCh37,cg03437318
347,17,63557693,-,AXIN2;AXIN2,GRCh37,cg14846293
347,12,109535460,+,UNG;UNG;UNG,GRCh37,cg22978941
347,6,57037535,-,BAG2,GRCh37,cg22984616
347,5,157170825,+,LSM11,GRCh37,cg26891849
347,8,54755511,+,ATP6V1H;ATP6V1H;ATP6V1H;ATP6V1H,GRCh37,cg11050527
347,13,53025003,+,VPS36,GRCh37,cg17164340
347,11,62521696,-,ZBTB3,GRCh37,cg02600515
347,3,51976224,-,RRP9;PARP3;PARP3,GRCh37,cg23013392
347,18,70211835,-,CBLN2,GRCh37,cg27376271
347,19,50167926,+,IRF3;BCL2L12;BCL2L12,GRCh37,cg23029494
347,17,79670804,+,MRPL12,GRCh37,cg23033866
347,10,94051159,+,MARCH5;MARCH5;CPEB3,GRCh37,cg00720072
347,20,61492669,-,TCFL5,GRCh37,cg10729531
347,2,203130645,-,NOP58;NOP58,GRCh37,cg00720723
347,8,11324048,+,FAM167A,GRCh37,cg23045373
347,3,167452763,+,PDCD10;PDCD10;SERPINI1;PDCD10;SERPINI1,GRCh37,cg15442534
347,3,43147709,+,C3orf39,GRCh37,cg23057732
347,6,166796744,-,BRP44L,GRCh37,cg17391474
347,1,155294612,-,RUSC1;RUSC1;C1orf104;RUSC1;RUSC1,GRCh37,cg23060239
347,16,58718767,+,SLC38A7,GRCh37,cg06320982
347,16,58768010,-,GOT2,GRCh37,cg14863484
347,1,155225375,-,FAM189B;FAM189B,GRCh37,cg22939715
347,19,18391832,+,JUND,GRCh37,cg17361641
347,11,64889193,+,FAU;MRPL49,GRCh37,cg19313758
347,6,70506998,+,LMBRD1;LMBRD1,GRCh37,cg10796979
347,11,70117429,-,PPFIA1;PPFIA1,GRCh37,cg06384026
347,19,13229426,-,NACC1,GRCh37,cg22339744
347,16,23568699,+,UBFD1;EARS2;EARS2,GRCh37,cg17354052
347,6,128841972,+,PTPRK;PTPRK,GRCh37,cg15381769
347,2,85829320,+,TMEM150A;TMEM150A;TMEM150A,GRCh37,cg22321558
347,13,50367395,-,KPNA3,GRCh37,cg03274654
347,13,50571203,-,TRIM13;TRIM13;TRIM13;TRIM13;TRIM13;DLEU2;TRIM13;TRIM13;TRIM13,GRCh37,cg22825979
347,3,195162912,-,ACAP2,GRCh37,cg00642303
347,6,166796284,+,BRP44L,GRCh37,cg14947494
347,2,85765696,-,MAT2A,GRCh37,cg22281207
347,19,5720392,+,TMEM146;LONP1,GRCh37,cg09456329
347,3,10028474,+,TMEM111;TMEM111,GRCh37,cg15394409
347,17,57643293,+,DHX40;DHX40,GRCh37,cg11000221
347,2,24299176,+,SF3B14;SF3B14,GRCh37,cg14930396
347,11,66405818,+,RBM4,GRCh37,cg14916213
347,3,112281021,+,SLC35A5;ATG3;SLC35A5,GRCh37,cg19538699
347,8,55014655,+,LYPLA1,GRCh37,cg01334437
347,17,8113758,+,AURKB,GRCh37,cg11009596
347,3,186288771,-,TBCCD1;DNAJB11,GRCh37,cg00717862
347,1,110036889,-,CYB561D1;CYB561D1;CYB561D1;CYB561D1;CYB561D1,GRCh37,cg00630249
347,2,113521923,-,CKAP2L,GRCh37,cg14899547
347,20,32077519,+,CBFA2T2,GRCh37,cg06335889
347,1,27816781,-,WASF2,GRCh37,cg14887509
347,20,57465921,-,GNAS;GNAS;GNAS;GNAS;GNAS;GNAS;GNAS;GNAS,GRCh37,cg22885821
347,15,82337812,+,MEX3B,GRCh37,cg19287277
347,13,41635509,-,WBP4,GRCh37,cg15600342
347,7,6388130,-,C7orf70,GRCh37,cg21939482
347,3,52016838,-,ACY1,GRCh37,cg03891319
347,6,170151533,-,C6orf70;TCTE3,GRCh37,cg07059403
347,1,70820197,+,HHLA3;ANKRD13C;HHLA3;HHLA3;HHLA3;ANKRD13C,GRCh37,cg09735905
347,7,6414196,-,RAC1;RAC1;RAC1;RAC1,GRCh37,cg10451401
347,3,196669217,+,NCBP2;LOC152217;NCBP2,GRCh37,cg17036441
347,5,68463041,-,CCNB1;CCNB1,GRCh37,cg23935746
347,19,52430533,-,ZNF613;ZNF613,GRCh37,cg14066280
347,2,44588633,+,PREPL;PREPL;PREPL;PREPL;C2orf34;PREPL;PREPL;PREPL,GRCh37,cg14059475
347,3,50606864,-,HEMK1,GRCh37,cg03703325
347,1,155658701,-,YY1AP1;YY1AP1;DAP3;DAP3,GRCh37,cg27114086
347,22.0,38302113,-,MICALL1,GRCh37,cg17601843
347,8,82644517,-,CHMP4C,GRCh37,cg17029151
347,15,25684578,+,UBE3A,GRCh37,cg27458888
347,19,893353,-,MED16,GRCh37,cg21552947
347,19,37569273,+,ZNF420,GRCh37,cg03391040
347,17,56084814,+,SFRS1;SFRS1,GRCh37,cg10444350
347,5,176037404,+,GPRIN1,GRCh37,cg02404843
347,8,82644747,-,CHMP4C;CHMP4C,GRCh37,cg02471507
347,1,154955711,+,FLAD1;FLAD1,GRCh37,cg17608500
347,13,48878639,+,RB1,GRCh37,cg01738359
347,17,8286166,-,RPL26,GRCh37,cg18984499
347,22.0,32871139,-,FBXO7;FBXO7,GRCh37,cg07071881
347,12,62997103,-,MIRLET7I;C12orf61,GRCh37,cg21544377
347,16,2097351,+,TSC2;NTHL1;TSC2;TSC2,GRCh37,cg19837824
347,11,85375464,-,CREBZF;CREBZF;CREBZF;CREBZF;CREBZF,GRCh37,cg19846131
347,18,12884564,-,PTPN2;PTPN2;PTPN2,GRCh37,cg14013604
347,22.0,31608022,+,LIMK2,GRCh37,cg14086647
347,10,99186006,+,PGAM1,GRCh37,cg23923462
347,8,90769698,+,RIPK2,GRCh37,cg05604720
347,5,122110867,+,SNX2,GRCh37,cg01064957
347,7,140624194,-,BRAF,GRCh37,cg11414046
347,8,42196139,-,POLB;POLB,GRCh37,cg11415932
347,4,122791477,-,BBS7;BBS7;BBS7;BBS7,GRCh37,cg03990551
347,17,79670048,-,MRPL12,GRCh37,cg01372689
347,11,62420979,-,INTS5,GRCh37,cg02453653
347,8,82024104,+,PAG1;PAG1,GRCh37,cg08551857
347,14,76618642,+,C14orf118;C14orf118,GRCh37,cg14171478
347,8,87526705,+,CPNE3;CPNE3,GRCh37,cg10473004
347,7,150924392,+,ABCF2;ABCF2,GRCh37,cg07038617
347,19,9938028,+,UBL5;UBL5,GRCh37,cg23906760
347,11,68227812,+,SAPS3;SAPS3;SAPS3;SAPS3;SAPS3;SAPS3,GRCh37,cg05650764
347,20,17663383,-,RRBP1;RRBP1,GRCh37,cg02460349
347,16,11349568,-,SOCS1,GRCh37,cg00487159
347,16,70333434,+,DDX19B;DDX19B;DDX19B,GRCh37,cg10468369
347,9,117268172,-,DFNB31,GRCh37,cg23916845
347,6,41040793,-,NFYA;NFYA;NFYA;C6orf130;NFYA,GRCh37,cg26523389
347,6,79787807,-,PHIP;PHIP,GRCh37,cg21607066
347,20,35202477,+,TGIF2,GRCh37,cg11449935
347,12,93963603,+,SOCS2;SOCS2,GRCh37,cg19007602
347,10,104403707,-,TRIM8,GRCh37,cg00793774
347,20,43588633,+,TOMM34,GRCh37,cg11454415
347,9,20622599,+,MLLT3,GRCh37,cg09730361
347,1,11866085,-,MTHFR;CLCN6;MTHFR;CLCN6;CLCN6;CLCN6,GRCh37,cg02978542
347,14,54976507,+,CGRRF1,GRCh37,cg14098132
347,1,2517425,+,C1orf93,GRCh37,cg05610148
347,18,78005180,+,PARD6G,GRCh37,cg23922708
347,17,56066027,+,VEZF1,GRCh37,cg19017193
347,14,93650664,+,MOAP1;C14orf109;C14orf109,GRCh37,cg11498740
347,17,42385289,+,RUNDC3A;RUNDC3A;RUNDC3A,GRCh37,cg21486954
347,3,196014846,-,PCYT1A,GRCh37,cg14003467
347,1,231473324,-,C1orf124;C1orf124;EXOC8,GRCh37,cg24234277
347,19,45459158,+,CLPTM1,GRCh37,cg05411032
347,9,125590709,+,PDCL,GRCh37,cg09768944
347,21.0,27107004,-,ATP5J;ATP5J;ATP5J;ATP5J;ATP5J;GABPA,GRCh37,cg15842400
347,5,176853466,-,GRK6;GRK6;GRK6,GRCh37,cg21424904
347,11,64008132,+,FKBP2;FKBP2;FKBP2,GRCh37,cg16977872
347,5,126853405,-,PRRC1;PRRC1,GRCh37,cg15851800
347,22.0,40766525,-,SGSM3,GRCh37,cg21422622
347,5,145826831,-,TCERG1;TCERG1,GRCh37,cg17638137
347,3,149689668,+,PFN2;PFN2,GRCh37,cg24266238
347,19,3606463,+,TBXA2R;TBXA2R,GRCh37,cg15861540
347,10,98345995,+,TM9SF3,GRCh37,cg10377211
347,6,47446198,-,CD2AP,GRCh37,cg21434440
347,12,124118052,+,EIF2B1;GTF2H3,GRCh37,cg21419475
347,2,85822592,-,RNF181,GRCh37,cg24286767
347,2,179343803,-,FKBP7;FKBP7;PLEKHA3;MIR548N,GRCh37,cg03283842
347,17,73043189,-,ATP5H;KCTD2;ATP5H,GRCh37,cg13896604
347,6,170190454,-,C6orf122;C6orf208,GRCh37,cg13891659
347,12,56754238,-,STAT2,GRCh37,cg05388361
347,3,50273895,+,GNAI2,GRCh37,cg15877314
347,3,51422374,+,MANF,GRCh37,cg15881088
347,1,244624785,-,C1orf101;C1orf101,GRCh37,cg24304712
347,5,35230343,+,PRLR,GRCh37,cg13880228
347,7,39662764,+,RALA,GRCh37,cg09325711
347,2,85981021,+,ATOH8;ATOH8,GRCh37,cg02317742
347,20,55043745,-,C20orf43;C20orf43,GRCh37,cg00831028
347,2,114513914,-,SLC35F5,GRCh37,cg15872103
347,1,151043197,-,GABPB2;GABPB2,GRCh37,cg11411707
347,11,47236587,-,DDB2;DDB2,GRCh37,cg26408937
347,9,131038152,-,C9orf119;GOLGA2,GRCh37,cg13942909
347,1,151032260,+,MLLT11;CDC42SE1;MLLT11;CDC42SE1,GRCh37,cg17002259
347,17,27224025,+,FLOT2,GRCh37,cg13992856
347,3,48229318,-,CDC25A;CDC25A,GRCh37,cg24031606
347,4,39640920,+,C4orf34,GRCh37,cg05507894
347,3,155572020,-,SLC33A1;SLC33A1,GRCh37,cg08596544
347,3,128902676,+,CNBP;CNBP;CNBP;CNBP;CNBP;CNBP;CNBP;CNBP;CNBP;CNBP;CNBP;CNBP,GRCh37,cg18963390
347,3,149375789,+,WWTR1;WWTR1;WWTR1;WWTR1;WWTR1,GRCh37,cg24078828
347,19,46295590,+,DMWD,GRCh37,cg05477027
347,4,13629588,-,BOD1L,GRCh37,cg05475028
347,7,140373235,+,ADCK2,GRCh37,cg13980308
347,12,94853994,-,CCDC41;CCDC41;LOC144486,GRCh37,cg07118243
347,1,155232379,-,SCAMP3;SCAMP3,GRCh37,cg01745448
347,12,57521155,-,LRP1,GRCh37,cg02131399
347,9,139923093,+,ABCA2;C9orf139;ABCA2,GRCh37,cg13970341
347,18,46476822,+,SMAD7;SMAD7,GRCh37,cg13967780
347,11,9482308,+,ZNF143,GRCh37,cg05463705
347,8,8750517,+,MFHAS1,GRCh37,cg15819853
347,1,220268095,-,IARS2,GRCh37,cg24124789
347,1,114354463,-,RSBN1,GRCh37,cg13958304
347,20,35724227,-,RBL1;RBL1,GRCh37,cg26843008
347,16,30546188,-,ZNF747;ZNF747,GRCh37,cg13951948
347,10,1102373,+,WDR37,GRCh37,cg00471562
347,12,57039822,+,ATP5B;ATP5B;SNORD59A,GRCh37,cg17616707
347,22.0,24199328,-,SLC2A11;SLC2A11;SLC2A11,GRCh37,cg16993794
347,13,46626937,+,ZC3H13,GRCh37,cg08608800
347,17,26988816,-,SUPT6H;SDF2,GRCh37,cg11553177
347,20,60878267,-,ADRM1;ADRM1,GRCh37,cg21459921
347,19,46850482,-,PPP5C,GRCh37,cg10480741
347,6,170125241,-,PHF10;PHF10,GRCh37,cg11442717
347,13,45694882,-,GTF2F2,GRCh37,cg02296128
347,16,2034532,+,GFER,GRCh37,cg15643724
347,14,76127296,-,C14orf1;C14orf1;TTLL5,GRCh37,cg09430689
347,1,113162570,+,CAPZA1;ST7L;ST7L;ST7L;ST7L,GRCh37,cg05807768
347,9,128509852,+,PBX3;PBX3;PBX3;PBX3,GRCh37,cg09429153
347,12,96588210,+,ELK3;ELK3,GRCh37,cg15652120
347,11,47870447,+,NUP160,GRCh37,cg02772367
347,16,4898306,+,GLYR1;UBN1,GRCh37,cg15663121
347,3,97483919,-,ARL6;ARL6,GRCh37,cg05777319
347,22.0,19418439,-,HIRA,GRCh37,cg09685568
347,10,64564801,+,ADO;ADO,GRCh37,cg23680936
347,19,12792451,-,DHPS;DHPS;DHPS,GRCh37,cg21756353
347,6,42928345,-,GNMT,GRCh37,cg23696834
347,5,156569391,-,MED7;MED7,GRCh37,cg08519865
347,3,160167518,+,TRIM59;TRIM59,GRCh37,cg23704082
347,17,77812622,-,CBX4,GRCh37,cg17533847
347,1,19229118,+,ALDH4A1;ALDH4A1;ALDH4A1;ALDH4A1,GRCh37,cg21728447
347,3,158288903,+,MLF1;MLF1;MLF1,GRCh37,cg05743054
347,3,172468452,+,,GRCh37,cg10527457
347,6,16128926,+,MYLIP,GRCh37,cg14298379
347,7,30544484,+,GGCT,GRCh37,cg23780937
347,2,191514435,+,NAB1,GRCh37,cg06952117
347,15,102192853,-,TM2D3;TM2D3,GRCh37,cg17115258
347,11,69489974,+,ORAOV1,GRCh37,cg21804822
347,22.0,23484308,+,RTDR1,GRCh37,cg10575414
347,2,128784622,+,SAP130;SAP130,GRCh37,cg15634735
347,4,56212295,-,SRD5A3,GRCh37,cg15601535
347,1,23857223,-,E2F2,GRCh37,cg23574449
347,6,42713551,-,TBCC,GRCh37,cg11276280
347,2,242254198,+,SEPT2;SEPT2;HDLBP;SEPT2;SEPT2,GRCh37,cg00763679
347,6,160183160,-,ACAT2,GRCh37,cg05879334
347,16,4743395,+,NUDT16L1,GRCh37,cg05876083
347,20,18488017,-,SEC23B;SEC23B;SEC23B,GRCh37,cg15613982
347,1,164528682,+,PBX1,GRCh37,cg00532890
347,20,35806795,+,RPN2;C20orf132;RPN2;C20orf132;C20orf132,GRCh37,cg15627502
347,7,73256865,+,WBSCR27,GRCh37,cg03969997
347,2,98280362,-,ACTR1B;ACTR1B,GRCh37,cg05720937
347,8,41436176,-,AGPAT6,GRCh37,cg14435640
347,11,120207780,-,ARHGEF12,GRCh37,cg23618830
347,4,42658610,-,ATP8A1;ATP8A1,GRCh37,cg27427207
347,10,98591602,+,LCOR;LCOR;LCOR,GRCh37,cg23628240
347,6,34359501,-,NUDT3,GRCh37,cg02944057
347,8,42396118,-,C8orf40;C8orf40;C8orf40;SLC20A2;C8orf40,GRCh37,cg14408969
347,2,190526263,+,ASNSD1;ASNSD1,GRCh37,cg19070338
347,1,902025,+,PLEKHN1;PLEKHN1,GRCh37,cg21832150
347,19,6425042,-,KHSRP,GRCh37,cg00522316
347,16,2509755,+,C16orf59,GRCh37,cg05832487
347,3,128369476,+,RPN1,GRCh37,cg06887414
347,4,3533527,-,LRPAP1,GRCh37,cg19096034
347,8,74207587,-,RDH10,GRCh37,cg26464596
347,4,85503668,-,CDS1,GRCh37,cg17084361
347,17,4710015,-,PLD2,GRCh37,cg23808301
347,2,11051991,+,KCNF1,GRCh37,cg03402876
347,7,48128300,+,UPP1;UPP1,GRCh37,cg14265670
347,17,73179370,-,SUMO2;SUMO2,GRCh37,cg17065601
347,1,166808417,-,POGK,GRCh37,cg14256814
347,17,53046270,+,COX11;COX11;COX11;COX11;STXBP4;COX11,GRCh37,cg23837897
347,14,50698982,+,SOS2,GRCh37,cg06956646
347,4,73935744,-,COX18,GRCh37,cg06976977
347,1,170501078,+,GORAB;GORAB;GORAB,GRCh37,cg01508386
347,8,57905925,+,IMPAD1,GRCh37,cg14234680
347,15,30114912,-,TJP1;TJP1,GRCh37,cg19781053
347,1,204381220,+,PPP1R15B,GRCh37,cg05702633
347,10,6245271,-,PFKFB3;PFKFB3,GRCh37,cg14222233
347,1,151255071,-,ZNF687,GRCh37,cg15691841
347,12,54982281,-,PPP1R1A;PPP1R1A,GRCh37,cg01316819
347,19,15490914,-,AKAP8;AKAP8L,GRCh37,cg21680717
347,2,101619151,-,RPL31;RPL31;RPL31,GRCh37,cg19032144
347,10,75012589,+,MRPS16,GRCh37,cg02160826
347,2,70780451,-,TGFA;TGFA,GRCh37,cg07004820
347,5,133702574,-,CDKL3;CDKL3,GRCh37,cg09693433
347,3,13521531,-,HDAC11;HDAC11,GRCh37,cg01712016
347,13,111268031,-,CARKD,GRCh37,cg23795623
347,8,142011853,+,PTK2;PTK2,GRCh37,cg11398680
347,2,74648490,-,WDR54,GRCh37,cg10491648
347,11,68816451,-,TPCN2;TPCN2,GRCh37,cg10490196
348,17,56316162,-,LPO;LPO;LPO,GRCh37,cg24489015
349,17,45401833,-,C17orf57,GRCh37,cg08085267
350,10,104001261,+,PITX3,GRCh37,cg14681055
350,10,104001226,+,PITX3;PITX3,GRCh37,cg22882178
351,1,12123437,+,TNFRSF8;TNFRSF8,GRCh37,cg17897879
351,18,49867126,+,DCC;DCC,GRCh37,cg25266232
351,8,53851613,+,NPBWR1,GRCh37,cg07629017
351,13,28366498,+,GSX1,GRCh37,cg26270746
351,8,53852101,+,NPBWR1,GRCh37,cg02115041
351,8,49648035,+,EFCAB1;EFCAB1;EFCAB1,GRCh37,cg11868900
351,14,52535887,+,NID2;NID2,GRCh37,cg01231779
352,1,111416181,+,CD53;CD53,GRCh37,cg22325572
352,1,111415232,+,CD53;CD53,GRCh37,cg10516886
353,12,54427700,+,HOXC4;HOXC5;HOXC5,GRCh37,cg15700739
353,12,54427636,+,HOXC4;HOXC5;HOXC5,GRCh37,cg16983211
353,12,54427384,-,HOXC4;HOXC5;HOXC5,GRCh37,cg00187380
354,15,101420989,-,ALDH1A3,GRCh37,cg27652350
354,15,101420636,-,ALDH1A3,GRCh37,cg21359747
355,5,140552369,-,PCDHB7;PCDHB7,GRCh37,cg03780733
356,16,1430216,-,UNKL,GRCh37,cg11911951
357,3,38035601,-,VILL,GRCh37,cg26113512
357,3,38036034,-,VILL,GRCh37,cg04660410
358,10,54073047,-,DKK1,GRCh37,cg12621514
359,18,63417392,+,CDH7;CDH7,GRCh37,cg04564030
360,8,57358505,-,PENK;PENK,GRCh37,cg04598121
360,10,120354627,-,PRLHR,GRCh37,cg15748507
360,8,55370544,-,SOX17;SOX17,GRCh37,cg02919422
361,2,49381495,+,FSHR;FSHR,GRCh37,cg20613889
362,2,48982957,+,LHCGR,GRCh37,cg12351433
363,17,46622491,-,HOXB2,GRCh37,cg09313705
364,8,108510286,+,ANGPT1,GRCh37,cg09396217
365,5,152870258,+,GRIA1;GRIA1;GRIA1;GRIA1,GRCh37,cg17020834
366,10,135341528,-,CYP2E1,GRCh37,cg13315147
367,12,323242,+,SLC6A12;SLC6A12;SLC6A12;SLC6A12,GRCh37,cg03139377
367,19,11406993,-,TSPAN16,GRCh37,cg17496921
368,12,67663226,-,CAND1;CAND1,GRCh37,cg04956790
368,16,81272500,+,BCMO1;BCMO1,GRCh37,cg17465631
368,1,16482553,+,EPHA2;EPHA2,GRCh37,cg15415507
368,19,18718675,-,CRLF1,GRCh37,cg12970724
368,7,2282184,+,FTSJ2;NUDT1;NUDT1;NUDT1;NUDT1;NUDT1;NUDT1;NUDT1,GRCh37,cg25802871
368,5,96478495,-,LIX1;LIX1,GRCh37,cg06213287
368,13,110958418,-,COL4A1;COL4A2,GRCh37,cg15262516
368,4,84377292,+,HELQ;MRPS18C,GRCh37,cg22541143
368,16,46865048,-,C16orf87,GRCh37,cg18342900
368,15,90931113,+,IQGAP1,GRCh37,cg17891123
368,14,23775794,+,BCL2L2,GRCh37,cg05877109
368,1,28261367,+,SMPDL3B;SMPDL3B,GRCh37,cg22421699
368,3,182817479,-,MCCC1,GRCh37,cg08395365
368,4,39529342,-,UGDH,GRCh37,cg09067967
368,10,103536063,-,FGF8;FGF8;FGF8;FGF8,GRCh37,cg16248277
368,17,46908209,+,CALCOCO2,GRCh37,cg04154812
368,7,8302301,+,ICA1;ICA1;ICA1,GRCh37,cg10798171
368,11,118781515,+,BCL9L;BCL9L,GRCh37,cg11507178
368,9,4741011,-,AK3,GRCh37,cg06207460
368,11,805726,+,LRDD;LRDD;LRDD,GRCh37,cg20225915
368,3,25469577,+,RARB;RARB,GRCh37,cg10712623
368,9,35096672,+,PIGO;PIGO,GRCh37,cg04273556
368,16,31213481,-,PYCARD;PYCARD,GRCh37,cg11970458
368,7,88388555,+,ZNF804B,GRCh37,cg23219720
368,8,127570908,+,FAM84B,GRCh37,cg15312298
368,19,2785107,-,THOP1,GRCh37,cg06609049
368,17,2206740,-,SMG6;SRR;SMG6;SMG6,GRCh37,cg12946690
368,7,149470295,+,ZNF467,GRCh37,cg02372712
368,15,75018690,-,CYP1A1,GRCh37,cg26704579
368,4,113066439,-,C4orf32,GRCh37,cg10525488
369,14,67878535,+,PLEK2,GRCh37,cg17641252
370,21.0,45874886,+,LRRC3,GRCh37,cg23089840
371,1,25292215,-,RUNX3,GRCh37,cg16529592
371,19,49109288,-,FAM83E;SPACA4,GRCh37,cg00754617
371,3,45984942,+,CXCR6;FYCO1,GRCh37,cg25226014
371,1,32717002,-,LCK,GRCh37,cg17078393
371,11,118213330,+,CD3D;CD3D;CD3D;CD3D,GRCh37,cg24841244
371,12,80749665,+,,GRCh37,cg22367264
371,2,204801510,+,ICOS;ICOS,GRCh37,cg15344028
371,15,52483498,+,GNB5,GRCh37,cg14120436
371,16,31271009,+,ITGAM;ITGAM,GRCh37,cg15337006
371,11,118754535,-,CXCR5,GRCh37,cg25087423
371,1,241799084,+,CHML;OPN3;CHML,GRCh37,cg15775914
371,4,48136280,-,TXK,GRCh37,cg20981615
371,16,66613407,-,CMTM2;CMTM2,GRCh37,cg13813391
371,1,145715672,-,CD160,GRCh37,cg12832565
371,3,39369720,-,CCR8,GRCh37,cg26647600
371,19,11665140,-,ELOF1,GRCh37,cg23760945
371,16,28518331,+,IL27,GRCh37,cg25341726
371,14,65410479,+,GPX2,GRCh37,cg20764656
371,22.0,37545423,+,IL2RB,GRCh37,cg26757673
371,1,151129298,-,TNFAIP8L2,GRCh37,cg23612220
371,12,13103216,+,GPRC5D,GRCh37,cg23773532
371,8,118146418,-,SLC30A8,GRCh37,cg23338195
371,11,118754593,+,CXCR5;CXCR5,GRCh37,cg16280667
371,21.0,44985092,-,HSF2BP,GRCh37,cg15536230
371,18,33234096,+,GALNT1,GRCh37,cg05714729
371,12,123707827,+,MPHOSPH9,GRCh37,cg07732037
371,20,35273933,-,SLA2;SLA2,GRCh37,cg04759756
371,3,150996563,-,MED12L;P2RY14,GRCh37,cg09571369
371,4,4864532,+,MSX1,GRCh37,cg09748975
371,7,73946402,+,GTF2IRD1;GTF2IRD1,GRCh37,cg12240237
372,19,47839132,+,GPR77,GRCh37,cg15361750
373,2,38892887,-,GALM,GRCh37,cg05275752
374,8,144798631,-,MAPK15,GRCh37,cg22892110
375,3,46539018,-,RTP3,GRCh37,cg26536164
375,2,44065996,-,ABCG8;ABCG5,GRCh37,cg25781162
376,22.0,46658960,-,PKDREJ,GRCh37,cg11377136
377,11,72975702,-,P2RY6;P2RY6,GRCh37,cg06637774
378,14,94789681,+,SERPINA6;SERPINA6,GRCh37,cg10025865
378,14,94789853,-,SERPINA6,GRCh37,cg09147827
379,8,11566863,+,GATA4,GRCh37,cg20279283
379,8,11566096,-,GATA4,GRCh37,cg09626984
379,8,11565725,-,GATA4,GRCh37,cg24646414
380,3,128295141,+,C3orf27,GRCh37,cg22068211
380,20,43743301,-,WFDC5,GRCh37,cg14288464
380,17,47286802,-,ABI3;ABI3;GNGT2,GRCh37,cg17839611
380,22.0,27014415,+,CRYBB1,GRCh37,cg00757952
380,13,113776252,+,F10,GRCh37,cg21367957
380,19,7828144,+,CLEC4M;CLEC4M;CLEC4M;CLEC4M;CLEC4M;CLEC4M;CLEC4M;CLEC4M;CLEC4M;CLEC4M;CLEC4M;CLEC4M;CLEC4M;CLEC4M;CLEC4M;CLEC4M;CLEC4M;CLEC4M;CLEC4M;CLEC4M;CLEC4M,GRCh37,cg21372914
380,18,13915006,-,MC2R,GRCh37,cg11564670
380,22.0,21987190,+,CCDC116,GRCh37,cg18604842
380,9,139557920,-,EGFL7;EGFL7,GRCh37,cg08529852
380,2,85921438,-,GNLY;GNLY;GNLY;GNLY,GRCh37,cg25066857
380,19,40896163,+,HIPK4,GRCh37,cg07123548
380,6,160768801,-,SLC22A3,GRCh37,cg25313204
380,12,57388312,+,GPR182,GRCh37,cg19824441
380,20,3712191,+,HSPA12B,GRCh37,cg09458237
380,21,43442254,+,C21orf121,GRCh37,cg10569414
380,1,163173040,+,RGS5,GRCh37,cg24901474
380,19,36157825,-,UPK1A,GRCh37,cg22802439
380,9,36169175,+,CCIN,GRCh37,cg20870362
380,1,53608037,+,SLC1A7,GRCh37,cg19196684
380,16,75252973,-,CTRB1,GRCh37,cg21686987
380,8,143867799,-,LY6D,GRCh37,cg05800321
380,12,50344463,+,AQP2,GRCh37,cg12650635
380,6,34101526,-,GRM4,GRCh37,cg26424956
380,1,116310712,-,CASQ2,GRCh37,cg05190718
380,1,201181883,+,IGFN1,GRCh37,cg05666713
380,17,76567121,+,DNAH17,GRCh37,cg06799664
380,12,57848870,-,INHBE,GRCh37,cg22630748
380,6,39290877,+,KCNK16;KCNK16;KCNK16;KCNK16,GRCh37,cg01669948
380,9,136604996,+,SARDH;SARDH,GRCh37,cg21122774
380,7,100544220,+,,GRCh37,cg16462075
380,2,71047649,-,CLEC4F,GRCh37,cg21148892
380,16,71523144,+,ZNF19,GRCh37,cg11706111
380,10,43867155,-,FXYD4,GRCh37,cg12619162
380,19,51875451,-,NKG7,GRCh37,cg10126923
380,11,124767455,-,ROBO4,GRCh37,cg10148841
380,15,43513563,+,EPB42;EPB42,GRCh37,cg18431127
380,2,85896001,+,SFTPB;SFTPB,GRCh37,cg26394380
380,1,171621732,-,MYOC,GRCh37,cg22077553
381,11,67351786,+,GSTP1,GRCh37,cg11566244
381,11,67352041,-,GSTP1,GRCh37,cg22224704
382,11,94134235,+,GPR83,GRCh37,cg22325703
382,11,94134646,-,GPR83,GRCh37,cg27634151
383,18,7567717,-,PTPRM;PTPRM;PTPRM;PTPRM,GRCh37,cg07075930
383,18,7568186,+,PTPRM;PTPRM,GRCh37,cg01946574
384,15,25068850,-,SNRPN;SNRPN;SNRPN;SNRPN;SNRPN;SNRPN,GRCh37,cg16321029
384,15,25068790,+,SNRPN;SNRPN;SNRPN,GRCh37,cg19803984
385,19,14785593,+,EMR3;EMR3,GRCh37,cg07072643
386,2,152118459,+,RBM43,GRCh37,cg19658284
386,1,219347021,-,LYPLAL1,GRCh37,cg26757053
386,16,56716182,-,MT1X,GRCh37,cg26802333
386,17,4851808,+,PFN1;PFN1,GRCh37,cg01926595
386,3,48541379,-,SHISA5,GRCh37,cg14633527
386,6,2988997,-,DKFZP686I15217;DKFZP686I15217,GRCh37,cg14645972
386,6,146057073,+,EPM2A;EPM2A,GRCh37,cg12130692
386,15,68521218,+,CLN6,GRCh37,cg14610746
386,9,102861774,+,INVS;INVS;ERP44,GRCh37,cg01241375
386,1,205090841,+,RBBP5,GRCh37,cg14717946
386,12,7052799,-,C12orf57,GRCh37,cg26754448
386,9,130159694,+,SLC2A8,GRCh37,cg03804985
386,17,18217642,+,TOP3A;SMCR8,GRCh37,cg24001070
386,3,45730799,-,SACM1L;SACM1L,GRCh37,cg19591588
386,3,49027210,+,P4HTM;P4HTM,GRCh37,cg20856064
386,1,150122654,+,PLEKHO1,GRCh37,cg00095674
386,1,110453477,-,CSF1;CSF1;CSF1;CSF1;CSF1;CSF1;CSF1;CSF1,GRCh37,cg23089438
386,1,149857186,+,HIST2H2BE;HIST2H2AC;HIST2H2BE,GRCh37,cg08908355
386,17,79670496,+,MRPL12;MRPL12,GRCh37,cg15214092
386,2,36583600,-,CRIM1,GRCh37,cg10881306
386,7,6746837,+,ZNF12;ZNF12,GRCh37,cg15240064
386,10,116697894,-,TRUB1,GRCh37,cg17017278
386,16,68056778,-,DDX28;DUS2L,GRCh37,cg06140118
386,8,99306718,+,NIPAL2,GRCh37,cg15264255
386,2,113299708,+,POLR1B;POLR1B;POLR1B;POLR1B,GRCh37,cg17009717
386,1,112532078,-,KCND3;KCND3,GRCh37,cg22957381
386,3,178789848,+,ZMAT3;ZMAT3,GRCh37,cg18380974
386,8,37553668,+,ZNF703,GRCh37,cg18379495
386,8,38033885,-,LSM1;BAG4;LSM1,GRCh37,cg27087572
386,11,67889237,-,CHKA;CHKA,GRCh37,cg27090024
386,6,84222360,+,PRSS35;PRSS35;PRSS35;PRSS35,GRCh37,cg15269863
386,16,68482202,+,SMPD3,GRCh37,cg23758485
386,9,34611951,-,C9orf23;C9orf23;C9orf23,GRCh37,cg10922163
386,12,3069243,-,TEAD4;TEAD4;TEAD4,GRCh37,cg02915837
386,1,208041879,+,,GRCh37,cg11037818
386,13,25087090,+,PARP4,GRCh37,cg02943497
386,14,102976503,+,ANKRD9,GRCh37,cg05879919
386,20,3762064,+,SPEF1;SPEF1,GRCh37,cg11018904
386,10,1102371,-,WDR37,GRCh37,cg17947053
386,3,44903516,+,TMEM42,GRCh37,cg26889990
386,11,77532226,-,C11orf67;C11orf67;RSF1,GRCh37,cg15105081
386,7,139025179,-,C7orf55,GRCh37,cg18417464
386,7,44240514,+,YKT6,GRCh37,cg18412613
386,16,69419557,+,TERF2,GRCh37,cg09669099
386,1,44441367,-,ATP6V0B;ATP6V0B,GRCh37,cg19903333
386,1,161016081,-,USF1;USF1,GRCh37,cg06034822
386,10,115934100,-,MIR2110;C10orf118;C10orf118,GRCh37,cg00568128
386,22.0,19929097,-,TXNRD2;COMT,GRCh37,cg23268677
386,4,164253876,+,NPY1R,GRCh37,cg26745540
386,10,28966822,+,BAMBI;BAMBI,GRCh37,cg18472228
386,18,33767226,+,MOCOS,GRCh37,cg19264123
386,12,122460105,-,BCL7A;BCL7A,GRCh37,cg05450995
386,11,2906285,-,CDKN1C;CDKN1C;CDKN1C,GRCh37,cg04548378
386,22.0,44319719,+,PNPLA3;PNPLA3,GRCh37,cg13184872
386,10,100206399,+,HPS1;HPS1,GRCh37,cg13180809
386,2,74648964,-,WDR54,GRCh37,cg11698762
386,17,28706081,-,CPD,GRCh37,cg08635242
386,22.0,31556238,-,RNF185;RNF185;RNF185;RNF185;RNF185;RNF185;RNF185;RNF185;RNF185;RNF185,GRCh37,cg11672225
386,1,26606846,+,SH3BGRL3,GRCh37,cg03100146
386,5,64777678,+,ADAMTS6;ADAMTS6,GRCh37,cg02577849
386,3,197686766,+,LMLN;IQCG;LMLN;LMLN;LMLN;IQCG,GRCh37,cg18979819
386,8,120844978,+,TAF2;TAF2,GRCh37,cg01161597
386,7,108096417,+,NRCAM;NRCAM,GRCh37,cg17885062
386,11,111896498,+,DLAT,GRCh37,cg00327185
386,20,62887534,+,PCMTD2;PCMTD2,GRCh37,cg04820387
386,1,84971124,-,SPATA1;GNG5,GRCh37,cg24995240
386,19,18548964,-,ISYNA1;ISYNA1;ISYNA1;ISYNA1;ISYNA1,GRCh37,cg09374949
386,11,61560294,-,FEN1;C11orf10;MIR611;FEN1,GRCh37,cg11730100
386,8,37593879,+,ERLIN2;ERLIN2;ERLIN2,GRCh37,cg13612524
386,18,77711560,+,PQLC1;PQLC1;PQLC1,GRCh37,cg17705056
386,1,175162044,+,KIAA0040;KIAA0040;KIAA0040;KIAA0040;KIAA0040;KIAA0040,GRCh37,cg11908570
386,10,102045846,+,BLOC1S2;BLOC1S2,GRCh37,cg18641050
386,11,13298675,-,ARNTL;ARNTL;ARNTL,GRCh37,cg13250711
386,1,32538907,-,TMEM39B,GRCh37,cg02078356
386,3,113464379,-,NAA50,GRCh37,cg11884656
386,1,115212834,+,DENND2C,GRCh37,cg00209951
386,13,77901013,+,MYCBP2,GRCh37,cg08697285
386,6,26383297,+,BTN2A2;BTN2A2,GRCh37,cg25881193
386,12,53774037,+,SP1;SP1;SP1,GRCh37,cg13510262
386,1,39547527,-,MACF1,GRCh37,cg13514129
386,6,33281972,-,TAPBP;TAPBP;TAPBP;TAPBP;TAPBP;TAPBP,GRCh37,cg26315802
386,16,1203595,+,CACNA1H;CACNA1H,GRCh37,cg25760229
386,10,134351765,+,INPP5A,GRCh37,cg08682341
386,5,138775200,+,DNAJC18,GRCh37,cg25707005
386,6,146135272,-,FBXO30,GRCh37,cg13572545
386,15,71055727,+,UACA,GRCh37,cg08815652
386,19,57702917,-,ZNF264;ZNF264,GRCh37,cg08504049
386,12,56360681,-,CDK2;CDK2;CDK2;SILV;CDK2,GRCh37,cg24914860
386,15,72766740,-,ARIH1;ARIH1,GRCh37,cg19136717
386,11,1592675,+,HCCA2;LOC338651;DUSP8,GRCh37,cg02271621
386,6,42928500,-,GNMT;GNMT,GRCh37,cg14338887
386,4,122618007,+,ANXA5,GRCh37,cg05311623
386,6,147525477,+,STXBP5;STXBP5,GRCh37,cg05360265
386,19,47852595,-,DHX34;DHX34,GRCh37,cg03000603
386,2,225450859,+,CUL3,GRCh37,cg09509863
386,11,64879374,-,TM7SF2;TM7SF2,GRCh37,cg14430111
386,6,157099375,+,ARID1B;ARID1B;ARID1B,GRCh37,cg19436567
386,11,118661599,+,DDX6,GRCh37,cg14464791
386,6,126101948,-,,GRCh37,cg12969407
386,17,40021376,+,KLHL11,GRCh37,cg14489649
386,1,161195883,-,TOMM40L;TOMM40L,GRCh37,cg02525396
386,6,21594038,+,SOX4;SOX4,GRCh37,cg14499797
386,2,27593355,+,EIF2B4;EIF2B4;SNX17;EIF2B4,GRCh37,cg24189717
386,7,148937187,-,ZNF212,GRCh37,cg17327630
386,19,55851365,+,SUV420H2,GRCh37,cg11368509
386,14,68162577,-,RDH11,GRCh37,cg11220635
386,4,128886524,+,MFSD8;C4orf29;C4orf29,GRCh37,cg03883519
386,16,54320670,-,IRX3,GRCh37,cg24662961
386,19,56155151,-,ZNF581,GRCh37,cg00376639
386,17,4842919,+,SLC25A11;SLC25A11;SLC25A11;RNF167,GRCh37,cg14100578
386,19,7895393,+,EVI5L,GRCh37,cg14106632
386,5,95297731,-,ELL2;ELL2,GRCh37,cg05001145
386,3,184017239,+,PSMD2,GRCh37,cg19188060
386,13,113952209,+,LAMP1,GRCh37,cg24826645
386,17,7476167,+,EIF4A1,GRCh37,cg05038977
386,15,83378614,-,AP3B2;AP3B2,GRCh37,cg09472203
386,1,110950618,+,HBXIP,GRCh37,cg14198172
386,19,49866817,-,DKKL1;TEAD2,GRCh37,cg05088512
386,9,120176515,-,ASTN2;ASTN2;ASTN2,GRCh37,cg00121640
386,22.0,38302504,+,MICALL1,GRCh37,cg03913271
386,17,46185283,-,SNX11;SNX11,GRCh37,cg08413153
386,4,100484573,+,RG9MTD2;RG9MTD2;MTTP;RG9MTD2;RG9MTD2,GRCh37,cg24693909
386,19,4867550,+,PLIN3;PLIN3;PLIN3,GRCh37,cg03020271
386,6,137540774,+,IFNGR1,GRCh37,cg14279899
386,19,10829162,-,MIR638;DNM2;DNM2;DNM2;DNM2,GRCh37,cg15334028
386,19,47734827,+,BBC3;BBC3;BBC3;BBC3,GRCh37,cg11980435
386,19,17666898,+,GLT25D1,GRCh37,cg22517351
386,1,15851444,+,CASP9;CASP9,GRCh37,cg21449655
386,1,171710566,-,VAMP4,GRCh37,cg06540941
386,12,48298656,+,VDR;VDR,GRCh37,cg27537561
386,18,72920932,-,ZADH2,GRCh37,cg22080282
386,20,58515345,+,PPP1R3D;C20orf177;PPP1R3D,GRCh37,cg08966023
386,3,37902413,+,CTDSPL;CTDSPL,GRCh37,cg27201297
386,6,11232665,-,NEDD9;NEDD9;NEDD9,GRCh37,cg18226566
386,2,219221586,-,C2orf62;C2orf62,GRCh37,cg27367952
386,7,90032850,-,CLDN12;CLDN12,GRCh37,cg02399449
386,17,30814514,-,CDK5R1,GRCh37,cg07658718
386,12,56618214,-,OBFC2B;OBFC2B,GRCh37,cg22591065
386,1,92764574,+,RPAP2;GLMN;RPAP2,GRCh37,cg02748427
386,11,36531754,-,TRAF6;TRAF6;TRAF6;TRAF6,GRCh37,cg02692952
386,19,47524466,+,NPAS1,GRCh37,cg16753336
386,18,77794830,-,C18orf22,GRCh37,cg20346096
386,16,80574649,+,DYNLRB2,GRCh37,cg27555479
386,17,38257303,-,NR1D1,GRCh37,cg02337166
386,14,34420468,+,EGLN3,GRCh37,cg15631323
386,16,2391081,+,ABCA17P;ABCA3,GRCh37,cg02331561
386,11,73882478,-,PPME1;C2CD3,GRCh37,cg21493666
386,3,49711530,+,APEH;APEH,GRCh37,cg20402382
386,10,71390173,-,C10orf35,GRCh37,cg22368262
386,22.0,46934089,+,CELSR1,GRCh37,cg15879316
386,19,39989592,+,DLL3;DLL3;DLL3;DLL3,GRCh37,cg21718857
386,1,27226860,+,GPATCH3,GRCh37,cg21680178
386,3,130465572,+,PIK3R4;PIK3R4,GRCh37,cg22409223
386,7,30029231,-,SCRN1;SCRN1;SCRN1;SCRN1,GRCh37,cg10639440
386,5,154320902,-,MRPL22;MRPL22,GRCh37,cg22077101
386,8,144692268,+,PYCRL,GRCh37,cg15555727
386,2,20646880,-,RHOB;RHOB,GRCh37,cg01419675
386,2,9696659,+,ADAM17,GRCh37,cg20291846
386,14,74769676,-,ABCD4;ABCD4;ABCD4,GRCh37,cg07049929
386,6,43139680,+,SRF,GRCh37,cg16041611
386,1,46767971,+,LRRC41;UQCRH,GRCh37,cg21576698
386,17,48638187,+,CACNA1G;CACNA1G;CACNA1G;CACNA1G;CACNA1G;CACNA1G;CACNA1G;CACNA1G;CACNA1G;CACNA1G;CACNA1G;CACNA1G;CACNA1G;CACNA1G;CACNA1G,GRCh37,cg18337803
386,16,81040639,+,CENPN;CENPN;CENPN;CENPN;CENPN;CENPN;C16orf61,GRCh37,cg20567721
386,2,238876345,+,UBE2F,GRCh37,cg22418360
386,15,75249787,-,RPP25,GRCh37,cg16914151
386,19,48867056,-,TMEM143;SYNGR4,GRCh37,cg06730468
386,3,186524777,+,RFC4;RFC4,GRCh37,cg12583908
386,19,44031385,-,ETHE1;ETHE1,GRCh37,cg22732515
386,1,161719333,-,DUSP12,GRCh37,cg16414945
386,17,4458969,+,MYBBP1A;MYBBP1A,GRCh37,cg21000021
386,1,2458021,+,PANK4,GRCh37,cg20103201
386,2,164592477,+,FIGN;FIGN,GRCh37,cg20959523
386,1,51984752,+,EPS15,GRCh37,cg10089324
386,9,139923402,-,ABCA2;C9orf139;ABCA2,GRCh37,cg15428653
386,10,99393007,+,MORN4;MORN4,GRCh37,cg15431576
386,1,109756737,-,SARS,GRCh37,cg16345880
386,7,107531363,-,DLD,GRCh37,cg01025762
386,22.0,50781987,+,SAPS2,GRCh37,cg01513661
386,1,32229411,-,BAI2,GRCh37,cg10773309
386,1,43312005,-,ZNF691,GRCh37,cg10040059
386,11,62420578,-,INTS5,GRCh37,cg00887101
386,12,104680692,-,TXNRD1;TXNRD1;TXNRD1;TXNRD1;TXNRD1,GRCh37,cg21081852
386,15,57210872,+,TCF12;TCF12;LOC145783;TCF12;TCF12;TCF12;TCF12;TCF12;TCF12,GRCh37,cg12426141
386,12,48152515,-,RAPGEF3;RAPGEF3;RAPGEF3;RAPGEF3,GRCh37,cg09114799
386,11,93862594,-,PANX1,GRCh37,cg00007981
386,14,53620229,+,DDHD1;DDHD1;DDHD1,GRCh37,cg22228205
386,2,128784923,+,SAP130;SAP130,GRCh37,cg07314414
386,19,3028786,-,TLE2;TLE2;TLE2,GRCh37,cg22271212
386,3,125093330,-,ZNF148,GRCh37,cg15688767
386,14,24563578,+,PCK2;PCK2;PCK2;PCK2,GRCh37,cg15467148
386,2,203102753,+,SUMO1;SUMO1;SUMO1,GRCh37,cg01585758
386,10,114206557,+,ZDHHC6;VTI1A;ZDHHC6,GRCh37,cg18304674
387,1,167883379,-,ADCY10;ADCY10;ADCY10;ADCY10,GRCh37,cg08205865
388,13,103054846,+,FGF14,GRCh37,cg06960698
389,7,33944213,-,BMPER,GRCh37,cg10073723
389,3,170626521,+,EIF5A2,GRCh37,cg26209058
389,7,33944927,+,BMPER,GRCh37,cg17561435
390,1,76540236,+,ST6GALNAC3;ST6GALNAC3,GRCh37,cg26363196
390,1,76540465,-,ST6GALNAC3;ST6GALNAC3;ST6GALNAC3;ST6GALNAC3,GRCh37,cg12601757
391,11,32457727,-,WIT1;WT1;WT1;WT1;WT1,GRCh37,cg22975913
392,16,56672415,-,MT1A,GRCh37,cg09137696
393,11,61102165,+,DAK;DDB1,GRCh37,cg25406518
393,1,228394509,-,OBSCN;OBSCN,GRCh37,cg19789505
393,19,46286683,+,DMPK;DMPK;DMPK;DMWD,GRCh37,cg10857774
393,16,3072970,+,HCFC1R1;HCFC1R1;HCFC1R1;THOC6;THOC6,GRCh37,cg21275690
393,19,35782015,-,MAG;MAG,GRCh37,cg14535518
393,19,3728751,+,TJP3,GRCh37,cg27022827
393,17,3796936,-,CAMKK1;CAMKK1,GRCh37,cg23668631
393,11,62009065,-,SCGB1D2,GRCh37,cg10848367
393,3,158450590,+,RARRES1;RARRES1,GRCh37,cg08697665
394,5,169931092,+,KCNIP1;KCNIP1;KCNIP1;KCNIP1;KCNIP1,GRCh37,cg08422599
395,1,203059178,-,,GRCh37,cg13626881
395,1,203058954,-,,GRCh37,cg11719784
396,2,10861364,-,ATP6V1C2;ATP6V1C2,GRCh37,cg14580982
396,11,75236459,+,GDPD5;GDPD5,GRCh37,cg24068708
396,7,128470614,+,FLNC;FLNC;FLNC;FLNC,GRCh37,cg02661879
396,5,43192392,+,MGC42105;MGC42105,GRCh37,cg24371225
396,12,113494429,-,DTX1,GRCh37,cg11939071
396,10,90967165,+,CH25H,GRCh37,cg18762485
396,2,38303219,+,CYP1B1;CYP1B1,GRCh37,cg25856383
396,5,100238983,-,ST8SIA4;ST8SIA4;ST8SIA4,GRCh37,cg04380513
396,14,52781312,+,PTGER2,GRCh37,cg25823578
396,7,107301217,-,SLC26A4;LOC286002;SLC26A4,GRCh37,cg04473302
396,1,44870976,+,RNF220;RNF220,GRCh37,cg01267315
396,16,330267,-,ARHGDIG,GRCh37,cg27560922
396,1,206224027,+,AVPR1B,GRCh37,cg04633513
396,1,67773128,-,IL12RB2;IL12RB2,GRCh37,cg27416067
396,1,206680628,+,RASSF5;RASSF5,GRCh37,cg10167296
396,22.0,44287841,-,PNPLA5;PNPLA5,GRCh37,cg04755031
396,2,131485486,-,GPR148,GRCh37,cg16169604
396,21.0,47402144,+,COL6A1,GRCh37,cg25020459
396,9,79521532,-,PRUNE2,GRCh37,cg19044630
396,16,10277317,+,GRIN2A;GRIN2A;GRIN2A,GRCh37,cg01722994
396,19,51568336,-,KLK13;KLK13,GRCh37,cg26524263
396,18,47088309,+,LIPG,GRCh37,cg21574400
396,17,44896162,+,WNT3,GRCh37,cg00126034
396,1,26372887,+,SLC30A2;SLC30A2,GRCh37,cg07766612
396,9,80912260,-,PSAT1;PSAT1,GRCh37,cg25336579
396,3,39851641,-,MYRIP,GRCh37,cg19547629
396,20,30640022,-,HCK,GRCh37,cg03414321
396,10,90966807,-,CH25H,GRCh37,cg23410627
396,7,29186153,+,CPVL;CPVL,GRCh37,cg11044163
396,2,206546660,-,NRP2;NRP2;NRP2;NRP2;NRP2;NRP2,GRCh37,cg22367989
396,19,8408146,+,KANK3,GRCh37,cg06277481
396,15,83775931,-,TM6SF1;TM6SF1,GRCh37,cg17018527
396,12,111284979,+,CCDC63,GRCh37,cg00658626
396,12,117537411,+,TESC;TESC;TESC,GRCh37,cg22374901
396,17,44896017,+,WNT3;WNT3,GRCh37,cg07879727
396,11,45686369,-,CHST1,GRCh37,cg15461516
396,7,31091718,+,ADCYAP1R1,GRCh37,cg27076139
396,11,101454626,-,TRPC6;TRPC6,GRCh37,cg11016563
396,7,99149239,-,C7orf38,GRCh37,cg14913925
396,17,19437003,-,SLC47A1,GRCh37,cg15014549
396,9,94712909,+,ROR2,GRCh37,cg01062029
396,20,4803636,+,RASSF2,GRCh37,cg16884569
396,10,106399957,-,SORCS3,GRCh37,cg09551147
397,1,157670710,-,FCRL3,GRCh37,cg08786003
398,1,159174156,-,DARC;DARC,GRCh37,cg23507131
398,11,61957695,+,SCGB1D1,GRCh37,cg01772980
398,8,144698857,+,TSTA3,GRCh37,cg00311768
398,11,59856358,+,MS4A2;MS4A2,GRCh37,cg10414946
398,8,6735472,+,DEFB1;DEFB1,GRCh37,cg24292612
398,1,153363489,+,S100A8,GRCh37,cg20070090
398,15,64338164,+,DAPK2,GRCh37,cg23165541
398,21,45773782,-,TRPM2,GRCh37,cg06812844
398,19,49220102,-,MAMSTR;MAMSTR;MAMSTR,GRCh37,cg15475323
398,12,50497827,+,GPD1;GPD1,GRCh37,cg24210717
398,19,6376576,+,PSPN,GRCh37,cg10280342
398,4,111397155,-,ENPEP,GRCh37,cg20773127
398,21.0,44898090,-,C21orf84,GRCh37,cg23732182
398,2,113875292,+,IL1RN;IL1RN;IL1RN,GRCh37,cg11783497
398,22.0,22874677,+,ZNF280A,GRCh37,cg21604856
398,6,51952361,-,PKHD1;PKHD1;PKHD1;PKHD1,GRCh37,cg09871043
398,17,67137953,-,ABCA6;ABCA6,GRCh37,cg22081096
398,10,134755601,-,C10orf93,GRCh37,cg01757745
398,1,22963614,+,C1QA,GRCh37,cg00108454
398,11,113845638,-,HTR3A;HTR3A,GRCh37,cg24134767
398,22.0,43897902,-,MPPED1,GRCh37,cg15612436
398,19,6886962,+,EMR1,GRCh37,cg22889448
398,12,117174758,-,RNFT2;RNFT2;C12orf49,GRCh37,cg03109701
399,4,40198776,+,RHOH;RHOH,GRCh37,cg11903057
400,21.0,36421941,+,RUNX1,GRCh37,cg19836199
401,14,42077674,+,LRFN5;LRFN5,GRCh37,cg04784672
402,11,104034619,-,PDGFD;PDGFD,GRCh37,cg07748540
403,8,49502967,+,,GRCh37,cg03167883
403,8,49502710,+,,GRCh37,cg25538571
404,5,140797234,+,PCDHGA4;PCDHGA9;PCDHGA1;PCDHGB1;PCDHGB7;PCDHGB6;PCDHGB3;PCDHGB7;PCDHGA6;PCDHGA8;PCDHGA10;PCDHGA5;PCDHGB4;PCDHGA3;PCDHGA2;PCDHGB2;PCDHGA7;PCDHGB5,GRCh37,cg14011639
405,5,145718597,+,POU4F3;POU4F3,GRCh37,cg23303408
406,6,26045534,-,HIST1H3C,GRCh37,cg07636178
407,3,50378425,-,RASSF1;RASSF1,GRCh37,cg21554552
407,3,50378191,+,RASSF1;RASSF1,GRCh37,cg00777121
407,3,50378413,-,RASSF1;RASSF1,GRCh37,cg08047457
408,12,65153982,+,GNS,GRCh37,cg00626466
409,3,40499215,-,RPL14;RPL14,GRCh37,cg13683864
409,1,84972317,-,GNG5;SPATA1,GRCh37,cg11227541
409,14,53197072,-,STYX;STYX;STYX,GRCh37,cg17091770
409,19,44143644,-,CADM4,GRCh37,cg05473175
409,21,40817896,-,SH3BGR,GRCh37,cg12064626
409,8,25314972,+,KCTD9,GRCh37,cg07149772
409,14,75179862,-,FCF1;KIAA0317;FCF1,GRCh37,cg19182046
409,19,30155994,-,PLEKHF1,GRCh37,cg17543123
409,4,56262833,-,TMEM165,GRCh37,cg19035457
409,19,44529822,-,ZNF222;ZNF222,GRCh37,cg09757277
409,19,7598787,-,PNPLA6;PNPLA6;PNPLA6;PNPLA6;MCOLN1,GRCh37,cg25025866
409,17,37026641,+,LASP1,GRCh37,cg12446644
409,18,76829834,+,ATP9B,GRCh37,cg10823157
409,19,34287125,-,KCTD15;KCTD15;KCTD15,GRCh37,cg26149738
409,12,57941150,+,DCTN2,GRCh37,cg10058540
409,17,37857070,-,ERBB2;ERBB2,GRCh37,cg13263114
409,18,21718974,-,CABYR;CABYR;CABYR;CABYR;CABYR;CABYR;CABYR;CABYR;CABYR;CABYR;CABYR,GRCh37,cg11956146
409,20,44044586,-,PIGT,GRCh37,cg07294870
409,12,57634410,+,NDUFA4L2,GRCh37,cg23240961
409,5,52856530,-,NDUFS4,GRCh37,cg06476337
409,5,137549144,+,CDC23,GRCh37,cg23112213
409,3,50193232,-,SEMA3F,GRCh37,cg07640473
409,3,52719354,+,GNL3;PBRM1;GNL3;GNL3,GRCh37,cg11041457
409,19,44285297,+,KCNN4;KCNN4,GRCh37,cg15977816
409,22.0,31556314,-,RNF185;RNF185;RNF185;RNF185;RNF185;RNF185;RNF185,GRCh37,cg01253545
409,7,75931888,+,HSPB1;HSPB1,GRCh37,cg27376817
409,8,61428991,+,RAB2A,GRCh37,cg12095167
409,4,185395553,+,IRF2;IRF2,GRCh37,cg07731916
409,17,21030054,-,DHRS7B,GRCh37,cg26357453
409,12,7013902,-,LRRC23;LRRC23;LRRC23;LRRC23;LRRC23;LRRC23,GRCh37,cg15264303
409,10,88853608,+,GLUD1;FAM35A,GRCh37,cg17336076
409,4,109571402,-,OSTC,GRCh37,cg07223164
409,15,43802735,+,TP53BP1,GRCh37,cg12032620
410,9,34654290,-,IL11RA;IL11RA;IL11RA,GRCh37,cg03662459
410,6,43483382,-,POLR1C;POLR1C;YIPF3,GRCh37,cg17102807
410,6,45296101,+,SUPT3H;SUPT3H;RUNX2;RUNX2;RUNX2;RUNX2,GRCh37,cg01946401
410,14,24741663,-,RABGGTA;RABGGTA,GRCh37,cg00951770
410,10,101542983,+,ABCC2,GRCh37,cg17044311
410,3,49460162,-,AMT;AMT;AMT;AMT;NICN1;AMT,GRCh37,cg25021247
410,3,44915918,-,TGM4,GRCh37,cg09111917
410,19,11688246,+,ACP5;ACP5;ACP5;ACP5,GRCh37,cg07967308
410,17,49295249,+,MBTD1,GRCh37,cg25670376
410,4,54425349,+,LNX1;LNX1,GRCh37,cg00629217
410,13,27844156,-,RASL11A,GRCh37,cg27600136
410,10,70979811,-,HKDC1,GRCh37,cg11639651
410,21.0,16340722,-,NRIP1,GRCh37,cg21021629
410,17,45907760,+,LRRC46;MRPL10,GRCh37,cg12380854
410,19,58546307,+,ZSCAN1,GRCh37,cg07942995
410,3,151450877,+,AADACL2,GRCh37,cg25159668
410,19,48958664,+,KCNJ14,GRCh37,cg19876838
410,1,151826123,-,THEM5;THEM5,GRCh37,cg18081104
410,19,44009429,+,PHLDB3,GRCh37,cg15664905
410,5,43480361,-,C5orf28,GRCh37,cg06597095
410,18,24220540,-,KCTD1,GRCh37,cg26755793
410,10,124610984,-,FAM24B,GRCh37,cg03283421
410,2,70008161,+,ANXA4,GRCh37,cg05155595
410,15,43808806,+,MAP1A,GRCh37,cg08880153
410,5,132208244,+,LEAP2,GRCh37,cg27440002
410,12,79611355,+,SYT1;SYT1;SYT1,GRCh37,cg22333868
410,10,115313165,+,HABP2,GRCh37,cg26656452
410,13,70683127,+,KLHL1;ATXN8OS,GRCh37,cg20349377
410,12,11174898,-,TAS2R19;PRR4;PRH1,GRCh37,cg21874193
410,13,99911826,-,GPR18;UBAC2;UBAC2;UBAC2;GPR18,GRCh37,cg03404502
410,3,50360690,-,HYAL2,GRCh37,cg27091787
410,3,169629136,-,SAMD7,GRCh37,cg05721199
410,1,46126885,-,GPBP1L1,GRCh37,cg21942576
410,19,34790692,-,KIAA0355,GRCh37,cg21665774
410,11,118477406,-,PHLDB1;PHLDB1;PHLDB1,GRCh37,cg11286122
410,11,65363503,+,KCNK7;KCNK7;KCNK7;KCNK7,GRCh37,cg17918700
410,3,50304424,-,SEMA3B;SEMA3B,GRCh37,cg14824983
410,3,187930704,-,LPP;LPP,GRCh37,cg06547766
410,7,76040387,-,ZP3;SRCRB4D,GRCh37,cg09434995
410,20,42356139,-,GTSF1L;GTSF1L,GRCh37,cg01623187
410,7,107443898,+,SLC26A3,GRCh37,cg04996020
410,1,68512650,-,DIRAS3,GRCh37,cg24871743
410,7,150026731,-,C7orf29;LRRC61;LRRC61,GRCh37,cg12556325
410,1,41487437,+,SLFNL1;SLFNL1,GRCh37,cg22005565
410,10,69868860,-,MYPN,GRCh37,cg00745735
410,4,120243252,+,FABP2,GRCh37,cg06570843
410,17,42925536,-,HIGD1B,GRCh37,cg02164386
410,9,133768966,+,QRFP,GRCh37,cg03924115
411,7,150498493,+,TMEM176B;TMEM176B;TMEM176B;TMEM176B;TMEM176A,GRCh37,cg03964111
412,12,49298070,-,CCDC65;CCDC65,GRCh37,cg02620769
412,12,49297901,-,CCDC65;CCDC65,GRCh37,cg08958015
413,19,57306631,+,ZIM2;ZIM2;ZIM2,GRCh37,cg09837943
413,19,57307081,-,ZIM2;ZIM2;ZIM2,GRCh37,cg06244906
414,11,111383515,-,MIR34B;BTG4;MIR34C,GRCh37,cg22879515
414,11,111383668,+,MIR34B;BTG4;MIR34C,GRCh37,cg01192900
415,17,53800225,-,TMEM100;TMEM100,GRCh37,cg19403377
415,17,53800372,-,TMEM100;TMEM100,GRCh37,cg08762247
416,9,16727830,+,BNC2,GRCh37,cg24341129
417,2,220379091,-,ACCN4;ACCN4,GRCh37,cg19210770
418,9,35490515,+,RUSC2,GRCh37,cg15271616
419,22.0,32808764,-,C22orf28,GRCh37,cg26431343
420,6,133563764,+,EYA4;EYA4;EYA4,GRCh37,cg01805282
421,17,7906098,-,GUCY2D,GRCh37,cg25465406
422,1,247712591,+,C1orf150,GRCh37,cg05767404
423,11,69469175,+,CCND1,GRCh37,cg11802013
423,11,69468991,-,CCND1,GRCh37,cg02723533
423,11,69468789,-,CCND1,GRCh37,cg04717045
424,2,202048100,-,CASP10;CASP10;CASP10,GRCh37,cg12105450
425,19,17516329,-,BST2,GRCh37,cg16363586
426,2,10830764,-,NOL10,GRCh37,cg02196655
427,7,5111669,-,LOC389458,GRCh37,cg04336379
428,11,32450104,-,WT1;WT1;WT1;WT1,GRCh37,cg04456238
428,11,32450000,+,WT1;WT1;WT1;WT1,GRCh37,cg16501028
428,11,32449638,-,WT1;WT1;WT1;WT1,GRCh37,cg12006284
428,11,32449254,-,WT1;WT1;WT1;WT1,GRCh37,cg13301003
428,11,32454718,-,WT1;WT1;WT1;WT1,GRCh37,cg16463460
428,11,32452370,+,WT1;WT1;WT1;WT1,GRCh37,cg15446391
429,17,6679597,-,FBXO39,GRCh37,cg20723355
430,20,42965710,-,R3HDML;R3HDML,GRCh37,cg01255591
430,1,54200078,+,GLIS1,GRCh37,cg21142398
430,4,39408665,+,KLB,GRCh37,cg21880903
430,16,84273997,-,KCNG4,GRCh37,cg25101056
430,11,113775450,+,HTR3B,GRCh37,cg06531741
430,12,372259,-,SLC6A13,GRCh37,cg15966757
430,15,34637869,+,C15orf55,GRCh37,cg12753858
430,7,150884003,+,ASB10;ASB10;ASB10,GRCh37,cg13289321
430,9,72658358,+,MAMDC2,GRCh37,cg13870494
430,20,61041592,-,GATA5,GRCh37,cg20822628
431,1,207262190,+,C4BPB;C4BPB;C4BPB;C4BPB;C4BPB,GRCh37,cg05659947
431,3,49941151,+,MST1R;MST1R,GRCh37,cg03332271
431,3,52008538,-,ABHD14B;ABHD14B;ABHD14B;ABHD14A;ABHD14B;ABHD14B,GRCh37,cg18328933
431,3,9944512,+,IL17RE;IL17RE;IL17RE;IL17RE;IL17RE,GRCh37,cg15095327
431,3,51976667,-,PARP3;RRP9;PARP3;PARP3;PARP3,GRCh37,cg12554573
431,14,94857275,-,SERPINA1;SERPINA1;SERPINA1;SERPINA1;SERPINA1;SERPINA1;SERPINA1;SERPINA1;SERPINA1;SERPINA1,GRCh37,cg24621042
432,10,99531929,+,SFRP5,GRCh37,cg25156443
433,19,49926276,-,PTH2,GRCh37,cg14060828
433,12,130647580,+,FZD10,GRCh37,cg23054883
433,9,135458173,+,BARHL1;BARHL1,GRCh37,cg12622986
433,11,2161586,-,INS-IGF2;IGF2;IGF2AS;IGF2;IGF2AS;IGF2,GRCh37,cg25163476
434,7,120964019,-,WNT16,GRCh37,cg24849648
435,8,65492846,+,BHLHE22;BHLHE22,GRCh37,cg02982690
435,2,119604901,+,EN1;EN1,GRCh37,cg22231902
435,4,107957265,-,DKK2;DKK2,GRCh37,cg01471384
435,7,155604780,+,SHH,GRCh37,cg00577464
435,8,16884225,-,EFHA2,GRCh37,cg03919781
435,1,170633559,-,PRRX1;PRRX1,GRCh37,cg10730174
435,2,95691755,-,MAL;MAL;MAL;MAL,GRCh37,cg06668300
435,2,68547256,+,CNRIP1;CNRIP1,GRCh37,cg10908369
435,4,107958572,+,DKK2,GRCh37,cg01404615
436,6,133562267,+,EYA4;EYA4;EYA4,GRCh37,cg20286200
436,6,133562776,+,EYA4;EYA4;EYA4;EYA4;EYA4;EYA4,GRCh37,cg24176563
436,6,133562774,+,EYA4;EYA4;EYA4;EYA4;EYA4;EYA4,GRCh37,cg26656135
437,8,109799756,+,TMEM74;TMEM74,GRCh37,cg15042080
438,13,70682324,-,KLHL1;KLHL1;ATXN8OS,GRCh37,cg20523861
439,19,46800467,+,HIF3A;HIF3A,GRCh37,cg02879662
440,6,32407838,+,HLA-DRA,GRCh37,cg19248557
441,17,46655736,-,HOXB4;HOXB4,GRCh37,cg04609859
441,17,46655790,-,HOXB4,GRCh37,cg02422694
442,11,89867819,+,NAALAD2;NAALAD2,GRCh37,cg05500015
443,15,23932373,-,NDN;NDN,GRCh37,cg13828758
443,13,78492306,-,EDNRB;EDNRB;EDNRB,GRCh37,cg12120741
443,15,23932370,-,NDN;NDN,GRCh37,cg12532169
444,15,78933902,+,CHRNB4,GRCh37,cg21402071
444,19,38746538,+,PPP1R14A,GRCh37,cg05778847
444,15,60296815,+,FOXB1;FOXB1,GRCh37,cg08583049
444,6,35992082,+,SLC26A8;SLC26A8,GRCh37,cg15674432
444,2,26916399,+,KCNK3,GRCh37,cg01643580
444,11,2466889,-,KCNQ1,GRCh37,cg05418487
444,19,17906309,+,B3GNT3,GRCh37,cg03316864
445,1,158978957,-,IFI16,GRCh37,cg21406461
446,10,72201417,+,NODAL,GRCh37,cg04377282
446,16,31022372,+,STX1B,GRCh37,cg25033993
447,21,42688886,+,FAM3B;FAM3B,GRCh37,cg03158400
448,9,90113813,-,DAPK1,GRCh37,cg15746719
449,10,70847399,+,SRGN,GRCh37,cg27208307
450,12,4699618,+,DYRK4,GRCh37,cg09418321
450,15,58430391,-,AQP9,GRCh37,cg11098259
450,14,23841754,+,IL25;IL25,GRCh37,cg14366598
450,20,6104215,+,FERMT1,GRCh37,cg09539538
450,11,116700556,+,APOC3,GRCh37,cg04048249
450,20,31804901,-,C20orf71;C20orf71,GRCh37,cg01671881
450,17,41836423,+,SOST,GRCh37,cg22264436
450,1,157962475,+,KIRREL,GRCh37,cg26870566
450,17,72709026,-,CD300LF;RAB37;CD300LF,GRCh37,cg15374234
450,12,53228141,-,KRT79,GRCh37,cg23696712
450,11,44324759,+,ALX4,GRCh37,cg23058901
450,13,25255297,-,ATP12A,GRCh37,cg13337662
450,2,27361879,-,C2orf53,GRCh37,cg22937804
450,14,74815316,+,C14orf115;C14orf115,GRCh37,cg21207436
450,1,203145364,-,MYBPH,GRCh37,cg18959422
450,2,26781731,+,OTOF,GRCh37,cg26900154
450,5,150727812,-,SLC36A2,GRCh37,cg10345936
450,4,9782931,-,DRD5,GRCh37,cg21279601
450,7,150884914,+,ASB10;ASB10;ASB10;ASB10,GRCh37,cg26159905
451,14,64761208,+,ESR2;ESR2;ESR2,GRCh37,cg16792632
451,14,64760864,+,ESR2;ESR2;ESR2;ESR2;ESR2,GRCh37,cg11059483
452,21,18985761,-,BTG3;BTG3,GRCh37,cg14380517
453,11,44325687,+,ALX4,GRCh37,cg19358442
453,11,44325960,-,ALX4,GRCh37,cg14144305
453,11,44325823,+,ALX4,GRCh37,cg04549333
453,11,44326260,-,ALX4,GRCh37,cg11260848
454,12,56114155,+,RDH5;RDH5,GRCh37,cg02192520
454,12,56114269,+,RDH5;RDH5,GRCh37,cg17243643
455,10,50816963,+,SLC18A3;CHAT,GRCh37,cg12052765
455,10,50817306,+,SLC18A3;CHAT,GRCh37,cg18592174
456,15,45722919,+,C15orf48;C15orf48;C15orf48,GRCh37,cg08278554
456,19,13885098,-,C19orf53,GRCh37,cg09952620
456,1,154377621,-,IL6R;IL6R,GRCh37,cg25853020
456,11,47290613,+,MADD;MADD;MADD;MADD;MADD;MADD;MADD;MADD;MADD;MADD,GRCh37,cg26365553
456,10,8096650,+,FLJ45983;GATA3;GATA3;FLJ45983,GRCh37,cg06230736
456,4,110651822,+,PLA2G12A,GRCh37,cg16243646
456,1,1142215,-,TNFRSF18;TNFRSF18;TNFRSF18,GRCh37,cg07671976
456,7,29603121,-,PRR15,GRCh37,cg04619381
456,13,115079492,+,ZNF828;ZNF828;ZNF828,GRCh37,cg10893437
456,5,94890411,+,ARSK;TTC37,GRCh37,cg00849368
456,2,200324879,+,SATB2,GRCh37,cg26792080
456,17,4047574,-,ZZEF1;CYB5D2;CYB5D2;CYB5D2,GRCh37,cg07607921
456,20,62338273,-,ZGPAT;ZGPAT;ZGPAT;ARFRP1;ARFRP1,GRCh37,cg04078896
456,1,212457915,+,PPP2R5A,GRCh37,cg23909343
456,5,43515527,-,C5orf34,GRCh37,cg24043192
456,19,13068297,-,GADD45GIP1,GRCh37,cg06192753
456,5,88179260,+,MEF2C;MEF2C;MEF2C,GRCh37,cg08223748
456,14,65289994,-,SPTB;SPTB,GRCh37,cg13593287
456,15,55582890,+,RAB27A,GRCh37,cg10936230
456,19,49588520,+,SNRNP70;SNRNP70,GRCh37,cg05484920
456,8,105601036,+,LRP12;LRP12,GRCh37,cg24098951
456,10,112258394,-,DUSP5,GRCh37,cg25524473
456,19,40324984,+,DYRK1B;DYRK1B;DYRK1B,GRCh37,cg18851831
456,17,34257726,-,RDM1;RDM1;RDM1;RDM1;RDM1;RDM1;RDM1;RDM1;RDM1;RDM1;RDM1;RDM1;RDM1,GRCh37,cg16574065
456,1,156561947,-,APOA1BP,GRCh37,cg16168311
456,21.0,33785434,+,C21orf63,GRCh37,cg27544190
456,19,917707,-,KISS1R,GRCh37,cg09717545
456,12,22198973,-,CMAS,GRCh37,cg16218424
456,7,50861418,-,GRB10,GRCh37,cg20651681
456,5,145316274,-,SH3RF2,GRCh37,cg08017606
456,17,52977769,-,TOM1L1,GRCh37,cg17686885
456,11,82782794,-,RAB30;RAB30,GRCh37,cg21373526
456,9,97401509,-,FBP1;FBP1,GRCh37,cg26759551
456,20,17511410,+,BFSP1;BFSP1,GRCh37,cg23651728
456,17,54671575,+,NOG;NOG,GRCh37,cg05421673
456,18,59992252,-,TNFRSF11A,GRCh37,cg07888234
456,7,115850382,+,TES,GRCh37,cg24621354
456,19,1241377,-,ATP5D;ATP5D,GRCh37,cg00067471
456,22.0,42466345,+,NAGA;NAGA,GRCh37,cg27187881
456,4,48908469,-,OCIAD2;OCIAD2,GRCh37,cg04961553
456,4,48908902,-,OCIAD2;OCIAD2,GRCh37,cg08942875
456,10,115999021,-,VWA2;VWA2,GRCh37,cg13084429
456,16,21610370,+,METTL9;METTL9,GRCh37,cg08441546
456,1,236306311,+,GPR137B,GRCh37,cg26534508
456,11,34460107,+,CAT,GRCh37,cg20234170
456,2,28112917,-,BRE;BRE;BRE;BRE;RBKS;BRE;LOC100302650,GRCh37,cg03177025
456,20,23343673,-,GZF1,GRCh37,cg01539186
456,15,66678782,-,MAP2K1,GRCh37,cg14155397
456,13,80915465,+,SPRY2,GRCh37,cg22417789
456,22.0,30279922,+,MTMR3;MTMR3;MTMR3,GRCh37,cg03538345
456,6,35420754,+,FANCE,GRCh37,cg03030757
456,21,44394797,-,PKNOX1,GRCh37,cg14204791
456,4,178230851,-,NEIL3,GRCh37,cg09475757
456,1,160492861,+,SLAMF6,GRCh37,cg10671066
456,17,6947200,+,SLC16A11;SLC16A11,GRCh37,cg15639045
456,4,2820468,-,SH3BP2;SH3BP2;SH3BP2;SH3BP2,GRCh37,cg08822227
456,3,45187717,+,CDCP1;CDCP1,GRCh37,cg24975222
456,18,65184398,+,DSEL,GRCh37,cg25010118
456,10,49813412,+,ARHGAP22,GRCh37,cg20506783
456,7,82072779,-,CACNA2D1;CACNA2D1,GRCh37,cg04008901
456,1,11750663,-,MAD2L2;C1orf187,GRCh37,cg13796218
456,4,42659645,-,ATP8A1;ATP8A1,GRCh37,cg25309588
456,6,35265555,+,DEF6,GRCh37,cg07294541
456,9,35733370,-,CREB3;TLN1,GRCh37,cg10822116
456,16,31213883,-,PYCARD;PYCARD,GRCh37,cg05361373
456,19,1238229,-,C19orf26,GRCh37,cg26667975
456,6,24495846,+,ALDH5A1;ALDH5A1,GRCh37,cg25181693
456,1,87597544,-,LOC339524;LOC339524;LOC339524;LOC339524;LOC339524,GRCh37,cg25428451
456,1,64971188,-,CACHD1,GRCh37,cg19304410
456,10,106014296,-,GSTO1,GRCh37,cg00646492
456,3,38180840,+,MYD88,GRCh37,cg08548888
456,12,56075367,-,METTL7B;METTL7B,GRCh37,cg15702701
456,2,113342262,-,CHCHD5,GRCh37,cg14318370
456,3,61236652,-,FHIT;FHIT,GRCh37,cg22215728
456,18,48345906,+,MRO;MRO;MRO;MRO,GRCh37,cg27318546
456,16,29801602,+,KIF22,GRCh37,cg12688670
456,4,149363715,-,NR3C2;NR3C2,GRCh37,cg20140452
456,6,107349290,-,C6orf203;C6orf203;C6orf203,GRCh37,cg26665419
456,10,79789416,+,POLR3A,GRCh37,cg24469803
456,1,162760659,-,HSD17B7,GRCh37,cg07774025
456,8,72274598,-,EYA1,GRCh37,cg13043862
456,7,124406188,+,GPR37,GRCh37,cg26141626
456,11,62379499,+,ROM1;EML3,GRCh37,cg07533529
456,3,183736171,-,ABCC5;ABCC5,GRCh37,cg16378421
456,12,30849114,+,IPO8,GRCh37,cg19722847
456,3,195634965,+,TNK2,GRCh37,cg21008828
456,8,23386014,+,SLC25A37,GRCh37,cg14755852
456,10,102295549,-,HIF1AN,GRCh37,cg07510080
456,3,169381522,+,MECOM;MECOM,GRCh37,cg13243219
456,11,35440525,-,SLC1A2;SLC1A2,GRCh37,cg09017174
456,6,30710766,+,FLOT1,GRCh37,cg12478978
456,9,133971548,-,AIF1L,GRCh37,cg25954354
456,2,238768074,-,RAMP1,GRCh37,cg27567335
456,8,75234269,-,JPH1,GRCh37,cg23599843
456,3,32543628,+,CMTM6,GRCh37,cg08729012
456,1,209979377,+,IRF6;IRF6,GRCh37,cg10074409
456,17,48134226,-,ITGA3;ITGA3,GRCh37,cg14737977
457,10,96523347,+,CYP2C19,GRCh37,cg04189838
457,18,59157879,-,CDH20,GRCh37,cg18509435
457,3,191001413,+,UTS2D,GRCh37,cg11158430
457,1,244007281,-,AKT3;AKT3,GRCh37,cg22637834
457,2,167168190,+,SCN9A,GRCh37,cg19320612
457,6,132891505,-,TAAR6,GRCh37,cg12813797
457,8,105351661,-,TM7SF4,GRCh37,cg08657449
457,18,66504389,+,CCDC102B;CCDC102B,GRCh37,cg03686067
457,1,70225863,+,LRRC7;LRRC7,GRCh37,cg10576828
457,18,11688011,-,GNAL,GRCh37,cg14371329
457,1,186429967,+,PDC;MIR548F1,GRCh37,cg12723191
457,8,88886339,+,DCAF4L2,GRCh37,cg17703554
458,9,75766294,+,ANXA1,GRCh37,cg01894895
458,12,10460612,-,KLRD1;KLRD1;KLRD1;KLRD1;KLRD1,GRCh37,cg21474838
458,12,10961076,-,TAS2R8,GRCh37,cg08507270
458,4,71337664,-,MUC7;MUC7;MUC7,GRCh37,cg03970609
458,4,122085241,+,TNIP3;TNIP3,GRCh37,cg20950277
458,6,87804765,+,CGA;CGA,GRCh37,cg07981495
458,8,24242109,-,ADAMDEC1;ADAMDEC1;ADAMDEC1,GRCh37,cg13059335
458,6,53883888,+,C6orf142,GRCh37,cg13281868
458,4,100432266,+,C4orf17;C4orf17,GRCh37,cg27563778
458,7,43351538,+,HECW1,GRCh37,cg21070087
458,1,171217555,-,FMO1,GRCh37,cg15514848
458,12,87232511,-,MGAT4C;MGAT4C,GRCh37,cg18344063
458,9,4151723,+,GLIS3;GLIS3,GRCh37,cg09386615
458,20,7921059,+,HAO1,GRCh37,cg25157408
458,4,70861449,+,STATH;STATH,GRCh37,cg00436282
458,13,49281222,-,CYSLTR2,GRCh37,cg16886259
458,10,118305409,-,PNLIP,GRCh37,cg11812202
458,2,40656665,-,SLC8A1;SLC8A1;SLC8A1;SLC8A1,GRCh37,cg10807560
458,9,114090261,-,OR2K2,GRCh37,cg09931793
458,2,183386928,+,PDE1A;PDE1A,GRCh37,cg26465666
458,4,177190321,-,ASB5,GRCh37,cg12182525
458,6,66205227,-,EYS;EYS;EYS,GRCh37,cg07465609
458,7,20687223,-,ABCB5;ABCB5;ABCB5;ABCB5;ABCB5;ABCB5;ABCB5,GRCh37,cg22066521
459,3,46282766,-,CCR3;CCR3;CCR3;CCR3,GRCh37,cg04111761
459,2,113670582,-,IL1F7;IL1F7;IL1F7;IL1F7;IL1F7;IL1F7;IL1F7;IL1F7,GRCh37,cg10269439
459,12,52761416,+,KRT85,GRCh37,cg21518208
460,17,76976352,-,LGALS3BP,GRCh37,cg11105610
460,8,38326730,+,FGFR1;FGFR1;FGFR1;FGFR1;FGFR1;FGFR1;FGFR1,GRCh37,cg15791248
460,1,114522670,+,OLFML3,GRCh37,cg17253459
460,9,129884457,+,ANGPTL2;RALGPS1,GRCh37,cg11213150
460,4,52905025,+,SGCB,GRCh37,cg12489960
460,11,119019384,-,ABCG4;ABCG4,GRCh37,cg03222066
460,11,62457325,+,LRRN4CL,GRCh37,cg25620220
460,3,50360097,-,HYAL2;HYAL2;HYAL2,GRCh37,cg00840516
460,3,42947267,+,ZNF662;ZNF662,GRCh37,cg26523005
460,11,61248887,-,C11orf66;C11orf66,GRCh37,cg02717866
460,18,10454085,+,APCDD1,GRCh37,cg19264571
460,10,88428257,-,LDB3;LDB3;LDB3;LDB3;LDB3;LDB3;LDB3,GRCh37,cg08300860
460,21,43135854,-,C21orf129;NCRNA00112,GRCh37,cg13520715
461,12,5603542,+,NTF3;NTF3,GRCh37,cg04740359
462,7,141957702,+,TRYX3,GRCh37,cg14153740
463,4,166793789,+,TLL1,GRCh37,cg00498604
464,19,55385587,+,FCAR;FCAR;FCAR;FCAR;FCAR;FCAR;FCAR;FCAR;FCAR;FCAR;FCAR;FCAR;FCAR;FCAR;FCAR;FCAR;FCAR;FCAR,GRCh37,cg05252264
465,12,56625109,-,SLC39A5;SLC39A5,GRCh37,cg03343942
465,19,54761090,-,LILRB5;LILRB5;LILRB5;LILRB5;LILRB5;LILRB5,GRCh37,cg08684473
465,19,54761127,-,LILRB5;LILRB5;LILRB5;LILRB5;LILRB5;LILRB5,GRCh37,cg20649991
465,19,57630691,+,USP29,GRCh37,cg16547341
465,19,55048290,+,KIR3DX1,GRCh37,cg25033144
466,1,153538406,-,S100A2,GRCh37,cg13997435
466,1,203155737,-,CHI3L1,GRCh37,cg03625911
466,17,39769012,+,KRT16;KRT16,GRCh37,cg27478659
467,16,6068835,-,A2BP1;A2BP1,GRCh37,cg19378133
467,16,6068831,+,A2BP1;A2BP1,GRCh37,cg03586879
468,9,135042030,-,NTNG2,GRCh37,cg08108641
469,13,108867111,+,LIG4;LIG4;LIG4;LIG4,GRCh37,cg07403350
470,1,47882314,+,FOXE3,GRCh37,cg18815943
471,2,176981654,+,HOXD10,GRCh37,cg03918304
472,5,173316748,+,CPEB4,GRCh37,cg03032025
473,7,102553293,-,LRRC17;FBXL13;LRRC17;FBXL13,GRCh37,cg02724472
473,7,102553432,+,LRRC17;FBXL13;LRRC17;LRRC17;LRRC17;FBXL13,GRCh37,cg20442697
474,9,113801320,-,LPAR1;LPAR1,GRCh37,cg14563260
475,8,22960385,-,TNFRSF10C,GRCh37,cg16175263
475,8,22961007,-,TNFRSF10C,GRCh37,cg01407244
475,8,22960461,+,TNFRSF10C;TNFRSF10C,GRCh37,cg27090216
476,20,36323340,+,CTNNBL1,GRCh37,cg17974185
477,5,76012591,+,F2R,GRCh37,cg11591325
478,21.0,33957290,+,TCP10L,GRCh37,cg20857253
479,6,32119685,-,PRRT1;PRRT1,GRCh37,cg13035743
480,2,220173591,+,PTPRN,GRCh37,cg06971096
481,18,45458243,+,SMAD2;SMAD2;SMAD2,GRCh37,cg03294491
482,3,37033625,-,EPM2AIP1;MLH1,GRCh37,cg24607398
482,3,37033632,-,EPM2AIP1;MLH1,GRCh37,cg10990993
483,13,36050993,+,MIR548F5;NBEA;MAB21L1,GRCh37,cg12029639
483,13,36050788,+,MAB21L1;MIR548F5;NBEA;MAB21L1,GRCh37,cg05093686
484,2,10183013,+,KLF11,GRCh37,cg02983451
485,3,135684163,+,PPP2R3A,GRCh37,cg07038400
486,10,13043421,-,CCDC3,GRCh37,cg22750254
487,3,113465485,+,ATP6V1A;NAA50,GRCh37,cg02433905
487,6,163835117,+,QKI;QKI;QKI;QKI,GRCh37,cg25157874
487,22.0,41697701,+,ZC3H7B;ZC3H7B,GRCh37,cg21712678
487,12,125399097,+,UBC,GRCh37,cg09930017
487,11,16759900,-,C11orf58;C11orf58,GRCh37,cg09555217
487,11,108093220,+,ATM;NPAT,GRCh37,cg03165700
487,15,41851964,+,TYRO3,GRCh37,cg17208363
487,12,8185024,-,FOXJ2,GRCh37,cg12958836
487,6,31587888,-,BAT2,GRCh37,cg04762213
487,1,155827044,+,GON4L;GON4L,GRCh37,cg20969242
487,8,99837480,-,STK3,GRCh37,cg27147306
487,1,36396265,-,EIF2C3;EIF2C3,GRCh37,cg14308291
487,18,2571333,+,NDC80;METTL4;METTL4,GRCh37,cg16932672
487,1,117113618,+,CD58;CD58;CD58;CD58;CD58,GRCh37,cg11160820
487,17,56430170,-,SUPT4H1,GRCh37,cg14996805
487,1,27816456,+,WASF2,GRCh37,cg19784449
487,1,11724238,-,FBXO6;FBXO6,GRCh37,cg06963844
487,15,56286336,-,NEDD4,GRCh37,cg02198044
487,4,175443243,+,HPGD;HPGD;HPGD,GRCh37,cg06366981
487,7,123175371,-,IQUB,GRCh37,cg04330084
487,19,4066818,+,ZBTB7A,GRCh37,cg10561472
487,19,4066815,+,ZBTB7A;ZBTB7A,GRCh37,cg10633491
487,1,235491708,+,GGPS1;GGPS1;ARID4B;ARID4B;GGPS1,GRCh37,cg06212607
487,10,123358284,+,FGFR2;FGFR2;FGFR2;FGFR2;FGFR2,GRCh37,cg09772154
487,11,126226007,-,ST3GAL4,GRCh37,cg01234063
487,20,33264828,+,PIGU,GRCh37,cg18346038
487,19,52531438,+,ZNF614,GRCh37,cg03293882
487,6,160211355,-,TCP1;TCP1;MRPL18,GRCh37,cg25282410
487,10,97050690,-,PDLIM1;PDLIM1,GRCh37,cg20362772
487,2,219524278,-,BCS1L;ZNF142;BCS1L,GRCh37,cg25859012
487,1,17866686,-,ARHGEF10L,GRCh37,cg05380570
487,12,109250901,+,SSH1;SSH1,GRCh37,cg25149927
487,9,135282081,+,TTF1,GRCh37,cg14176475
487,12,93861147,-,MRPL42;MRPL42;MRPL42,GRCh37,cg20425293
487,15,59949922,-,GTF2A2,GRCh37,cg17563769
487,22.0,21356784,+,FLJ39582;THAP7;FLJ39582;THAP7,GRCh37,cg17353431
487,15,82338527,+,MEX3B,GRCh37,cg01578341
487,2,242295487,+,FARP2,GRCh37,cg10021735
487,17,48785406,-,ANKRD40,GRCh37,cg27465858
487,17,62493127,+,POLG2;POLG2,GRCh37,cg04009666
487,2,183902842,-,NCKAP1;NCKAP1;NCKAP1;NCKAP1,GRCh37,cg07823935
487,14,35452441,-,SRP54;SRP54,GRCh37,cg10494773
487,12,58087776,-,OS9;OS9;OS9;OS9;OS9;OS9;OS9;OS9,GRCh37,cg18357645
487,8,27950725,-,ELP3;ELP3,GRCh37,cg18249244
487,22.0,42475450,-,C22orf32,GRCh37,cg07811498
487,9,91933906,+,SECISBP2,GRCh37,cg04095468
487,2,163174896,-,IFIH1;IFIH1,GRCh37,cg07348311
487,7,105172403,+,RINT1,GRCh37,cg14427173
487,9,35665522,+,C9orf100,GRCh37,cg22880820
487,5,43515152,+,C5orf34;C5orf34,GRCh37,cg26088104
487,14,56047964,-,C14orf33;KTN1;KTN1;KTN1;KTN1,GRCh37,cg24579896
487,8,54934346,+,TCEA1;TCEA1,GRCh37,cg12737801
487,9,110044887,+,RAD23B,GRCh37,cg25483839
487,17,28804347,-,GOSR1;GOSR1;GOSR1,GRCh37,cg19098314
487,17,18161617,+,FLII,GRCh37,cg12997958
487,19,44455454,-,ZNF221;ZNF221,GRCh37,cg03227078
487,17,5323140,+,RPAIN;RPAIN;RPAIN;RPAIN;RPAIN;RPAIN;RPAIN;RPAIN;RPAIN;RPAIN;RPAIN;RPAIN;RPAIN;NUP88;RPAIN;RPAIN;RPAIN;RPAIN;RPAIN;RPAIN;RPAIN,GRCh37,cg17505757
487,6,42928495,-,GNMT,GRCh37,cg24101359
487,2,211341572,+,LANCL1;CPS1;LANCL1;LANCL1,GRCh37,cg07063745
487,1,229478617,-,C1orf96,GRCh37,cg23274123
487,8,89339473,-,MMP16;MMP16;MMP16;MMP16,GRCh37,cg16852892
487,22.0,26908677,-,TFIP11;TFIP11,GRCh37,cg03531512
487,8,134308734,+,NDRG1;NDRG1,GRCh37,cg09102409
487,15,72978165,+,BBS4;HIGD2B,GRCh37,cg25996835
487,12,102091054,-,CHPT1,GRCh37,cg12924262
487,20,45523137,-,EYA2;EYA2,GRCh37,cg23214267
487,7,1126423,+,GPER;C7orf50;C7orf50;GPER;C7orf50;GPER,GRCh37,cg16127845
487,3,25831834,-,NGLY1;OXSM;OXSM;OXSM,GRCh37,cg06122080
487,1,11866389,-,CLCN6;CLCN6;CLCN6;CLCN6;MTHFR,GRCh37,cg23226134
487,12,45270886,+,NELL2;NELL2;NELL2;NELL2;NELL2,GRCh37,cg06110728
487,17,66454311,+,WIPI1,GRCh37,cg25661781
487,11,75110460,+,SNORD15A;RPS3,GRCh37,cg22368307
487,3,125313773,+,OSBPL11;OSBPL11,GRCh37,cg12373072
487,5,149829590,-,RPS14;RPS14;RPS14,GRCh37,cg07155664
487,5,173315549,+,CPEB4;CPEB4,GRCh37,cg24016044
487,16,15951224,-,MYH11;MYH11;MYH11;MYH11,GRCh37,cg15488251
487,20,24973756,+,C20orf3,GRCh37,cg26195577
487,8,124429417,-,WDYHV1,GRCh37,cg12646585
487,12,49259415,+,RND1,GRCh37,cg24928378
487,4,88312323,+,HSD17B11;HSD17B11,GRCh37,cg15641998
487,2,233415006,-,TIGD1;TIGD1;EIF4E2,GRCh37,cg05593479
487,14,94547826,-,DDX24;IFI27L1;IFI27L1,GRCh37,cg26240433
487,11,64578521,-,MEN1;MEN1;MEN1;MEN1;MEN1;MEN1;MEN1;MEN1;MEN1,GRCh37,cg16668394
487,1,38157962,-,CDCA8,GRCh37,cg16341373
488,7,142982463,-,TMEM139;TMEM139,GRCh37,cg08261841
489,9,115819364,+,ZFP37,GRCh37,cg03454353
489,9,115819190,+,ZFP37,GRCh37,cg17749443
490,19,6739192,-,TRIP10,GRCh37,cg02085507
491,12,78224480,+,NAV3,GRCh37,cg20217872
492,6,152958489,+,SYNE1;SYNE1;SYNE1,GRCh37,cg26620959
493,1,68512539,+,DIRAS3,GRCh37,cg03641225
493,1,68513063,+,DIRAS3,GRCh37,cg21808053
494,13,93879361,+,GPC6;GPC6,GRCh37,cg16792800
495,11,26743425,+,SLC5A12;SLC5A12,GRCh37,cg05953243
496,8,13372132,+,DLC1;DLC1;DLC1;DLC1,GRCh37,cg05226008
497,17,42083195,-,PYY;NAGS,GRCh37,cg26796190
497,17,42083193,-,PYY;NAGS,GRCh37,cg09467501
498,2,202098951,-,CASP8;CASP8;CASP8;CASP8,GRCh37,cg26799474
499,1,38230827,+,EPHA10;EPHA10,GRCh37,cg07447922
500,5,140501117,+,PCDHB4,GRCh37,cg12990410
501,7,95026211,+,PON3,GRCh37,cg24750391
501,7,95026181,-,PON3,GRCh37,cg10329418
502,4,41750466,+,PHOX2B,GRCh37,cg24719601
503,17,32580869,-,CCL2,GRCh37,cg21109025
504,3,14693200,-,C3orf19,GRCh37,cg18357098
504,20,36155925,+,BLCAP;BLCAP;BLCAP;BLCAP,GRCh37,cg23594876
504,17,40611017,+,ATP6V0A1;ATP6V0A1;ATP6V0A1,GRCh37,cg20082357
504,19,58193231,-,ZNF551,GRCh37,cg01644850
504,3,52740234,+,GLT8D1;SPCS1;GLT8D1,GRCh37,cg20141751
504,13,48669116,+,MED4,GRCh37,cg19764399
504,1,28415004,+,EYA3,GRCh37,cg22760576
504,6,41040659,-,NFYA;NFYA;C6orf130,GRCh37,cg22788223
504,3,50374929,-,RASSF1;RASSF1;RASSF1;RASSF1,GRCh37,cg11035216
504,2,96971181,+,SNRNP200;SNRNP200,GRCh37,cg10688941
504,17,48072565,+,DLX3;DLX3,GRCh37,cg10688991
504,8,61429827,-,RAB2A,GRCh37,cg17176395
504,9,111775564,+,CTNNAL1,GRCh37,cg15459742
504,1,41445680,-,CTPS,GRCh37,cg02668729
504,4,6675881,-,LOC93622,GRCh37,cg15397506
504,14,74353709,+,ZNF410,GRCh37,cg12152256
504,15,98503793,+,ARRDC4,GRCh37,cg09149294
504,11,18548302,+,TSG101,GRCh37,cg01360768
504,8,136469780,-,KHDRBS3;KHDRBS3,GRCh37,cg19791277
504,17,19551663,+,ALDH3A2;ALDH3A2,GRCh37,cg22767735
504,5,138089656,-,CTNNA1,GRCh37,cg07874155
504,5,6714666,+,POLS,GRCh37,cg20149766
504,5,10354563,-,MARCH6,GRCh37,cg08103676
504,11,71164265,+,NADSYN1;NADSYN1,GRCh37,cg07864189
504,11,64902564,+,SYVN1;SYVN1,GRCh37,cg26868799
504,11,119039430,-,NLRX1;NLRX1,GRCh37,cg26872475
504,11,27528489,-,LIN7C;BDNFOS,GRCh37,cg15486645
504,13,31039916,+,HMGB1,GRCh37,cg11047295
504,9,19380496,-,RPS6,GRCh37,cg16925486
504,22.0,39190189,+,DNAL4,GRCh37,cg09783309
504,21,35013970,+,ITSN1;ITSN1;CRYZL1,GRCh37,cg06502510
504,12,56360787,+,CDK2;CDK2;CDK2;SILV;CDK2,GRCh37,cg22781397
504,4,6271658,+,WFS1;WFS1;WFS1;WFS1,GRCh37,cg09785172
504,16,31519439,-,C16orf58,GRCh37,cg27196129
504,16,14014435,-,ERCC4,GRCh37,cg10784067
504,21,46359691,+,C21orf67;C21orf67;C21orf70,GRCh37,cg03622689
504,19,13885320,+,C19orf53,GRCh37,cg20084646
504,7,74072514,-,GTF2I;GTF2I;GTF2I;GTF2I;GTF2I,GRCh37,cg07858745
504,17,59489852,+,C17orf82,GRCh37,cg20235051
504,3,193853892,+,HES1,GRCh37,cg06414605
504,16,2301222,-,DCI,GRCh37,cg05824432
504,19,10947021,+,TMED1,GRCh37,cg20193288
504,14,74318774,+,PTGR2;PTGR2;PTGR2;PTGR2,GRCh37,cg02275830
504,6,32908901,-,HLA-DMB,GRCh37,cg10714284
504,1,202777295,-,KDM5B,GRCh37,cg00528052
504,13,32605611,-,FRY;FRY,GRCh37,cg16941656
504,3,196295296,+,WDR53;FBXO45,GRCh37,cg09817114
504,1,28969554,-,TAF12;TAF12;TAF12;TAF12,GRCh37,cg20117778
504,1,32573640,-,KPNA6,GRCh37,cg10694959
504,11,108338162,-,C11orf65,GRCh37,cg02420102
504,2,242041544,-,MTERFD2;MTERFD2;MTERFD2;MTERFD2,GRCh37,cg11034784
504,12,112857226,+,PTPN11,GRCh37,cg22682953
504,1,109969159,-,PSMA5,GRCh37,cg23637943
504,6,123110863,+,SMPDL3A,GRCh37,cg02275989
504,20,2821816,-,VPS16;FAM113A;VPS16,GRCh37,cg07884474
504,8,107669856,+,OXR1;OXR1,GRCh37,cg17176732
504,17,35767334,+,TADA2A;TADA2A;ACACA;TADA2A;ACACA;TADA2A;TADA2A,GRCh37,cg20139214
504,17,76356228,+,SOCS3,GRCh37,cg15502888
504,11,11643697,+,GALNTL4,GRCh37,cg22529861
504,19,12807494,+,FBXW9,GRCh37,cg05868316
504,22.0,46372583,+,WNT7B,GRCh37,cg15507817
504,1,24969970,-,SRRM1,GRCh37,cg10698549
504,11,65338422,-,FAM89B;FAM89B;FAM89B;SSSCA1,GRCh37,cg22552669
504,22.0,41346948,-,RBX1,GRCh37,cg03614664
504,1,156182956,-,PMF1,GRCh37,cg27165888
504,16,3070249,-,TNFRSF12A,GRCh37,cg15460516
504,14,54908289,-,CNIH,GRCh37,cg27144162
504,11,110167749,-,RDX,GRCh37,cg01015879
504,4,140222646,+,NAA15,GRCh37,cg20184165
504,8,30585046,+,GSR,GRCh37,cg07899425
504,6,33176613,+,RING1,GRCh37,cg12256228
504,9,94185698,+,NFIL3,GRCh37,cg10708828
504,2,45837811,+,SRBD1,GRCh37,cg14832358
504,1,43148058,-,YBX1,GRCh37,cg00650876
504,17,42263946,-,TMUB2;TMUB2;C17orf65;TMUB2;C17orf65,GRCh37,cg15517965
504,10,101191157,+,GOT1,GRCh37,cg06428195
504,12,7014090,+,LRRC23;LRRC23;LRRC23;LRRC23,GRCh37,cg15411984
504,11,94706512,+,CWC15;KDM4D,GRCh37,cg20096208
504,4,146403418,+,SMAD1;SMAD1,GRCh37,cg06440646
504,1,9969647,+,CTNNBIP1;CTNNBIP1,GRCh37,cg10740965
504,8,66556444,-,MTFR1;MTFR1,GRCh37,cg23619829
504,9,22009355,-,CDKN2B;CDKN2B;CDKN2BAS,GRCh37,cg02400248
504,16,15982174,-,C16orf63,GRCh37,cg06490162
504,9,37465023,+,ZBTB5,GRCh37,cg26850145
504,11,68608813,+,CPT1A;CPT1A,GRCh37,cg09806934
504,5,139927252,-,EIF4EBP3;EIF4EBP3;ANKHD1-EIF4EBP3,GRCh37,cg10731022
504,9,130212635,-,RPL12;LRSAM1;LRSAM1,GRCh37,cg05840553
504,13,36920662,+,SPG20;SPG20;SPG20;SPG20,GRCh37,cg22609576
504,7,23571393,+,TRA2A,GRCh37,cg06452064
504,19,5680756,-,HSD11B1L;HSD11B1L;HSD11B1L;HSD11B1L;C19orf70;C19orf70;HSD11B1L;HSD11B1L,GRCh37,cg22563182
504,21,26979850,+,MRPL39;MRPL39,GRCh37,cg09809950
504,6,71377855,-,SMAP1;SMAP1,GRCh37,cg22716127
504,6,89790920,+,PNRC1,GRCh37,cg01570769
504,9,107509821,-,NIPSNAP3A,GRCh37,cg20109151
504,1,183604774,+,ARPC5;RGL1,GRCh37,cg27155653
504,15,39873304,+,THBS1;THBS1,GRCh37,cg22580173
504,9,130374109,-,STXBP1;STXBP1,GRCh37,cg00560119
504,14,50160307,-,KLHDC1,GRCh37,cg15365950
504,2,159314016,+,CCDC148;CCDC148;PKP4;PKP4,GRCh37,cg19840387
504,2,183989218,-,NUP35,GRCh37,cg07990489
504,12,70133421,-,RAB3IP;RAB3IP;RAB3IP;RAB3IP;RAB3IP;RAB3IP,GRCh37,cg23197881
504,11,10879105,+,ZBED5;ZBED5,GRCh37,cg01611640
504,17,38804199,+,SMARCE1,GRCh37,cg08048656
504,10,69834491,+,HERC4;HERC4,GRCh37,cg06134936
504,9,5437898,+,C9orf46,GRCh37,cg01036173
504,3,196695938,+,PIGZ,GRCh37,cg05938285
504,10,121355708,+,TIAL1;TIAL1,GRCh37,cg23182539
504,17,12921393,+,ELAC2;ELAC2;ELAC2,GRCh37,cg08011170
504,20,16553861,+,KIF16B,GRCh37,cg23455897
504,9,33001517,+,APTX;APTX,GRCh37,cg23234510
504,1,205290905,-,NUAK2,GRCh37,cg05938725
504,6,111136979,+,CDK19,GRCh37,cg23235603
504,3,187463312,-,BCL6;BCL6,GRCh37,cg01057962
504,8,71316013,+,NCOA2;NCOA2,GRCh37,cg23239842
504,2,209131508,+,PIKFYVE;PIKFYVE,GRCh37,cg02241586
504,10,69645012,-,SIRT1;SIRT1;SIRT1,GRCh37,cg03251249
504,1,203274660,+,BTG2,GRCh37,cg10935550
504,8,127570165,+,FAM84B,GRCh37,cg23179168
504,10,33247604,-,ITGB1;ITGB1,GRCh37,cg15147545
504,12,49504767,-,LMBR1L,GRCh37,cg17066382
504,16,27561559,+,GTF3C1;KIAA0556,GRCh37,cg09725013
504,11,78128445,-,GAB2,GRCh37,cg23109191
504,17,74261128,-,FAM100B,GRCh37,cg23110832
504,22.0,32808177,-,C22orf28;C22orf28,GRCh37,cg15175577
504,15,25683251,-,UBE3A,GRCh37,cg12177023
504,14,100259804,+,EML1;EML1;EML1;EML1,GRCh37,cg03673687
504,16,285158,-,ITFG3,GRCh37,cg12197254
504,2,98280693,-,ACTR1B,GRCh37,cg23123262
504,1,23810250,+,ASAP3;ASAP3,GRCh37,cg17051623
504,19,37663705,-,ZNF585A;ZNF585A,GRCh37,cg10911660
504,19,16682794,-,SLC35E1,GRCh37,cg23134169
504,6,32145904,+,AGPAT1;RNF5P1;RNF5,GRCh37,cg08049198
504,1,27216793,-,GPN2;GPN2,GRCh37,cg23489497
504,13,41768489,+,KBTBD7;KBTBD7,GRCh37,cg09712527
504,12,27091905,-,FGFR1OP2;C12orf11,GRCh37,cg17061853
504,6,24667490,+,ACOT13;TTRAP;ACOT13;ACOT13;ACOT13,GRCh37,cg06171242
504,6,27440806,+,ZNF184;ZNF184,GRCh37,cg01371258
504,6,111927312,-,TRAF3IP2;TRAF3IP2;TRAF3IP2;TRAF3IP2;TRAF3IP2,GRCh37,cg26904406
504,17,77752070,-,CBX2;CBX2,GRCh37,cg06162003
504,21.0,46707781,-,POFUT2;LOC642852;POFUT2;POFUT2,GRCh37,cg15094912
504,12,49504308,+,LMBR1L,GRCh37,cg05919661
504,20,62496256,+,TPD52L2;TPD52L2;TPD52L2;TPD52L2;TPD52L2;TPD52L2,GRCh37,cg09655559
504,22.0,43583797,+,TTLL12,GRCh37,cg06110365
504,3,142167057,+,XRN1;XRN1,GRCh37,cg03245962
504,10,1095554,+,IDI1,GRCh37,cg08020381
504,1,10535585,-,PEX14,GRCh37,cg15031780
504,17,2615186,+,KIAA0664,GRCh37,cg26932976
504,15,56657478,-,TEX9,GRCh37,cg05964373
504,16,57126807,-,CPNE2,GRCh37,cg03713346
504,1,27114745,-,PIGV;PIGV,GRCh37,cg10971346
504,6,38671019,-,GLO1,GRCh37,cg26916927
504,14,20881570,-,TEP1;TEP1,GRCh37,cg15035713
504,14,97264166,+,VRK1,GRCh37,cg10971750
504,14,24712029,-,TINF2;TINF2,GRCh37,cg17109273
504,2,209130700,-,PIKFYVE;PIKFYVE,GRCh37,cg01046174
504,1,160255030,+,PEX19;PEX19,GRCh37,cg14964658
504,9,130699885,+,DPM2,GRCh37,cg09665592
504,10,94334227,-,IDE,GRCh37,cg08034216
504,4,77870882,-,SEPT11,GRCh37,cg23408913
504,12,53626390,-,RARG,GRCh37,cg12820608
504,10,104613928,-,C10orf32;C10orf32,GRCh37,cg05959392
504,6,123110763,-,SMPDL3A,GRCh37,cg09657265
504,1,44115804,-,KDM4A;KDM4A,GRCh37,cg10968649
504,2,60983194,+,PAPOLG,GRCh37,cg12180123
504,16,69373498,+,COG8;NIP7;COG8,GRCh37,cg23445511
504,1,169863210,-,SCYL3;SCYL3,GRCh37,cg23258063
504,19,18433592,+,LSM4,GRCh37,cg15085805
504,16,30194416,+,CORO1A,GRCh37,cg03691812
504,1,46599002,-,PIK3R3;PIK3R3,GRCh37,cg15076218
504,6,41889049,+,MED20;BYSL;BYSL,GRCh37,cg08011328
504,6,99395318,-,FBXL4,GRCh37,cg23269225
504,12,53574537,-,ZNF740;CSAD;ZNF740,GRCh37,cg12810190
504,1,27693341,-,MAP3K6,GRCh37,cg23299127
504,9,116163386,+,ALAD,GRCh37,cg02027010
504,8,87520844,+,FAM82B,GRCh37,cg01244871
504,2,208576279,+,CCNYL1;CCNYL1;CCNYL1;CCNYL1,GRCh37,cg14951734
504,20,17948694,+,C20orf72;SNX5;SNX5,GRCh37,cg06061892
504,1,27998883,+,IFI6;IFI6;IFI6,GRCh37,cg10957680
504,3,141456882,-,RNF7;RNF7,GRCh37,cg10958402
504,11,45826681,-,SLC35C1;SLC35C1;SLC35C1;SLC35C1,GRCh37,cg17092062
504,2,85830136,-,TMEM150A;TMEM150A;TMEM150A,GRCh37,cg19913889
504,15,50716322,-,USP8;USP8;USP8,GRCh37,cg19911362
504,3,48487808,+,ATRIP;ATRIP,GRCh37,cg02922563
504,14,45431411,-,KLHL28;FAM179B,GRCh37,cg01938354
504,7,97736138,-,LMTK2,GRCh37,cg23242017
504,19,35739448,-,LSR;LSR;LSR,GRCh37,cg15185001
504,6,143381675,+,AIG1,GRCh37,cg15185286
504,8,67579782,-,VCPIP1,GRCh37,cg17045009
504,1,145549189,-,ANKRD35,GRCh37,cg10823926
504,12,133405120,-,GOLGA3;GOLGA3,GRCh37,cg02403232
504,3,122921198,-,SEC22A,GRCh37,cg09618682
504,3,9885775,-,RPUSD3;RPUSD3,GRCh37,cg10829427
504,16,755793,-,FBXL16;FBXL16,GRCh37,cg27088655
504,20,37591298,-,DHX35,GRCh37,cg07955828
504,19,7554074,+,PEX11G,GRCh37,cg17159537
504,5,139781174,-,ANKHD1;ANKHD1-EIF4EBP3;ANKHD1;ANKHD1,GRCh37,cg08918431
504,20,30865502,-,KIF3B;KIF3B,GRCh37,cg01951308
504,1,109234813,-,PRPF38B,GRCh37,cg22949637
504,11,30344937,+,C11orf46,GRCh37,cg12743894
504,2,55746762,+,CCDC104;CCDC104,GRCh37,cg17158059
504,10,90640042,-,STAMBPL1;STAMBPL1,GRCh37,cg17155596
504,2,220071103,+,ZFAND2B,GRCh37,cg15278948
504,6,17600386,+,FAM8A1,GRCh37,cg27087525
504,5,41925229,-,FBXO4;FBXO4,GRCh37,cg10850119
504,5,171711562,-,UBTD2,GRCh37,cg00076645
504,19,11485436,+,C19orf39,GRCh37,cg12754733
504,1,38061737,+,GNL2,GRCh37,cg17004373
504,11,66611241,+,RCE1;RCE1,GRCh37,cg20052411
504,1,54519091,-,TMEM59;C1orf83;TMEM59,GRCh37,cg15309223
504,6,139094587,-,CCDC28A,GRCh37,cg06334093
504,13,73633312,+,KLF5;KLF5,GRCh37,cg12848131
504,10,94333586,+,IDE,GRCh37,cg22812892
504,19,39390451,-,SIRT2;NFKBIB;SIRT2;NFKBIB,GRCh37,cg22814247
504,22.0,38864244,+,KDELR3;KDELR3,GRCh37,cg20074795
504,10,70660920,-,DDX50,GRCh37,cg22816171
504,18,51751085,+,MBD2;MBD2;MBD2;MBD2,GRCh37,cg22836370
504,12,2921745,-,ITFG2,GRCh37,cg22837289
504,15,55582248,+,RAB27A,GRCh37,cg15345126
504,10,70091938,+,HNRNPH3;PBLD;HNRNPH3;HNRNPH3;PBLD;HNRNPH3,GRCh37,cg15342384
504,17,41561461,+,DHX8,GRCh37,cg10809441
504,3,155588010,+,GMPS,GRCh37,cg01634119
504,4,25378974,-,ANAPC4,GRCh37,cg22845362
504,1,151513198,+,TUFT1;TUFT1,GRCh37,cg12729048
504,21,45759502,-,C21orf2,GRCh37,cg02513045
504,17,72745576,+,SLC9A3R1,GRCh37,cg06344807
504,16,15737314,+,NDE1;NDE1;KIAA0430,GRCh37,cg22874960
504,17,27071208,+,TRAF4,GRCh37,cg02269221
504,14,93799109,+,BTBD7;BTBD7;KIAA1409,GRCh37,cg12730424
504,11,3829971,+,PGAP2;PGAP2;PGAP2;PGAP2;PGAP2;PGAP2;PGAP2;PGAP2,GRCh37,cg02940164
504,6,33285827,-,ZBTB22;ZBTB22,GRCh37,cg20010396
504,12,12510241,+,LOH12CR1;LOH12CR1;LOH12CR2,GRCh37,cg18383069
504,10,52383438,+,SGMS1,GRCh37,cg03658471
504,1,24018140,-,RPL11,GRCh37,cg22968727
504,10,104474465,-,SFXN2;ARL3,GRCh37,cg15212440
504,5,111496633,-,NCRNA00219;SNORA13,GRCh37,cg09730836
504,20,33872408,+,EIF6;EIF6;EIF6;EIF6,GRCh37,cg12785689
504,19,39936032,-,SUPT5H;SUPT5H;SUPT5H;SUPT5H,GRCh37,cg22494492
504,1,36107295,-,PSMB2,GRCh37,cg17948627
504,4,26861983,-,STIM2;STIM2;STIM2,GRCh37,cg06251489
504,1,155533405,-,ASH1L;LOC645676,GRCh37,cg17038116
504,11,65082120,-,CDC42EP2,GRCh37,cg01630869
504,12,11803199,-,ETV6,GRCh37,cg01939597
504,12,6961094,+,USP5;USP5;CDCA3,GRCh37,cg07975813
504,14,58765243,+,FLJ31306;ARID4A;FLJ31306;ARID4A;ARID4A;ARID4A;ARID4A;ARID4A,GRCh37,cg12203852
504,13,46039584,-,COG3,GRCh37,cg15201599
504,20,2082285,-,STK35,GRCh37,cg23080667
504,10,27149668,+,ABI1;ABI1;ABI1;ABI1,GRCh37,cg23087130
504,13,50018355,-,CAB39L;SETDB2,GRCh37,cg18393014
504,6,105851256,+,PREP,GRCh37,cg06218044
504,10,35104858,+,PARD3,GRCh37,cg23093462
504,9,130830948,+,NAIF1;SLC25A25,GRCh37,cg09729918
504,11,63742144,-,COX8A;COX8A,GRCh37,cg08063013
504,3,33155916,+,CRTAP,GRCh37,cg10891157
504,1,153700650,+,INTS3;INTS3,GRCh37,cg15371509
504,11,74109221,-,PGM2L1;PGM2L1,GRCh37,cg15214137
504,12,7283027,+,CLSTN3;CLSTN3,GRCh37,cg10885645
504,1,201924572,-,TIMM17A,GRCh37,cg15262928
504,3,121553586,+,IQCB1;IQCB1;EAF2,GRCh37,cg12780286
504,16,77224198,-,MON1B,GRCh37,cg18383391
504,13,25497044,+,CENPJ;CENPJ,GRCh37,cg06282240
504,13,41345315,-,MRPS31;MRPS31,GRCh37,cg10869376
504,14,53257947,+,GNPNAT1,GRCh37,cg12227762
504,17,65362820,-,PSMD12;PSMD12,GRCh37,cg27043427
504,2,219434002,-,USP37;RQCD1,GRCh37,cg15248979
504,12,64238719,-,SRGAP1,GRCh37,cg07973246
504,6,3157166,+,TUBB2A,GRCh37,cg18384403
504,16,28962521,-,NFATC2IP,GRCh37,cg23517548
504,16,30366847,-,CD2BP2;CD2BP2,GRCh37,cg19981839
504,16,619814,-,PIGQ;PIGQ,GRCh37,cg19977912
504,1,20126168,-,TMCO4,GRCh37,cg19976467
504,11,63705946,+,NAA40,GRCh37,cg12785087
504,16,71660103,-,MARVELD3;MARVELD3;MARVELD3;MARVELD3,GRCh37,cg19973135
504,11,129245309,-,BARX2,GRCh37,cg08893585
504,5,110427919,+,WDR36;WDR36,GRCh37,cg01602430
504,20,40247090,+,CHD6;CHD6,GRCh37,cg08079693
504,12,124458442,-,ZNF664;ZNF664;CCDC92,GRCh37,cg02252918
504,10,17243266,-,TRDMT1;TRDMT1;TRDMT1,GRCh37,cg15293750
504,21,48055715,-,PRMT2;PRMT2,GRCh37,cg13271076
504,16,78133804,-,WWOX;WWOX;WWOX;WWOX,GRCh37,cg06532176
504,16,31045100,-,STX4;STX4,GRCh37,cg07190917
504,9,117349993,-,ATP6V1G1;ATP6V1G1,GRCh37,cg12377712
504,9,124132159,-,STOM;STOM,GRCh37,cg07190485
504,11,108464417,-,EXPH5,GRCh37,cg21415698
504,16,70557707,+,SF3B3;COG4;SF3B3,GRCh37,cg16614332
504,4,25161816,-,SEPSECS;SEPSECS;SEPSECS,GRCh37,cg16148403
504,16,578352,+,SOLH;C16orf10,GRCh37,cg07133445
504,4,71859030,-,DCK,GRCh37,cg02336128
504,3,130745948,-,NEK11;NEK11;ASTE1;NEK11,GRCh37,cg02335441
504,12,52463648,-,C12orf44;C12orf44,GRCh37,cg09989134
504,19,56152621,-,ZNF580;ZNF580;ZNF580,GRCh37,cg12531003
504,12,50677228,+,LIMA1;LIMA1;LIMA1;LIMA1,GRCh37,cg16619240
504,4,153456039,-,FBXW7,GRCh37,cg03371306
504,5,141258958,+,PCDH1;PCDH1,GRCh37,cg09985635
504,6,105850408,-,PREP,GRCh37,cg20612615
504,11,9594484,-,WEE1,GRCh37,cg16120811
504,22.0,46068542,-,ATXN10;ATXN10,GRCh37,cg10226744
504,19,58790422,-,ZNF8;ZNF8,GRCh37,cg07122126
504,13,74708194,-,KLF12,GRCh37,cg07113600
504,1,167906751,-,BRP44;DCAF6;BRP44;DCAF6,GRCh37,cg07684150
504,3,50648946,+,CISH;CISH,GRCh37,cg07105440
504,8,101170391,-,SPAG1;SPAG1,GRCh37,cg27537600
504,19,12444484,+,ZNF563;ZNF563,GRCh37,cg07195282
504,10,76995759,-,COMTD1;COMTD1,GRCh37,cg02749825
504,1,47799834,-,CMPK1;CMPK1,GRCh37,cg20623943
504,9,130829986,-,NAIF1;SLC25A25,GRCh37,cg16224854
504,1,227751290,-,ZNF678;ZNF678;ZNF678,GRCh37,cg00935430
504,16,67193218,+,FBXL8;TRADD,GRCh37,cg01457653
504,1,32688117,-,C1orf91;EIF3I,GRCh37,cg07656362
504,5,132362224,-,ZCCHC10,GRCh37,cg01422136
504,20,25176149,+,ENTPD6;ENTPD6,GRCh37,cg16208271
504,14,20937872,-,PNP,GRCh37,cg20639263
504,12,69080635,-,NUP107,GRCh37,cg07220442
504,1,25664857,-,TMEM50A;TMEM50A,GRCh37,cg21367040
504,9,35103545,-,STOML2,GRCh37,cg03367667
504,17,34136180,-,TAF15;TAF15,GRCh37,cg00021527
504,17,79670810,+,MRPL12,GRCh37,cg09085639
504,17,29297757,+,RNF135;RNF135,GRCh37,cg00948524
504,3,69788442,-,MITF,GRCh37,cg00838150
504,5,16465766,+,ZNF622,GRCh37,cg16188038
504,1,154297555,-,ATP8B2;AQP10,GRCh37,cg21379008
504,7,100077147,+,TSC22D4,GRCh37,cg00834958
504,14,55034451,+,SAMD4A;SAMD4A,GRCh37,cg20629089
504,9,96214543,+,FAM120AOS;FAM120A,GRCh37,cg21383720
504,9,35731638,-,TLN1;CREB3,GRCh37,cg00833393
504,2,27632056,+,PPM1G;PPM1G,GRCh37,cg21389013
504,15,81616341,+,STARD5,GRCh37,cg00950621
504,9,130214136,+,LRSAM1;LRSAM1;LRSAM1;LRSAM1;RPL12,GRCh37,cg10188131
504,1,149871503,-,BOLA1,GRCh37,cg09980622
504,3,160118610,+,SMC4;SMC4;SMC4;IFT80,GRCh37,cg21508214
504,10,105155966,-,PDCD11;USMG5,GRCh37,cg07086898
504,11,46638638,-,KIAA0652;KIAA0652;KIAA0652;HARBI1;KIAA0652;KIAA0652,GRCh37,cg07022885
504,18,32621292,-,MAPRE2;MAPRE2;MAPRE2;MAPRE2,GRCh37,cg07020962
504,9,95432804,+,IPPK,GRCh37,cg21624883
504,3,121468027,-,GOLGB1,GRCh37,cg20545295
504,16,3095676,+,MMP25,GRCh37,cg20543416
504,1,214724805,+,PTPN14,GRCh37,cg20538819
504,3,47555100,-,C3orf75;C3orf75,GRCh37,cg20524216
504,11,57479637,-,MED19;TMX2;TMX2;TMX2,GRCh37,cg27497687
504,21.0,46221955,-,UBE2G2;UBE2G2,GRCh37,cg16698781
504,16,89723979,+,CHMP1A;CHMP1A;C16orf55,GRCh37,cg15993402
504,19,13875430,+,MRI1;MRI1,GRCh37,cg20555481
504,4,56261753,+,TMEM165,GRCh37,cg10313093
504,7,26331464,-,SNX10,GRCh37,cg10316381
504,8,145514624,-,BOP1;HSF1,GRCh37,cg15984612
504,1,36615026,+,TRAPPC3;TRAPPC3,GRCh37,cg16705481
504,11,62342076,+,EEF1G,GRCh37,cg20518716
504,1,55229957,+,PARS2,GRCh37,cg10322308
504,11,124609941,+,NRGN;NRGN;NRGN;NRGN,GRCh37,cg10326447
504,3,111697974,-,ABHD10,GRCh37,cg21675030
504,22.0,30163351,-,UCRC;ZMAT5;UCRC;ZMAT5,GRCh37,cg12352006
504,9,35815239,-,HINT2,GRCh37,cg27490193
504,5,148724862,+,GRPEL2,GRCh37,cg10328462
504,19,18748017,-,KLHL26,GRCh37,cg12558519
504,3,101232006,-,SENP7;SENP7;SENP7;SENP7,GRCh37,cg21322149
504,8,33370099,+,C8orf41;C8orf41,GRCh37,cg00792687
504,12,32113004,-,C12orf35,GRCh37,cg09970396
504,16,23161157,+,USP31,GRCh37,cg21510697
504,19,10812325,+,QTRT1,GRCh37,cg07685221
504,12,106695932,-,TCP11L2,GRCh37,cg02686769
504,5,139682675,-,PFDN1;PFDN1,GRCh37,cg07697078
504,22.0,20104996,-,RANBP1;TRMT2A;TRMT2A,GRCh37,cg01985090
504,5,52405349,-,MOCS2;MOCS2,GRCh37,cg21540749
504,9,116173074,+,POLE3;C9orf43;C9orf43;POLE3,GRCh37,cg27510871
504,3,150264366,+,SERP1;SERP1;EIF2A,GRCh37,cg01466075
504,14,95786042,+,CLMN,GRCh37,cg27508821
504,20,35724588,-,RBL1;RBL1,GRCh37,cg21570468
504,11,129872621,-,NCRNA00167;PRDM10;PRDM10;PRDM10;PRDM10,GRCh37,cg02323334
504,1,220219722,+,EPRS,GRCh37,cg16062480
504,17,42634416,+,FZD2,GRCh37,cg21571937
504,10,89622589,+,PTEN;KILLIN;KILLIN,GRCh37,cg21573601
504,2,110962429,+,NPHP1;NPHP1;NPHP1;NPHP1,GRCh37,cg10279685
504,5,107007565,+,EFNA5,GRCh37,cg09000112
504,2,85132797,-,TMSB10;TMSB10,GRCh37,cg21586107
504,18,48724276,+,MEX3C,GRCh37,cg18088775
504,12,56211781,-,SARNP;SARNP;ORMDL2;SARNP,GRCh37,cg16660717
504,16,24551577,+,RBBP6;RBBP6;RBBP6;RBBP6;RBBP6;RBBP6,GRCh37,cg27501380
504,11,86666851,+,FZD4,GRCh37,cg21599792
504,2,100106981,-,REV1;REV1,GRCh37,cg12554819
504,13,37572901,-,ALG5;ALG5,GRCh37,cg02326931
504,11,61197075,+,SDHAF2;CPSF7;CPSF7;CPSF7,GRCh37,cg03293770
504,17,34948594,-,DHRS11,GRCh37,cg00848397
504,4,120988337,+,MAD2L1,GRCh37,cg16225753
504,9,137219075,+,RXRA,GRCh37,cg16408394
504,1,154909454,+,PMVK;PMVK,GRCh37,cg20977411
504,1,184943055,-,FAM129A,GRCh37,cg02360616
504,1,169764273,-,C1orf156;C1orf112,GRCh37,cg16404689
504,7,105172722,-,RINT1;RINT1,GRCh37,cg07461582
504,1,180601363,+,XPR1;XPR1,GRCh37,cg16394138
504,22.0,31688502,-,PIK3IP1;PIK3IP1;PIK3IP1;PIK3IP1,GRCh37,cg20988728
504,1,45241824,-,SNORD46;RPS8,GRCh37,cg07550267
504,19,59084928,-,MZF1;MZF1;MZF1;MZF1;LOC100131691,GRCh37,cg10075436
504,16,84734014,-,USP10,GRCh37,cg20999813
504,11,33795924,+,FBXO3;FBXO3,GRCh37,cg09057265
504,8,125487055,-,RNF139;RNF139,GRCh37,cg07561588
504,19,11485349,-,C19orf39,GRCh37,cg07569069
504,3,99979819,-,TBC1D23;TBC1D23,GRCh37,cg21010050
504,17,79980611,-,LRRC45;STRA13,GRCh37,cg16375728
504,15,49338887,+,SECISBP2L,GRCh37,cg27584171
504,3,49059209,-,MIR191;NDUFAF3;NDUFAF3;NDUFAF3;NDUFAF3;NDUFAF3;NDUFAF3;DALRD3,GRCh37,cg21019820
504,7,33169470,-,BBS9;BBS9;BBS9;BBS9;BBS9;BBS9;BBS9;BBS9,GRCh37,cg09080746
504,22.0,20008367,-,C22orf25,GRCh37,cg16535180
504,14,21151024,+,ANG;RNASE4,GRCh37,cg00012199
504,2,86422857,+,IMMT;IMMT;IMMT;IMMT;IMMT;IMMT,GRCh37,cg21037570
504,20,3767628,+,CENPB,GRCh37,cg16353413
504,18,21083641,+,C18orf8,GRCh37,cg18175410
504,11,61100532,+,DDB1;DDB1;DAK,GRCh37,cg21043754
504,3,37034840,+,EPM2AIP1;MLH1;MLH1;MLH1;MLH1;MLH1,GRCh37,cg00893636
504,1,27248012,+,NUDC,GRCh37,cg16417937
504,12,88535980,+,TMTC3;CEP290;CEP290,GRCh37,cg07520161
504,2,61293725,-,KIAA1841;KIAA1841,GRCh37,cg20843052
504,11,34938234,-,PDHX;PDHX;PDHX;APIP,GRCh37,cg20869710
504,19,50143795,-,RRAS,GRCh37,cg03312426
504,17,79650926,-,HGS;ARL16;ARL16,GRCh37,cg00906183
504,1,45265678,+,PLK3,GRCh37,cg00904574
504,16,2301787,-,DCI,GRCh37,cg20886062
504,7,142552171,+,EPHB6,GRCh37,cg27628312
504,11,121322622,+,SORL1,GRCh37,cg10061117
504,2,86668501,-,KDM3A;KDM3A;KDM3A,GRCh37,cg20918903
504,16,75032774,-,ZNRF1,GRCh37,cg20957193
504,11,70049116,-,FADD,GRCh37,cg20821095
504,20,42839882,+,C20orf111,GRCh37,cg20925482
504,11,94227320,-,ANKRD49;MRE11A;MRE11A,GRCh37,cg20815063
504,1,151162157,-,VPS72,GRCh37,cg20930618
504,3,113775302,+,QTRTD1;KIAA1407,GRCh37,cg16521836
504,6,25279788,+,LRRC16A;LRRC16A,GRCh37,cg20955831
504,9,95895956,-,NINJ1,GRCh37,cg10072995
504,11,65687479,-,C11orf68;DRAP1;C11orf68,GRCh37,cg16420888
504,4,184426759,+,ING2,GRCh37,cg16420530
504,16,23521224,-,GGA2,GRCh37,cg09060849
504,6,108616288,+,LACE1,GRCh37,cg00897329
504,19,57862713,+,ZNF304;ZNF304,GRCh37,cg07494047
504,11,47600081,-,KBTBD4;KBTBD4;NDUFS3;KBTBD4,GRCh37,cg21681756
504,17,40540197,+,STAT3;STAT3;STAT3,GRCh37,cg18112163
504,1,217804382,+,GPATCH2;SPATA17;GPATCH2,GRCh37,cg07411229
504,3,141944516,+,GK5,GRCh37,cg21246431
504,15,52121933,-,TMOD3;TMOD3,GRCh37,cg16275172
504,17,40719654,+,MLX;MLX;MLX,GRCh37,cg20724073
504,19,48949441,-,GRWD1,GRCh37,cg07291563
504,1,22263411,+,HSPG2,GRCh37,cg02729506
504,11,2950092,-,PHLDA2,GRCh37,cg21259253
504,17,77005823,-,CANT1;CANT1;CANT1;CANT1;CANT1;CANT1,GRCh37,cg21260850
504,17,46019165,-,PNPO,GRCh37,cg10154655
504,1,207925400,+,CD46;CD46;CD46;CD46;CD46;CD46;CD46;CD46;CD46;CD46;CD46;CD46;CD46;CD46,GRCh37,cg16257086
504,17,7154245,-,C17orf81;DULLARD;C17orf81;C17orf81;C17orf81;DULLARD,GRCh37,cg21287330
504,1,17766223,-,RCC2;RCC2,GRCh37,cg21243909
504,8,21999381,+,REEP4;REEP4,GRCh37,cg16256610
504,16,3013923,-,KREMEN2;KREMEN2,GRCh37,cg20712430
504,9,86322296,-,UBQLN1;UBQLN1,GRCh37,cg16558348
504,12,58138402,-,TSPAN31,GRCh37,cg10018778
504,8,25316571,-,KCTD9;CDCA2;CDCA2,GRCh37,cg21305265
504,3,135969429,-,PCCB,GRCh37,cg10165198
504,7,43623222,-,STK17A,GRCh37,cg21309049
504,7,98923114,+,ARPC1A,GRCh37,cg16241648
504,2,85581505,-,ELMOD3;ELMOD3;ELMOD3;ELMOD3;RETSAT,GRCh37,cg00014085
504,14,77278578,-,ANGEL1,GRCh37,cg01457080
504,17,8198627,+,SLC25A35,GRCh37,cg09008187
504,4,2965841,-,GRK4;NOP14;GRK4;GRK4,GRCh37,cg10158181
504,19,33793987,+,LOC80054;CEBPA,GRCh37,cg07422345
504,22.0,18560863,-,PEX26;PEX26;PEX26,GRCh37,cg16281796
504,8,145582459,+,GPR172A;FBXL6;FBXL6,GRCh37,cg03347966
504,1,32574126,-,KPNA6,GRCh37,cg16343696
504,11,65153777,+,FRMD8,GRCh37,cg02344238
504,5,140019287,-,TMCO6,GRCh37,cg00916199
504,6,7542819,+,DSP;DSP,GRCh37,cg21068339
504,17,27182342,+,ERAL1,GRCh37,cg21069922
504,11,6411396,+,SMPD1;SMPD1;SMPD1,GRCh37,cg20770311
504,1,113933172,-,MAGI3;MAGI3,GRCh37,cg20758803
504,1,151042967,+,GABPB2,GRCh37,cg10124491
504,19,16652680,+,CHERP,GRCh37,cg21122529
504,1,46049214,+,NASP;NASP;NASP,GRCh37,cg12477012
504,11,36616365,-,C11orf74;RAG2,GRCh37,cg20731798
504,8,37707285,+,BRF2,GRCh37,cg16313587
504,12,112123964,-,ACAD10;ACAD10;ACAD10;ACAD10;BRAP,GRCh37,cg16312916
504,11,118271996,-,ATP5L,GRCh37,cg12406460
504,15,72766470,-,ARIH1,GRCh37,cg07594478
504,8,21947302,-,FAM160B2,GRCh37,cg21154823
504,18,78005665,+,PARD6G,GRCh37,cg00870662
504,5,176738937,-,MXD3;MXD3;MXD3;MXD3,GRCh37,cg02693857
504,21.0,40684731,+,BRWD1;BRWD1;BRWD1,GRCh37,cg21203420
504,12,69004270,+,RAP1B;RAP1B,GRCh37,cg21211608
504,2,162164676,-,PSMD14,GRCh37,cg00856375
504,6,36647664,+,CDKN1A;CDKN1A,GRCh37,cg21222430
504,2,65215638,+,SLC1A4;SLC1A4;SLC1A4,GRCh37,cg00877964
504,15,40861582,-,RPUSD2,GRCh37,cg18013830
504,4,37828048,-,PGM2,GRCh37,cg18081881
504,3,23958708,-,NKIRAS1;RPL15,GRCh37,cg06949789
504,17,36955626,-,PIP4K2B,GRCh37,cg22190090
504,2,175351711,+,GPR155;GPR155;GPR155;GPR155,GRCh37,cg22190861
504,16,57220097,-,RSPRY1;FAM192A,GRCh37,cg06688848
504,16,22308904,-,POLR3E,GRCh37,cg06684910
504,11,117187018,-,BACE1;BACE1;BACE1;BACE1,GRCh37,cg16822189
504,7,100449993,-,SLC12A9,GRCh37,cg27352136
504,17,16556871,-,ZNF624,GRCh37,cg00718748
504,9,26946855,+,IFT74;IFT74;PLAA,GRCh37,cg27322545
504,3,49066738,-,IMPDH2,GRCh37,cg06655089
504,6,97372572,+,KLHL32;KLHL32,GRCh37,cg16823105
504,6,149888373,+,C6orf72,GRCh37,cg27310686
504,6,80714048,-,TTK;TTK,GRCh37,cg22244118
504,1,23886007,+,ID3;ID3,GRCh37,cg22258437
504,15,101792752,-,CHSY1,GRCh37,cg03506799
504,2,101924667,+,RNF149,GRCh37,cg12293634
504,6,5261406,-,LYRM4;FARS2;LYRM4;LYRM4,GRCh37,cg15669273
504,6,170152116,+,TCTE3;C6orf70,GRCh37,cg22267176
504,9,139440704,+,NOTCH1,GRCh37,cg16829154
504,12,22777989,-,ETNK1;ETNK1,GRCh37,cg03764352
504,4,147097443,+,LSM6,GRCh37,cg22283148
504,12,96184020,+,NTN4,GRCh37,cg16829450
504,7,111202222,+,IMMP2L;IMMP2L,GRCh37,cg02391387
504,5,893431,+,BRD9;BRD9;BRD9;TRIP13;TRIP13,GRCh37,cg02822723
504,12,49962302,-,MCRS1,GRCh37,cg15701622
504,11,85565852,+,CCDC83,GRCh37,cg10507961
504,3,132440859,+,NPHP3;NCRNA00119,GRCh37,cg06782849
504,4,37893313,+,TBC1D1,GRCh37,cg00737514
504,17,27915972,-,GIT1;GIT1,GRCh37,cg22120948
504,12,102513592,+,C12orf48;NUP37,GRCh37,cg02806658
504,12,1702874,-,FBXL14,GRCh37,cg22151768
504,9,99212660,-,HABP4,GRCh37,cg15739944
504,6,44355777,+,CDC5L,GRCh37,cg01500567
504,2,74425763,+,MTHFD2;MTHFD2;MTHFD2,GRCh37,cg15737319
504,11,66624256,-,LRFN4;PC;PC;PC,GRCh37,cg20358834
504,9,35748890,-,RGP1;GBA2;GBA2,GRCh37,cg12316147
504,9,130212957,+,RPL12;LRSAM1;LRSAM1,GRCh37,cg15648905
504,13,28196059,+,POLR1D;LNX2;POLR1D;POLR1D;POLR1D,GRCh37,cg02285477
504,9,15306736,-,TTC39B;TTC39B;TTC39B;TTC39B,GRCh37,cg22153116
504,3,49977390,+,RBM6;RBM6,GRCh37,cg07808960
504,1,77685015,-,PIGK,GRCh37,cg18299211
504,2,24307657,+,TP53I3;TP53I3;TP53I3,GRCh37,cg20347268
504,6,57087038,-,RAB23;RAB23;RAB23,GRCh37,cg10497569
504,2,182757157,+,SSFA2;SSFA2,GRCh37,cg03276813
504,2,99953048,-,EIF5B;TXNDC9,GRCh37,cg16799961
504,4,130014893,-,C4orf33;SCLT1;C4orf33,GRCh37,cg22177707
504,16,15736658,+,NDE1;MIR484;KIAA0430,GRCh37,cg22178085
504,2,101925384,+,RNF149,GRCh37,cg07815386
504,9,139965275,+,C9orf140,GRCh37,cg15733507
504,3,101498416,-,FAM55C;FAM55C;FAM55C,GRCh37,cg15646782
504,11,10830230,+,EIF4G2;EIF4G2,GRCh37,cg20319405
504,17,56064928,+,VEZF1,GRCh37,cg22308759
504,16,83841755,-,HSBP1,GRCh37,cg15581500
504,19,18668837,+,C19orf50,GRCh37,cg06600447
504,8,80679932,-,HEY1;HEY1;HEY1;HEY1,GRCh37,cg15576233
504,22.0,23484171,+,RTDR1;RTDR1,GRCh37,cg15572787
504,1,61547758,+,NFIA;NFIA;NFIA;NFIA,GRCh37,cg20289988
504,9,38392975,+,ALDH1B1,GRCh37,cg22397447
504,20,62610530,+,SAMD10,GRCh37,cg15568167
504,14,71374612,-,PCNX,GRCh37,cg18022322
504,1,231114732,-,TTC13;ARV1;TTC13,GRCh37,cg02844629
504,19,7587541,-,MCOLN1;MCOLN1,GRCh37,cg06586599
504,12,89919900,+,GALNT4;WDR51B,GRCh37,cg16870320
504,5,138609379,-,MATR3;SNHG4,GRCh37,cg22409383
504,14,68067090,-,PIGH,GRCh37,cg12648263
504,9,35079882,-,FANCG;FANCG,GRCh37,cg03563403
504,7,138818325,-,TTC26;TTC26;TTC26,GRCh37,cg18015677
504,7,23053912,-,FAM126A,GRCh37,cg12266024
504,6,122720929,+,HSF2;HSF2,GRCh37,cg12657853
504,8,42195644,+,POLB,GRCh37,cg20264731
504,1,35497285,-,ZMYM6,GRCh37,cg22459359
504,20,18477967,+,RBBP9,GRCh37,cg22473095
504,14,102829872,+,TECPR2;CINP,GRCh37,cg22474507
504,19,14530497,+,DDX39,GRCh37,cg06534172
504,19,913536,+,C19orf22,GRCh37,cg18022193
504,4,107237686,-,AIMP1;AIMP1;TBCK;TBCK;AIMP1;TBCK;AIMP1;TBCK,GRCh37,cg15750102
504,19,48018200,+,NAPA;NAPA,GRCh37,cg22387994
504,15,77224587,+,RCN2,GRCh37,cg16862838
504,5,32174578,+,GOLPH3,GRCh37,cg03522216
504,16,84220562,+,TAF1C;TAF1C;TAF1C;TAF1C,GRCh37,cg20315643
504,19,42747018,+,GSK3A,GRCh37,cg18333807
504,20,47805138,+,STAU1;STAU1;STAU1;STAU1;STAU1,GRCh37,cg03522403
504,5,114961393,-,TMED7;TMED7-TICAM2;TMED7-TICAM2,GRCh37,cg10575841
504,7,134855689,+,C7orf49;C7orf49;C7orf49,GRCh37,cg00059740
504,1,173837995,+,SNORD74;ZBTB37;GAS5;ZBTB37,GRCh37,cg10578779
504,10,43133692,+,ZNF33B,GRCh37,cg10581256
504,15,40886501,+,CASC5;CASC5;CASC5;CASC5,GRCh37,cg20314325
504,3,51429234,+,RBM15B,GRCh37,cg10583097
504,19,50381045,-,AKT1S1;AKT1S1;TBC1D17;AKT1S1;TBC1D17,GRCh37,cg09842540
504,11,31531364,-,ELP4;IMMP1L,GRCh37,cg10583382
504,17,16557199,+,ZNF624,GRCh37,cg10583632
504,4,95373302,-,PDLIM5;PDLIM5;PDLIM5;PDLIM5;PDLIM5,GRCh37,cg20305610
504,16,30457166,-,SEPHS2;SEPHS2,GRCh37,cg07842593
504,1,170044077,+,KIFAP3,GRCh37,cg06625811
504,16,29817104,+,MAZ;MAZ,GRCh37,cg27254601
504,17,7185001,-,SLC2A4,GRCh37,cg09103232
504,6,20401608,+,E2F3,GRCh37,cg27250759
504,6,159240077,-,EZR;EZR,GRCh37,cg20291674
504,1,117602129,+,TTF2,GRCh37,cg12641660
504,1,156265275,+,C1orf85,GRCh37,cg22377142
504,1,213224612,-,RPS6KC1;RPS6KC1;RPS6KC1;RPS6KC1,GRCh37,cg15612546
504,10,120101750,+,C10orf84;C10orf84,GRCh37,cg22082243
504,17,17399718,-,RASD1,GRCh37,cg12601987
504,2,265069,-,ACP1;SH3YL1;ACP1;ACP1;SH3YL1;ACP1,GRCh37,cg27366669
504,11,6640837,+,TPP1,GRCh37,cg06905862
504,10,122610835,-,WDR11;WDR11,GRCh37,cg02312170
504,5,54603429,+,DHX29;SKIV2L2;DHX29,GRCh37,cg16738336
504,16,8891910,-,PMM2;TMEM186,GRCh37,cg20452583
504,11,124670426,-,C11orf61,GRCh37,cg20447773
504,17,11924919,-,MAP2K4,GRCh37,cg12344605
504,20,30326920,-,TPX2;TPX2,GRCh37,cg21838233
504,4,140375014,-,RAB33B;RAB33B,GRCh37,cg10377451
504,13,103425546,-,C13orf27,GRCh37,cg06880557
504,7,23221679,-,NUPL2;NUPL2,GRCh37,cg03403539
504,11,65627811,-,MUS81,GRCh37,cg15883761
504,12,114404035,+,RBM19;RBM19;RBM19;RBM19;RBM19;RBM19,GRCh37,cg06878726
504,18,3247654,-,MYL12A;MYL12A,GRCh37,cg21872393
504,6,139309683,+,REPS1;REPS1,GRCh37,cg12341414
504,1,23695031,+,C1orf213;C1orf213;ZNF436;ZNF436,GRCh37,cg18273566
504,9,106856376,+,SMC2;SMC2;SMC2,GRCh37,cg21893220
504,12,69080893,-,NUP107,GRCh37,cg10396470
504,17,41173883,+,VAT1,GRCh37,cg21902119
504,6,79788573,+,PHIP,GRCh37,cg06848288
504,1,151138583,+,LYSMD1;SCNM1;LYSMD1;SCNM1,GRCh37,cg15827295
504,5,130506785,+,LYRM7,GRCh37,cg00751288
504,1,27648457,-,TMEM222,GRCh37,cg06839953
504,6,64281996,+,PTP4A1;PTP4A1,GRCh37,cg21872129
504,17,17942007,-,ATPAF2;C17orf39,GRCh37,cg06836338
504,1,92546135,-,BTBD8,GRCh37,cg16725865
504,16,8768700,-,ABAT,GRCh37,cg15890111
504,3,57583074,-,ARF4;ARF4,GRCh37,cg00777555
504,19,47759791,-,CCDC9;CCDC9,GRCh37,cg00960702
504,19,49458367,+,BAX;BAX;BAX;BAX;BAX,GRCh37,cg15951107
504,2,171785487,+,GORASP2,GRCh37,cg21709140
504,17,49197820,+,SPAG9;SPAG9,GRCh37,cg15944762
504,4,159593619,-,ETFDH;C4orf46,GRCh37,cg21713257
504,8,109456101,+,TTC35,GRCh37,cg21721126
504,13,38923576,-,UFM1,GRCh37,cg21721865
504,12,64846210,-,TBK1,GRCh37,cg21722680
504,7,99063714,+,ATP5J2;ATP5J2;ATP5J2;ATP5J2,GRCh37,cg09929612
504,11,111945509,+,C11orf57;C11orf57;PIH1D2;C11orf57;C11orf57;C11orf57;PIH1D2,GRCh37,cg06910048
504,5,31531945,-,RNASEN;C5orf22;RNASEN,GRCh37,cg15929201
504,12,53845774,-,PCBP2;PCBP2;PCBP2;PCBP2;PCBP2;PCBP2;PCBP2,GRCh37,cg02765045
504,3,119812602,+,GSK3B;GSK3B;GSK3B;GSK3B,GRCh37,cg10347998
504,5,176778504,-,LMAN2,GRCh37,cg21751787
504,1,231004374,+,C1orf198;C1orf198,GRCh37,cg10348643
504,2,55496490,-,MTIF2;MTIF2,GRCh37,cg20497627
504,3,108308147,+,DZIP3;KIAA1524,GRCh37,cg03402775
504,8,116681193,-,TRPS1;TRPS1,GRCh37,cg12569516
504,12,110434246,-,GIT2;GIT2;GIT2;GIT2;GIT2;GIT2,GRCh37,cg09922115
504,20,54967497,+,AURKA;CSTF1;CSTF1;AURKA;AURKA;CSTF1;AURKA;AURKA;CSTF1;AURKA,GRCh37,cg21772838
504,14,68086717,-,ARG2,GRCh37,cg20477070
504,4,174291993,-,SAP30,GRCh37,cg16718094
504,3,23847480,-,UBE2E1;UBE2E1;UBE2E1;UBE2E1,GRCh37,cg15966253
504,5,179498114,-,RNF130,GRCh37,cg21929993
504,7,65541137,+,ASL;ASL;ASL;ASL,GRCh37,cg21937169
504,1,101361718,+,SLC30A7;SLC30A7;EXTL2;SLC30A7;SLC30A7;EXTL2,GRCh37,cg20401181
504,1,155247476,+,HCN3,GRCh37,cg22041635
504,5,133968626,+,SAR1B;SAR1B,GRCh37,cg10441365
504,19,30097344,-,POP4;POP4,GRCh37,cg22041658
504,2,172750661,+,SLC25A12,GRCh37,cg10446968
504,22.0,31795766,-,DRG1,GRCh37,cg27378424
504,22.0,24236292,+,MIF,GRCh37,cg20377673
504,19,46195839,-,QPCTL;QPCTL;QPCTL;SNRPD2;QPCTL;SNRPD2,GRCh37,cg09890046
504,15,74753787,-,UBL7;UBL7,GRCh37,cg02299279
504,16,31106011,+,VKORC1;VKORC1,GRCh37,cg22062239
504,14,68283005,-,ZFYVE26,GRCh37,cg22036233
504,7,134331376,+,BPGM;BPGM,GRCh37,cg22063653
504,9,140083784,-,ANAPC2;SSNA1,GRCh37,cg10467681
504,6,4021316,-,PRPF4B,GRCh37,cg06786424
504,7,128695353,-,TNPO3;LOC286016,GRCh37,cg22065500
504,15,65578960,-,PARP16;PARP16,GRCh37,cg22068038
504,6,12012564,-,HIVEP1,GRCh37,cg07782113
504,3,55521789,+,WNT5A,GRCh37,cg15757271
504,6,131949711,+,MED23;MED23,GRCh37,cg03277112
504,1,170501645,+,GORAB;GORAB;GORAB,GRCh37,cg22068764
504,1,25574236,-,C1orf63,GRCh37,cg12592463
504,20,5930982,-,MCM8;TRMT6;MCM8,GRCh37,cg27367554
504,9,79074210,-,GCNT1;GCNT1;GCNT1;GCNT1;GCNT1,GRCh37,cg09885086
504,19,58898400,-,RPS5,GRCh37,cg10402626
504,3,154042159,+,DHX36;DHX36,GRCh37,cg22034555
504,9,103188942,+,C9orf30,GRCh37,cg16771596
504,9,139981325,-,LOC100289341;MAN1B1,GRCh37,cg12336877
504,1,114472049,+,HIPK1;HIPK1;HIPK1;HIPK1,GRCh37,cg21943652
504,20,61904196,+,ARFGAP1;ARFGAP1;ARFGAP1;ARFGAP1,GRCh37,cg21944757
504,22.0,29664006,+,EWSR1;EWSR1;EWSR1;EWSR1;RHBDD3;EWSR1;EWSR1;EWSR1;EWSR1;EWSR1;EWSR1,GRCh37,cg27416437
504,6,33422028,-,ZBTB9,GRCh37,cg09892131
504,11,6411394,+,SMPD1;SMPD1;SMPD1,GRCh37,cg20420254
504,18,21166698,-,NPC1,GRCh37,cg07778080
504,17,18163716,+,SMCR7;SMCR7;SMCR7,GRCh37,cg21955402
504,6,33379267,+,PHF1;PHF1;PHF1,GRCh37,cg06818415
504,22.0,42084706,+,NHP2L1,GRCh37,cg15801967
504,22.0,38239648,+,ANKRD54,GRCh37,cg22031736
504,17,40264815,+,DHX58,GRCh37,cg16762195
504,19,36630882,-,CAPNS1;CAPNS1,GRCh37,cg21983579
504,11,86749237,-,TMEM135;TMEM135;TMEM135,GRCh37,cg01492649
504,19,39421295,-,MRPS12;SARS2;MRPS12;MRPS12;SARS2,GRCh37,cg21989094
504,11,72145355,+,CLPB,GRCh37,cg20411654
504,6,153324222,-,MTRF1L;MTRF1L,GRCh37,cg18075454
504,5,179921704,-,CNOT6;CNOT6,GRCh37,cg15790852
504,12,108954529,-,SART3,GRCh37,cg27394563
504,13,20207770,-,MPHOSPH8,GRCh37,cg03428000
504,9,139964984,+,C9orf140;C9orf140,GRCh37,cg15785720
504,8,102217292,+,ZNF706;ZNF706;ZNF706,GRCh37,cg18282619
504,20,33292075,+,TP53INP2,GRCh37,cg09891106
504,2,68289972,-,C1D;C1D,GRCh37,cg00054706
504,3,180319890,+,TTC14;TTC14,GRCh37,cg20047732
504,20,60717729,+,PSMA7;SS18L1,GRCh37,cg24738006
504,6,127587721,-,RNF146,GRCh37,cg03059528
504,6,28193283,+,ZNF193,GRCh37,cg24986572
504,15,73344252,-,NEO1,GRCh37,cg19091474
504,8,87526527,-,CPNE3,GRCh37,cg19078186
504,19,50380660,+,TBC1D17;AKT1S1;AKT1S1;AKT1S1;TBC1D17,GRCh37,cg19073614
504,19,8274460,+,LASS4,GRCh37,cg00351011
504,19,54663436,-,LENG1;LENG1,GRCh37,cg08504905
504,20,34129927,-,ERGIC3;ERGIC3,GRCh37,cg00350702
504,22.0,18111277,-,ATP6V1E1;ATP6V1E1;ATP6V1E1,GRCh37,cg26506209
504,1,26560780,-,CCDC21;CCDC21,GRCh37,cg14017991
504,17,6339466,+,AIPL1;AIPL1;AIPL1,GRCh37,cg26500816
504,19,10654946,+,ATG4D,GRCh37,cg11820497
504,19,36235836,-,U2AF1L4;U2AF1L4;PSENEN,GRCh37,cg03064400
504,3,49066976,+,IMPDH2,GRCh37,cg11819013
504,7,157130065,-,DNAJB6;DNAJB6,GRCh37,cg13456653
504,5,72794041,-,BTF3;BTF3,GRCh37,cg14012294
504,12,124456591,+,CCDC92;ZNF664,GRCh37,cg26493932
504,6,39083072,+,C6orf64,GRCh37,cg26287783
504,5,93954303,+,C5orf36;ANKRD32;C5orf36;C5orf36;C5orf36,GRCh37,cg03975345
504,2,203103479,+,SUMO1;SUMO1;SUMO1,GRCh37,cg02592124
504,20,49411412,-,BCAS4;BCAS4;BCAS4,GRCh37,cg14823109
504,2,11295222,-,PQLC3,GRCh37,cg04916311
504,5,612011,-,CEP72,GRCh37,cg19108785
504,14,81687766,+,GTF2A1;GTF2A1,GRCh37,cg17498523
504,11,64646436,+,EHD1,GRCh37,cg01866521
504,1,226595576,-,PARP1,GRCh37,cg04960271
504,1,97188168,+,PTBP2,GRCh37,cg08462292
504,17,78193874,-,SLC26A11;SLC26A11;SLC26A11;SLC26A11;SGSH,GRCh37,cg08465510
504,1,151584398,-,SNX27,GRCh37,cg00368415
504,8,86090224,-,E2F5;E2F5,GRCh37,cg04950789
504,10,70715745,-,DDX21,GRCh37,cg17741291
504,5,31532653,-,C5orf22;RNASEN;RNASEN,GRCh37,cg00368022
504,14,50698997,+,SOS2,GRCh37,cg26512148
504,19,49375720,-,PPP1R15A;PPP1R15A,GRCh37,cg24946408
504,14,56584702,-,PELI2,GRCh37,cg14058432
504,19,4669928,-,C19orf10,GRCh37,cg04947578
504,15,42841522,+,HAUS2;LRRC57;HAUS2,GRCh37,cg24951114
504,21.0,34638971,+,IL10RB,GRCh37,cg17506742
504,2,20425343,+,SDC1;SDC1,GRCh37,cg11475332
504,10,93683445,-,BTAF1,GRCh37,cg04350610
504,2,27579505,+,GTF3C2;GTF3C2,GRCh37,cg17509807
504,4,140476877,-,SETD7,GRCh37,cg25903375
504,1,76251865,-,SNORD45C;RABGGTB,GRCh37,cg04940515
504,22.0,43547974,+,TSPO;TSPO,GRCh37,cg00343092
504,14,76451930,+,C14orf179;C14orf179,GRCh37,cg14008119
504,11,65838645,+,PACS1,GRCh37,cg25034557
504,17,15902501,-,ZSWIM7;ZSWIM7;TTC19,GRCh37,cg03073814
504,6,45345490,+,RUNX2;RUNX2;SUPT3H;SUPT3H,GRCh37,cg11806749
504,1,28241192,+,RPA2;RPA2,GRCh37,cg11542231
504,10,14996236,+,DCLRE1C;DCLRE1C;DCLRE1C;DCLRE1C,GRCh37,cg04785461
504,1,200638500,+,DDX59,GRCh37,cg13945069
504,2,27274554,-,AGBL5;AGBL5;AGBL5;AGBL5,GRCh37,cg18512092
504,1,45956773,+,TESK2;TESK2,GRCh37,cg25827112
504,16,69373674,+,COG8;NIP7;NIP7,GRCh37,cg04391736
504,16,56225599,+,LOC283856;GNAO1;GNAO1;GNAO1;GNAO1,GRCh37,cg13936125
504,16,89939448,+,TCF25,GRCh37,cg01161216
504,10,64029004,-,RTKN2,GRCh37,cg25153340
504,10,90750442,-,FAS;FAS;FAS;FAS;ACTA2;FAS;FAS;FAS;FAS;FAS;FAS,GRCh37,cg26461637
504,1,43996745,+,PTPRF;PTPRF;PTPRF;PTPRF,GRCh37,cg13233799
504,6,30312972,+,RPP21,GRCh37,cg13135180
504,20,21107113,+,PLK1S1;PLK1S1;PLK1S1,GRCh37,cg11574758
504,15,68570818,-,FEM1B,GRCh37,cg25159539
504,1,172412837,-,C1orf105;PIGC;PIGC,GRCh37,cg11584111
504,1,169455529,-,SLC19A2,GRCh37,cg13912204
504,5,57756802,-,PLK2,GRCh37,cg25159610
504,18,56806624,-,SEC11C,GRCh37,cg09419116
504,15,66790044,+,SNAPC5,GRCh37,cg13133148
504,4,1713374,+,SLBP,GRCh37,cg25848060
504,1,161123761,-,UFC1;UFC1,GRCh37,cg01801174
504,16,89574810,+,SPG7;SPG7;SPG7;SPG7,GRCh37,cg04879696
504,10,27443031,-,YME1L1;MASTL;YME1L1,GRCh37,cg04865575
504,4,119757220,+,SEC24D;SEC24D,GRCh37,cg25860314
504,3,113251680,+,SIDT1;SIDT1,GRCh37,cg03977782
504,3,47324524,-,KIF9;KIF9;KIF9;KLHL18,GRCh37,cg13994175
504,19,10230212,-,EIF3G,GRCh37,cg25059792
504,11,69457121,-,CCND1,GRCh37,cg25060573
504,3,48130799,-,MAP4;MAP4;MAP4,GRCh37,cg04856685
504,14,74551682,+,LIN52;ALDH6A1,GRCh37,cg09194436
504,19,55851040,-,SUV420H2,GRCh37,cg04960951
504,12,110337899,+,TCHP;TCHP,GRCh37,cg09194650
504,11,3013544,+,NAP1L4;NAP1L4,GRCh37,cg04853958
504,3,48481793,+,CCDC72;CCDC51,GRCh37,cg25858682
504,9,115096481,+,ROD1;ROD1;ROD1,GRCh37,cg04837322
504,2,220119179,+,TUBA4B;TUBA4A,GRCh37,cg09197965
504,2,240322010,-,HDAC4,GRCh37,cg19028160
504,1,151020733,+,C1orf56,GRCh37,cg26288160
504,11,4414916,-,TRIM21;TRIM21,GRCh37,cg13976366
504,9,116139085,-,HDHD3,GRCh37,cg03984733
504,20,45338652,+,SLC2A10,GRCh37,cg17550582
504,5,118407258,-,DMXL1;DMXL1,GRCh37,cg04856203
504,1,156471288,+,MEF2D,GRCh37,cg03989569
504,19,4400879,-,SH3GL1,GRCh37,cg24923526
504,9,131102607,-,SLC27A4,GRCh37,cg12076344
504,12,109915371,+,KCTD10;UBE3B;UBE3B,GRCh37,cg08408988
504,5,59996421,+,DEPDC1B;DEPDC1B,GRCh37,cg03905094
504,10,129705785,+,PTPRE,GRCh37,cg24678429
504,1,235292386,+,SNORA14B;TOMM20,GRCh37,cg05144089
504,20,35234226,-,C20orf24;C20orf24;C20orf24;C20orf24;C20orf24,GRCh37,cg19230917
504,6,133119484,-,C6orf192,GRCh37,cg24692716
504,3,186285398,-,TBCCD1;TBCCD1,GRCh37,cg13031679
504,4,89378005,-,HERC5,GRCh37,cg13427055
504,20,44441446,+,UBE2C;UBE2C;UBE2C;UBE2C;UBE2C;UBE2C;UBE2C,GRCh37,cg19222480
504,12,112450647,+,ERP29;TMEM116;ERP29,GRCh37,cg00405070
504,16,30366237,+,CD2BP2;CD2BP2,GRCh37,cg05116896
504,10,75255930,+,PPP3CB;PPP3CB;PPP3CB,GRCh37,cg08413366
504,1,167522470,-,CREG1,GRCh37,cg19220586
504,5,172197911,+,DUSP1,GRCh37,cg17429424
504,1,100503743,-,HIAT1,GRCh37,cg02161046
504,2,66662163,+,MEIS1,GRCh37,cg05098471
504,8,141521209,+,CHRAC1;CHRAC1,GRCh37,cg12002314
504,1,67519677,-,SLC35D1,GRCh37,cg14206730
504,11,208948,-,RIC8A,GRCh37,cg05086873
504,12,83081389,+,TMTC2,GRCh37,cg17415555
504,8,30601878,-,UBXN8,GRCh37,cg25948993
504,17,6555130,-,C17orf100;MED31;C17orf100,GRCh37,cg26623286
504,8,118532754,+,MED30,GRCh37,cg05160935
504,8,100025364,-,VPS13B;VPS13B;VPS13B;VPS13B,GRCh37,cg00420715
504,12,22199522,-,CMAS,GRCh37,cg26276530
504,1,64059049,+,PGM1;PGM1,GRCh37,cg05210526
504,1,40505999,+,CAP1;CAP1,GRCh37,cg09182986
504,19,7968429,-,MAP2K7,GRCh37,cg17404605
504,1,161195816,+,TOMM40L,GRCh37,cg24592207
504,2,39347277,+,SOS1,GRCh37,cg13412063
504,12,72148487,+,RAB21,GRCh37,cg24606773
504,20,18118706,-,PET117,GRCh37,cg14296147
504,12,120907770,+,SFRS9;DYNLL1;DYNLL1,GRCh37,cg03879294
504,19,50370045,-,PNKP,GRCh37,cg04314463
504,17,42264691,-,TMUB2;TMUB2;TMUB2;C17orf65;TMUB2,GRCh37,cg24615044
504,2,232573223,+,PTMA;PTMA,GRCh37,cg24618716
504,15,69706672,-,KIF23;KIF23,GRCh37,cg08817171
504,3,52272690,-,TWF2,GRCh37,cg03890877
504,15,23034682,-,NIPA2;NIPA2;NIPA2;NIPA2,GRCh37,cg17897236
504,10,115614712,+,DCLRE1A;NHLRC2,GRCh37,cg13420923
504,1,44435627,-,DPH2;DPH2,GRCh37,cg25955969
504,7,75368337,+,HIP1,GRCh37,cg24650353
504,20,10654705,+,JAG1,GRCh37,cg24652271
504,14,21152810,-,RNASE4;ANG;ANG;RNASE4,GRCh37,cg19211827
504,6,136571643,-,FAM54A;FAM54A,GRCh37,cg17754980
504,3,129325130,-,PLXND1,GRCh37,cg24770850
504,2,187351078,+,ZC3H15;ZC3H15,GRCh37,cg18757066
504,1,150898693,+,SETDB1;SETDB1;SETDB1,GRCh37,cg12082615
504,12,26986805,+,ITPR2,GRCh37,cg09257092
504,22.0,50708639,+,MAPK11,GRCh37,cg19184963
504,2,74405770,+,MOBKL1B,GRCh37,cg08434152
504,2,70314576,-,PCBP1,GRCh37,cg26542130
504,16,67970768,-,PSMB10,GRCh37,cg11451801
504,17,3572336,+,TMEM93;TMEM93;TAX1BP3,GRCh37,cg12004730
504,2,200820154,-,C2orf60;C2orf60;C2orf47,GRCh37,cg03947362
504,10,73611008,+,PSAP;PSAP;PSAP;PSAP;PSAP;PSAP,GRCh37,cg24883276
504,8,94767003,+,TMEM67;TMEM67;TMEM67,GRCh37,cg17471019
504,2,224822229,-,MRPL44,GRCh37,cg00382515
504,12,27863646,-,MRPS35,GRCh37,cg03176585
504,3,48884897,-,PRKAR2A,GRCh37,cg25927124
504,12,12503457,+,MANSC1,GRCh37,cg13080465
504,6,52536059,-,TMEM14A,GRCh37,cg25923856
504,11,62623256,-,SNORD27;SLC3A2;SLC3A2;SNORD26;SNORD28;SLC3A2;SLC3A2;SLC3A2;SNORD25;SNHG1,GRCh37,cg24909445
504,2,61765470,-,XPO1,GRCh37,cg09455096
504,1,212587798,-,TMEM206,GRCh37,cg25923018
504,6,34855408,-,TAF11,GRCh37,cg14142521
504,22.0,31886454,+,EIF4ENIF1;EIF4ENIF1;EIF4ENIF1,GRCh37,cg11442050
504,12,99038046,-,IKBIP;APAF1;IKBIP;APAF1;APAF1;APAF1;IKBIP;APAF1,GRCh37,cg19196182
504,19,6393419,-,GTF2F1,GRCh37,cg03925809
504,12,54020076,-,ATF7;ATF7;ATF7;ATF7,GRCh37,cg18748332
504,10,101491598,-,CUTC;COX15;COX15,GRCh37,cg17460846
504,12,15374462,+,RERG,GRCh37,cg03028472
504,6,27441036,-,ZNF184,GRCh37,cg03029060
504,17,45918221,+,SCRN2;SCRN2,GRCh37,cg24793903
504,6,150039536,+,LATS1,GRCh37,cg11408517
504,9,35162499,+,UNC13B,GRCh37,cg02096633
504,10,120863723,-,FAM45B;FAM45A,GRCh37,cg18755204
504,11,62495950,+,HNRNPUL2;TTC9C,GRCh37,cg05059825
504,5,114598433,-,PGGT1B,GRCh37,cg03966541
504,3,61237172,-,FHIT;FHIT,GRCh37,cg24796403
504,16,30022699,+,DOC2A,GRCh37,cg03920233
504,19,32897202,-,DPY19L3;DPY19L3,GRCh37,cg11416386
504,4,41937393,-,TMEM33;TMEM33,GRCh37,cg14173613
504,1,8877257,-,RERE;RERE;RERE;RERE,GRCh37,cg11832727
504,5,167914047,-,RARS,GRCh37,cg24809768
504,1,156164011,-,SLC25A44;SLC25A44,GRCh37,cg24818434
504,7,99699448,+,MCM7;MCM7;AP4M1,GRCh37,cg26568722
504,11,47270240,-,NR1H3;ACP2;ACP2,GRCh37,cg05038053
504,1,174129335,+,RABGAP1L,GRCh37,cg18504532
504,10,3827695,-,KLF6;KLF6;KLF6;KLF6,GRCh37,cg25945303
504,1,151031323,+,CDC42SE1;CDC42SE1;MLLT11,GRCh37,cg00224508
504,9,19049789,+,RRAGA,GRCh37,cg17887537
504,16,75600564,+,GABARAPL2,GRCh37,cg13906548
504,7,73668406,-,RFC2;RFC2,GRCh37,cg03098361
504,17,17140084,-,FLCN;FLCN,GRCh37,cg25448636
504,7,156931995,-,UBE3C,GRCh37,cg00282683
504,16,30381109,+,TBC1D10B,GRCh37,cg25463428
504,7,120591325,+,ING3;ING3,GRCh37,cg11696575
504,8,146052742,+,ZNF7,GRCh37,cg13551243
504,19,46195965,-,QPCTL;SNRPD2;QPCTL;SNRPD2,GRCh37,cg04032871
504,2,224903461,-,SERPINE2;SERPINE2;SERPINE2,GRCh37,cg11703011
504,14,55658290,+,DLGAP5;DLGAP5;DLGAP5;DLGAP5,GRCh37,cg25465634
504,3,185655548,+,TRA2B,GRCh37,cg12018696
504,14,65568995,+,MAX;MAX;MAX;MAX;MAX;MAX,GRCh37,cg13555543
504,19,4007179,+,PIAS4,GRCh37,cg17655576
504,6,159065141,+,DYNLT1,GRCh37,cg09221326
504,13,50510822,+,C13orf1;C13orf1;C13orf1,GRCh37,cg09276355
504,3,150421878,-,FAM194A,GRCh37,cg13683440
504,8,92082487,-,OTUD6B;OTUD6B,GRCh37,cg04458139
504,11,65479495,+,KAT5;KAT5;KAT5;KAT5;KAT5;KAT5,GRCh37,cg18896539
504,1,19228616,+,ALDH4A1;ALDH4A1,GRCh37,cg18895413
504,11,62389756,-,B3GAT3,GRCh37,cg11706746
504,1,180601032,+,XPR1;XPR1,GRCh37,cg08638395
504,12,13153012,+,HEBP1;HTR7P,GRCh37,cg04588079
504,11,130318316,-,ADAMTS15,GRCh37,cg13707395
504,2,46524612,+,EPAS1;EPAS1,GRCh37,cg01780482
504,2,99224764,+,UNC50;C2orf64,GRCh37,cg13744304
504,10,72142276,-,LRRC20;LRRC20;LRRC20,GRCh37,cg09330643
504,1,212588395,-,TMEM206,GRCh37,cg25413757
504,4,178231244,+,NEIL3,GRCh37,cg13743031
504,11,102962862,+,DCUN1D5;DCUN1D5,GRCh37,cg18928687
504,17,79895006,+,PYCR1;PYCR1,GRCh37,cg25759517
504,9,99180432,+,ZNF367;ZNF367,GRCh37,cg12043807
504,20,44441064,+,UBE2C;UBE2C;UBE2C;UBE2C;UBE2C;UBE2C,GRCh37,cg13736875
504,3,48342764,+,NME6,GRCh37,cg11680236
504,8,144623157,+,ZC3H3,GRCh37,cg18552077
504,5,149380217,-,HMGXB3;TIGD6;HMGXB3,GRCh37,cg25428293
504,1,32801665,-,MARCKSL1;MARCKSL1,GRCh37,cg09327628
504,17,2240014,+,TSR1;TSR1;SGSM2;SGSM2,GRCh37,cg25430696
504,11,32605728,+,EIF3M,GRCh37,cg18788872
504,6,160389833,-,IGF2R,GRCh37,cg00230368
504,8,22857672,-,RHOBTB2;RHOBTB2;RHOBTB2,GRCh37,cg04447123
504,8,120867626,-,DSCC1,GRCh37,cg01780107
504,4,185569742,+,CCDC111;CASP3;CASP3,GRCh37,cg11691938
504,5,65017496,+,NLN;SGTB,GRCh37,cg25438054
504,16,29910594,-,SEZ6L2;SEZ6L2;SEZ6L2;SEZ6L2,GRCh37,cg02556718
504,14,39639574,-,TRAPPC6B;TRAPPC6B;TRAPPC6B;TRAPPC6B,GRCh37,cg04585992
504,15,85144040,-,ZSCAN2;ZSCAN2;ZSCAN2,GRCh37,cg01173291
504,15,52263839,+,LEO1,GRCh37,cg17676096
504,4,147442738,-,SLC10A7;SLC10A7,GRCh37,cg04529955
504,19,17970314,-,RPL18AP3;RPL18A,GRCh37,cg25563642
504,22.0,41985642,+,PMM1,GRCh37,cg00256281
504,19,4008209,+,PIAS4,GRCh37,cg13619768
504,5,177580924,+,NHP2;NHP2;NHP2;NHP2,GRCh37,cg09282744
504,17,19552393,-,ALDH3A2;ALDH3A2,GRCh37,cg09303043
504,1,24151775,+,HMGCL;HMGCL,GRCh37,cg08673615
504,15,86338428,+,KLHL25,GRCh37,cg00256166
504,17,66453394,+,WIPI1,GRCh37,cg13616221
504,18,33077497,+,INO80C;INO80C,GRCh37,cg04514981
504,13,26795990,+,RNF6;RNF6;RNF6,GRCh37,cg17850880
504,2,48132005,-,FBXO11;FBXO11;FBXO11,GRCh37,cg04495969
504,22.0,43538986,-,MCAT;MCAT,GRCh37,cg17846100
504,19,58193426,-,ZNF551;ZNF551,GRCh37,cg18870712
504,2,160569048,+,MARCH7;MARCH7,GRCh37,cg02479196
504,3,14220055,+,XPC;XPC;LSM3;XPC,GRCh37,cg13604223
504,10,121411168,+,BAG3;BAG3,GRCh37,cg18870413
504,3,57742983,+,SLMAP,GRCh37,cg11743795
504,5,1799723,+,MRPL36,GRCh37,cg25632001
504,1,894587,+,KLHL17;NOC2L,GRCh37,cg04485075
504,11,64692198,-,PPP2R5B;PPP2R5B,GRCh37,cg04480914
504,6,43197151,+,C6orf108;C6orf108,GRCh37,cg18878034
504,3,113466193,+,ATP6V1A;NAA50,GRCh37,cg13199822
504,2,175113587,+,OLA1;OLA1,GRCh37,cg25492727
504,8,99129222,+,POP1;HRSP12;POP1;POP1,GRCh37,cg11713008
504,13,111567140,-,ANKRD10,GRCh37,cg04467034
504,2,74757825,-,HTRA2;HTRA2;AUP1,GRCh37,cg04576203
504,17,46970694,+,ATP5G1;ATP5G1,GRCh37,cg11715999
504,6,31763819,-,VARS,GRCh37,cg13653456
504,12,40499262,+,SLC2A13,GRCh37,cg04575343
504,11,77850977,+,ALG8;ALG8,GRCh37,cg04574442
504,8,92082609,-,OTUD6B,GRCh37,cg18888595
504,1,19577814,+,MRTO4;KIAA0090,GRCh37,cg18931421
504,11,32605184,-,EIF3M,GRCh37,cg25505610
504,15,63674159,+,CA12;CA12,GRCh37,cg18846362
504,6,149887296,-,C6orf72,GRCh37,cg25513133
504,1,159895006,+,TAGLN2,GRCh37,cg08661227
504,19,36239412,+,LIN37,GRCh37,cg04558861
504,12,100660816,-,SCYL2;DEPDC4,GRCh37,cg25516544
504,3,9291334,-,SRGAP3;SRGAP3,GRCh37,cg13188385
504,2,27886442,-,SLC4A1AP;SLC4A1AP;SUPT7L;SUPT7L,GRCh37,cg09223071
504,9,139581745,+,AGPAT2;AGPAT2,GRCh37,cg25537774
504,19,4791680,-,FEM1A,GRCh37,cg26336164
504,6,132834573,-,STX7,GRCh37,cg17682309
504,8,124553149,-,FBXO32,GRCh37,cg25406735
504,2,165697595,-,COBLL1,GRCh37,cg02537909
504,8,144099566,+,LY6E;LY6E;LOC100133669,GRCh37,cg04678793
504,10,75255936,+,PPP3CB;PPP3CB;PPP3CB,GRCh37,cg08805338
504,2,119981169,-,STEAP3;STEAP3;STEAP3,GRCh37,cg04749104
504,19,38826282,+,CATSPERG,GRCh37,cg18996334
504,15,78591883,+,WDR61,GRCh37,cg25229015
504,17,18761731,-,PRPSAP2,GRCh37,cg04747863
504,8,8860211,+,ERI1,GRCh37,cg25232934
504,5,82373346,+,XRCC4;XRCC4;XRCC4;XRCC4;XRCC4;XRCC4;TMEM167A,GRCh37,cg25243721
504,7,100303170,-,POP7,GRCh37,cg25251635
504,7,142960778,-,GSTK1;GSTK1;GSTK1;GSTK1,GRCh37,cg13230584
504,6,31830729,+,NEU1,GRCh37,cg13510327
504,8,144450942,-,RHPN1;C8orf51,GRCh37,cg25255679
504,12,52345896,+,ACVR1B;ACVR1B;ACVR1B,GRCh37,cg00318865
504,15,63414067,-,LACTB;LACTB;LACTB;LACTB,GRCh37,cg25808839
504,13,98795562,+,FARP1;FARP1;FARP1;FARP1,GRCh37,cg25258291
504,5,172198791,+,DUSP1,GRCh37,cg04060275
504,9,74526649,+,FAM108B1;FAM108B1;C9orf85;C9orf85,GRCh37,cg01873645
504,20,8000564,+,TMX4,GRCh37,cg04741821
504,15,45879223,-,PLDN,GRCh37,cg03079549
504,2,231084523,+,SP110;SP110;SP110,GRCh37,cg02056135
504,20,30795836,+,PLAGL2;POFUT1;POFUT1,GRCh37,cg25811820
504,5,443625,+,EXOC3;C5orf55,GRCh37,cg26436158
504,7,73703459,-,CLIP2;CLIP2,GRCh37,cg08695830
504,14,31028151,+,G2E3,GRCh37,cg08810065
504,13,96706045,+,UGGT2,GRCh37,cg25169784
504,20,57607571,+,ATP5E;ATP5E,GRCh37,cg11595749
504,15,42840787,+,HAUS2;LRRC57;HAUS2,GRCh37,cg02126638
504,9,132805739,-,FNBP1,GRCh37,cg25179291
504,22.0,41843111,-,TOB2,GRCh37,cg09416501
504,14,94547588,+,DDX24;IFI27L1;IFI27L1,GRCh37,cg26450769
504,9,88897838,+,ISCA1,GRCh37,cg13890487
504,9,32552486,-,TOPORS;TOPORS,GRCh37,cg19012475
504,4,6784170,+,KIAA0232;KIAA0232,GRCh37,cg25194415
504,6,166755991,+,SFT2D1,GRCh37,cg11638880
504,1,26438530,-,PDIK1L;PDIK1L;PDIK1L,GRCh37,cg25817752
504,19,56165234,-,U2AF2;U2AF2,GRCh37,cg08568987
504,3,37493203,+,ITGA9,GRCh37,cg13882267
504,1,110090951,-,GNAI3,GRCh37,cg13878641
504,6,134274457,-,TBPL1;TBPL1,GRCh37,cg13878093
504,1,111889241,+,C1orf88;C1orf88,GRCh37,cg04763192
504,19,3500813,-,DOHH;DOHH;DOHH,GRCh37,cg25219047
504,2,54198338,+,PSME4,GRCh37,cg02100828
504,10,13142132,+,OPTN;OPTN;OPTN;OPTN;OPTN;OPTN;OPTN;OPTN,GRCh37,cg13864877
504,16,30538342,-,ZNF768,GRCh37,cg26295990
504,8,77912832,-,PXMP3;PXMP3,GRCh37,cg25202404
504,10,99473759,+,MARVELD1;MARVELD1,GRCh37,cg24576735
504,21,46293672,-,PTTG1IP;PTTG1IP,GRCh37,cg02114786
504,12,102224911,+,GNPTAB,GRCh37,cg00136105
504,10,35415820,-,CREM;CREM;CREM;CREM;CREM;CREM;CREM;CREM;CREM;CREM,GRCh37,cg09351894
504,7,100493811,+,ACHE;ACHE,GRCh37,cg17731261
504,12,49717037,+,TROAP;TROAP;TROAP;TROAP,GRCh37,cg25784394
504,20,35402123,+,DSN1;DSN1;DSN1;DSN1;DSN1;DSN1;DSN1;DSN1;DSN1;DSN1,GRCh37,cg09351449
504,9,131534466,+,ZER1,GRCh37,cg17617223
504,9,130374679,+,STXBP1;STXBP1;STXBP1;STXBP1,GRCh37,cg09332592
504,4,154387160,-,KIAA0922;KIAA0922,GRCh37,cg04700925
504,1,230203611,-,GALNT2,GRCh37,cg13769204
504,10,38383804,+,ZNF37A;ZNF37A,GRCh37,cg13531842
504,11,1968980,-,MRPL23,GRCh37,cg04011872
504,12,19282832,-,PLEKHA5;PLEKHA5,GRCh37,cg25764464
504,18,29598697,-,RNF125;RNF125,GRCh37,cg13760546
504,1,28655380,+,MED18;MED18,GRCh37,cg25371560
504,17,8079626,+,TMEM107;TMEM107;TMEM107;TMEM107,GRCh37,cg02571905
504,20,62886751,-,PCMTD2;PCMTD2,GRCh37,cg13218906
504,17,65241484,+,HELZ,GRCh37,cg26387998
504,2,239112214,-,ILKAP;ILKAP,GRCh37,cg18931895
504,10,75757809,-,VCL;VCL,GRCh37,cg25392935
504,4,44679953,-,GUF1,GRCh37,cg04683119
504,6,3000430,-,NQO2,GRCh37,cg12044889
504,15,90234207,+,PEX11A;WDR93,GRCh37,cg17732044
504,7,23637068,-,CCDC126;CCDC126,GRCh37,cg11783451
504,14,70826282,-,COX16,GRCh37,cg25346972
504,4,174255654,+,HMGB2;HMGB2;HMGB2,GRCh37,cg13515674
504,6,32163562,+,GPSM3;NOTCH4,GRCh37,cg08592230
504,9,131580591,-,ENDOG,GRCh37,cg00228799
504,6,143832937,+,FUCA2,GRCh37,cg18540871
504,17,45918805,+,SCRN2;SCRN2,GRCh37,cg11646887
504,11,43333782,-,API5;API5;API5;API5,GRCh37,cg13808561
504,6,35889059,+,SRPK1,GRCh37,cg25324046
504,17,67323282,-,ABCA5;ABCA5,GRCh37,cg11651717
504,12,31226606,-,DDX11;DDX11;DDX11,GRCh37,cg09377899
504,10,89622084,-,PTEN;KILLIN,GRCh37,cg04738091
504,5,154317555,-,GEMIN5,GRCh37,cg04730731
504,11,120081890,+,OAF;OAF,GRCh37,cg18963330
504,11,119019845,-,ABCG4;ABCG4;ABCG4,GRCh37,cg04410834
504,13,98085947,-,RAP2A,GRCh37,cg25329939
504,1,11865642,-,CLCN6;CLCN6;MTHFR;CLCN6;CLCN6,GRCh37,cg01226883
504,3,131100364,-,NUDT16,GRCh37,cg13518195
504,16,103723,+,SNRNP25;POLR3K,GRCh37,cg11653271
504,1,117603102,-,TTF2,GRCh37,cg13221588
504,22.0,50969039,+,TYMP;ODF3B;TYMP;TYMP,GRCh37,cg11654620
504,20,33104204,-,DYNLRB1;DYNLRB1,GRCh37,cg13789523
504,17,73901339,+,MRPL38,GRCh37,cg11653266
504,11,47574547,+,CUGBP1;CUGBP1,GRCh37,cg24576270
504,19,42747008,+,GSK3A,GRCh37,cg04497885
504,2,230786584,+,FBXO36;TRIP12,GRCh37,cg11206667
504,15,73925532,+,NPTN;NPTN;NPTN;NPTN,GRCh37,cg04200765
504,14,33408527,+,NPAS3;NPAS3;NPAS3;NPAS3,GRCh37,cg11991859
504,22.0,31608519,-,LIMK2,GRCh37,cg00518989
504,16,1821559,-,NME3;NME3,GRCh37,cg00485296
504,14,93651794,-,C14orf109;C14orf109;MOAP1,GRCh37,cg12873941
504,13,25086777,+,PARP4,GRCh37,cg09546332
504,19,11909408,+,ZNF491;ZNF491,GRCh37,cg19526626
504,17,46178360,+,CBX1;CBX1;CBX1,GRCh37,cg11194725
504,1,173684474,-,KLHL20,GRCh37,cg11905617
504,12,96252764,-,SNRPF;SNRPF,GRCh37,cg05780616
504,3,49841087,-,C3orf54,GRCh37,cg03833566
504,17,10600689,+,SCO1;C17orf48,GRCh37,cg00480209
504,20,46131028,-,NCOA3;NCOA3,GRCh37,cg12128876
504,3,126076601,+,KLF15,GRCh37,cg17305187
504,16,14013720,-,ERCC4,GRCh37,cg24091698
504,10,126107487,+,OAT;OAT,GRCh37,cg03853151
504,5,172261515,+,ERGIC1,GRCh37,cg17304433
504,8,19674713,+,INTS10,GRCh37,cg17834443
504,17,33307399,+,LIG3;LIG3,GRCh37,cg24041995
504,20,37377424,+,ACTR5,GRCh37,cg26826852
504,1,229693713,-,ABCB10,GRCh37,cg05552534
504,11,14521548,-,COPB1;COPB1;COPB1,GRCh37,cg23984059
504,19,12476514,+,ZNF442,GRCh37,cg03809891
504,20,3800762,-,C20orf29,GRCh37,cg09158909
504,16,58718466,-,SLC38A7,GRCh37,cg11933375
504,5,112630684,-,MCC;MCC,GRCh37,cg24003542
504,1,12040215,+,MFN2;MFN2,GRCh37,cg05523254
504,10,70661472,+,DDX50,GRCh37,cg24012157
504,2,198318630,+,COQ10B,GRCh37,cg17293470
504,7,99697978,-,MCM7;AP4M1;MCM7;MCM7,GRCh37,cg14796007
504,20,3452173,-,ATRN;ATRN,GRCh37,cg17294081
504,14,24768849,-,DHRS1;C14orf21;DHRS1;DHRS1,GRCh37,cg09546345
504,19,2783122,+,SGTA,GRCh37,cg05516832
504,7,155089006,-,INSIG1;INSIG1;INSIG1,GRCh37,cg17927917
504,10,127407979,+,C10orf137,GRCh37,cg03820909
504,3,148803905,+,HLTF;HLTF,GRCh37,cg26151310
504,1,1982434,+,PRKCZ,GRCh37,cg24035370
504,17,79480921,-,ACTG1,GRCh37,cg19517525
504,3,169940839,+,PRKCI,GRCh37,cg08400120
504,19,48281610,+,SEPW1,GRCh37,cg03135598
504,1,94147468,+,BCAR3,GRCh37,cg11208235
504,11,47869488,+,NUP160,GRCh37,cg24160158
504,14,23067335,-,ABHD4,GRCh37,cg19482581
504,6,36410553,+,PXT1;PXT1;KCTD20;KCTD20,GRCh37,cg24170535
504,9,116038303,+,PRPF4;CDC26,GRCh37,cg18474135
504,1,220445750,+,RAB3GAP2;RAB3GAP2,GRCh37,cg08293760
504,21,45139379,-,PDXK,GRCh37,cg14522549
504,1,78444712,-,FUBP1;FUBP1,GRCh37,cg18666238
504,7,8301435,-,ICA1;ICA1;ICA1,GRCh37,cg05434957
504,11,62414275,+,GANAB;GANAB,GRCh37,cg14519525
504,2,74007147,+,DUSP11,GRCh37,cg11251086
504,14,65569903,-,MAX;MAX;MAX;MAX;MAX;MAX,GRCh37,cg08737421
504,6,83903813,+,PGM3;RWDD2A,GRCh37,cg24204740
504,21,40752522,-,WRB,GRCh37,cg00171126
504,19,40697425,-,MAP3K10,GRCh37,cg26104204
504,6,12013214,-,HIVEP1,GRCh37,cg26685339
504,11,59523120,-,STX3,GRCh37,cg24219638
504,7,33168802,+,BBS9;BBS9;BBS9;BBS9,GRCh37,cg09539271
504,4,4544016,-,STX18,GRCh37,cg14530801
504,4,105412299,+,CXXC4,GRCh37,cg19534879
504,14,57046243,+,C14orf101,GRCh37,cg00466544
504,7,73153139,-,ABHD11;ABHD11;ABHD11;ABHD11;ABHD11;ABHD11;ABHD11;ABHD11;ABHD11;ABHD11;ABHD11;ABHD11,GRCh37,cg14534967
504,17,16342776,+,NCRNA00188;NCRNA00188;NCRNA00188;NCRNA00188;NCRNA00188;NCRNA00188;NCRNA00188;SNORD49B;NCRNA00188;NCRNA00188;NCRNA00188;NCRNA00188;NCRNA00188;NCRNA00188;NCRNA00188;SNORD49A;NCRNA00188;NCRNA00188;NCRNA00188;NCRNA00188;NCRNA00188;NCRNA00188;NCRNA00188;NCRNA00188;NCRNA00188,GRCh37,cg08270477
504,20,43991922,+,SYS1;SYS1;SYS1-DBNDD2,GRCh37,cg05451974
504,7,56019838,-,MRPS17,GRCh37,cg24123124
504,14,105957742,-,C14orf80;C14orf80;C14orf80,GRCh37,cg13332088
504,1,150459996,+,TARS2,GRCh37,cg08749122
504,15,67358639,+,SMAD3,GRCh37,cg14556189
504,19,56631888,+,ZNF787,GRCh37,cg18473162
504,19,56092141,-,ZNF579,GRCh37,cg13336167
504,5,137667435,-,CDC25C;CDC25C;CDC25C;CDC25C,GRCh37,cg14784788
504,15,75230004,+,COX5A,GRCh37,cg04249030
504,5,175964814,+,RNF44,GRCh37,cg08283293
504,21.0,35287873,+,ATP5O,GRCh37,cg18665023
504,2,99797358,+,MRPL30;MITD1,GRCh37,cg01651821
504,3,49142143,+,QARS,GRCh37,cg11235871
504,15,23086979,-,NIPA1;NIPA1,GRCh37,cg24154474
504,3,183353422,-,KLHL24;KLHL24,GRCh37,cg11237115
504,15,89011204,+,MRPL46;MRPS11;MRPS11,GRCh37,cg03872267
504,9,38068663,-,SHB;SHB,GRCh37,cg08289932
504,3,47323868,+,KIF9;KIF9;KLHL18;KIF9,GRCh37,cg04255048
504,5,162887280,+,HMMR;HMMR;NUDCD2;HMMR;HMMR,GRCh37,cg19545851
504,16,2570492,+,AMDHD2;AMDHD2,GRCh37,cg09548179
504,9,130564956,+,FPGS;FPGS,GRCh37,cg11973688
504,19,59066601,+,CHMP2A;CHMP2A,GRCh37,cg17223189
504,3,3221344,-,CRBN,GRCh37,cg11116142
504,8,38035001,-,LSM1;BAG4,GRCh37,cg14726525
504,17,34901173,-,GGNBP2,GRCh37,cg19678067
504,4,57253603,+,AASDH;AASDH,GRCh37,cg02426410
504,17,16120515,-,PIGL;PIGL,GRCh37,cg02550358
504,11,111895577,-,DLAT;DLAT,GRCh37,cg17213552
504,20,61493341,+,TCFL5,GRCh37,cg11118665
504,16,88637332,+,ZC3H18,GRCh37,cg23830326
504,10,103113668,-,BTRC;BTRC,GRCh37,cg19669439
504,22.0,39268162,+,CBX6,GRCh37,cg04134624
504,7,43798622,-,BLVRA,GRCh37,cg00167504
504,20,55926119,+,RAE1;RAE1,GRCh37,cg19734148
504,5,176924899,+,PDLIM7;PDLIM7;PDLIM7,GRCh37,cg09572106
504,19,58987877,+,ZNF446,GRCh37,cg19649173
504,17,8093380,+,C17orf59,GRCh37,cg19670317
504,3,196296032,-,WDR53;FBXO45,GRCh37,cg11086568
504,19,44008476,-,PHLDB3,GRCh37,cg01655123
504,12,102514075,+,C12orf48,GRCh37,cg05727959
504,7,152457432,-,ACTR3B;ACTR3B,GRCh37,cg11096640
504,17,72869061,+,FDXR;FDXR,GRCh37,cg23727583
504,2,220407999,-,TMEM198;CHPF,GRCh37,cg04118884
504,1,12677263,+,DHRS3,GRCh37,cg09229231
504,19,19754574,+,GMIP,GRCh37,cg14773282
504,2,169313695,-,LASS6,GRCh37,cg26824467
504,8,9008681,+,PPP1R3B,GRCh37,cg01092561
504,1,2343736,+,PEX10;PEX10,GRCh37,cg23739036
504,2,62115576,-,CCT4,GRCh37,cg19716462
504,3,47843865,-,DHX30;DHX30,GRCh37,cg14758413
504,3,5021310,+,BHLHE40;BHLHE40,GRCh37,cg03223878
504,2,62933278,-,EHBP1;EHBP1;EHBP1;EHBP1,GRCh37,cg26239051
504,2,232378848,-,C2orf52,GRCh37,cg19709058
504,17,61678092,+,TACO1,GRCh37,cg14750190
504,20,39766409,-,PLCG1;PLCG1,GRCh37,cg23761264
504,10,7829899,+,KIN;ATP5C1;ATP5C1;KIN,GRCh37,cg02962299
504,17,34842576,+,ZNHIT3,GRCh37,cg14741666
504,1,43833547,-,ELOVL1,GRCh37,cg03793131
504,17,17140597,+,FLCN;FLCN,GRCh37,cg02975142
504,1,46664284,-,POMGNT1;POMGNT1,GRCh37,cg08176609
504,6,32158284,-,PBX2,GRCh37,cg08183114
504,19,39926328,+,RPS16,GRCh37,cg23915008
504,15,59397288,-,CCNB2,GRCh37,cg17260725
504,1,155108399,+,RAG1AP1;RAG1AP1;RAG1AP1;RAG1AP1,GRCh37,cg23916948
504,14,31091672,+,SCFD1;SCFD1,GRCh37,cg05637892
504,8,30241661,-,RBPMS;RBPMS;RBPMS;RBPMS,GRCh37,cg14658362
504,19,40030727,-,EID2;EID2,GRCh37,cg04137116
504,15,61521439,-,RORA;RORA,GRCh37,cg13301933
504,16,29937746,+,KCTD13,GRCh37,cg08256260
504,13,95248439,-,TGDS;TGDS,GRCh37,cg23922914
504,22.0,39548919,+,CBX7,GRCh37,cg03804568
504,2,191879127,+,STAT1;STAT1,GRCh37,cg00493400
504,3,45635223,+,LIMD1,GRCh37,cg12902719
504,5,54603874,-,DHX29;SKIV2L2,GRCh37,cg09230732
504,7,143598702,+,FAM115A,GRCh37,cg19548738
504,13,48612050,-,NUDT15,GRCh37,cg12906740
504,19,1104136,-,GPX4;GPX4;GPX4,GRCh37,cg17812013
504,14,93673792,-,C14orf142;UBR7;UBR7,GRCh37,cg11172299
504,20,30193400,+,ID1;ID1,GRCh37,cg03154513
504,19,49496473,+,GYS1;RUVBL2;GYS1;GYS1;GYS1;GYS1,GRCh37,cg14640682
504,14,67826880,+,EIF2S1;ATP6V1D,GRCh37,cg00496170
504,13,21635665,+,LATS2;LATS2,GRCh37,cg12900467
504,9,115480324,+,C9orf80;C9orf80,GRCh37,cg17240836
504,1,36930120,+,MRPS15,GRCh37,cg08198370
504,7,132766999,-,CHCHD3,GRCh37,cg19632026
504,19,18284450,-,IFI30,GRCh37,cg04096365
504,12,111021269,+,PPTC7,GRCh37,cg13294439
504,6,112408820,-,TUBE1;C6orf225;C6orf225,GRCh37,cg05668720
504,2,242254170,-,SEPT2;SEPT2;HDLBP;SEPT2;SEPT2,GRCh37,cg23888423
504,7,36406715,+,KIAA0895;KIAA0895;KIAA0895,GRCh37,cg23700778
504,2,88355481,+,KRCC1,GRCh37,cg11142466
504,1,17765897,-,RCC2;RCC2,GRCh37,cg01346589
504,6,30181448,+,TRIM26,GRCh37,cg14694232
504,11,2398856,-,CD81,GRCh37,cg19604470
504,10,135121916,+,TUBGCP2;ZNF511,GRCh37,cg05658858
504,1,156252438,-,TMEM79;SMG5,GRCh37,cg08763433
504,3,127770926,-,SEC61A1,GRCh37,cg13264208
504,6,157802912,-,ZDHHC14;ZDHHC14;ZDHHC14;ZDHHC14,GRCh37,cg26223987
504,20,23401804,-,NAPB,GRCh37,cg18456149
504,12,52464081,+,C12orf44;C12orf44,GRCh37,cg23911972
504,17,41856238,-,DUSP3,GRCh37,cg24229819
504,6,36646253,-,CDKN1A;CDKN1A,GRCh37,cg05759269
504,8,26240888,-,BNIP3L,GRCh37,cg05232067
504,17,28257024,-,EFCAB5;SSH2,GRCh37,cg18700967
504,19,38865080,+,PSMD8,GRCh37,cg05294095
504,17,26898124,-,PIGS,GRCh37,cg14445437
504,17,45727598,+,KPNB1;KPNB1,GRCh37,cg24438655
504,10,121632717,-,C10orf119,GRCh37,cg09518735
504,15,78730741,-,IREB2,GRCh37,cg26674929
504,22.0,31886456,+,EIF4ENIF1;EIF4ENIF1;EIF4ENIF1,GRCh37,cg18688305
504,19,44037225,+,ZNF575,GRCh37,cg13396213
504,3,50336673,+,HYAL3;NAT6;NAT6;HYAL3,GRCh37,cg14448864
504,15,40401063,+,BMF;BMF,GRCh37,cg08733315
504,8,37962972,-,ASH2L;ASH2L,GRCh37,cg24318412
504,1,11865789,-,CLCN6;CLCN6;MTHFR;CLCN6;CLCN6,GRCh37,cg01134491
504,13,52158706,+,WDFY2;WDFY2,GRCh37,cg12113075
504,7,99716514,-,TAF6;TAF6;TAF6;TAF6;TAF6;CNPY4;TAF6,GRCh37,cg04280119
504,1,45140072,-,C1orf228;TMEM53;TMEM53,GRCh37,cg04118154
504,22.0,30793438,-,SEC14L2;SEC14L2,GRCh37,cg14452140
504,6,26104185,-,HIST1H4C,GRCh37,cg24453353
504,18,12407808,+,SLMO1;SLMO1,GRCh37,cg24300924
504,17,39943043,+,JUP;JUP,GRCh37,cg17388484
504,19,44598784,-,ZNF224,GRCh37,cg18728325
504,19,46849936,+,PPP5C,GRCh37,cg03877802
504,2,27579796,-,GTF3C2;GTF3C2;GTF3C2;GTF3C2,GRCh37,cg19364957
504,7,99005923,+,BUD31;PDAP1,GRCh37,cg26259610
504,12,6982806,+,SPSB2;SPSB2,GRCh37,cg24471268
504,10,22610507,+,BMI1;BMI1,GRCh37,cg13379871
504,2,96874823,+,STARD7,GRCh37,cg05261289
504,1,36554901,-,ADPRHL2,GRCh37,cg24547948
504,20,62710773,-,RGS19;RGS19;RGS19;OPRL1;OPRL1,GRCh37,cg24516061
504,14,92588234,-,NDUFB1;CPSF2,GRCh37,cg24527001
504,6,111136368,-,CDK19;CDK19,GRCh37,cg18697049
504,10,126490406,+,FAM175B,GRCh37,cg09245378
504,7,99699378,-,MCM7;AP4M1;MCM7;MCM7,GRCh37,cg26023204
504,6,116421736,+,NT5DC1,GRCh37,cg00436301
504,14,105190158,-,ADSSL1,GRCh37,cg02043070
504,19,7986137,-,SNAPC2;SNAPC2,GRCh37,cg24391122
504,15,74284481,+,STOML1,GRCh37,cg00441382
504,11,134094651,+,VPS26B;VPS26B;NCAPD3,GRCh37,cg12977318
504,3,48594472,-,PFKFB4,GRCh37,cg19348001
504,6,108615929,-,LACE1,GRCh37,cg00180012
504,1,109969161,-,PSMA5,GRCh37,cg11286163
504,20,60962040,-,RPS21,GRCh37,cg02603366
504,1,203274882,-,BTG2,GRCh37,cg24337809
504,17,46178745,-,CBX1;CBX1;CBX1,GRCh37,cg17778721
504,20,18477839,-,RBBP9;RBBP9,GRCh37,cg19370515
504,20,48330560,+,B4GALT5,GRCh37,cg01924619
504,17,8338877,+,NDEL1;NDEL1,GRCh37,cg05334253
504,19,48613950,-,PLA2G4C;PLA2G4C;PLA2G4C;PLA2G4C;PLA2G4C;PLA2G4C,GRCh37,cg14399447
504,16,31084501,-,ZNF646;ZNF668,GRCh37,cg08395706
504,12,112280616,+,C12orf47;MAPKAPK5;MAPKAPK5,GRCh37,cg08367026
504,3,53079105,-,SFMBT1;SFMBT1;SFMBT1;SFMBT1,GRCh37,cg19373170
504,1,201476311,+,CSRP1;CSRP1;CSRP1;CSRP1,GRCh37,cg17780098
504,9,139304491,-,SDCCAG3;SDCCAG3;SDCCAG3;PMPCA,GRCh37,cg08367703
504,2,66662585,+,MEIS1;MEIS1,GRCh37,cg12975220
504,14,90422626,-,TDP1;TDP1,GRCh37,cg14454278
504,12,53894760,-,TARBP2;TARBP2;TARBP2;TARBP2;MAP3K12;TARBP2,GRCh37,cg01833398
504,3,134092715,-,AMOTL2,GRCh37,cg08115510
504,17,8021705,+,ALOXE3;ALOXE3,GRCh37,cg00184893
504,15,72410194,+,MYO9A;MYO9A;SENP8;SENP8,GRCh37,cg02169446
504,11,64546224,+,SF1;SF1;SF1;SF1;SF1;SF1;SF1;SF1,GRCh37,cg09503975
504,17,40168900,-,NKIRAS2;DNAJC7;DNAJC7;DNAJC7,GRCh37,cg24505527
504,11,18548806,+,TSG101,GRCh37,cg13383490
504,6,43596764,-,GTPBP2;MAD2L1BP,GRCh37,cg14465910
504,9,111696926,-,C9orf6;IKBKAP,GRCh37,cg05414225
504,15,41624793,+,NUSAP1;OIP5;OIP5;NUSAP1;NUSAP1,GRCh37,cg11324740
504,2,61404256,+,AHSA2,GRCh37,cg11332950
504,22.0,22221056,-,MAPK1;MAPK1,GRCh37,cg11265916
504,1,179263295,+,SOAT1,GRCh37,cg12118011
504,11,76494102,-,TSKU,GRCh37,cg14471615
504,20,45985596,+,ZMYND8;ZMYND8;ZMYND8,GRCh37,cg23662675
504,19,6739813,-,TRIP10,GRCh37,cg05399707
504,8,29952655,-,LEPROTL1;LEPROTL1,GRCh37,cg00177923
504,1,200589999,-,KIF14,GRCh37,cg24485466
504,10,43134100,+,ZNF33B,GRCh37,cg24494556
504,10,71561823,+,COL13A1;COL13A1;COL13A1;COL13A1;COL13A1;COL13A1;COL13A1;COL13A1;COL13A1;COL13A1;COL13A1;COL13A1;COL13A1;COL13A1;COL13A1;COL13A1;COL13A1;COL13A1;COL13A1;COL13A1;COL13A1;COL13A1;COL13A1;COL13A1;COL13A1;COL13A1;COL13A1;COL13A1;COL13A1;COL13A1;COL13A1;COL13A1;COL13A1;COL13A1;COL13A1;COL13A1;COL13A1;COL13A1;COL13A1;COL13A1,GRCh37,cg12106945
504,17,40761567,+,FAM134C;TUBG1;FAM134C;TUBG1,GRCh37,cg05401645
504,3,184429760,-,MAGEF1;MAGEF1,GRCh37,cg24490859
504,6,52926119,-,ICK;ICK,GRCh37,cg05402265
504,3,93699352,-,ARL13B;ARL13B,GRCh37,cg11266874
504,14,24422956,+,DHRS4;C14orf167;C14orf167;C14orf167;C14orf167,GRCh37,cg24555600
504,6,42531521,-,UBR2,GRCh37,cg19448829
504,3,38537876,-,EXOG;EXOG,GRCh37,cg13350481
504,19,12273886,+,ZNF136,GRCh37,cg04311606
504,19,40337230,+,FBL,GRCh37,cg17389295
504,2,172290564,+,DCAF17;METTL8;DCAF17;DCAF17,GRCh37,cg05394497
504,19,36606109,-,POLR2I;POLR2I;TBCB;TBCB,GRCh37,cg26681081
504,21,43430383,-,ZNF295;ZNF295;ZNF295;ZNF295;ZNF295;ZNF295,GRCh37,cg11064558
504,3,137906213,-,ARMC8;ARMC8;ARMC8;ARMC8;ARMC8;ARMC8,GRCh37,cg13272327
504,10,64133888,-,ZNF365;ZNF365;ZNF365,GRCh37,cg01137532
504,1,24969260,-,SRRM1,GRCh37,cg11329235
504,6,122720661,-,HSF2;HSF2,GRCh37,cg05395196
504,6,34393330,-,RPS10,GRCh37,cg11061603
504,1,27248425,-,NUDC,GRCh37,cg08393541
504,17,26926011,+,SPAG5;SPAG5,GRCh37,cg00449941
504,9,71395330,+,PIP5K1B;FAM122A,GRCh37,cg11274211
504,17,72199373,+,RPL38;RPL38,GRCh37,cg25985778
504,14,31495002,-,AP4S1;STRN3;STRN3;AP4S1,GRCh37,cg13382714
504,7,148823235,+,ZNF425;ZNF398,GRCh37,cg09504196
504,4,84457011,+,AGPAT9,GRCh37,cg26071978
504,12,133464419,+,CHFR;CHFR;CHFR;CHFR;CHFR,GRCh37,cg23653008
504,2,64246311,+,VPS54;VPS54,GRCh37,cg24514921
504,1,151484243,-,CGN,GRCh37,cg03011500
504,8,101321928,+,RNF19A,GRCh37,cg14358709
505,11,195572,-,ODF3,GRCh37,cg10335112
505,11,7984973,-,NLRP10,GRCh37,cg18484189
506,13,96297197,+,DZIP1;DZIP1,GRCh37,cg04101379
507,15,99789661,-,TTC23;TTC23;TTC23;TTC23;TTC23;TTC23;TTC23;TTC23;TTC23;TTC23;TTC23;TTC23;TTC23;TTC23,GRCh37,cg21416022
508,12,96336121,-,AMDHD1;CCDC38,GRCh37,cg25229172
509,17,46682308,+,LOC404266;LOC404266;HOXB6;HOXB6,GRCh37,cg16848873
510,5,178017827,-,COL23A1,GRCh37,cg10730712
511,19,56989102,+,ZNF667;ZNF667,GRCh37,cg03289872
512,10,118429658,+,C10orf82,GRCh37,cg07621046
513,18,905450,-,ADCYAP1;ADCYAP1,GRCh37,cg07376535
514,20,58533443,+,CDH26,GRCh37,cg20895028
514,20,58533495,-,CDH26;CDH26,GRCh37,cg24607535
515,10,50323127,-,C10orf72;C10orf72,GRCh37,cg02569613
515,19,51520093,-,KLK10;KLK10;KLK10,GRCh37,cg09226684
515,9,1052239,+,DMRT2;DMRT2;DMRT2,GRCh37,cg11530960
515,19,4769146,+,C19orf30,GRCh37,cg07456645
515,19,51520259,+,KLK10;KLK10;KLK10,GRCh37,cg09254939
516,6,26273199,+,HIST1H2BI,GRCh37,cg02192855
516,6,26250347,+,,GRCh37,cg05414338
517,5,178368183,-,ZNF454,GRCh37,cg23037403
517,5,178368415,+,ZNF454,GRCh37,cg03355526
518,5,121412702,-,LOX,GRCh37,cg22836153
518,4,171011264,+,AADAT;AADAT,GRCh37,cg12506971
518,20,4667405,-,PRNP;PRNP;PRNP;PRNP;PRNP,GRCh37,cg15993674
518,21,28218596,+,ADAMTS1,GRCh37,cg11189837
518,4,163085342,+,FSTL5;FSTL5;FSTL5,GRCh37,cg18695917
518,5,121413050,-,LOX,GRCh37,cg02548238
518,5,121412429,-,LOX,GRCh37,cg09262269
518,5,121413478,+,LOX,GRCh37,cg01824804
518,5,113697632,+,KCNN2,GRCh37,cg23615676
518,4,171011577,-,AADAT;AADAT,GRCh37,cg01654582
518,4,96470094,-,UNC5C;UNC5C,GRCh37,cg10520887
519,5,22854704,+,CDH12,GRCh37,cg15175266
520,17,40440022,-,STAT5A,GRCh37,cg16777510
521,20,43279793,+,ADA,GRCh37,cg20622019
522,11,107582804,+,SLN,GRCh37,cg17971003
522,11,107582734,-,SLN;SLN,GRCh37,cg12237269
523,13,25745784,+,FAM123A;FAM123A;FAM123A;FAM123A,GRCh37,cg22029275
524,3,111260783,+,CD96;CD96,GRCh37,cg04039397
525,1,157670220,-,FCRL3,GRCh37,cg25259754
525,1,157567720,+,FCRL4,GRCh37,cg01612158
526,19,46975138,+,PNMAL1;PNMAL1,GRCh37,cg06851207
527,4,188916867,-,ZFP42,GRCh37,cg06274159
528,19,34175481,+,CHST8;CHST8;CHST8;CHST8,GRCh37,cg13959523
528,19,34175354,+,CHST8;CHST8;CHST8,GRCh37,cg24739326
529,1,196620963,+,CFH;CFH,GRCh37,cg23557926
530,11,2162510,-,IGF2AS;INS-IGF2;IGF2;IGF2AS;IGF2,GRCh37,cg21237591
531,7,50849168,+,GRB10,GRCh37,cg03104936
531,7,50849415,-,GRB10,GRCh37,cg25915982
532,14,74706336,-,VSX2,GRCh37,cg11525285
533,11,2465491,+,KCNQ1,GRCh37,cg19779211
534,4,8271507,+,HTRA3;HTRA3,GRCh37,cg09495977
535,7,127291580,+,SND1,GRCh37,cg00893242
536,16,2770336,+,PRSS27;PRSS27,GRCh37,cg12391048
537,14,52734529,+,PTGDR;PTGDR,GRCh37,cg09516965
538,8,67587053,-,C8orf44,GRCh37,cg13064571
539,22.0,31318181,+,C22orf27,GRCh37,cg15425811
540,15,78632592,-,CRABP1,GRCh37,cg16703647
540,15,78632670,-,CRABP1;CRABP1,GRCh37,cg11200929
541,3,172859022,+,SPATA16;SPATA16,GRCh37,cg01216369
542,14,65016802,-,C14orf50,GRCh37,cg04536575
542,14,65016595,-,C14orf50,GRCh37,cg12281657
543,4,174320378,-,SCRG1;SCRG1,GRCh37,cg01324261
543,19,41281080,-,MIA,GRCh37,cg25152942
544,1,145075831,+,PDE4DIP,GRCh37,cg11935147
544,13,37006748,+,CCNA1;CCNA1;CCNA1;CCNA1;CCNA1;CCNA1,GRCh37,cg12571423
545,4,119809925,-,SYNPO2;SYNPO2;SYNPO2,GRCh37,cg00415978
545,4,119810036,-,SYNPO2;SYNPO2;SYNPO2;SYNPO2;SYNPO2;SYNPO2,GRCh37,cg02519806
546,6,155777175,-,NOX3,GRCh37,cg21765730
546,4,106473806,+,FLJ20184;FLJ20184,GRCh37,cg27126442
546,11,27062416,-,BBOX1,GRCh37,cg20910746
546,6,30081408,-,TRIM31,GRCh37,cg15238224
546,1,207206447,-,C1orf116;C1orf116,GRCh37,cg15485859
546,10,98031125,+,BLNK;BLNK,GRCh37,cg16779976
546,11,34535357,-,ELF5,GRCh37,cg12728032
546,4,15964743,+,FGFBP2,GRCh37,cg08132711
546,7,16844606,+,AGR2;AGR2,GRCh37,cg21201572
546,2,120435949,-,TMEM177;TMEM177;TMEM177,GRCh37,cg12108912
546,20,44168753,-,WFDC6,GRCh37,cg12547930
546,7,28338985,+,CREB5;CREB5,GRCh37,cg02611282
546,5,35938692,-,CAPSL;CAPSL;CAPSL,GRCh37,cg24202119
546,19,56092834,-,ZNF579,GRCh37,cg15916628
547,19,13213688,-,LYL1,GRCh37,cg04432009
547,19,13213451,-,LYL1;LYL1,GRCh37,cg15013019
548,13,47469654,+,HTR2A;HTR2A,GRCh37,cg00308665
549,13,78109801,+,SCEL;SCEL;SCEL,GRCh37,cg21063899
550,1,231115871,-,TTC13;TTC13;ARV1,GRCh37,cg03017653
551,8,23021093,+,TNFRSF10D,GRCh37,cg10964421
551,8,23020966,+,TNFRSF10D,GRCh37,cg23051664
552,1,101359714,-,EXTL2;EXTL2,GRCh37,cg04870470
553,17,35294029,-,LHX1,GRCh37,cg22660578
554,6,117586918,+,VGLL2;VGLL2;VGLL2;VGLL2,GRCh37,cg03160135
554,7,49813763,-,VWC2,GRCh37,cg00333226
555,7,27204894,+,HOXA9,GRCh37,cg27009703
555,7,27204803,+,HOXA9,GRCh37,cg01354473
556,1,85331084,-,LPAR3,GRCh37,cg24574111
556,17,39023008,-,KRT12,GRCh37,cg02756698
556,2,113810244,-,IL1F8;IL1F8,GRCh37,cg09995854
556,20,56099548,+,CTCFL,GRCh37,cg14264994
556,4,16077324,+,PROM1;PROM1;PROM1;PROM1;PROM1;PROM1;PROM1,GRCh37,cg20576510
556,1,120354159,-,REG4;REG4;REG4;REG4;REG4;REG4,GRCh37,cg00808492
556,16,11362839,-,TNP2,GRCh37,cg07512345
556,19,2866619,+,ZNF556,GRCh37,cg12846567
556,6,108093229,-,SCML4,GRCh37,cg02937102
556,17,37185495,+,,GRCh37,cg00093177
556,3,170744641,+,SLC2A2;SLC2A2,GRCh37,cg17142134
556,1,50574837,+,ELAVL4;ELAVL4;ELAVL4;ELAVL4;ELAVL4;ELAVL4;ELAVL4,GRCh37,cg18242139
556,1,14031383,+,PRDM2;PRDM2;PRDM2;PRDM2;PRDM2,GRCh37,cg25450806
556,9,100286340,-,TMOD1;TMOD1,GRCh37,cg25494064
556,1,9086146,+,SLC2A7,GRCh37,cg16084788
556,15,59498670,-,MYO1E;LDHAL6B,GRCh37,cg18809535
556,16,10788644,-,TEKT5,GRCh37,cg23514672
556,1,206972262,-,IL19,GRCh37,cg05916196
556,7,95115354,+,ASB4;ASB4,GRCh37,cg11554605
556,7,92848714,+,HEPACAM2;HEPACAM2,GRCh37,cg04992673
556,4,165953193,-,TRIM60;TRIM60,GRCh37,cg26426582
556,10,114133304,-,ACSL5,GRCh37,cg13849691
556,17,63184288,+,RGS9;RGS9;RGS9,GRCh37,cg05511685
556,2,168675357,-,B3GALT1,GRCh37,cg25427580
556,2,128422717,+,LIMS2;LIMS2;LIMS2;LIMS2,GRCh37,cg15781838
556,14,21525319,-,RNASE8,GRCh37,cg00935388
556,5,177615005,-,GMCL1L,GRCh37,cg06619299
556,13,23942179,-,SACS,GRCh37,cg25206802
556,1,15428172,+,KIAA1026,GRCh37,cg21045388
556,17,41051210,-,LOC388387,GRCh37,cg15140807
556,19,51891526,+,LIM2;LIM2,GRCh37,cg12491710
556,1,166958581,-,MAEL;MAEL,GRCh37,cg13249256
556,1,206945346,-,IL10,GRCh37,cg17067005
556,6,52109232,-,IL17F;IL17F,GRCh37,cg16267266
556,13,23942776,-,SACS,GRCh37,cg01498098
556,6,31551425,-,LTB;LTB,GRCh37,cg18656170
556,12,24736888,+,C12orf67,GRCh37,cg00730260
556,12,68620926,-,IL26,GRCh37,cg08338368
556,1,67267855,-,INSL5,GRCh37,cg08983259
556,1,100643544,-,LRRC39,GRCh37,cg26117431
556,1,53925145,-,DMRTB1,GRCh37,cg17736259
556,11,120974095,+,TECTA,GRCh37,cg15737168
556,17,39041110,+,KRT20,GRCh37,cg25124433
556,3,151176684,-,IGSF10,GRCh37,cg12775479
556,2,233896119,-,NEU2,GRCh37,cg20795863
556,4,115544155,-,UGT8;UGT8,GRCh37,cg25892041
556,9,100286483,+,TMOD1;TMOD1,GRCh37,cg14414534
556,3,138092089,+,MRAS;MRAS,GRCh37,cg21951612
556,1,182642748,-,RGS8;RGS8,GRCh37,cg17124700
556,8,22132563,+,PIWIL2;PIWIL2,GRCh37,cg23431988
556,21.0,44985491,+,HSF2BP,GRCh37,cg25023829
556,3,38347441,-,SLC22A14,GRCh37,cg08934427
556,5,32788128,+,C5orf23,GRCh37,cg16434306
556,5,159655703,+,FABP6;FABP6;FABP6,GRCh37,cg13599007
556,1,64669415,+,UBE2U,GRCh37,cg26317111
556,1,92415524,+,BRDT,GRCh37,cg00307685
556,7,132333391,+,PLXNA4;PLXNA4,GRCh37,cg24469977
556,13,25338287,-,RNF17,GRCh37,cg17806989
556,17,47286483,+,ABI3;ABI3;GNGT2,GRCh37,cg24456340
556,17,39334970,-,KRTAP4-2,GRCh37,cg20331177
556,1,110614450,+,ALX3,GRCh37,cg16893614
556,12,110505389,-,C12orf76;C12orf76,GRCh37,cg09778734
556,12,124265002,+,DNAH10,GRCh37,cg19896347
556,6,35480916,+,TULP1,GRCh37,cg00020533
556,10,118380175,+,PNLIPRP2,GRCh37,cg11310496
556,1,161474976,+,FCGR2A;FCGR2A,GRCh37,cg24422489
556,2,152213231,+,TNFAIP6,GRCh37,cg01035238
556,6,136171652,-,PDE7B,GRCh37,cg02664205
556,7,94294080,+,PEG10;PEG10,GRCh37,cg01488147
556,1,182761262,-,NPL,GRCh37,cg18117393
556,6,155410740,-,TIAM2,GRCh37,cg09837169
556,18,3220106,+,MYOM1;MYOM1,GRCh37,cg10677144
556,3,88040034,-,HTR1F,GRCh37,cg12775613
557,2,223162875,+,PAX3;PAX3;PAX3;CCDC140;CCDC140;PAX3;PAX3;PAX3;PAX3;PAX3,GRCh37,cg25596297
558,12,68553577,+,IFNG,GRCh37,cg26227465
559,4,186877778,+,SORBS2;SORBS2,GRCh37,cg26583078
560,19,9473565,-,ZNF177,GRCh37,cg05250458
560,19,9473696,+,ZNF177;ZNF177,GRCh37,cg09643544
561,5,175223646,-,CPLX2;CPLX2,GRCh37,cg19885761
562,6,133561932,-,EYA4;EYA4;EYA4,GRCh37,cg20330472
563,10,135150367,-,CALY;CALY,GRCh37,cg21965997
564,3,126113784,-,CCDC37;CCDC37,GRCh37,cg00891278
564,3,126113707,+,CCDC37,GRCh37,cg20312228
565,5,55008523,+,SLC38A9,GRCh37,cg09277365
565,16,56485177,+,NUDT21;OGFOD1;NUDT21,GRCh37,cg25974870
565,4,6711606,-,MRFAP1L1,GRCh37,cg10203523
565,10,75118523,-,TTC18,GRCh37,cg13323474
565,8,82633130,-,ZFAND1;ZFAND1;ZFAND1;ZFAND1;ZFAND1;ZFAND1;ZFAND1,GRCh37,cg26258330
565,5,76326301,-,AGGF1;AGGF1,GRCh37,cg25836159
565,2,109335627,-,RANBP2,GRCh37,cg08733774
565,12,57082442,+,PTGES3,GRCh37,cg07281688
565,7,26240574,+,CBX3;CBX3;HNRNPA2B1;HNRNPA2B1,GRCh37,cg13351698
565,5,52775805,-,FST;FST,GRCh37,cg01301664
565,22.0,50683188,-,TUBGCP6;TUBGCP6,GRCh37,cg21028326
565,22.0,39916314,+,ATF4;ATF4,GRCh37,cg11826116
565,20,44562842,-,PCIF1,GRCh37,cg01993411
565,14,95624293,+,FLJ45244;DICER1,GRCh37,cg02719245
565,12,14924136,+,HIST4H4,GRCh37,cg02094237
565,14,23299461,+,MRPL52;MRPL52;MRPL52;MRPL52;MRPL52;MRPL52,GRCh37,cg00197641
565,12,113658854,+,IQCD;TPCN1;IQCD;TPCN1,GRCh37,cg09253125
565,5,137514261,-,BRD8;BRD8;BRD8;KIF20A,GRCh37,cg07430605
565,2,208490587,+,FAM119A;FAM119A,GRCh37,cg13277160
565,21,34863952,-,DNAJC28;DNAJC28;DNAJC28,GRCh37,cg13319664
565,2,198363868,+,HSPD1;HSPD1;HSPE1,GRCh37,cg04183933
565,6,32821684,+,PSMB9;TAP1;PSMB9;TAP1,GRCh37,cg07504780
565,3,53164667,+,RFT1,GRCh37,cg21422208
565,17,42976442,+,CCDC103;EFTUD2;EFTUD2,GRCh37,cg20902737
565,19,49954994,-,ALDH16A1;ALDH16A1;PIH1D1;PIH1D1,GRCh37,cg13278334
565,11,61101089,+,DAK;DDB1,GRCh37,cg03160637
565,19,19626814,+,NDUFA13;TSSK6,GRCh37,cg21395782
565,8,22551274,+,EGR3,GRCh37,cg25811575
565,8,90997008,+,NBN,GRCh37,cg17724365
565,1,204485302,-,MDM4;MDM4,GRCh37,cg18119609
565,17,5389857,-,MIS12;DERL2,GRCh37,cg07478100
565,7,102938279,+,PMPCB,GRCh37,cg07475247
565,7,44887958,-,H2AFV;H2AFV;H2AFV;H2AFV;H2AFV,GRCh37,cg00947019
565,17,26646651,-,TMEM97,GRCh37,cg01438829
565,1,36851860,+,STK40,GRCh37,cg27546682
565,12,6579648,+,VAMP1;VAMP1;VAMP1,GRCh37,cg25750404
565,19,41768502,-,HNRNPUL1,GRCh37,cg23652526
565,9,21995312,-,CDKN2BAS;CDKN2A,GRCh37,cg00718440
565,11,33182890,+,CSTF3;CSTF3;CSTF3;CSTF3;CSTF3;CSTF3,GRCh37,cg19236745
565,1,7831156,+,VAMP3,GRCh37,cg03630344
565,8,37619818,+,PROSC,GRCh37,cg22838674
565,3,179322479,+,NDUFB5;MRPL47;MRPL47,GRCh37,cg12979743
565,3,160118452,-,SMC4;SMC4;SMC4;IFT80,GRCh37,cg16978263
565,1,98386915,+,DPYD;DPYD,GRCh37,cg06347996
565,3,69134303,+,ARL6IP5,GRCh37,cg24336531
565,1,205196756,-,TMCC2,GRCh37,cg08353146
565,1,165668116,-,ALDH9A1,GRCh37,cg08343943
565,9,139439761,+,NOTCH1,GRCh37,cg20042228
565,8,104033618,-,ATP6V1C1,GRCh37,cg22925006
565,2,33171699,+,LTBP1,GRCh37,cg27072387
565,15,80351679,-,ZFAND6,GRCh37,cg07965839
565,3,101292860,-,PCNP,GRCh37,cg22967298
565,4,166249239,+,SC4MOL;SC4MOL,GRCh37,cg19459675
565,13,39612422,+,NHLRC3;C13orf23;C13orf23;NHLRC3,GRCh37,cg17904815
565,8,128747979,+,MYC,GRCh37,cg19972619
565,1,94883469,+,ABCD3;ABCD3,GRCh37,cg24215727
565,16,67753554,-,GFOD2;GFOD2;GFOD2,GRCh37,cg12960248
565,6,170864036,-,TBP,GRCh37,cg11250247
565,2,74734760,-,PCGF1,GRCh37,cg24142014
565,17,79139685,-,AATK;LOC388428,GRCh37,cg26717786
565,2,47630845,-,MSH2,GRCh37,cg11311499
565,20,42838850,-,C20orf111,GRCh37,cg24442290
565,6,150070997,-,PCMT1,GRCh37,cg02043083
565,6,74364149,-,SLC17A5,GRCh37,cg00648153
565,10,21822403,-,MLLT10;MLLT10,GRCh37,cg11443787
565,1,165797085,+,UCK2,GRCh37,cg03036064
565,5,180671298,-,GNB2L1;SNORD95,GRCh37,cg20273774
565,4,1723620,-,TMEM129;TACC3;TMEM129,GRCh37,cg19208897
565,22.0,32340140,-,C22orf24;YWHAH,GRCh37,cg22478328
565,14,58893942,-,KIAA0586;TIMM9,GRCh37,cg02277509
565,12,107350075,+,C12orf23,GRCh37,cg06496078
565,19,36605252,+,POLR2I;TBCB,GRCh37,cg13597949
565,4,83821584,-,THAP9,GRCh37,cg27182555
565,17,55927006,+,MRPS23,GRCh37,cg18503387
565,13,42623032,+,DGKH;DGKH,GRCh37,cg00109274
565,6,2765113,-,WRNIP1;WRNIP1,GRCh37,cg05191792
565,20,50384485,+,ATP9A,GRCh37,cg17409393
565,3,183602222,-,PARL;PARL,GRCh37,cg19254558
565,3,169491072,-,MYNN;MYNN,GRCh37,cg09107232
565,20,62289802,-,RTEL1;RTEL1;RTEL1;RTEL1,GRCh37,cg24549085
565,14,21458055,-,METT11D1;METT11D1;METT11D1;METT11D1,GRCh37,cg15427567
565,8,124408918,-,ATAD2,GRCh37,cg22721186
565,14,31028426,+,G2E3;G2E3,GRCh37,cg07906495
565,12,118454258,+,RFC5;RFC5;RFC5;RFC5,GRCh37,cg05227963
565,6,138428894,-,PERP,GRCh37,cg22762180
565,22.0,20862292,-,MED15;MED15,GRCh37,cg09788239
565,11,69457819,+,CCND1,GRCh37,cg05200606
565,2,201828587,-,ORC2L,GRCh37,cg16873684
565,1,161284279,+,SDHC;SDHC;SDHC;SDHC;LOC642502,GRCh37,cg11221265
565,10,70748332,-,KIAA1279,GRCh37,cg09164559
565,12,53715592,-,AAAS,GRCh37,cg00559473
565,1,40724061,+,ZMPSTE24,GRCh37,cg19657082
565,11,2951353,+,PHLDA2,GRCh37,cg26799802
565,17,78009347,+,CCDC40;TBC1D16,GRCh37,cg19663942
565,2,30670170,+,LCLAT1;LCLAT1;LCLAT1;LCLAT1,GRCh37,cg10995359
565,1,51701583,+,RNF11,GRCh37,cg05923103
565,9,114361338,-,PTGR1;PTGR1;PTGR1,GRCh37,cg08876665
565,16,58426207,-,GINS3;GINS3;GINS3,GRCh37,cg05732130
565,4,100868318,+,DNAJB14,GRCh37,cg11010122
565,16,58548873,-,SETD6;SETD6,GRCh37,cg19824325
565,19,32836414,-,ZNF507;ZNF507,GRCh37,cg08084415
565,5,96270297,+,LNPEP,GRCh37,cg09593402
565,6,138725799,+,HEBP2,GRCh37,cg17171485
565,15,44116829,-,MFAP1;MFAP1,GRCh37,cg03788666
565,7,102937659,-,PMPCB,GRCh37,cg05755837
565,14,59951523,+,C14orf149;JKAMP;JKAMP,GRCh37,cg23709121
565,12,88974386,+,KITLG;KITLG,GRCh37,cg18422443
565,12,54393375,-,HOXC9,GRCh37,cg26829131
565,16,67144175,-,C16orf70,GRCh37,cg01087710
565,12,12715558,+,DUSP16,GRCh37,cg14817848
565,8,96037660,-,C8orf38,GRCh37,cg23644127
565,14,58711500,+,PSMA3;PSMA3,GRCh37,cg05957518
565,5,99870887,-,FAM174A,GRCh37,cg05958659
565,10,118032948,+,GFRA1;GFRA1;GFRA1;GFRA1,GRCh37,cg23898073
565,3,130465764,+,PIK3R4,GRCh37,cg23398385
565,22.0,41682542,+,RANGAP1,GRCh37,cg19961382
565,11,71814579,-,LRTOMT;C11orf59;LRTOMT;LRTOMT,GRCh37,cg17058777
565,7,151722621,-,GALNT11,GRCh37,cg15146720
565,12,88536410,+,TMTC3;CEP290,GRCh37,cg07990939
565,7,21467723,+,SP4;SP4,GRCh37,cg27007358
565,13,20208413,+,MPHOSPH8,GRCh37,cg27005181
565,9,108210153,-,FSD1L;FSD1L;FSD1L,GRCh37,cg10922622
565,13,34392073,+,RFC3;RFC3,GRCh37,cg19932177
565,2,37311892,+,CCDC75;HEATR5B,GRCh37,cg19931106
565,14,50159670,+,KLHDC1,GRCh37,cg17076012
565,17,78010277,+,CCDC40;TBC1D16,GRCh37,cg24124977
565,21,17102990,-,USP25,GRCh37,cg06114765
565,15,31195982,+,MTMR15;MTMR15;MTMR15;MTMR15,GRCh37,cg01939479
565,1,40974239,+,DEM1,GRCh37,cg26776069
565,2,27886635,-,SLC4A1AP;SUPT7L,GRCh37,cg09131135
565,9,36190885,-,CLTA;CLTA;CLTA,GRCh37,cg26966384
565,12,56546563,+,MYL6B,GRCh37,cg23309825
565,19,8008081,+,TIMM44,GRCh37,cg05603623
565,6,35995429,-,MAPK14;MAPK14;MAPK14;MAPK14,GRCh37,cg02412050
565,18,12702795,-,PSMG2;CEP76,GRCh37,cg02201963
565,1,24742249,-,NIPAL3;NIPAL3,GRCh37,cg02976090
565,5,77590494,-,AP3B1;AP3B1,GRCh37,cg15009698
565,1,225965727,+,SRP9;SRP9,GRCh37,cg14607813
565,10,127512288,+,UROS;BCCIP;BCCIP;BCCIP,GRCh37,cg11453347
565,2,128284252,-,IWS1,GRCh37,cg23570261
565,6,36562217,+,SFRS3;SFRS3,GRCh37,cg27394038
565,1,156710998,-,MRPL24;MRPL24,GRCh37,cg25503559
565,13,42846072,-,AKAP11,GRCh37,cg10391629
565,17,8021828,-,ALOXE3;ALOXE3;ALOXE3,GRCh37,cg10392768
565,3,186284968,+,TBCCD1;TBCCD1,GRCh37,cg21885650
565,15,70390233,+,TLE3;TLE3;TLE3;TLE3;TLE3;TLE3,GRCh37,cg13637733
565,17,47785225,-,SLC35B1;SLC35B1,GRCh37,cg09002774
565,14,52456445,+,C14orf166,GRCh37,cg25304860
565,20,44600971,-,ZNF335,GRCh37,cg09378691
565,15,75018583,+,CYP1A1,GRCh37,cg20433014
565,13,31736396,-,HSPH1,GRCh37,cg03373442
565,9,127177817,+,PSMB7,GRCh37,cg15806518
565,1,39325911,+,RRAGC,GRCh37,cg17593391
565,15,62352934,-,VPS13C;VPS13C;VPS13C;VPS13C,GRCh37,cg12032009
565,11,63741849,+,COX8A,GRCh37,cg10415235
565,19,38827378,+,CATSPERG,GRCh37,cg22006386
565,3,125094611,-,ZNF148,GRCh37,cg21664828
565,15,91565357,+,VPS33B,GRCh37,cg22017387
565,1,218518963,-,TGFB2;TGFB2,GRCh37,cg16658719
565,1,100731534,+,RTCD1;RTCD1,GRCh37,cg04743063
565,3,196467454,-,PAK2,GRCh37,cg21840599
565,1,52870060,+,ORC1L;ORC1L;PRPF38A,GRCh37,cg08613513
565,11,130319074,-,ADAMTS15,GRCh37,cg02564733
565,11,62358814,-,TUT1,GRCh37,cg21643860
565,3,141595655,+,ATP1B3,GRCh37,cg07006042
565,9,6015507,-,RANBP6;RANBP6;RANBP6,GRCh37,cg18906795
565,1,108743318,+,SLC25A24,GRCh37,cg09214920
565,1,26560450,-,CCDC21,GRCh37,cg04025590
565,20,35917850,+,MANBAL;MANBAL,GRCh37,cg07719737
565,17,46184629,+,SNX11;SNX11,GRCh37,cg12563480
565,17,7137540,-,DVL2,GRCh37,cg25432997
565,12,31812705,-,C12orf72;C12orf72;C12orf72;C12orf72,GRCh37,cg08647727
565,2,15731793,-,DDX1;DDX1,GRCh37,cg21693780
565,12,53646162,-,MFSD5;MFSD5,GRCh37,cg27467734
565,8,125463057,-,TRMT12;TRMT12,GRCh37,cg25375711
565,6,74230681,-,EEF1A1,GRCh37,cg07740989
565,2,220042096,+,FAM134A;C2orf24,GRCh37,cg21785260
565,15,41523882,-,CHP;EXD1,GRCh37,cg08618113
565,11,18343973,-,HPS5;HPS5;GTF2H1;GTF2H1;GTF2H1;GTF2H1;HPS5,GRCh37,cg13777411
565,15,78832906,-,PSMA4;PSMA4;PSMA4,GRCh37,cg13782957
565,6,56911139,+,KIAA1586,GRCh37,cg21829265
565,14,62228983,-,SNAPC1,GRCh37,cg06887663
565,3,52029988,-,RPL29,GRCh37,cg06807579
565,1,32645867,+,TXLNA,GRCh37,cg10266188
565,1,44679006,+,DMAP1;DMAP1;DMAP1,GRCh37,cg15990015
565,6,30594709,+,C6orf134,GRCh37,cg13964084
565,1,225841605,+,ENAH;ENAH,GRCh37,cg15676084
565,3,131100418,+,NUDT16,GRCh37,cg26459500
565,11,67373977,-,NDUFV1;NDUFV1,GRCh37,cg19038228
565,15,59664799,-,MYO1E;MYO1E,GRCh37,cg07684353
565,17,8649004,+,CCDC42;CCDC42,GRCh37,cg22197033
565,21,43430494,-,ZNF295;ZNF295;ZNF295;ZNF295;ZNF295;ZNF295,GRCh37,cg01320040
565,4,57845401,-,POLR2B,GRCh37,cg22184145
565,12,112847507,-,RPL6;RPL6,GRCh37,cg17542835
565,6,105307096,-,HACE1,GRCh37,cg22313025
565,1,155242826,-,CLK2,GRCh37,cg04498032
565,22.0,43506306,-,BIK,GRCh37,cg08954856
565,1,117664515,-,TRIM45;TRIM45,GRCh37,cg19120746
565,9,35116525,-,KIAA1539,GRCh37,cg19026306
565,19,41283667,+,RAB4B,GRCh37,cg24958765
565,2,102314495,+,MAP4K4;MAP4K4;MAP4K4;MAP4K4;MAP4K4;MAP4K4,GRCh37,cg15738916
565,11,57298349,+,TIMM10,GRCh37,cg02292024
565,9,36401460,-,RNF38;RNF38;RNF38;RNF38;RNF38,GRCh37,cg13098382
565,8,28348123,+,FBXO16,GRCh37,cg00815583
565,6,116575135,+,TSPYL4,GRCh37,cg03959219
565,10,88855483,+,GLUD1;FAM35A,GRCh37,cg04798796
565,4,1858231,+,LETM1,GRCh37,cg04794887
565,9,131084554,+,COQ4;TRUB2,GRCh37,cg22344641
565,1,32860685,+,BSDC1;BSDC1;BSDC1;BSDC1,GRCh37,cg15654964
565,13,30424153,-,UBL3;UBL3,GRCh37,cg11744351
565,7,143077761,+,ZYX;ZYX,GRCh37,cg03100196
565,17,74581331,+,ST6GALNAC2,GRCh37,cg21522303
566,11,18433745,-,LDHC;LDHC,GRCh37,cg08418111
567,20,24449392,-,TMEM90B,GRCh37,cg24122922
568,12,11463844,+,PRB4,GRCh37,cg22692158
568,12,11062035,-,TAS2R13;TAS2R13;PRR4;PRH1,GRCh37,cg08658594
569,4,116035232,-,NDST4,GRCh37,cg27063986
570,1,32716212,-,LCK,GRCh37,cg01525376
570,3,182699414,-,DCUN1D1,GRCh37,cg06785429
570,15,65342522,-,OSTBETA,GRCh37,cg09325101
570,4,108642411,-,PAPSS1,GRCh37,cg09191232
570,17,34207332,+,CCL5;CCL5,GRCh37,cg10315334
570,17,46692248,+,HOXB8;HOXB8,GRCh37,cg15539420
570,12,52399713,-,GRASP,GRCh37,cg22566906
570,1,39546511,-,MACF1,GRCh37,cg22233974
570,1,50574517,-,ELAVL4;ELAVL4;ELAVL4;ELAVL4;ELAVL4,GRCh37,cg26227005
570,20,24929716,+,CST7,GRCh37,cg11804789
570,11,60223291,-,MS4A1;MS4A1;MS4A1;MS4A1,GRCh37,cg06806711
570,17,4806344,+,CHRNE,GRCh37,cg01739167
570,10,28288192,+,ARMC4,GRCh37,cg02512226
570,12,81101689,+,MYF6,GRCh37,cg26711820
570,6,27841865,-,HIST1H4L,GRCh37,cg10536916
571,3,45018949,-,ZDHHC3;ZDHHC3;EXOSC7;ZDHHC3;EXOSC7,GRCh37,cg05161795
572,7,99573278,+,AZGP1,GRCh37,cg19465374
572,6,41715185,-,PGC;PGC,GRCh37,cg12855851
573,18,56530302,+,ZNF532;ZNF532,GRCh37,cg12406559
574,13,113030783,-,C13orf28,GRCh37,cg21624282
575,6,167275395,-,RPS6KA2,GRCh37,cg13217373
576,1,3568212,+,TP73,GRCh37,cg00565688
576,1,3568004,+,TP73;WDR8,GRCh37,cg04391111
577,1,13910206,-,PDPN;PDPN,GRCh37,cg10743104
578,12,25705861,-,IFLTD1;IFLTD1;IFLTD1;IFLTD1;IFLTD1,GRCh37,cg10412312
579,2,43019614,-,HAAO,GRCh37,cg20289949
580,10,103603722,+,KCNIP2;KCNIP2;KCNIP2;KCNIP2;KCNIP2;KCNIP2,GRCh37,cg25123470
581,16,88717755,+,CYBA,GRCh37,cg19790294
581,16,88717374,+,CYBA,GRCh37,cg26537639
582,2,174831503,-,SP3,GRCh37,cg14114267
583,6,71666282,-,B3GAT2;B3GAT2,GRCh37,cg18403396
583,22.0,37099259,-,CACNG2,GRCh37,cg01151699
583,7,21985277,+,CDCA7L;CDCA7L;CDCA7L,GRCh37,cg20259398
583,8,70747067,+,SLCO5A1;SLCO5A1,GRCh37,cg08419026
583,6,127440104,+,RSPO3;RSPO3,GRCh37,cg09979256
583,15,92397279,-,SLCO3A1;SLCO3A1,GRCh37,cg08404227
583,3,112931202,+,BOC,GRCh37,cg18742893
583,6,91006321,-,BACH2;BACH2;BACH2;BACH2,GRCh37,cg07914959
583,4,155412677,+,DCHS2;DCHS2;DCHS2;DCHS2,GRCh37,cg07786760
583,8,120428519,+,NOV,GRCh37,cg20379125
583,17,77020243,-,C1QTNF1;C1QTNF1,GRCh37,cg08349573
583,9,93564028,-,SYK;SYK;SYK;SYK;SYK,GRCh37,cg02608019
583,7,116164767,+,CAV1,GRCh37,cg07964538
583,3,93692773,+,PROS1;PROS1,GRCh37,cg09400966
583,18,21242345,-,ANKRD29,GRCh37,cg09085198
583,3,133748311,-,SLCO2A1,GRCh37,cg07708788
583,17,19437791,-,SLC47A1,GRCh37,cg17332016
583,12,65672888,+,MSRB3;MSRB3,GRCh37,cg20430063
583,13,88325384,-,SLITRK5,GRCh37,cg07710481
583,1,82266841,+,LPHN2,GRCh37,cg17870792
583,13,103451366,-,KDELC1;BIVM;KDELC1;BIVM,GRCh37,cg18247638
583,3,110790583,-,PVRL3,GRCh37,cg19522294
583,8,119964144,+,TNFRSF11B;TNFRSF11B,GRCh37,cg17293641
583,19,48775014,-,ZNF114,GRCh37,cg18119529
583,5,157002713,+,ADAM19;ADAM19,GRCh37,cg07540118
583,4,175443867,+,HPGD;HPGD;HPGD,GRCh37,cg18164599
583,9,77112326,-,RORB;RORB,GRCh37,cg07536920
583,13,40177062,+,LHFP;LHFP,GRCh37,cg08228917
583,4,30722274,-,PCDH7;PCDH7;PCDH7;PCDH7;PCDH7;PCDH7,GRCh37,cg18821742
583,11,68451827,-,GAL,GRCh37,cg08785534
583,19,8429160,+,ANGPTL4;ANGPTL4;ANGPTL4;ANGPTL4,GRCh37,cg02505409
583,12,121078658,+,CABP1,GRCh37,cg14592406
583,19,49315679,+,BCAT2;BCAT2;BCAT2,GRCh37,cg23455517
583,2,185463132,+,ZNF804A;ZNF804A,GRCh37,cg00554682
583,3,30648598,+,TGFBR2;TGFBR2,GRCh37,cg14910241
583,11,2906679,-,CDKN1C;CDKN1C;CDKN1C,GRCh37,cg23548479
583,6,167275999,+,RPS6KA2,GRCh37,cg14839257
583,2,228582789,+,SLC19A3,GRCh37,cg05844583
583,10,89420014,+,PAPSS2;PAPSS2,GRCh37,cg23706422
583,7,83824384,+,SEMA3A,GRCh37,cg05742308
583,10,3109799,+,PFKP,GRCh37,cg10247268
583,1,154540271,+,CHRNB2;CHRNB2,GRCh37,cg00818872
583,2,31361104,-,GALNT14;GALNT14,GRCh37,cg05714219
583,10,43572065,+,RET;RET,GRCh37,cg05621401
583,11,106888656,+,GUCY1A2,GRCh37,cg23984434
583,6,44265669,-,TCTE1,GRCh37,cg24014661
583,3,196756631,-,MFI2;MFI2;MFI2;MFI2,GRCh37,cg24058120
583,6,170600060,+,DLL1,GRCh37,cg00474209
583,7,121513065,-,PTPRZ1,GRCh37,cg00826384
583,4,73434856,-,ADAMTS3,GRCh37,cg11243196
583,2,174219986,-,CDCA7;CDCA7,GRCh37,cg05428978
583,7,23053737,+,FAM126A;FAM126A,GRCh37,cg24265806
583,15,74725882,+,SEMA7A;SEMA7A;SEMA7A,GRCh37,cg14443380
583,4,75858589,-,PARM1,GRCh37,cg11298412
583,12,71834237,-,LGR5,GRCh37,cg24373760
583,19,19006439,+,GDF1;LASS1;LASS1,GRCh37,cg24482234
583,3,50243021,-,SLC38A3,GRCh37,cg07212894
583,20,5892338,-,CHGB,GRCh37,cg23433607
583,10,104178866,+,PSD;FBXL15;PSD,GRCh37,cg23402444
583,3,8811279,+,OXTR;OXTR,GRCh37,cg23391006
583,20,4666848,-,PRNP;PRNP;PRNP;PRNP;PRNP;PRNP;PRNP;PRNP;PRNP,GRCh37,cg01620308
583,11,115374969,-,CADM1;CADM1,GRCh37,cg02788102
583,2,29033352,-,SPDYA;SPDYA,GRCh37,cg06816106
583,16,50582453,+,NKD1;NKD1,GRCh37,cg06812033
583,3,16555311,-,RFTN1,GRCh37,cg22044848
583,9,19127804,-,PLIN2,GRCh37,cg06797533
583,12,62586425,+,FAM19A2;FAM19A2,GRCh37,cg15736338
583,6,132272560,+,CTGF,GRCh37,cg15897310
583,21,44073919,+,PDE9A;PDE9A;PDE9A;PDE9A;PDE9A;PDE9A;PDE9A;PDE9A;PDE9A;PDE9A;PDE9A;PDE9A;PDE9A;PDE9A;PDE9A;PDE9A;PDE9A;PDE9A;PDE9A;PDE9A;PDE9A;PDE9A;PDE9A;PDE9A;PDE9A;PDE9A;PDE9A;PDE9A;PDE9A;PDE9A;PDE9A;PDE9A;PDE9A;PDE9A;PDE9A;PDE9A;PDE9A;PDE9A;PDE9A;PDE9A,GRCh37,cg06722792
583,1,84543156,-,PRKACB;PRKACB,GRCh37,cg06628693
583,12,22488465,-,ST8SIA1,GRCh37,cg00769520
583,10,61122313,-,FAM13C;FAM13C;FAM13C;FAM13C;FAM13C;FAM13C;FAM13C,GRCh37,cg10615091
583,17,32907002,+,TMEM132E;C17orf102,GRCh37,cg06557358
583,8,49833956,+,SNAI2;SNAI2,GRCh37,cg24593475
583,12,10875369,-,CSDA;CSDA,GRCh37,cg06552050
583,3,89156830,-,EPHA3;EPHA3;EPHA3;EPHA3,GRCh37,cg22619563
583,20,61274286,-,SLCO4A1,GRCh37,cg06479426
583,10,61122535,+,FAM13C;FAM13C;FAM13C;FAM13C;FAM13C,GRCh37,cg22639768
583,16,56623448,+,MT3;MT3,GRCh37,cg22655224
583,16,84651094,+,COTL1,GRCh37,cg22677246
583,13,103451338,-,KDELC1;BIVM;KDELC1;BIVM,GRCh37,cg22767079
583,17,72920378,+,OTOP2;OTOP2;USH1G,GRCh37,cg06353318
583,8,145560531,-,SCRT1,GRCh37,cg15301700
583,10,98945892,+,SLIT1,GRCh37,cg22967284
583,17,7554513,-,ATP1B2;ATP1B2,GRCh37,cg06200013
583,20,8113630,-,PLCB1;PLCB1,GRCh37,cg07008386
583,12,6937593,+,LEPREL2;LEPREL2,GRCh37,cg23360251
583,1,19991237,-,HTR6,GRCh37,cg22614355
583,10,94449797,+,HHEX,GRCh37,cg11378840
583,6,52227260,-,PAQR8,GRCh37,cg24323031
583,6,73332073,-,KCNQ5;KCNQ5;KCNQ5;KCNQ5;KCNQ5,GRCh37,cg24687051
583,2,228028741,+,COL4A3;COL4A4;COL4A3;COL4A4;COL4A3;COL4A3,GRCh37,cg04324308
583,11,101918157,+,C11orf70,GRCh37,cg00202702
583,19,4769660,-,MIR7-3;C19orf30,GRCh37,cg26005082
583,16,23194156,-,SCNN1G,GRCh37,cg13365761
583,22.0,46547117,+,PPARA;PPARA,GRCh37,cg04280480
583,1,53019316,+,ZCCHC11;ZCCHC11;ZCCHC11,GRCh37,cg07347137
583,17,67410799,+,MAP2K6,GRCh37,cg04228573
583,1,33352184,+,HPCA,GRCh37,cg13306164
583,9,34589381,+,CNTFR;CNTFR,GRCh37,cg13226172
583,5,71403420,+,MAP1B,GRCh37,cg07380496
583,4,56502598,+,NMU,GRCh37,cg00886554
583,8,38644939,+,TACC1;TACC1;TACC1;TACC1;TACC1,GRCh37,cg04017769
583,19,35644996,+,FXYD5;FXYD5;FXYD5;FXYD5;FXYD7,GRCh37,cg11840540
583,18,40857256,-,SYT4;SYT4,GRCh37,cg12053284
583,11,43702299,-,HSD17B12;HSD17B12,GRCh37,cg26478074
583,2,208029836,-,KLF7,GRCh37,cg03770147
583,8,79578360,-,FAM164A;FAM164A,GRCh37,cg12803724
583,8,23261312,+,LOXL2,GRCh37,cg03664800
583,7,25219610,-,C7orf31;C7orf31,GRCh37,cg12781218
583,11,61062205,+,VWCE,GRCh37,cg16418684
583,11,43702737,+,HSD17B12,GRCh37,cg27068170
583,12,56101543,+,ITGA7;ITGA7;ITGA7;ITGA7;ITGA7,GRCh37,cg02007463
583,11,2906667,-,CDKN1C;CDKN1C;CDKN1C,GRCh37,cg20919799
583,4,156129725,-,NPY2R,GRCh37,cg27504805
583,5,71403045,-,MAP1B,GRCh37,cg02001410
583,7,24612568,+,MPP6,GRCh37,cg01995513
583,3,126075385,-,KLF15,GRCh37,cg26436315
583,11,14380330,+,RRAS2;RRAS2,GRCh37,cg21288099
583,5,119799832,-,PRR16,GRCh37,cg11897314
583,9,4490757,-,SLC1A1,GRCh37,cg04711050
583,6,29691168,+,HLA-F;HLA-F;HLA-F;HLA-F;HLA-F;HLA-F,GRCh37,cg24703717
583,8,140716495,+,KCNK9,GRCh37,cg01717150
583,10,95653570,-,TMEM20;TMEM20,GRCh37,cg11438755
583,6,39760416,-,DAAM2,GRCh37,cg14135551
583,17,7608747,-,EFNB3;EFNB3,GRCh37,cg11460029
583,2,1748617,+,PXDN,GRCh37,cg14037665
583,1,177140126,-,FAM5B,GRCh37,cg13843613
583,1,150207467,-,ANP32E;ANP32E;ANP32E,GRCh37,cg13841804
583,5,139175658,+,PSD2,GRCh37,cg04686412
583,2,190445477,-,SLC40A1;SLC40A1,GRCh37,cg11692477
583,14,94596104,+,IFI27L2,GRCh37,cg06887170
583,4,73434209,-,ADAMTS3,GRCh37,cg13643796
583,15,91643132,+,SV2B;SV2B,GRCh37,cg25475171
583,5,119800234,+,PRR16;PRR16,GRCh37,cg25584626
583,8,33457336,-,DUSP26;DUSP26,GRCh37,cg25738273
583,11,3663801,+,ART5;ART5,GRCh37,cg25662535
584,13,102068996,-,NALCN,GRCh37,cg15202954
585,5,45695922,-,HCN1,GRCh37,cg06498267
586,17,46651722,+,HOXB3;HOXB3,GRCh37,cg12910797
587,2,231989800,+,PSMD1;HTR2B;HTR2B,GRCh37,cg06096336
588,5,112074043,+,APC;APC;APC,GRCh37,cg01240931
588,16,127072,+,MPG;MPG;MPG;MPG,GRCh37,cg16003913
588,10,99473032,+,MARVELD1;MARVELD1,GRCh37,cg25355803
588,6,39760833,+,DAAM2;DAAM2,GRCh37,cg01985396
588,8,144681106,-,EEF1D;EEF1D;TIGD5;EEF1D;EEF1D;EEF1D;EEF1D,GRCh37,cg23902550
589,5,31193340,+,CDH6,GRCh37,cg10919204
590,6,29455532,+,MAS1L,GRCh37,cg01078434
591,19,4539943,-,LRG1,GRCh37,cg24926276
592,19,35819809,-,CD22,GRCh37,cg15743985
592,9,273072,+,DOCK8,GRCh37,cg19252956
592,12,9142341,+,KLRG1,GRCh37,cg14913610
592,4,95264019,+,HPGDS;HPGDS,GRCh37,cg12554857
592,2,204732474,-,CTLA4;CTLA4,GRCh37,cg08460026
592,11,60869960,+,CD5;CD5,GRCh37,cg24674703
592,12,51717674,+,BIN2,GRCh37,cg10590292
592,9,123688715,-,TRAF1,GRCh37,cg15551881
592,9,35650561,+,SIT1,GRCh37,cg15518883
592,1,198608361,+,PTPRC;PTPRC;PTPRC;PTPRC,GRCh37,cg13673094
592,11,60223238,+,MS4A1;MS4A1,GRCh37,cg13765961
592,19,49838777,+,CD37;CD37;CD37;CD37,GRCh37,cg15046675
592,2,231090640,-,SP140;SP140,GRCh37,cg05564251
592,7,106505772,+,PIK3CG,GRCh37,cg08779777
592,16,69598170,-,NFAT5;NFAT5;NFAT5;NFAT5;NFAT5,GRCh37,cg11147886
592,3,150996078,-,P2RY14;MED12L;P2RY14,GRCh37,cg15814508
592,1,9006680,-,CA6,GRCh37,cg25919221
592,12,54891634,-,NCKAP1L,GRCh37,cg16509569
592,11,118213272,+,CD3D;CD3D,GRCh37,cg07728874
592,11,60739172,-,CD6;CD6,GRCh37,cg07380416
592,12,81111012,+,MYF5,GRCh37,cg21126707
593,12,15114393,+,ARHGDIB,GRCh37,cg19826026
593,12,15114703,-,ARHGDIB,GRCh37,cg10925082
594,12,4829827,+,GALNT8;GALNT8,GRCh37,cg14920334
595,7,96653617,-,DLX5,GRCh37,cg16924616
596,1,1238702,-,ACAP3,GRCh37,cg18565510
596,1,11024484,+,C1orf127;C1orf127,GRCh37,cg00912942
596,16,88802743,-,FAM38A,GRCh37,cg16825643
596,16,50322156,+,ADCY7,GRCh37,cg23580000
596,2,70189903,+,ASPRV1,GRCh37,cg01639256
596,11,3121460,-,OSBPL5;OSBPL5;OSBPL5,GRCh37,cg23617121
596,17,65040739,+,CACNG1;CACNG1,GRCh37,cg05819268
596,19,17212632,+,MYO9B;MYO9B,GRCh37,cg01103836
596,17,40951156,+,CNTD1;CCDC56,GRCh37,cg22325715
596,14,24600901,-,FITM1,GRCh37,cg06186808
596,17,19620595,+,SLC47A2;SLC47A2,GRCh37,cg22552966
596,3,37428639,+,,GRCh37,cg22286764
596,22.0,19709755,+,SEPT5;GP1BB,GRCh37,cg05726109
596,3,128778738,-,GP9,GRCh37,cg16098726
596,1,65352384,-,JAK1,GRCh37,cg15997411
596,6,31928257,-,RDBP;SKIV2L,GRCh37,cg04710641
596,20,2843525,+,VPS16;PTPRA;VPS16,GRCh37,cg00176879
596,3,51743318,-,GRM2;GRM2,GRCh37,cg13685294
596,16,67517429,+,AGRP;AGRP;AGRP,GRCh37,cg04176254
596,3,185217761,+,TMEM41A,GRCh37,cg25636075
596,19,59023222,+,SLC27A5,GRCh37,cg16107172
596,7,44181791,-,MYL7,GRCh37,cg01708964
596,17,80008541,+,GPS1;RFNG;GPS1,GRCh37,cg04366367
596,22.0,38037408,+,SH3BP1,GRCh37,cg13474750
596,16,68013981,+,DPEP3;DPEP3,GRCh37,cg23401756
596,14,75180882,-,FCF1;KIAA0317,GRCh37,cg26666286
596,20,32250069,-,NECAB3;NECAB3;C20orf144,GRCh37,cg20520365
596,16,67695984,+,PARD6A;ACD;ACD;PARD6A;ACD,GRCh37,cg26698580
596,3,50387146,-,TUSC4;CYB561D2,GRCh37,cg18797282
596,1,203054722,-,MYOG,GRCh37,cg01194444
596,8,103563327,+,ODF1,GRCh37,cg17769158
596,1,203198757,+,CHIT1,GRCh37,cg17725472
596,17,28443042,-,CCDC55;MIR423,GRCh37,cg17723549
596,22.0,50313343,-,CRELD2;ALG12;CRELD2,GRCh37,cg12932195
596,6,123099534,+,FABP7,GRCh37,cg18555555
596,1,161009753,-,TSTD1;USF1;TSTD1;TSTD1;USF1,GRCh37,cg07883333
596,16,85315923,+,,GRCh37,cg23487586
596,2,130955686,+,TUBA3E,GRCh37,cg08790550
596,14,55907501,+,TBPL2,GRCh37,cg16249711
596,3,50314654,-,,GRCh37,cg13550608
596,8,87082065,+,PSKH2,GRCh37,cg19587887
596,19,41860619,-,B9D2;TGFB1,GRCh37,cg16883145
596,1,44584930,+,KLF17,GRCh37,cg18202456
596,12,56135693,-,GDF11,GRCh37,cg00344358
596,12,133424709,-,CHFR;CHFR;CHFR;CHFR;CHFR,GRCh37,cg17524886
596,19,42348451,+,LYPD4;LYPD4;DMRTC2,GRCh37,cg24116028
596,1,1114579,+,TTLL10;TTLL10,GRCh37,cg19584957
596,19,49621187,-,PPFIA3;LIN7B,GRCh37,cg01206970
596,19,45737485,-,EXOC3L2,GRCh37,cg21631754
596,6,656890,+,HUS1B;EXOC2,GRCh37,cg04946916
596,7,97841941,+,BHLHA15,GRCh37,cg07740640
596,1,32084964,-,HCRTR1,GRCh37,cg19420968
596,18,44561725,-,TCEB3B;TCEB3B;KATNAL2,GRCh37,cg24883732
596,1,228613073,+,HIST3H3,GRCh37,cg21430666
596,1,53608262,+,SLC1A7;SLC1A7,GRCh37,cg08970446
596,20,32250213,+,C20orf144;NECAB3;NECAB3,GRCh37,cg27431396
596,19,1174667,-,SBNO2,GRCh37,cg14401897
596,2,192016205,-,STAT4,GRCh37,cg24331079
596,2,47382452,-,C2orf61;C2orf61;C2orf61;C2orf61,GRCh37,cg14201617
596,16,66835860,-,CCDC79,GRCh37,cg12441964
596,1,205053460,-,TMEM81;TMEM81,GRCh37,cg11560403
596,16,67965099,-,CTRL,GRCh37,cg02126424
596,11,60552841,-,MS4A10;MS4A10,GRCh37,cg07221454
596,1,28206343,-,C1orf38;C1orf38;C1orf38,GRCh37,cg27573888
596,16,2099376,+,TSC2;TSC2;TSC2,GRCh37,cg02198582
596,1,15783513,+,CELA2A,GRCh37,cg05221264
596,7,73039812,-,MLXIPL;MLXIPL;MLXIPL;MLXIPL,GRCh37,cg22185378
597,16,8890233,-,TMEM186;PMM2,GRCh37,cg05869585
597,10,102748541,-,C10orf2;MRPL43;MRPL43;MRPL43;C10orf2;C10orf2;C10orf2;MRPL43,GRCh37,cg25580076
597,9,140081972,+,ANAPC2;SSNA1,GRCh37,cg03804500
597,16,1400833,-,C16orf42;GNPTG,GRCh37,cg16133244
597,15,72563529,+,PARP6;PARP6,GRCh37,cg18219418
597,19,19626428,-,TSSK6;NDUFA13;TSSK6,GRCh37,cg03854071
597,20,62340664,-,ARFRP1;ZGPAT;ZGPAT;ZGPAT;ARFRP1,GRCh37,cg03873930
597,17,43139826,+,NMT1;DCAKD,GRCh37,cg03287877
598,12,52400907,+,GRASP,GRCh37,cg04034767
599,8,145729772,-,GPT,GRCh37,cg11617144
600,10,44881551,+,CXCL12;CXCL12;CXCL12,GRCh37,cg00499822
600,17,48912952,+,WFIKKN2;WFIKKN2,GRCh37,cg06827038
600,3,139257799,-,RBP1;RBP1;RBP1,GRCh37,cg13099330
600,22.0,30663041,+,OSM,GRCh37,cg07498879
601,6,144329485,-,PLAGL1;HYMAI;PLAGL1;PLAGL1;PLAGL1;PLAGL1;PLAGL1;PLAGL1;PLAGL1;PLAGL1;PLAGL1;PLAGL1;PLAGL1;PLAGL1;PLAGL1,GRCh37,cg12757684
601,6,144329172,+,HYMAI;PLAGL1;PLAGL1;PLAGL1;PLAGL1;PLAGL1;PLAGL1;PLAGL1;PLAGL1,GRCh37,cg22378065
601,6,144328917,-,HYMAI;PLAGL1;PLAGL1;PLAGL1;PLAGL1;PLAGL1;PLAGL1;PLAGL1;PLAGL1,GRCh37,cg25350411
601,6,144329473,-,PLAGL1;HYMAI;PLAGL1;PLAGL1;PLAGL1;PLAGL1;PLAGL1;PLAGL1;PLAGL1;PLAGL1;PLAGL1;PLAGL1;PLAGL1;PLAGL1;PLAGL1,GRCh37,cg00702231
602,3,178254242,+,KCNMB2;KCNMB2,GRCh37,cg10634551
603,12,85306916,+,SLC6A15;SLC6A15;SLC6A15,GRCh37,cg03064067
604,2,26624604,-,C2orf39,GRCh37,cg10883621
604,2,26624865,-,C2orf39,GRCh37,cg04726446
605,2,29337946,-,CLIP4,GRCh37,cg01777397
606,17,10373728,+,MYH4,GRCh37,cg23400451
606,17,10419499,-,MYH1,GRCh37,cg00134787
607,15,35046610,+,GJD2,GRCh37,cg00792849
608,17,73083881,-,SLC16A5,GRCh37,cg27619475
609,12,54366909,-,HOXC11;HOXC11,GRCh37,cg22709192
610,22.0,24577315,-,SUSD2,GRCh37,cg03599338
610,3,134203672,-,ANAPC13;ANAPC13;CEP63;CEP63;CEP63;ANAPC13;CEP63,GRCh37,cg15484384
610,11,2828778,-,KCNQ1;KCNQ1,GRCh37,cg19923326
610,22.0,24577448,+,SUSD2;SUSD2,GRCh37,cg23349242
610,9,131872018,+,CRAT;CRAT;PPP2R4,GRCh37,cg04653308
610,6,31125475,-,CCHCR1;TCF19;CCHCR1;TCF19;CCHCR1;CCHCR1;CCHCR1,GRCh37,cg04824716
610,9,34457500,-,C9orf25;DNAI1,GRCh37,cg23579062
610,1,24469791,+,IL22RA1,GRCh37,cg25946374
611,16,31146999,-,PRSS8;PRSS8,GRCh37,cg13439730
611,1,156123411,-,SEMA4A;SEMA4A,GRCh37,cg15983538
611,5,142065671,+,FGF1;FGF1;FGF1;FGF1;FGF1;FGF1;FGF1,GRCh37,cg19954000
611,11,111789493,-,C11orf52,GRCh37,cg08775230
611,12,53299145,-,KRT8,GRCh37,cg20324165
611,13,21140606,-,IFT88;IFT88,GRCh37,cg18735146
611,1,150954554,-,ANXA9;ANXA9,GRCh37,cg20437604
611,19,36499839,+,C19orf46,GRCh37,cg21550442
611,14,76447413,-,TGFB3;TGFB3,GRCh37,cg08615333
611,19,49055432,+,SULT2B1;SULT2B1,GRCh37,cg00698688
611,19,35606877,+,FXYD3;FXYD3;FXYD3;FXYD3;FXYD3;FXYD3;FXYD3;FXYD3,GRCh37,cg00480115
611,1,207205525,-,C1orf116;C1orf116,GRCh37,cg01119135
611,14,102975405,+,ANKRD9,GRCh37,cg16787352
611,17,56494554,-,RNF43;RNF43,GRCh37,cg24835159
611,18,61144177,-,SERPINB5;SERPINB5,GRCh37,cg20837735
611,20,34700329,-,EPB41L1,GRCh37,cg20993403
611,1,156030844,+,RAB25,GRCh37,cg09243900
611,6,152130207,-,ESR1;ESR1;ESR1;ESR1,GRCh37,cg15626350
611,12,124774055,+,FAM101A,GRCh37,cg21453309
611,6,8436218,+,SLC35B3;SLC35B3;SLC35B3,GRCh37,cg09548084
611,12,125002474,+,NCOR2;NCOR2,GRCh37,cg22580512
611,19,35606732,+,FXYD3;FXYD3;FXYD3;FXYD3;FXYD3;FXYD3;FXYD3;FXYD3;FXYD3;FXYD3;FXYD3;FXYD3;FXYD3;FXYD3;FXYD3;FXYD3,GRCh37,cg02633817
612,20,42544648,-,TOX2;TOX2;TOX2,GRCh37,cg11319389
612,20,42545022,+,TOX2;TOX2;TOX2,GRCh37,cg04369341
613,4,76555547,-,CDKL2;CDKL2,GRCh37,cg14988503
614,19,46477338,+,NOVA2,GRCh37,cg21461100
615,11,118230095,+,UBE4A,GRCh37,cg09096950
616,6,33240864,+,VPS52;RPS18,GRCh37,cg16052901
616,2,207025417,+,EEF1B2;EEF1B2;SNORD51;NDUFS1;EEF1B2,GRCh37,cg27248887
616,7,56120290,+,CCT6A;PSPH;CCT6A,GRCh37,cg12555334
617,1,174968144,+,CACYBP;CACYBP,GRCh37,cg16743289
618,19,55458943,+,NLRP7;NLRP7;NLRP7,GRCh37,cg08728865
618,19,55458730,+,NLRP7;NLRP7;NLRP7,GRCh37,cg14876043
619,3,170136920,-,CLDN11,GRCh37,cg20449692
620,6,27858637,+,HIST1H3J,GRCh37,cg17718302
620,6,27858545,+,HIST1H3J,GRCh37,cg17965019
621,1,153585915,+,S100A16,GRCh37,cg23851011
622,6,2903258,+,SERPINB9,GRCh37,cg18676237
623,6,35181401,-,SCUBE3,GRCh37,cg21604042
624,6,392131,-,IRF4,GRCh37,cg12741420
625,16,31405101,+,ITGAD,GRCh37,cg02164442
625,2,106682640,+,C2orf40,GRCh37,cg10885338
625,1,228396098,-,OBSCN;OBSCN,GRCh37,cg19109050
625,7,75419304,-,CCL26,GRCh37,cg05556717
625,15,45407818,+,DUOX2;DUOXA2,GRCh37,cg11540997
625,17,58226981,+,CA4,GRCh37,cg18743730
625,19,51537828,+,KLK12;KLK12;KLK12,GRCh37,cg23894058
625,13,31506710,+,C13orf26,GRCh37,cg10923408
625,1,116311341,-,CASQ2;CASQ2,GRCh37,cg18942631
625,20,57417233,-,GNASAS;GNAS,GRCh37,cg20582984
625,10,14372910,-,FRMD4A,GRCh37,cg25464840
625,19,42499619,-,ATP1A3,GRCh37,cg07051960
625,11,47400113,-,SPI1;SPI1;SPI1;SPI1,GRCh37,cg06147863
625,5,177422991,-,PROP1;PROP1,GRCh37,cg21478490
625,9,134165268,-,PPAPDC3;PPAPDC3,GRCh37,cg18636641
625,1,40137089,+,NT5C1A,GRCh37,cg21280510
625,3,186915320,-,RTP1,GRCh37,cg08749917
625,17,39728962,+,KRT9,GRCh37,cg02784874
625,7,75419311,-,CCL26,GRCh37,cg12943082
625,21,44588552,+,CRYAA,GRCh37,cg12205591
625,3,42727160,+,KBTBD5,GRCh37,cg16842214
625,14,23525003,-,CDH24;CDH24,GRCh37,cg03156547
625,16,739598,-,WDR24,GRCh37,cg09852871
625,20,62492074,+,C20orf135,GRCh37,cg09868035
626,6,62995963,+,KHDRBS2;KHDRBS2,GRCh37,cg18239753
627,8,97658076,-,PGCP,GRCh37,cg11536940
628,7,31726654,+,C7orf16;C7orf16,GRCh37,cg23216015
629,3,3152530,+,IL5RA;IL5RA;IL5RA;IL5RA;IL5RA;IL5RA,GRCh37,cg10159529
630,19,55174624,-,LILRB4;LILRB4,GRCh37,cg05922591
630,2,1417109,-,TPO;TPO;TPO;TPO,GRCh37,cg16016036
631,2,183731599,+,FRZB,GRCh37,cg19568591
631,7,134832850,+,TMEM140;TMEM140,GRCh37,cg06456031
631,22.0,36649144,-,APOL1;APOL1;APOL1;APOL1;APOL1;APOL1;APOL1;APOL1,GRCh37,cg07713361
631,14,23652729,-,SLC7A8;SLC7A8,GRCh37,cg26660414
631,14,27066634,-,NOVA1;NOVA1;NOVA1,GRCh37,cg18488855
631,5,149792249,-,CD74;CD74;CD74,GRCh37,cg19928046
631,5,36302094,+,RANBP3L;RANBP3L,GRCh37,cg24237439
631,6,106960065,+,AIM1;AIM1,GRCh37,cg24194539
631,19,11494980,+,EPOR;EPOR,GRCh37,cg26864028
631,12,113344923,-,OAS1;OAS1;OAS1,GRCh37,cg19789466
631,12,93966317,-,SOCS2,GRCh37,cg11225410
631,17,8055888,-,PER1,GRCh37,cg16545079
631,15,76016262,-,ODF3L1,GRCh37,cg23637791
631,7,99155673,-,ZNF655;ZNF655;ZNF655;ZNF655;ZNF655;ZNF655;ZNF655;ZNF655,GRCh37,cg13636404
631,16,67700960,+,C16orf86;C16orf48,GRCh37,cg06637893
631,9,137967306,+,OLFM1;OLFM1;OLFM1;OLFM1,GRCh37,cg27286999
631,1,37499309,+,GRIK3,GRCh37,cg06722633
631,19,50016538,-,FCGRT;FCGRT;FCGRT,GRCh37,cg07127225
631,19,17516470,+,BST2,GRCh37,cg01254505
631,17,19881632,+,AKAP10,GRCh37,cg11630242
631,7,99156195,+,ZNF655;ZNF655;ZNF655;ZNF655;ZNF655;ZNF655;ZNF655;ZNF655;ZNF655;ZNF655;ZNF655;ZNF655,GRCh37,cg12717668
631,1,38022466,-,DNALI1,GRCh37,cg12696750
631,19,41934313,+,B3GNT8,GRCh37,cg20557104
631,1,157789662,-,FCRL1;FCRL1;FCRL1,GRCh37,cg09340639
631,2,21022565,-,C2orf43,GRCh37,cg09109450
631,19,8953473,+,MBD3L1,GRCh37,cg13727946
632,3,115342333,+,GAP43;GAP43;GAP43;GAP43,GRCh37,cg20914508
632,2,47796781,+,KCNK12,GRCh37,cg27138584
633,14,29236323,-,FOXG1;FOXG1,GRCh37,cg10300684
634,20,2781489,+,CPXM1,GRCh37,cg06539804
635,3,12045459,-,SYN2;SYN2,GRCh37,cg15873301
636,20,43935361,+,MATN4;MATN4;RBPJL;MATN4,GRCh37,cg21835643
637,14,24804022,+,ADCY4,GRCh37,cg12265829
637,14,24803807,-,ADCY4,GRCh37,cg16761581
638,1,186265765,+,PRG4;PRG4;PRG4;MIR548F1;PRG4,GRCh37,cg12626411
639,1,160051377,-,KCNJ9;KCNJ9,GRCh37,cg08665772
640,3,111804983,+,C3orf52,GRCh37,cg05570980
640,1,2937999,+,ACTRT2,GRCh37,cg04716261
640,19,17413767,+,ABHD8,GRCh37,cg08145177
640,11,2165961,-,IGF2AS;INS-IGF2;IGF2;IGF2AS,GRCh37,cg11005826
640,19,7984945,+,SNAPC2;SNAPC2,GRCh37,cg24132694
640,1,22969340,+,C1QC;C1QC,GRCh37,cg11393848
640,1,149870977,-,BOLA1,GRCh37,cg06605933
640,17,41003272,+,AOC3;AOC3,GRCh37,cg21602160
640,19,51569106,+,KLK13,GRCh37,cg05294243
640,11,66059064,-,TMEM151A,GRCh37,cg05322222
640,2,14773457,+,FAM84A,GRCh37,cg14789259
640,14,67982456,+,TMEM229B,GRCh37,cg25006823
640,1,152779374,+,LCE1C,GRCh37,cg24304714
640,17,76976010,+,LGALS3BP;LGALS3BP,GRCh37,cg14870271
640,19,36024313,+,GAPDHS;GAPDHS,GRCh37,cg25681177
640,19,51487136,-,KLK7;KLK7;KLK7,GRCh37,cg06258834
640,21,43187083,-,RIPK4,GRCh37,cg11719297
640,22.0,29468588,+,KREMEN1;KREMEN1,GRCh37,cg03198372
640,10,131265796,-,MGMT,GRCh37,cg26201213
640,19,42817262,+,TMEM145,GRCh37,cg02456292
640,11,112046403,-,BCO2;BCO2,GRCh37,cg25303383
640,15,74423077,+,ISLR2;ISLR2;LOC283731;ISLR2;ISLR2,GRCh37,cg26091142
640,11,68519252,+,MTL5;MTL5,GRCh37,cg04438497
640,1,156251456,-,TMEM79;SMG5,GRCh37,cg14500718
640,11,2154432,-,INS-IGF2;IGF2;IGF2;IGF2,GRCh37,cg22956483
641,9,137966584,+,OLFM1;OLFM1,GRCh37,cg08268099
642,17,3117953,-,OR1A1,GRCh37,cg25607161
643,2,20865847,+,GDF7,GRCh37,cg05899618
644,9,95947396,-,WNK2,GRCh37,cg20616414
645,20,58514079,-,PPP1R3D;C20orf177;PPP1R3D,GRCh37,cg20707333
645,20,58514201,-,C20orf177;PPP1R3D,GRCh37,cg00400263
646,14,61116227,-,SIX1,GRCh37,cg12839593
647,2,74782096,-,LOXL3;DOK1,GRCh37,cg26117023
648,6,129204206,-,LAMA2;LAMA2,GRCh37,cg20640433
649,14,37666810,+,MIPOL1,GRCh37,cg18909638
649,12,13349724,+,EMP1;EMP1,GRCh37,cg14409083
649,17,77020267,-,C1QTNF1;C1QTNF1;C1QTNF1;C1QTNF1,GRCh37,cg24844534
649,2,219646316,-,CYP27A1,GRCh37,cg03460682
649,7,93551132,+,GNG11;GNG11,GRCh37,cg22983529
649,13,97646341,-,OXGR1,GRCh37,cg00158308
649,1,204797507,-,NFASC;NFASC;NFASC;NFASC;NFASC,GRCh37,cg05369166
649,1,21995097,+,RAP1GAP;RAP1GAP,GRCh37,cg22396755
649,1,26372290,-,SLC30A2;SLC30A2,GRCh37,cg05674944
649,9,130616917,-,ENG;ENG;ENG;ENG,GRCh37,cg24910675
649,5,149340861,+,SLC26A2,GRCh37,cg25054311
649,3,186857475,+,RPL39L,GRCh37,cg07441272
649,8,104153173,+,BAALC;BAALC;C8orf56,GRCh37,cg10918202
649,5,41869963,-,OXCT1,GRCh37,cg08590939
649,14,65006170,+,HSPA2,GRCh37,cg01520924
649,10,70320051,-,TET1,GRCh37,cg21948169
649,1,92495720,+,EPHX4,GRCh37,cg13984181
649,12,77273319,-,CSRP2,GRCh37,cg00331237
649,6,26189340,+,HIST1H4D,GRCh37,cg12315302
649,6,28249545,-,PGBD1;PGBD1,GRCh37,cg20029652
649,15,57210244,-,LOC145783;TCF12;TCF12;TCF12;TCF12,GRCh37,cg23131007
649,10,12236833,-,CDC123;NUDT5,GRCh37,cg02630694
649,13,97646811,+,OXGR1,GRCh37,cg23037133
649,11,76838677,-,MYO7A;MYO7A;MYO7A,GRCh37,cg17441778
649,8,95274252,+,GEM;GEM,GRCh37,cg16208136
649,20,48184639,-,PTGIS,GRCh37,cg05932408
649,18,9334049,+,TWSG1,GRCh37,cg23435746
649,12,121078090,+,CABP1,GRCh37,cg00113951
649,15,75249914,+,RPP25,GRCh37,cg09619786
649,12,105725112,+,C12orf75,GRCh37,cg26940261
649,12,109252653,+,SSH1;SSH1,GRCh37,cg11747499
649,8,108509756,+,ANGPT1,GRCh37,cg11745019
649,7,95226308,-,PDK4,GRCh37,cg04498739
649,22.0,37640250,-,RAC2;RAC2,GRCh37,cg18265887
649,16,31214401,-,PYCARD;PYCARD,GRCh37,cg15468095
649,6,36354960,+,ETV7,GRCh37,cg05216141
649,9,91794904,+,SHC3,GRCh37,cg00420568
649,5,37371628,+,NUP155;NUP155,GRCh37,cg15827031
649,16,30042407,+,FAM57B,GRCh37,cg16152813
649,4,40751770,-,NSUN7,GRCh37,cg19786920
649,11,72433059,+,ARAP1;ARAP1;ARAP1;ARAP1;ARAP1,GRCh37,cg18769818
649,10,91087558,-,IFIT3,GRCh37,cg06353720
649,20,44098724,-,WFDC2,GRCh37,cg00980978
649,9,88714961,+,GOLM1;GOLM1;GOLM1,GRCh37,cg20263942
649,17,61820015,-,STRADA;STRADA;STRADA;STRADA;STRADA;STRADA,GRCh37,cg06873352
649,3,50242505,-,SLC38A3,GRCh37,cg19914607
650,11,2292004,+,ASCL2;ASCL2,GRCh37,cg06263495
651,17,37382234,+,STAC2,GRCh37,cg21309147
652,20,56884425,+,RAB22A;PPP4R1L,GRCh37,cg26029902
653,14,76045348,+,FLVCR2,GRCh37,cg04001333
654,2,105472217,-,POU3F3,GRCh37,cg20291049
655,1,221052143,-,HLX,GRCh37,cg13170032
656,3,44626492,-,ZNF660;ZNF660,GRCh37,cg22598028
657,2,108603005,+,SLC5A7;SLC5A7,GRCh37,cg16232126
658,3,179168677,-,GNB4,GRCh37,cg17483510
659,3,46621686,-,LRRC2;TDGF1,GRCh37,cg10031651
660,10,118897366,+,VAX1;VAX1,GRCh37,cg00263760
661,1,218520090,+,TGFB2;TGFB2,GRCh37,cg11976166
662,11,128564180,-,FLI1;FLI1,GRCh37,cg17872757
663,13,27334259,+,GPR12,GRCh37,cg22179082
664,2,176995088,+,HOXD8;HOXD8,GRCh37,cg15520279
665,3,138666054,+,FOXL2;C3orf72,GRCh37,cg17503456
666,12,52626831,+,KRT7,GRCh37,cg07007400
667,20,42295420,-,MYBL2,GRCh37,cg23843505
668,1,152636074,-,LCE2D,GRCh37,cg21312148
669,12,9360854,+,PZP,GRCh37,cg01714932
670,16,56659724,-,MT1E;MT1E,GRCh37,cg20083730
670,16,56659336,-,MT1E,GRCh37,cg15134649
671,5,121647308,-,SNCAIP,GRCh37,cg04747322
672,8,27850315,+,SCARA5,GRCh37,cg10171125
673,10,23004020,+,PIP4K2A,GRCh37,cg26368842
674,2,68546507,-,CNRIP1;CNRIP1,GRCh37,cg07080358
674,7,24797363,-,DFNA5;DFNA5;DFNA5;DFNA5;DFNA5,GRCh37,cg04770504
674,7,24797486,+,DFNA5;DFNA5;DFNA5;DFNA5;DFNA5,GRCh37,cg24805239
675,2,210637094,+,UNC80;UNC80,GRCh37,cg14419187
676,12,3599355,-,PRMT8,GRCh37,cg21667836
677,1,68515788,+,DIRAS3,GRCh37,cg02317907
678,2,167343774,+,SCN7A,GRCh37,cg05331214
679,3,50311009,-,SEMA3B;SEMA3B,GRCh37,cg22037648
680,8,67090752,+,CRH,GRCh37,cg18640030
681,1,156612140,+,BCAN;BCAN,GRCh37,cg21475402
682,13,92050991,-,GPC5;GPC5,GRCh37,cg19162106
683,11,65601328,-,SNX32,GRCh37,cg19018097
684,8,50824749,+,SNTG1;SNTG1,GRCh37,cg15585987
685,3,35683819,+,ARPP-21,GRCh37,cg12417466
685,3,35683815,+,ARPP-21,GRCh37,cg05615150
686,8,32405427,-,NRG1;NRG1;NRG1;NRG1;NRG1;NRG1;NRG1;NRG1;NRG1;NRG1;NRG1;NRG1,GRCh37,cg19162158
686,15,101420185,+,ALDH1A3,GRCh37,cg19177941
686,7,116166529,-,CAV1,GRCh37,cg22126032
686,6,19838211,+,ID4,GRCh37,cg00468146
686,5,37839769,-,GDNF;GDNF,GRCh37,cg07442479
686,7,116311773,-,MET;MET,GRCh37,cg14191360
686,8,23540856,-,NKX3-1,GRCh37,cg21428681
686,8,21987861,-,HR;HR,GRCh37,cg26045434
686,12,54348629,+,HOXC12,GRCh37,cg19928450
686,16,65155841,+,CDH11;CDH11,GRCh37,cg12163490
686,7,116312739,-,MET;MET,GRCh37,cg25299676
686,20,45523996,+,EYA2;EYA2,GRCh37,cg09306675
686,11,14380918,+,RRAS2;RRAS2,GRCh37,cg03922337
686,16,55543049,-,LPCAT2;LPCAT2,GRCh37,cg16176379
686,20,42876091,+,GDAP1L1,GRCh37,cg17810944
686,11,2159853,+,INS-IGF2;IGF2;IGF2;IGF2;IGF2,GRCh37,cg02166532
686,17,75315868,+,SEPT9;SEPT9;SEPT9;SEPT9,GRCh37,cg04452095
686,17,60704382,-,MRC2,GRCh37,cg14764661
686,11,31832353,+,PAX6;PAX6;PAX6,GRCh37,cg05840031
687,19,58220662,+,ZNF154,GRCh37,cg08668790
687,19,58220494,+,ZNF154;ZNF154,GRCh37,cg21790626
688,7,19158134,+,TWIST1,GRCh37,cg09674215
689,18,61443038,+,SERPINB7;SERPINB7,GRCh37,cg17251713
690,7,137028604,+,PTN,GRCh37,cg11521965
690,7,137028535,+,PTN;PTN,GRCh37,cg00653387
691,12,15475490,-,PTPRO;PTPRO;PTPRO;PTPRO,GRCh37,cg10646402
692,4,48492344,-,ZAR1,GRCh37,cg18342279
693,2,145278113,+,ZEB2;ZEB2;ZEB2,GRCh37,cg15377518
694,6,123959184,-,TRDN,GRCh37,cg14462830
695,2,238513348,-,,GRCh37,cg10173675
695,11,46407677,-,CHRM4,GRCh37,cg01991150
695,18,8717011,+,KIAA0802,GRCh37,cg05104081
695,17,42019637,+,PPY,GRCh37,cg21358381
695,1,243388524,-,CEP170;CEP170;CEP170,GRCh37,cg18184219
695,10,1071573,-,C10orf110;IDI2;C10orf110;C10orf110;C10orf110,GRCh37,cg11406340
695,5,33984660,+,SLC45A2;SLC45A2,GRCh37,cg14189614
695,1,241799063,-,CHML;OPN3,GRCh37,cg17461214
695,2,74570240,-,SLC4A5,GRCh37,cg00945862
695,16,8890425,+,TMEM186;PMM2,GRCh37,cg00011459
695,17,39526726,+,KRT33B,GRCh37,cg02580606
695,22.0,29457241,-,C22orf31,GRCh37,cg24929834
695,7,1097027,+,C7orf50;C7orf50;GPR146;C7orf50,GRCh37,cg07433453
695,6,150211211,+,RAET1E,GRCh37,cg12213910
695,2,228192416,+,MFF,GRCh37,cg13406768
695,12,11151622,-,PRR4;TAS2R20;PRH1,GRCh37,cg12791554
695,3,128749537,+,CCDC48,GRCh37,cg07621456
695,11,76840241,+,MYO7A;MYO7A;MYO7A,GRCh37,cg26952188
695,16,30386150,+,MYLPF;MYLPF,GRCh37,cg00256074
695,10,131354782,-,MGMT,GRCh37,cg04473030
695,16,19467942,+,TMC5;TMC5;TMC5;TMC5,GRCh37,cg25690265
695,9,131682859,+,PHYHD1;PHYHD1,GRCh37,cg12754854
695,19,42841056,+,MEGF8,GRCh37,cg03240745
695,1,28503720,-,PTAFR;PTAFR;PTAFR;PTAFR,GRCh37,cg18468844
695,10,112722440,-,SHOC2,GRCh37,cg21022395
695,16,67965867,+,CTRL,GRCh37,cg04413148
695,6,32151594,+,AGER;AGER,GRCh37,cg26626042
695,22.0,50218923,+,BRD1,GRCh37,cg00209066
695,17,42466567,-,ITGA2B,GRCh37,cg17749520
695,11,67170610,-,PPP1CA;PPP1CA;TBC1D10C;PPP1CA,GRCh37,cg09190408
695,6,31139156,-,POU5F1,GRCh37,cg13083810
695,10,105845238,-,COL17A1,GRCh37,cg13448625
695,8,118147163,+,SLC30A8,GRCh37,cg07459489
695,8,39695697,+,ADAM2,GRCh37,cg09314766
695,14,101294430,-,MEG3;MEG3;MEG3,GRCh37,cg04291079
695,1,84864880,+,UOX;DNASE2B,GRCh37,cg03622431
695,4,113298593,-,ALPK1;ALPK1,GRCh37,cg03364781
695,12,12815026,+,GPR19,GRCh37,cg14059963
695,7,135412849,-,SLC13A4;SLC13A4,GRCh37,cg02005755
695,17,8274875,+,KRBA2,GRCh37,cg26147338
695,1,150781434,-,CTSK,GRCh37,cg11946165
695,14,95027859,+,SERPINA4,GRCh37,cg08495878
695,1,161194369,-,TOMM40L;APOA2,GRCh37,cg27433062
695,18,42281763,+,SETBP1;SETBP1,GRCh37,cg00037763
695,12,14996527,+,ART4,GRCh37,cg04228042
695,7,30185776,-,C7orf41,GRCh37,cg08972170
695,6,160543261,-,SLC22A1;SLC22A1,GRCh37,cg27292431
695,12,50497037,-,GPD1,GRCh37,cg25181284
695,17,26554221,-,PYY2,GRCh37,cg25191725
695,18,29026301,-,DSG3,GRCh37,cg08555924
695,15,78526836,+,ACSBG1,GRCh37,cg27257408
695,5,139943173,-,APBB3;APBB3;APBB3;APBB3;SLC35A4,GRCh37,cg08948050
695,1,16348849,+,CLCNKA;CLCNKA,GRCh37,cg27210447
695,1,43636559,-,WDR65;WDR65;EBNA1BP2;EBNA1BP2;WDR65;WDR65,GRCh37,cg03574115
695,1,173886485,-,SERPINC1;SERPINC1,GRCh37,cg01770400
695,3,38306672,+,SLC22A13,GRCh37,cg25411725
695,9,116224036,+,RGS3,GRCh37,cg26354398
695,2,220308071,+,SPEG,GRCh37,cg16222568
695,20,35424845,-,C20orf117;C20orf117,GRCh37,cg08624249
695,11,47374208,+,MYBPC3;MYBPC3,GRCh37,cg21370143
695,7,94293780,-,PEG10;PEG10,GRCh37,cg06943865
695,18,3880558,+,DLGAP1,GRCh37,cg16128363
695,1,90097604,+,LRRC8C,GRCh37,cg06641366
695,6,42163422,-,GUCA1B,GRCh37,cg02762689
695,1,120311439,+,HMGCS2;HMGCS2,GRCh37,cg22718139
695,12,48192686,-,HDAC7;HDAC7,GRCh37,cg08045757
695,6,90025053,-,GABRR2,GRCh37,cg06445611
695,3,16646582,+,DAZL,GRCh37,cg06429195
695,5,58882243,-,PDE4D;PDE4D;PDE4D;PDE4D,GRCh37,cg05992340
695,5,43125550,+,ZNF131,GRCh37,cg24150528
695,6,99861729,-,SFRS18;SFRS18,GRCh37,cg08096038
695,12,57389041,-,GPR182,GRCh37,cg24167841
695,5,131993614,-,IL13,GRCh37,cg14523284
695,15,42839559,-,LRRC57;HAUS2;HAUS2,GRCh37,cg06026755
695,17,38978344,+,KRT10;TMEM99,GRCh37,cg24249775
695,4,113508575,-,C4orf21,GRCh37,cg07790638
695,8,131414614,+,ASAP1,GRCh37,cg00659129
695,11,12785773,-,TEAD1,GRCh37,cg19447966
695,17,79869997,+,SIRT7;PCYT2,GRCh37,cg21770145
695,9,139847558,+,LCN12,GRCh37,cg19534945
695,10,80959688,-,ZMIZ1,GRCh37,cg09936762
695,15,52030641,-,LYSMD2;LYSMD2,GRCh37,cg05671018
695,8,21916355,-,EPB49;EPB49;EPB49;EPB49;EPB49;EPB49,GRCh37,cg14706739
695,11,19224659,+,CSRP3;CSRP3,GRCh37,cg14704941
695,6,131895102,+,ARG1,GRCh37,cg02862362
695,1,201976446,-,,GRCh37,cg23901896
695,2,234216562,+,SAG;SAG,GRCh37,cg08096010
695,19,36235109,-,U2AF1L4;U2AF1L4;PSENEN,GRCh37,cg07850221
695,12,53901523,+,NPFF,GRCh37,cg01657380
695,3,50387202,+,TUSC4;CYB561D2,GRCh37,cg15597540
695,3,42624573,+,SEC22C;SEC22C,GRCh37,cg22638542
695,3,50317223,+,C3orf45,GRCh37,cg17272094
695,17,78152051,-,CARD14,GRCh37,cg14893129
695,15,78556178,+,DNAJA4;DNAJA4,GRCh37,cg07061145
695,12,51773409,-,GALNT6,GRCh37,cg05565537
695,14,95107626,-,SERPINA13,GRCh37,cg17291001
695,7,1097382,-,C7orf50;C7orf50;C7orf50;GPR146,GRCh37,cg19426277
695,16,68014626,+,DPEP3;DPEP3,GRCh37,cg21695020
695,20,62712394,-,OPRL1;RGS19;OPRL1,GRCh37,cg14436426
695,2,96781407,-,ADRA2B,GRCh37,cg20634573
695,15,41806588,+,LTK;LTK;LTK,GRCh37,cg07930578
695,3,133117420,-,BFSP2,GRCh37,cg20383064
695,9,91979149,+,SEMA4D,GRCh37,cg01120307
695,2,46746934,-,ATP6V1E2;ATP6V1E2,GRCh37,cg15759873
695,2,43863456,+,PLEKHH2,GRCh37,cg16984812
695,6,31928060,+,RDBP;SKIV2L,GRCh37,cg06351503
695,16,67518144,-,AGRP;AGRP,GRCh37,cg06810461
695,17,66303328,+,ARSG,GRCh37,cg15308737
695,6,49754848,-,PGK2,GRCh37,cg06403553
695,1,46090169,+,CCDC17,GRCh37,cg16907488
695,3,27333024,-,NEK10,GRCh37,cg23143093
695,9,34662282,+,CCL27,GRCh37,cg09722555
695,3,151047307,+,MED12L;P2RY13,GRCh37,cg24474182
695,1,46089593,-,CCDC17;CCDC17,GRCh37,cg09893068
695,1,47656853,+,PDZK1IP1,GRCh37,cg15187606
695,17,3713823,-,,GRCh37,cg21856603
695,22.0,42612320,-,TCF20;TCF20,GRCh37,cg20051177
695,11,66489521,+,SPTBN2,GRCh37,cg20016416
696,16,2801793,+,LOC100128788;SRRM2,GRCh37,cg06736444
697,6,27107097,-,HIST1H2BK;HIST1H4I,GRCh37,cg02599464
698,6,88855716,+,CNR1;CNR1;CNR1;CNR1;CNR1;CNR1,GRCh37,cg23276695
699,20,42875777,-,GDAP1L1,GRCh37,cg04448487
700,7,27196153,+,HOXA7,GRCh37,cg23432345
701,7,94023988,-,COL1A2;COL1A2,GRCh37,cg25300386
701,7,94023822,-,COL1A2,GRCh37,cg18511007
702,19,11529856,-,RGL3;RGL3,GRCh37,cg02433671
703,1,89664782,-,GBP4,GRCh37,cg27285720
704,16,31228444,+,TRIM72;PYDC1,GRCh37,cg13974531
704,19,36347276,+,KIRREL2;KIRREL2;KIRREL2,GRCh37,cg22339278
704,4,75230901,-,EREG;EREG,GRCh37,cg04941721
704,19,47923331,-,MEIS3;MEIS3,GRCh37,cg07478208
704,9,131872542,-,CRAT;PPP2R4;CRAT;PPP2R4;PPP2R4;PPP2R4,GRCh37,cg26805528
704,9,133319899,+,ASS1;ASS1,GRCh37,cg22791453
704,17,41924501,+,CD300LG;CD300LG;CD300LG;CD300LG,GRCh37,cg24862483
704,15,56757625,+,MNS1,GRCh37,cg00678539
704,11,61595956,+,FADS2,GRCh37,cg07005513
705,3,8693706,+,C3orf32;C3orf32,GRCh37,cg22959932
705,2,31637348,+,XDH,GRCh37,cg26767897
705,10,124320805,+,DMBT1;DMBT1;DMBT1,GRCh37,cg27015047
705,7,87855714,+,SRI,GRCh37,cg02399455
705,2,33660754,-,RASGRP3,GRCh37,cg01109219
705,6,24489887,-,GPLD1;GPLD1,GRCh37,cg14023451
705,21,43786699,+,TFF1,GRCh37,cg02643667
705,5,13944491,-,DNAH5,GRCh37,cg03503295
706,18,44337922,+,ST8SIA5,GRCh37,cg23129478
707,11,101786659,+,KIAA1377;ANGPTL5,GRCh37,cg19531130
708,9,71789653,-,TJP2;TJP2;TJP2;TJP2,GRCh37,cg00842351
709,3,46448496,-,CCRL2;CCRL2,GRCh37,cg05670596
709,3,46448753,+,CCRL2;CCRL2;CCRL2,GRCh37,cg14754581
710,1,2324396,-,MORN1;RER1,GRCh37,cg03533858
711,21,31852793,-,KRTAP19-1,GRCh37,cg13139843
711,21,31802829,+,KRTAP13-4,GRCh37,cg14062083
712,10,6020369,+,IL15RA;IL15RA,GRCh37,cg09290866
713,11,44331577,+,ALX4,GRCh37,cg04988423
714,4,90758843,+,SNCA;SNCA;SNCA;SNCA,GRCh37,cg15452573
715,20,3218500,+,SLC4A11,GRCh37,cg11004890
715,9,131549075,+,TBC1D13,GRCh37,cg27625732
715,5,141061285,-,ARAP3,GRCh37,cg11136562
715,1,11713123,+,FBXO2;FBXO44,GRCh37,cg15746187
715,6,43149356,+,CUL9,GRCh37,cg13678049
715,10,17243880,-,TRDMT1;TRDMT1;TRDMT1,GRCh37,cg19579782
715,5,149492480,-,CSF1R,GRCh37,cg07260017
716,17,46704004,-,HOXB9,GRCh37,cg13643585
717,2,143886375,+,ARHGAP15,GRCh37,cg23627134
717,2,143886372,+,ARHGAP15,GRCh37,cg27365426
718,11,102651208,-,MMP10,GRCh37,cg02061229
719,3,44902933,-,MIR564;TMEM42,GRCh37,cg16615211
720,9,104248926,+,C9orf125,GRCh37,cg06912252
721,22.0,46480891,-,LOC400931,GRCh37,cg04329382
722,13,36919905,-,SPG20;SPG20;SPG20;SPG20,GRCh37,cg18755783
723,9,27109492,+,TEK;TEK,GRCh37,cg09827833
724,1,173176523,-,TNFSF4,GRCh37,cg10861599
725,14,25079357,+,GZMH,GRCh37,cg02150910
726,1,193075191,+,GLRX2;GLRX2;GLRX2,GRCh37,cg15361231
727,10,22634602,-,SPAG6;SPAG6,GRCh37,cg06908778
728,10,73724697,+,CHST3,GRCh37,cg19731268
729,5,178422244,+,GRM6,GRCh37,cg14859460
730,2,60780483,+,BCL11A;BCL11A;BCL11A;BCL11A;BCL11A;BCL11A,GRCh37,cg22166290
731,3,190039935,-,CLDN1,GRCh37,cg15105660
731,19,48895030,+,KDELR1,GRCh37,cg18678185
731,17,40336475,-,HCRT,GRCh37,cg19965511
731,12,49371628,-,WNT1,GRCh37,cg22573917
731,3,46249985,+,CCR1,GRCh37,cg12441928
731,1,206223241,+,AVPR1B,GRCh37,cg18992688
731,1,156589303,-,HAPLN2;HAPLN2,GRCh37,cg27138018
732,3,145969579,+,PLSCR4;PLSCR4;PLSCR4;PLSCR4,GRCh37,cg24315815
733,2,197664318,+,GTF3C3,GRCh37,cg26194560
733,7,44925316,-,PURB,GRCh37,cg22878324
733,1,207494733,+,CD55;CD55,GRCh37,cg06792598
733,17,40714406,+,COASY;COASY;COASY;COASY;COASY;COASY,GRCh37,cg08792314
733,9,140500813,-,ARRDC1,GRCh37,cg26374101
733,11,73019002,-,ARHGEF17,GRCh37,cg22051865
733,11,118992260,+,HINFP;HINFP,GRCh37,cg02795624
733,8,125463310,-,TRMT12,GRCh37,cg22853986
733,5,79783674,+,FAM151B,GRCh37,cg26413355
733,10,96305958,+,HELLS,GRCh37,cg07489134
733,1,15478898,+,TMEM51;TMEM51;C1orf126;TMEM51;TMEM51,GRCh37,cg20375690
733,9,131798577,+,FAM73B,GRCh37,cg00729541
733,15,42500601,-,VPS39,GRCh37,cg27472032
733,13,77901358,+,MYCBP2,GRCh37,cg03999420
733,2,67624590,+,ETAA1,GRCh37,cg06417705
733,10,127512028,-,BCCIP;UROS;BCCIP;BCCIP,GRCh37,cg27445265
733,6,30640919,-,DHX16;DHX16,GRCh37,cg08810779
733,6,37321919,-,RNF8;RNF8;RNF8;RNF8,GRCh37,cg06777581
733,22.0,41489051,-,EP300,GRCh37,cg03427564
733,12,123380447,+,VPS37B,GRCh37,cg20361540
733,15,42264912,+,EHD4,GRCh37,cg06419771
733,9,4792419,-,RCL1,GRCh37,cg18519564
733,2,27346528,-,ABHD1,GRCh37,cg20353465
733,15,34330894,+,AVEN;CHRM5,GRCh37,cg03986968
733,17,7590052,+,TP53;WRAP53;WRAP53;TP53;TP53;TP53,GRCh37,cg22175811
733,1,33429490,+,RNF19B;RNF19B,GRCh37,cg27287498
733,6,167412981,-,FGFR1OP;FGFR1OP,GRCh37,cg03365432
733,10,31608207,-,ZEB1;LOC220930;ZEB1;ZEB1;ZEB1,GRCh37,cg09010998
733,5,53813380,-,SNX18;SNX18;SNX18,GRCh37,cg26356176
733,9,35749414,-,GBA2;RGP1,GRCh37,cg26471445
733,11,66384026,-,RBM14,GRCh37,cg18130076
733,9,131419100,+,WDR34;WDR34,GRCh37,cg01220033
733,4,39460606,+,RPL9;RPL9;LIAS;LIAS,GRCh37,cg00762512
733,20,31071944,-,C20orf112,GRCh37,cg01221637
733,1,36184717,+,C1orf216;C1orf216,GRCh37,cg26235710
733,8,27630019,+,CCDC25,GRCh37,cg08773844
733,1,45476463,+,UROD;HECTD3,GRCh37,cg22920538
733,8,124408541,-,ATAD2,GRCh37,cg18604888
733,1,45140355,-,TMEM53;C1orf228,GRCh37,cg02890926
733,5,171615663,+,STK10,GRCh37,cg00156744
733,9,37465712,+,ZBTB5,GRCh37,cg04094160
733,18,11980953,-,IMPA2,GRCh37,cg00008713
733,14,102771445,+,RAGE;RAGE,GRCh37,cg07757386
733,19,1026642,+,CNN2;CNN2;CNN2;CNN2,GRCh37,cg22902083
733,1,153963593,-,RPS27,GRCh37,cg20859470
733,12,50478751,+,SMARCD1;SMARCD1,GRCh37,cg18591973
733,13,49822535,-,CDADC1,GRCh37,cg18587973
733,16,68271489,-,ESRP2,GRCh37,cg21954346
733,19,32895911,+,DPY19L3,GRCh37,cg22892237
733,19,56136136,-,ZNF784,GRCh37,cg00766729
733,8,53626936,-,RB1CC1;RB1CC1;RB1CC1;RB1CC1,GRCh37,cg21991830
733,19,49122916,+,RPL18;SPHK2,GRCh37,cg18189063
733,1,147013236,-,BCL9;BCL9,GRCh37,cg22001782
733,9,131873514,-,PPP2R4;PPP2R4;PPP2R4;CRAT;CRAT;PPP2R4,GRCh37,cg18197998
733,10,14920263,-,SUV39H2,GRCh37,cg26354413
733,4,100815442,+,MAPKSP1;MAPKSP1,GRCh37,cg18579447
733,12,110841545,+,ANAPC7;ANAPC7,GRCh37,cg04062907
733,5,38845600,+,OSMR;OSMR,GRCh37,cg26475085
733,3,49130805,+,QRICH1;QRICH1,GRCh37,cg26475097
733,5,141257604,+,PCDH1;PCDH1,GRCh37,cg22764338
733,4,99181920,-,RAP1GDS1;RAP1GDS1;RAP1GDS1;RAP1GDS1;RAP1GDS1;RAP1GDS1,GRCh37,cg00688421
733,7,100184161,+,FBXO24;LRCH4;FBXO24,GRCh37,cg21694349
733,11,125462867,-,STT3A,GRCh37,cg06567423
733,4,68567174,-,UBA6;LOC550112,GRCh37,cg08928646
733,9,96213189,+,FAM120AOS;FAM120A,GRCh37,cg08872483
733,5,137514611,+,BRD8;BRD8;KIF20A;BRD8;KIF20A,GRCh37,cg27119451
733,8,95487428,+,RAD54B,GRCh37,cg27091703
733,9,140445760,-,PNPLA7;MRPL41;PNPLA7,GRCh37,cg06919956
733,6,32163054,+,GPSM3;NOTCH4,GRCh37,cg26791659
733,16,89767797,+,SPATA2L,GRCh37,cg18445047
733,17,2207495,+,SMG6;SMG6;SRR,GRCh37,cg21745320
733,5,73937141,+,ENC1;ENC1,GRCh37,cg20951821
733,11,62599762,+,STX5,GRCh37,cg21759080
733,16,11944985,+,RSL1D1,GRCh37,cg22605342
733,3,45730815,-,SACM1L;SACM1L,GRCh37,cg26864061
733,4,20701925,+,PACRGL;PACRGL,GRCh37,cg20203792
733,7,108209641,+,THAP5;DNAJB9;THAP5;THAP5,GRCh37,cg20807701
733,13,26796711,-,RNF6;RNF6;RNF6,GRCh37,cg22448677
733,6,30539453,-,ABCF1;ABCF1,GRCh37,cg26884376
733,20,61570221,-,DIDO1;DIDO1;C20orf11;DIDO1,GRCh37,cg20969846
733,7,138145433,+,TRIM24;TRIM24,GRCh37,cg26889928
733,19,50879963,+,NR1H2,GRCh37,cg21743569
733,14,91977306,+,SMEK1,GRCh37,cg26910205
733,20,21284349,-,XRN2,GRCh37,cg26917625
733,12,56843287,+,TIMELESS,GRCh37,cg22580905
733,9,35812201,-,SPAG8;SPAG8;SPAG8;SPAG8,GRCh37,cg26943001
733,12,96337004,-,AMDHD1;CCDC38,GRCh37,cg20203596
733,2,175352216,-,GPR155;GPR155,GRCh37,cg20781140
733,4,7070632,-,GRPEL1,GRCh37,cg03847636
733,2,48667531,-,KLRAQ1;KLRAQ1;KLRAQ1;KLRAQ1,GRCh37,cg06611310
733,17,27229885,+,DHRS13,GRCh37,cg22176097
733,3,121554169,-,IQCB1;IQCB1;EAF2,GRCh37,cg22187826
733,9,33076800,+,SMU1,GRCh37,cg22199779
733,2,62132888,+,COMMD1,GRCh37,cg03532114
733,9,139686019,-,TMEM141,GRCh37,cg06654447
733,4,54931066,+,CHIC2,GRCh37,cg22722822
733,2,97426274,-,CNNM4,GRCh37,cg00711916
733,1,38019894,+,SNIP1;SNIP1,GRCh37,cg26624273
733,3,183979894,-,ECE2;CAMK2N2,GRCh37,cg22700017
733,6,52442381,+,TRAM2,GRCh37,cg22248011
733,1,38156051,-,C1orf109;C1orf109,GRCh37,cg26649834
733,13,41837995,+,MTRF1,GRCh37,cg22691736
733,17,7387363,+,ZBTB4;POLR2A;ZBTB4,GRCh37,cg22685463
733,13,32889752,+,BRCA2;BRCA2,GRCh37,cg27253386
733,1,15735965,+,EFHD2,GRCh37,cg22269795
733,7,128503126,-,ATP6V1F,GRCh37,cg26682717
733,1,202936090,-,CYB5R1,GRCh37,cg20133313
733,3,50388469,+,TUSC4;CYB561D2;TUSC4,GRCh37,cg27239147
733,11,17099688,-,RPS13,GRCh37,cg22336633
733,8,37887952,-,EIF4EBP1,GRCh37,cg18350458
733,9,2621918,+,VLDLR;VLDLR;VLDLR;VLDLR;FLJ35024,GRCh37,cg03591594
733,10,25305217,-,THNSL1;ENKUR,GRCh37,cg08847038
733,17,61904053,-,PSMC5;FTSJ3,GRCh37,cg07844572
733,18,32073466,-,DTNA;DTNA;DTNA;DTNA;DTNA;DTNA,GRCh37,cg22646528
733,7,130352914,+,COPG2,GRCh37,cg26702875
733,1,23346203,-,KDM1A;KDM1A,GRCh37,cg06958034
733,20,47835784,-,DDX27,GRCh37,cg27161973
733,11,34126714,+,NAT10;NAT10,GRCh37,cg06513075
733,12,48152844,-,RAPGEF3;RAPGEF3;RAPGEF3;RAPGEF3,GRCh37,cg24608308
733,15,34331557,+,AVEN;CHRM5,GRCh37,cg08722720
733,21.0,40686185,+,BRWD1;BRWD1;BRWD1,GRCh37,cg22982528
733,19,16296265,-,FAM32A,GRCh37,cg23919568
733,11,134122802,+,THYN1;THYN1;ACAD8;THYN1;THYN1;THYN1;THYN1,GRCh37,cg23927367
733,22.0,19418954,+,MRPL40;HIRA,GRCh37,cg23957084
733,11,17298347,-,NUCB2;NUCB2,GRCh37,cg00324733
733,5,139682347,-,PFDN1,GRCh37,cg25132078
733,19,8009138,+,TIMM44,GRCh37,cg04811526
733,7,131012349,-,MKLN1;MKLN1,GRCh37,cg19023700
733,8,9912509,-,MSRA;MSRA,GRCh37,cg04815626
733,6,108278844,+,SEC63,GRCh37,cg05642698
733,16,620796,-,PIGQ;PIGQ,GRCh37,cg24014020
733,20,30102296,-,HM13;HM13;HM13;HM13;HM13;HM13;HM13;HM13,GRCh37,cg25083781
733,6,96970001,+,KIAA0776,GRCh37,cg24028122
733,19,12917484,-,RNASEH2A;RNASEH2A,GRCh37,cg24056562
733,2,113299409,-,POLR1B;POLR1B,GRCh37,cg19061982
733,19,4229509,+,EBI3,GRCh37,cg19529363
733,2,242254495,+,SEPT2;SEPT2;HDLBP;SEPT2;SEPT2,GRCh37,cg04898443
733,2,55459612,+,RPS27A;C2orf63;RPS27A;C2orf63,GRCh37,cg20856436
733,15,44719665,-,CTDSPL2;CTDSPL2,GRCh37,cg24098302
733,14,90421208,-,TDP1;C14orf143;TDP1,GRCh37,cg24023606
733,12,121476720,+,OASL;OASL,GRCh37,cg24997562
733,17,80170622,-,CCDC57,GRCh37,cg08576197
733,2,18059454,-,KCNS3,GRCh37,cg20673481
733,3,45017999,+,ZDHHC3;ZDHHC3;EXOSC7;ZDHHC3;EXOSC7,GRCh37,cg04690289
733,1,44497024,+,SLC6A9;SLC6A9,GRCh37,cg18937321
733,2,223726576,+,ACSL3;ACSL3,GRCh37,cg08147886
733,1,151162707,+,VPS72,GRCh37,cg07634204
733,8,29940886,-,TMEM66,GRCh37,cg25358938
733,12,51611871,-,POU6F1,GRCh37,cg25356214
733,10,105156505,+,USMG5;PDCD11,GRCh37,cg05717160
733,20,306044,-,SOX12,GRCh37,cg23827867
733,3,184016629,+,PSMD2,GRCh37,cg05655556
733,1,201951586,-,RNPEP,GRCh37,cg19676312
733,15,85291191,-,ZNF592,GRCh37,cg23838179
733,17,47840643,+,FAM117A,GRCh37,cg19668255
733,1,78245236,+,FAM73A,GRCh37,cg23855566
733,17,75137144,+,SEC14L1;SEC14L1;SEC14L1;SEC14L1;SEC14L1;SEC14L1;SEC14L1,GRCh37,cg25344639
733,6,97730720,-,C6orf167;MIR548H3,GRCh37,cg23858074
733,10,1102917,-,WDR37,GRCh37,cg04731091
733,4,83932170,+,LIN54;LIN54;LIN54,GRCh37,cg23896056
733,22.0,31477530,+,SMTN;SMTN;SMTN,GRCh37,cg19630506
733,2,86668068,+,KDM3A;KDM3A,GRCh37,cg02972551
733,11,122932854,-,HSPA8;HSPA8,GRCh37,cg19694491
733,7,39605683,-,C7orf36,GRCh37,cg21341271
733,15,75872043,-,PTPN9,GRCh37,cg04914105
733,17,71088903,+,SLC39A11;SLC39A11,GRCh37,cg24332433
733,1,168148299,+,TIPRL;TIPRL;TIPRL;TIPRL,GRCh37,cg24769045
733,6,28234843,+,ZNF187;ZNF187;ZNF187;ZNF187;ZNF187;ZNF187,GRCh37,cg19217872
733,17,73522123,-,LLGL2;LLGL2;LLGL2,GRCh37,cg21391660
733,8,103876467,-,AZIN1;AZIN1,GRCh37,cg19352977
733,7,128050616,-,IMPDH1;IMPDH1;IMPDH1;IMPDH1,GRCh37,cg05079794
733,19,42724150,-,ZNF526,GRCh37,cg24405636
733,16,57220662,-,FAM192A;RSPRY1,GRCh37,cg00435408
733,2,207023983,+,EEF1B2;EEF1B2;EEF1B2;NDUFS1,GRCh37,cg24330485
733,20,47895529,-,SNORD12B;C20orf199;MIR1259;C20orf199;SNORD12C;ZNFX1;C20orf199,GRCh37,cg24448231
733,20,49547986,+,ADNP;ADNP,GRCh37,cg05279707
733,4,186064225,-,SLC25A4,GRCh37,cg24697682
733,14,75518003,+,MLH3;MLH3,GRCh37,cg24482053
733,12,50479634,+,SMARCD1;SMARCD1,GRCh37,cg07210490
733,19,42758976,+,ERF,GRCh37,cg05217755
733,10,27389076,-,ANKRD26,GRCh37,cg24668150
733,4,103423368,+,NFKB1;NFKB1,GRCh37,cg01137708
733,12,110906317,-,GPN3;C12orf24;GPN3;GPN3;C12orf24,GRCh37,cg24588599
733,1,68962940,-,DEPDC1;DEPDC1,GRCh37,cg08413469
733,11,57228377,-,RTN4RL2,GRCh37,cg24983959
733,7,99686956,-,COPS6,GRCh37,cg24797830
733,7,44887278,-,H2AFV;H2AFV;H2AFV;H2AFV;H2AFV,GRCh37,cg24319545
733,15,65282490,-,SPG21;SPG21;SPG21,GRCh37,cg24110916
733,3,12882968,+,RPL32;SNORA7A;RPL32;RPL32,GRCh37,cg19100810
733,11,66360800,-,CCDC87;CCS,GRCh37,cg24968786
733,3,145968389,+,PLSCR4;PLSCR4;PLSCR4;PLSCR4;PLSCR4,GRCh37,cg04959837
733,1,215741318,+,KCTD3,GRCh37,cg08466883
733,13,21347840,+,N6AMT2,GRCh37,cg24222435
733,13,107188614,-,EFNB2,GRCh37,cg24929737
733,5,64920116,+,TRIM23;C5orf44;TRIM23;C5orf44;TRIM23;TRIM23;TRIM23;C5orf44;C5orf44;TRIM23,GRCh37,cg08307039
733,15,44084878,+,SERF2,GRCh37,cg24323434
733,22.0,37172566,-,RABL4,GRCh37,cg21341807
733,12,121790083,+,ANAPC5;ANAPC5,GRCh37,cg19434066
733,13,50265408,-,EBPL,GRCh37,cg24909737
733,3,182817223,+,MCCC1,GRCh37,cg04991337
733,2,240964415,+,NDUFA10,GRCh37,cg24275354
733,10,12391835,+,CAMK1D;CAMK1D,GRCh37,cg24859228
733,14,23504316,+,PSMB5;PSMB5;PSMB5;PSMB5;PSMB5,GRCh37,cg24857117
733,5,133706921,+,UBE2B;UBE2B,GRCh37,cg00943950
733,17,28562813,-,SLC6A4;SLC6A4,GRCh37,cg05016953
733,16,69220726,-,SNTB2,GRCh37,cg08461397
733,20,524484,+,CSNK2A1;CSNK2A1;CSNK2A1,GRCh37,cg20702327
733,1,149857152,+,HIST2H2BE;HIST2H2AC;HIST2H2BE,GRCh37,cg03086563
733,16,27324953,-,IL4R;IL4R,GRCh37,cg05729093
733,5,143550303,+,YIPF5;YIPF5;KCTD16,GRCh37,cg04293726
733,5,150827012,+,SLC36A1,GRCh37,cg08724474
733,17,46018875,+,PNPO,GRCh37,cg00177698
733,9,15422993,-,SNAPC3,GRCh37,cg26007077
733,11,57298081,+,TIMM10,GRCh37,cg23185657
733,15,76603657,-,ETFA;ETFA,GRCh37,cg21250577
733,2,65216679,+,SLC1A4;SLC1A4;SLC1A4,GRCh37,cg07715387
733,12,25403167,+,KRAS;KRAS,GRCh37,cg00584022
733,9,130565376,-,FPGS;FPGS,GRCh37,cg07295092
733,7,131241768,+,PODXL;PODXL,GRCh37,cg00186141
733,19,30205772,+,C19orf12;C19orf12,GRCh37,cg07288394
733,15,64454941,-,PPIB,GRCh37,cg00918794
733,17,4046467,-,ZZEF1;CYB5D2;CYB5D2;CYB5D2;CYB5D2,GRCh37,cg01040062
733,8,82754900,+,SNX16;SNX16;SNX16,GRCh37,cg06027949
733,3,152879629,+,RAP2B,GRCh37,cg20555138
733,17,617519,+,VPS53;VPS53,GRCh37,cg04326040
733,11,66445460,-,RBM4B,GRCh37,cg23347400
733,1,12079976,+,MIIP,GRCh37,cg23355725
733,2,219536870,-,STK36;STK36;RNF25,GRCh37,cg25961684
733,19,58071269,+,,GRCh37,cg21612046
733,9,5437593,+,C9orf46,GRCh37,cg19951443
733,1,33283992,+,YARS;S100PBP;S100PBP,GRCh37,cg23150609
733,5,173043929,+,BOD1;BOD1,GRCh37,cg23003881
733,1,6761379,-,DNAJC11,GRCh37,cg02904365
733,1,115124407,+,BCAS2,GRCh37,cg23018891
733,19,33865273,+,CEBPG,GRCh37,cg01033160
733,2,48009730,-,MSH6,GRCh37,cg02905881
733,4,57843509,-,C4orf14,GRCh37,cg07974125
733,7,16685680,-,BZW2;ANKMY2;BZW2;BZW2,GRCh37,cg26144265
733,5,7869265,-,MTRR;MTRR;FASTKD3;MTRR,GRCh37,cg23054676
733,20,2083850,+,STK35,GRCh37,cg23162441
733,2,216946398,+,TMEM169;PECR;TMEM169;TMEM169;TMEM169,GRCh37,cg06250108
733,3,58419781,-,PDHB,GRCh37,cg00917893
733,11,71935846,-,INPPL1,GRCh37,cg06236748
733,1,183605490,-,RGL1;ARPC5;RGL1,GRCh37,cg03125090
733,8,74205400,-,RPL7,GRCh37,cg23104955
733,2,39005264,+,GEMIN6,GRCh37,cg18676393
733,3,122786091,-,PDIA5;PDIA5,GRCh37,cg07309374
733,11,4115507,-,RRM1,GRCh37,cg18678763
733,1,115212619,+,DENND2C;DENND2C,GRCh37,cg23141333
733,22.0,38598028,-,MAFF;MAFF;MAFF;MAFF;MAFF;MAFF;MAFF,GRCh37,cg18652852
733,18,72162949,-,CNDP2,GRCh37,cg23366119
733,19,1094921,-,POLR2E,GRCh37,cg04402021
733,21.0,38740667,+,DYRK1A,GRCh37,cg18779060
733,4,142557391,+,IL15;IL15,GRCh37,cg25546588
733,17,33446536,+,RAD51L3;RAD51L3;RAD51L3,GRCh37,cg02740947
733,15,89164981,-,AEN,GRCh37,cg04572898
733,11,107730489,-,SLC35F2,GRCh37,cg04581377
733,8,98655845,+,MTDH,GRCh37,cg00265490
733,13,38924018,+,UFM1;UFM1,GRCh37,cg07243519
733,6,7108441,-,RREB1;RREB1;RREB1;RREB1,GRCh37,cg08651674
733,4,122745356,+,CCNA2,GRCh37,cg20573242
733,10,81107083,-,PPIF,GRCh37,cg23585575
733,7,1571125,-,MAFK,GRCh37,cg18896687
733,3,148709802,-,GYG1,GRCh37,cg19751951
733,4,140374338,+,RAB33B,GRCh37,cg05815906
733,3,193853978,-,HES1;HES1,GRCh37,cg25466368
733,2,44395934,-,PPM1B;PPM1B;PPM1B;PPM1B;PPM1B,GRCh37,cg05764061
733,4,144258809,-,GAB1;GAB1,GRCh37,cg05754631
733,7,130081017,-,TSGA14,GRCh37,cg05751159
733,14,50053225,+,RPS29;RPS29,GRCh37,cg08625335
733,12,6982320,+,SPSB2;SPSB2,GRCh37,cg01097940
733,2,27651203,-,NRBP1,GRCh37,cg18905952
733,20,33412943,+,NCOA6,GRCh37,cg19794490
733,6,46138963,-,ENPP5,GRCh37,cg19799744
733,12,56390073,-,SUOX;SUOX;SUOX,GRCh37,cg21554249
733,7,86782611,+,DMTF1;DMTF1;DMTF1;DMTF1;DMTF1,GRCh37,cg19861697
733,12,57119373,+,NACA;NACA;NACA;NACA,GRCh37,cg04413986
733,19,39903895,+,PLEKHG2;PLEKHG2,GRCh37,cg19853229
733,10,119135722,+,PDZD8,GRCh37,cg08687958
733,19,49496864,+,GYS1;RUVBL2;GYS1;GYS1,GRCh37,cg05951993
733,13,100740987,-,PCCA;PCCA,GRCh37,cg23446109
733,1,59012661,-,OMA1,GRCh37,cg19840532
733,12,95867566,-,METAP2,GRCh37,cg23480499
733,16,28857889,-,TUFM,GRCh37,cg04455064
733,14,92303235,+,TC2N;TC2N;TC2N,GRCh37,cg25729068
733,1,202896493,-,KLHL12,GRCh37,cg04462209
733,10,27529581,+,ACBD5;ACBD5;ACBD5,GRCh37,cg04466253
733,5,131826479,+,IRF1,GRCh37,cg05915281
733,15,85259824,-,SEC11A,GRCh37,cg05905876
733,17,57970161,-,TUBD1;TUBD1;RPS6KB1,GRCh37,cg00547829
733,19,10491173,+,TYK2;TYK2,GRCh37,cg18856252
733,4,8442326,-,ACOX3;ACOX3,GRCh37,cg08083689
733,2,31456789,+,EHD3,GRCh37,cg05882522
733,12,57081186,+,PTGES3,GRCh37,cg05872485
733,16,67841269,-,TSNAXIP1;TSNAXIP1;RANBP10,GRCh37,cg04155026
733,11,77348811,+,CLNS1A;CLNS1A,GRCh37,cg02901159
733,19,12721799,-,ZNF490;ZNF791;ZNF791,GRCh37,cg12434258
733,6,49430788,+,CENPQ;MUT,GRCh37,cg10568944
733,7,30518667,-,NOD1,GRCh37,cg15815016
733,10,33246313,-,ITGB1;ITGB1,GRCh37,cg13800022
733,2,11605714,-,E2F6;E2F6;E2F6;E2F6;E2F6,GRCh37,cg12320676
733,19,53606654,-,ZNF160;ZNF160;ZNF160;ZNF160;ZNF160;ZNF160,GRCh37,cg12586262
733,1,202777719,+,KDM5B,GRCh37,cg14560895
733,10,43633793,-,CSGALNACT2,GRCh37,cg17665608
733,12,53472985,+,SPRYD3,GRCh37,cg15765896
733,1,160313241,-,COPA;NCSTN;COPA;COPA;COPA,GRCh37,cg17993772
733,2,173420265,-,PDK1,GRCh37,cg17679246
733,19,13049949,+,CALR,GRCh37,cg01678893
733,14,23425909,-,HAUS4;HAUS4;HAUS4,GRCh37,cg11891504
733,3,128445120,-,RAB7A;RAB7A,GRCh37,cg15687659
733,11,73882276,-,PPME1;C2CD3,GRCh37,cg02284889
733,12,54411753,-,HOXC4;HOXC5;HOXC6,GRCh37,cg10593493
733,17,27230278,+,DHRS13,GRCh37,cg10671802
733,16,79634732,+,MAF;MAF,GRCh37,cg10689889
733,22.0,38082170,-,NOL12,GRCh37,cg15473335
733,18,9913782,-,VAPA;VAPA,GRCh37,cg09260564
733,22.0,29665400,+,EWSR1;EWSR1;EWSR1;EWSR1;RHBDD3;EWSR1,GRCh37,cg14588638
733,14,103851370,+,MARK3;MARK3;MARK3;MARK3;MARK3,GRCh37,cg15444978
733,17,48133676,-,ITGA3;ITGA3;ITGA3;ITGA3,GRCh37,cg10488476
733,12,96794247,+,CDK17;CDK17;CDK17;CDK17,GRCh37,cg17641104
733,16,71842778,+,AP1G1;AP1G1;AP1G1;AP1G1,GRCh37,cg15824968
733,19,38806846,+,YIF1B;YIF1B;YIF1B;YIF1B;YIF1B;YIF1B,GRCh37,cg15844609
733,22.0,29138271,+,HSCB;CHEK2;CHEK2;CHEK2,GRCh37,cg01875775
733,1,100315326,+,AGL;AGL;AGL;AGL;AGL,GRCh37,cg14453641
733,7,42275870,+,GLI3,GRCh37,cg09405612
733,14,94595944,-,IFI27L2;IFI27L2,GRCh37,cg18050213
733,17,27277572,-,PHF12;PHF12,GRCh37,cg12017007
733,19,17622362,+,PGLS,GRCh37,cg10262425
733,19,59066234,-,CHMP2A;CHMP2A;CHMP2A,GRCh37,cg14042128
733,14,24665445,-,TM9SF1;TM9SF1,GRCh37,cg13834500
733,2,32288253,+,SPAST;SPAST,GRCh37,cg10277146
733,2,98262540,-,COX5B;COX5B,GRCh37,cg16022344
733,3,100120402,-,LNP1;TOMM70A;LNP1,GRCh37,cg15994781
733,18,59992984,-,TNFRSF11A,GRCh37,cg01765461
733,19,52511370,+,ZNF615,GRCh37,cg15979098
733,1,244816200,-,PPPDE1,GRCh37,cg15965913
733,11,14914012,-,CYP2R1,GRCh37,cg11980188
733,10,38383098,-,ZNF37A;ZNF37A,GRCh37,cg15873633
733,7,91875046,+,KRIT1;KRIT1;KRIT1;KRIT1;ANKIB1;KRIT1;KRIT1;KRIT1,GRCh37,cg14520511
733,15,64673455,-,KIAA0101;KIAA0101,GRCh37,cg02065795
733,17,38083788,+,ORMDL3;ORMDL3,GRCh37,cg01482279
733,22.0,38245447,+,EIF3L;EIF3L,GRCh37,cg15853374
733,1,87597473,+,LOC339524;LOC339524;LOC339524;LOC339524;LOC339524,GRCh37,cg14540297
733,3,93782171,-,NSUN3;DHFRL1,GRCh37,cg17767184
733,1,44445539,+,B4GALT2;B4GALT2,GRCh37,cg15379237
733,2,54013395,-,LOC100302652;ASB3;ERLEC1;ERLEC1;ASB3;ERLEC1,GRCh37,cg13467814
733,14,102605952,+,WDR20;WDR20;HSP90AA1;HSP90AA1;WDR20;WDR20,GRCh37,cg10833014
733,12,132414265,-,PUS1;PUS1;PUS1;PUS1,GRCh37,cg11738011
733,1,33502810,-,AK2;AK2,GRCh37,cg01620569
733,12,56211136,+,ORMDL2;SARNP;SARNP;SARNP,GRCh37,cg14657159
733,7,140098492,-,SLC37A3;SLC37A3,GRCh37,cg15002187
733,16,29874508,+,LOC440356;LOC440356;CDIPT;CDIPT,GRCh37,cg10985987
733,3,53289981,-,TKT;TKT;TKT;TKT;TKT;TKT,GRCh37,cg14939691
733,2,32390673,-,SLC30A6,GRCh37,cg17867194
733,5,33440653,-,TARS,GRCh37,cg14873135
733,22.0,34317552,-,LARGE;LARGE,GRCh37,cg12526025
733,8,125551441,+,TATDN1;TATDN1;NDUFB9;TATDN1,GRCh37,cg11719412
733,2,207630263,-,MDH1B;FASTKD2;FASTKD2;FASTKD2;FASTKD2;FASTKD2;FASTKD2,GRCh37,cg11065518
733,1,100817041,-,CDC14A;CDC14A;CDC14A,GRCh37,cg14813406
733,17,74068204,+,SRP68,GRCh37,cg14801726
733,4,157892546,-,PDGFC,GRCh37,cg02200584
733,1,23670892,+,HNRNPR;HNRNPR;HNRNPR;HNRNPR,GRCh37,cg01788438
733,11,118307782,+,MLL,GRCh37,cg13656360
733,8,117886537,+,RAD21,GRCh37,cg14729071
733,12,49412422,-,PRKAG1;PRKAG1,GRCh37,cg11151811
733,13,20436987,+,ZMYM5;ZMYM5;ZMYM5,GRCh37,cg14723014
733,3,9773672,-,BRPF1;BRPF1;BRPF1;BRPF1,GRCh37,cg14712964
733,15,66797427,-,ZWILCH;ZWILCH;RPL4,GRCh37,cg11136251
733,2,183943469,-,DUSP19;DUSP19;DUSP19;DUSP19,GRCh37,cg12484193
733,16,4987052,-,PPL;PPL,GRCh37,cg12400881
733,19,10305911,+,DNMT1;DNMT1,GRCh37,cg15043801
733,2,118572176,-,DDX18,GRCh37,cg02005375
733,17,27920081,+,ANKRD13B,GRCh37,cg11780934
733,1,155036362,+,EFNA4;EFNA4;EFNA4,GRCh37,cg14605134
733,14,75349155,+,DLST,GRCh37,cg13526689
733,1,10753774,-,CASZ1;CASZ1,GRCh37,cg10891879
733,18,56338258,-,MALT1;MALT1,GRCh37,cg10897648
733,19,2151887,-,AP3D1;AP3D1,GRCh37,cg02252907
733,10,79793527,-,RPS24;RPS24;RPS24;RPS24;RPS24;RPS24;RPS24;RPS24;RPS24;RPS24;RPS24;RPS24,GRCh37,cg10905918
733,2,201980910,+,CFLAR;CFLAR;CFLAR;CFLAR,GRCh37,cg17802847
733,5,68665773,+,RAD17;RAD17;TAF9;TAF9;RAD17;TAF9;RAD17;RAD17;TAF9;RAD17;TAF9;RAD17;TAF9,GRCh37,cg12460105
733,11,61197882,-,SDHAF2;CPSF7;CPSF7;CPSF7,GRCh37,cg13744070
733,11,126139007,-,FOXRED1;SRPR,GRCh37,cg01991383
733,8,73921144,-,TERF1;TERF1,GRCh37,cg13554114
733,22.0,50608598,-,PANX2;PANX2;PANX2,GRCh37,cg01606998
733,13,99852859,-,UBAC2;UBAC2;UBAC2;UBAC2,GRCh37,cg02246968
733,2,61245319,-,PEX13;PUS10;PUS10,GRCh37,cg13565723
733,2,75185439,+,POLE4,GRCh37,cg15091337
733,15,71185252,-,LRRC49;THAP10,GRCh37,cg15089487
733,3,37285038,+,GOLGA4;GOLGA4,GRCh37,cg15065896
733,1,155176868,-,THBS3,GRCh37,cg12543649
733,15,41099719,+,ZFYVE19;ZFYVE19;DNAJC17,GRCh37,cg15059511
733,15,75230753,-,COX5A,GRCh37,cg12478809
733,11,93474888,-,C11orf54;TAF1D;C11orf54,GRCh37,cg01618304
733,20,3766961,-,CENPB,GRCh37,cg17565490
733,12,112037646,+,ATXN2,GRCh37,cg12313568
733,7,143106130,-,EPHA1,GRCh37,cg02376703
733,22.0,38902757,-,DDX17;DDX17,GRCh37,cg17380128
733,20,44509606,+,ZSWIM1,GRCh37,cg09781054
733,22.0,38966785,-,DMC1,GRCh37,cg16959972
733,19,50887763,-,POLD1,GRCh37,cg16923271
733,20,33265182,+,PIGU,GRCh37,cg14181391
733,1,39492570,-,NDUFS5,GRCh37,cg16918585
733,14,55494158,-,SOCS4;SOCS4;SOCS4;SOCS4;WDHD1;WDHD1,GRCh37,cg16908782
733,10,18948399,-,ARL5B;ARL5B,GRCh37,cg16905311
733,14,50052765,+,RPS29;RPS29,GRCh37,cg02443089
733,8,42948717,-,SGK196,GRCh37,cg01402045
733,17,61524304,+,CYB561;CYB561,GRCh37,cg14204735
733,20,18448250,-,POLR3F;C20orf12,GRCh37,cg17386991
733,1,28562368,+,ATPIF1;ATPIF1;ATPIF1,GRCh37,cg16834431
733,6,30028660,-,ZNRD1;ZNRD1;NCRNA00171,GRCh37,cg12909005
733,21.0,34851621,+,TMEM50B,GRCh37,cg16803817
733,19,39389915,+,SIRT2;SIRT2;NFKBIB;NFKBIB,GRCh37,cg11396509
733,11,65657895,-,CCDC85B;CCDC85B,GRCh37,cg12930602
733,19,15235973,+,ILVBL,GRCh37,cg16763895
733,7,43769049,-,C7orf44;C7orf44,GRCh37,cg17408647
733,9,33265144,+,SUGT1P1;BAG1;CHMP5,GRCh37,cg16720880
733,2,74699973,+,CCDC142;MRPL53,GRCh37,cg11387519
733,11,27384596,+,CCDC34;CCDC34,GRCh37,cg12154803
733,20,13765341,+,C20orf7;C20orf7;ESF1;C20orf7,GRCh37,cg14251536
733,2,178076969,-,HNRNPA3,GRCh37,cg14023558
733,2,44001158,+,DYNC2LI1;DYNC2LI1;DYNC2LI1,GRCh37,cg14120336
733,19,41256723,-,C19orf54;SNRPA,GRCh37,cg11481490
733,8,20054547,-,ATP6V1B2,GRCh37,cg01952458
733,17,1958117,-,HIC1;HIC1,GRCh37,cg17210604
733,1,93810826,-,DR1,GRCh37,cg02421543
733,3,58419482,+,PDHB,GRCh37,cg11485602
733,13,96743170,-,HS6ST3,GRCh37,cg17183991
733,7,139026384,-,C7orf55,GRCh37,cg17177336
733,2,121010068,-,RALB,GRCh37,cg17169613
733,4,6642120,+,MRFAP1,GRCh37,cg01723464
733,8,21777572,+,XPO7;XPO7,GRCh37,cg17168535
733,17,72983622,-,CDR2L,GRCh37,cg14030083
733,3,142297295,+,ATR,GRCh37,cg11458642
733,10,105127811,-,TAF5,GRCh37,cg01360325
733,10,71812596,+,H2AFY2;H2AFY2,GRCh37,cg17163751
733,1,11796297,-,AGTRAP;AGTRAP;AGTRAP;AGTRAP;AGTRAP,GRCh37,cg17350448
733,1,3817016,+,LOC100133612;C1orf174,GRCh37,cg09633588
733,3,139108740,+,COPB2;COPB2,GRCh37,cg09650667
733,5,76788060,+,WDR41;WDR41,GRCh37,cg14119774
733,2,55920781,-,PNPT1,GRCh37,cg09685747
733,22.0,19166808,+,SLC25A1,GRCh37,cg12167239
733,11,114271079,-,RBM7;C11orf71;C11orf71,GRCh37,cg17048483
733,2,38303680,+,CYP1B1,GRCh37,cg01936270
733,20,49575105,-,MOCS3;DPM1,GRCh37,cg13216351
733,20,2633870,-,NOP56;NOP56;SNORD110,GRCh37,cg01292265
733,9,100175029,-,TDRD7,GRCh37,cg11516606
733,15,65903328,+,C15orf44;C15orf44;C15orf44,GRCh37,cg16310262
733,5,89770699,-,MBLAC2;POLR3G;POLR3G,GRCh37,cg16298264
733,9,15553286,-,C9orf93;C9orf93,GRCh37,cg17511416
733,3,57262354,+,APPL1,GRCh37,cg09433780
733,12,109535398,+,UNG;UNG,GRCh37,cg01442833
733,9,100684771,+,C9orf156,GRCh37,cg16274148
733,2,242090264,-,PPP1R7;PASK,GRCh37,cg12054421
733,4,100871315,+,LOC256880;H2AFZ,GRCh37,cg16267491
733,12,54982643,-,PPP1R1A,GRCh37,cg17523380
733,12,99038570,+,APAF1;IKBIP;IKBIP;IKBIP;APAF1;APAF1;IKBIP;APAF1;IKBIP;APAF1;IKBIP,GRCh37,cg17525003
733,17,39891009,-,HAP1;HAP1;HAP1,GRCh37,cg10154926
733,10,74386160,-,CBARA1,GRCh37,cg01687711
733,1,89150099,+,PKN2;PKN2,GRCh37,cg16228804
733,2,96874394,+,STARD7;STARD7,GRCh37,cg10179684
733,6,37225644,-,TMEM217;TMEM217;TBC1D22B;TBC1D22B;TMEM217,GRCh37,cg14414819
733,19,2783719,+,SGTA,GRCh37,cg16188243
733,7,42275872,+,GLI3,GRCh37,cg17530977
733,3,30647802,+,TGFBR2;TGFBR2,GRCh37,cg13859541
733,19,59030753,+,ZBTB45;ZBTB45,GRCh37,cg16166399
733,19,44079527,-,XRCC1,GRCh37,cg01880404
733,13,30170129,+,SLC7A1,GRCh37,cg14424530
733,14,96857890,+,AK7,GRCh37,cg17504464
733,3,184279093,+,EPHB3,GRCh37,cg09938768
733,17,17943126,+,ATPAF2;C17orf39,GRCh37,cg16323498
733,19,4968558,-,KDM4B,GRCh37,cg12072803
733,19,44100438,+,ZNF576;IRGQ;ZNF576,GRCh37,cg16648297
733,1,27718858,+,GPR3,GRCh37,cg12112929
733,4,144434369,-,SMARCA5,GRCh37,cg01278696
733,6,160114859,+,SOD2;SOD2;SOD2,GRCh37,cg10002977
733,14,82000433,+,SEL1L,GRCh37,cg12269343
733,13,21141711,+,IFT88;IFT88,GRCh37,cg16547450
733,3,51423232,+,MANF,GRCh37,cg10029076
733,2,63816164,-,MDH1;MDH1;C2orf86,GRCh37,cg16527805
733,8,22014652,-,LGI3,GRCh37,cg13958676
733,10,101419241,-,ENTPD7,GRCh37,cg13114389
733,17,40729398,+,PSMC3IP;PSMC3IP,GRCh37,cg12628062
733,1,26186256,-,C1orf135,GRCh37,cg16486059
733,22.0,36783947,+,MYH9;MYH9,GRCh37,cg14337900
733,12,46662743,-,SLC38A1;SLC38A1;SLC38A1;SLC38A1,GRCh37,cg16469386
733,11,27384997,-,CCDC34;CCDC34,GRCh37,cg01705458
733,11,85358767,+,TMEM126A,GRCh37,cg16417437
733,15,52312166,+,MAPK6,GRCh37,cg10074949
733,5,135469115,-,SMAD5;SMAD5;SMAD5;SMAD5OS,GRCh37,cg02352653
733,3,105085463,-,ALCAM,GRCh37,cg16338347
733,5,176560594,+,NSD1;NSD1,GRCh37,cg11316784
733,19,54694229,-,MBOAT7;MBOAT7;MBOAT7;MBOAT7;TSEN34;TSEN34;TSEN34,GRCh37,cg16490390
734,2,1417431,+,TPO;TPO;TPO;TPO,GRCh37,cg10370591
735,3,172166920,+,GHSR;GHSR,GRCh37,cg11812218
736,4,76481169,-,C4orf26,GRCh37,cg22960952
736,1,38022586,-,DNALI1,GRCh37,cg21488617
736,17,62084205,+,ICAM2;ICAM2;ICAM2;ICAM2;ICAM2;ICAM2,GRCh37,cg10275770
736,6,31088352,+,CDSN;PSORS1C1,GRCh37,cg24735489
737,11,63990138,-,FERMT3;FERMT3,GRCh37,cg20162599
738,1,158259926,-,CD1C,GRCh37,cg07548313
739,14,103593088,-,TNFAIP2,GRCh37,cg20368904
739,12,52845938,+,KRT6B,GRCh37,cg12795208
739,4,154125637,-,TRIM2;TRIM2;TRIM2,GRCh37,cg12793610
739,6,26018185,+,HIST1H1A,GRCh37,cg14652095
739,22.0,38380983,+,SOX10,GRCh37,cg19257200
739,11,57195540,+,SLC43A3;SLC43A3;SLC43A3,GRCh37,cg19881895
739,6,144163654,+,LTV1,GRCh37,cg02885771
739,22.0,38380439,-,SOX10;SOX10,GRCh37,cg06614002
739,1,162602559,+,DDR2;DDR2,GRCh37,cg22740835
739,15,63889711,+,FBXL22,GRCh37,cg13288195
739,17,42994269,+,GFAP;GFAP,GRCh37,cg21944455
740,14,51562646,-,TRIM9;TRIM9,GRCh37,cg17347389
741,6,169653961,+,THBS2,GRCh37,cg21652958
742,1,89664407,+,GBP4,GRCh37,cg21365602
743,3,164914437,-,SLITRK3;SLITRK3,GRCh37,cg13619915
743,3,164914471,-,SLITRK3,GRCh37,cg14717170
744,7,87935979,-,STEAP4,GRCh37,cg00564163
744,7,87936282,+,STEAP4,GRCh37,cg11271605
745,2,29256737,-,FAM179A,GRCh37,cg13576290
746,1,226129481,+,LEFTY2,GRCh37,cg22462235
746,20,42355625,+,GTSF1L;GTSF1L;GTSF1L;GTSF1L,GRCh37,cg11398517
746,9,111776779,+,CTNNAL1,GRCh37,cg05485060
746,3,183749227,-,HTR3D;HTR3D;HTR3D,GRCh37,cg14483391
746,7,90338861,+,CDK14,GRCh37,cg15798153
746,2,231576873,-,CAB39;CAB39;CAB39,GRCh37,cg06874144
746,19,38183976,+,ZNF781,GRCh37,cg10710439
746,5,75919188,-,F2RL2;F2RL2;IQGAP2,GRCh37,cg00415993
746,1,178840137,+,ANGPTL1;ANGPTL1;RALGPS2,GRCh37,cg07044282
746,16,82068803,+,HSD17B2,GRCh37,cg20373326
746,7,150027050,-,C7orf29;C7orf29;LRRC61;LRRC61,GRCh37,cg04999691
746,5,147258132,+,SCGB3A2,GRCh37,cg19530885
747,6,84140993,+,ME1,GRCh37,cg06836736
747,6,84140997,+,ME1,GRCh37,cg24881834
748,2,219925065,-,IHH,GRCh37,cg25908985
749,12,75603585,-,KCNC2;KCNC2;KCNC2,GRCh37,cg11631518
749,12,75603401,-,KCNC2;KCNC2;KCNC2;KCNC2;KCNC2;KCNC2,GRCh37,cg18573383
750,19,38794598,+,C19orf33;YIF1B;YIF1B;YIF1B;YIF1B;YIF1B;YIF1B;YIF1B,GRCh37,cg07665060
750,19,38794845,+,YIF1B;YIF1B;C19orf33;YIF1B;YIF1B;YIF1B;YIF1B;YIF1B;C19orf33,GRCh37,cg00412772
751,2,101618261,+,RPL31;RPL31;RPL31,GRCh37,cg22809047
752,5,114598846,+,PGGT1B,GRCh37,cg08987989
753,17,34345392,-,CCL23;CCL23,GRCh37,cg24325790
753,14,21498887,-,TPPP2,GRCh37,cg18389810
753,11,2817922,-,KCNQ1;KCNQ1,GRCh37,cg16778148
753,16,29673680,-,SPN;SPN,GRCh37,cg26751195
753,17,76567830,-,DNAH17,GRCh37,cg23753610
753,15,29213858,+,APBA2;APBA2;APBA2;APBA2,GRCh37,cg12044210
753,14,24731542,+,TGM1,GRCh37,cg08341924
753,1,25228687,-,RUNX3;RUNX3,GRCh37,cg25178645
753,2,234668355,-,UGT1A10;UGT1A1;UGT1A6;UGT1A8;UGT1A4;UGT1A3;UGT1A6;UGT1A9;UGT1A7;UGT1A5,GRCh37,cg07823755
753,6,42690308,-,PRPH2;PRPH2,GRCh37,cg15169162
753,2,241569557,+,GPR35,GRCh37,cg07432969
753,19,36018925,-,SBSN;SBSN;SBSN,GRCh37,cg27050793
753,1,25229099,-,RUNX3;RUNX3,GRCh37,cg18231267
753,1,110082924,-,GPR61,GRCh37,cg23749046
753,11,2594153,-,KCNQ1;KCNQ1,GRCh37,cg20751395
753,17,46871905,+,TTLL6;TTLL6,GRCh37,cg08137716
753,16,21222863,+,ZP2,GRCh37,cg00882451
753,13,96085969,+,CLDN10;CLDN10;CLDN10;CLDN10,GRCh37,cg08418978
753,19,5841072,+,FUT6;FUT6,GRCh37,cg05444024
753,1,25228922,-,RUNX3;RUNX3,GRCh37,cg27360282
753,20,31756024,-,C20orf70,GRCh37,cg11113534
753,2,88824472,-,C2orf51,GRCh37,cg12811135
753,10,48416891,+,GDF2,GRCh37,cg05441133
753,13,114321749,-,GRK1,GRCh37,cg21710060
753,19,43099482,+,CEACAM8,GRCh37,cg06475327
753,7,44228830,-,GCK;GCK,GRCh37,cg07944811
753,17,9808263,-,RCVRN,GRCh37,cg04720358
753,1,26699605,-,ZNF683;ZNF683,GRCh37,cg10705251
753,2,233321600,-,ALPI,GRCh37,cg05423257
753,2,233897561,+,NEU2,GRCh37,cg24198840
753,9,127563860,+,OLFML2A,GRCh37,cg18506679
753,22.0,17690463,+,CECR1,GRCh37,cg18003795
754,5,118691033,-,TNFAIP8;TNFAIP8,GRCh37,cg07086380
755,7,30721888,-,CRHR2,GRCh37,cg04922810
756,7,150413680,-,GIMAP1,GRCh37,cg12914657
757,1,44444603,-,B4GALT2,GRCh37,cg23001650
757,13,96705123,+,UGGT2,GRCh37,cg08797194
757,9,124854846,-,TTLL11;TTLL11,GRCh37,cg11527279
758,15,25093521,+,SNRPN;SNRPN;SNRPN,GRCh37,cg22678136
759,7,36764019,+,AOAH;AOAH,GRCh37,cg14451276
760,7,90338555,+,CDK14,GRCh37,cg03112433
761,3,16554619,+,RFTN1,GRCh37,cg07200280
762,6,78173250,-,HTR1B,GRCh37,cg08614481
763,9,35042395,-,C9orf131;C9orf131;C9orf131;C9orf131,GRCh37,cg05000446
764,9,5510497,-,PDCD1LG2,GRCh37,cg07211259
765,7,97361201,+,TAC1;TAC1;TAC1;TAC1,GRCh37,cg07550362
766,6,41606641,-,MDFI,GRCh37,cg05345286
767,9,18474243,-,ADAMTSL1;ADAMTSL1,GRCh37,cg00116234
768,9,5450936,+,CD274,GRCh37,cg19724470
769,1,179561500,+,TDRD5,GRCh37,cg09656934
770,6,160932709,-,LPAL2;LPAL2,GRCh37,cg15398520
771,4,16900199,-,LDB2;LDB2;LDB2;LDB2,GRCh37,cg08899626
772,19,4769214,-,MIR7-3;C19orf30,GRCh37,cg20893022
773,4,111557894,-,PITX2;PITX2,GRCh37,cg05522383
774,12,6745057,-,LPAR5,GRCh37,cg15464148
774,12,6745292,+,LPAR5;LPAR5,GRCh37,cg25655096
775,21,19616939,-,CHODL,GRCh37,cg02920216
776,4,57976034,+,IGFBP7,GRCh37,cg03876618
777,15,90039909,+,RHCG,GRCh37,cg10453365
777,15,90039582,+,RHCG,GRCh37,cg24653181
778,5,179335243,-,TBC1D9B;TBC1D9B,GRCh37,cg10737521
778,5,179335223,-,TBC1D9B;TBC1D9B,GRCh37,cg12080675
779,3,108836800,-,MORC1,GRCh37,cg19857541
779,2,79314745,+,REG1B,GRCh37,cg07841014
780,1,157568591,+,FCRL4,GRCh37,cg17281600
781,2,202671158,-,CDK15,GRCh37,cg19654437
781,2,202671292,-,CDK15,GRCh37,cg14695751
782,5,137071523,+,KLHL3;KLHL3,GRCh37,cg13847070
783,14,65007512,-,HSPA2;HSPA2,GRCh37,cg16319578
784,1,247712237,-,C1orf150,GRCh37,cg18908499
785,2,174219209,-,CDCA7;CDCA7,GRCh37,cg08690031
786,1,45792557,+,HPDL;HPDL,GRCh37,cg10164640
786,1,45792542,+,HPDL,GRCh37,cg26781150
787,19,44324951,-,LYPD5,GRCh37,cg12768605
788,3,112694062,-,CD200R1;CD200R1;CD200R1;CD200R1,GRCh37,cg17638468
788,3,112693867,+,CD200R1;CD200R1;CD200R1;CD200R1;CD200R1;CD200R1;CD200R1;CD200R1,GRCh37,cg04070847
789,7,19185165,-,FERD3L,GRCh37,cg11241627
790,4,4862015,-,MSX1,GRCh37,cg06677140
790,4,4862184,-,MSX1,GRCh37,cg03717979
791,12,130387861,+,TMEM132D,GRCh37,cg03469054
791,20,54580196,+,CBLN4,GRCh37,cg25993718
792,18,21270554,+,LAMA3;LAMA3,GRCh37,cg14894144
793,5,57786356,+,GAPT,GRCh37,cg12491659
793,17,7453377,-,TNFSF12;TNFSF12-TNFSF13,GRCh37,cg00031162
793,1,20249430,-,PLA2G2E,GRCh37,cg16825000
793,9,116841084,+,AMBP,GRCh37,cg25420952
793,11,116693415,+,APOA4,GRCh37,cg15727249
793,2,169887932,-,ABCB11,GRCh37,cg00295325
793,7,130130288,-,MESTIT1;MEST;MEST,GRCh37,cg17347253
793,1,7913667,-,UTS2;UTS2,GRCh37,cg20625138
793,11,117699019,-,FXYD2,GRCh37,cg10997248
793,3,129246923,+,RHO,GRCh37,cg13180098
793,7,149195465,+,ZNF746;ZNF746,GRCh37,cg02401978
793,9,35674000,+,CA9,GRCh37,cg20610181
793,3,52274051,+,TWF2,GRCh37,cg18669588
793,18,24445134,-,AQP4;C18orf16,GRCh37,cg00729275
793,6,168480013,-,FRMD1,GRCh37,cg00350478
793,19,45445693,-,APOC4,GRCh37,cg25017250
793,8,104152588,-,BAALC;C8orf56;BAALC,GRCh37,cg11318251
794,6,137366322,+,IL20RA,GRCh37,cg22487322
795,5,22853730,+,CDH12;CDH12,GRCh37,cg10303842
796,8,22436246,+,PDLIM2,GRCh37,cg05698069
796,16,55512868,-,MMP2,GRCh37,cg12317456
796,9,139268092,+,CARD9;CARD9;CARD9;CARD9,GRCh37,cg02516189
796,19,39108529,-,MAP4K1;MAP4K1;EIF3K,GRCh37,cg15679651
796,15,28344412,-,OCA2;OCA2,GRCh37,cg12902039
796,7,27224700,+,HOXA11AS;HOXA11,GRCh37,cg17950095
796,11,119188145,+,MCAM,GRCh37,cg21096399
796,8,101661478,-,SNX31,GRCh37,cg17199658
796,9,139971429,-,UAP1L1,GRCh37,cg04582938
796,5,177659971,-,AGXT2L2,GRCh37,cg18042806
796,11,62104720,-,ASRGL1;ASRGL1,GRCh37,cg12640109
796,11,128761419,+,KCNJ5;KCNJ5,GRCh37,cg26624134
796,16,66400320,-,CDH5,GRCh37,cg08872742
797,6,26271587,+,HIST1H3G,GRCh37,cg02909790
798,11,6341895,-,PRKCDBP,GRCh37,cg05628549
798,11,6342357,-,PRKCDBP,GRCh37,cg16245261
799,5,9546755,-,SEMA5A,GRCh37,cg03702236
800,20,33680179,+,TRPC4AP;TRPC4AP,GRCh37,cg10035303
800,18,61034324,-,KDSR,GRCh37,cg05306176
800,7,128864557,+,AHCYL2;AHCYL2,GRCh37,cg16584911
800,16,81041324,-,CENPN;CENPN;CENPN;C16orf61,GRCh37,cg01848594
800,7,80548307,-,SEMA3C;SEMA3C,GRCh37,cg19815904
800,3,45731254,+,SACM1L,GRCh37,cg04837898
800,18,267637,+,THOC1,GRCh37,cg27109971
800,7,75988212,-,YWHAG;YWHAG,GRCh37,cg12730381
800,6,158589307,+,SERAC1;SERAC1;GTF2H5,GRCh37,cg06659073
800,6,126277793,-,HINT3,GRCh37,cg03247626
800,18,21017616,-,C18orf45,GRCh37,cg02366059
800,4,153456344,+,FBXW7,GRCh37,cg05287690
800,12,10876230,+,CSDA;CSDA,GRCh37,cg03876622
800,12,26348529,-,SSPN;SSPN;SSPN,GRCh37,cg24509668
800,9,130478378,-,TTC16;PTRH1;TTC16,GRCh37,cg24121001
800,11,2923808,+,SLC22A18AS;SLC22A18;SLC22A18,GRCh37,cg24528523
800,4,77134585,+,SCARB2,GRCh37,cg11659747
800,12,70636491,-,CNOT2,GRCh37,cg10464585
800,20,12989844,+,SPTLC3;SPTLC3,GRCh37,cg25125453
800,19,19738592,-,LPAR2,GRCh37,cg12992720
800,12,29937585,+,TMTC1;TMTC1,GRCh37,cg20784775
800,8,101322791,-,RNF19A,GRCh37,cg11906718
800,11,73881915,+,C2CD3;C2CD3;PPME1,GRCh37,cg26119740
800,11,2923264,-,SLC22A18AS;SLC22A18;SLC22A18,GRCh37,cg16035277
800,17,40976328,+,BECN1,GRCh37,cg16225441
800,5,6714987,+,POLS,GRCh37,cg09576882
800,12,51419900,+,SLC11A2,GRCh37,cg21570220
800,1,206730586,-,RASSF5;RASSF5;RASSF5;RASSF5,GRCh37,cg01860753
800,19,12267776,-,ZNF625,GRCh37,cg17456704
800,6,151186758,-,MTHFD1L;MTHFD1L,GRCh37,cg21610516
800,12,49741164,-,DNAJC22;DNAJC22,GRCh37,cg07028869
800,2,231281474,-,SP100;SP100,GRCh37,cg05091653
800,13,21714429,+,SAP18,GRCh37,cg02147791
800,8,48873951,+,MCM4;MCM4;PRKDC;PRKDC,GRCh37,cg16104446
800,5,72861638,-,UTP15;ANKRA2;UTP15,GRCh37,cg10237911
800,19,42788966,-,CIC,GRCh37,cg19744952
800,3,184971652,-,EHHADH;EHHADH;EHHADH,GRCh37,cg21685266
800,6,43139692,-,SRF,GRCh37,cg00984602
800,19,19248839,+,TMEM161A,GRCh37,cg20426860
800,19,10829165,-,MIR638;DNM2;DNM2;DNM2;DNM2,GRCh37,cg17165284
800,21,47745057,-,C21orf58;PCNT,GRCh37,cg11407345
800,15,41186784,-,VPS18;VPS18,GRCh37,cg03643709
800,15,80444758,-,FAH,GRCh37,cg05038121
800,3,45730717,+,SACM1L,GRCh37,cg14415034
800,19,14016927,+,C19orf57;CC2D1A,GRCh37,cg03430067
800,19,1095626,-,POLR2E,GRCh37,cg12719235
800,20,49126874,-,PTPN1,GRCh37,cg15864184
800,7,128784931,-,TSPAN33,GRCh37,cg09916853
800,10,102747015,-,C10orf2;C10orf2;MRPL43;C10orf2;MRPL43;MRPL43;MRPL43;C10orf2,GRCh37,cg19578398
800,1,197115964,+,ASPM,GRCh37,cg19350340
800,15,34394376,+,PGBD4;PGBD4;C15orf24,GRCh37,cg12237946
800,19,45926751,+,ERCC1;ERCC1;ERCC1;ERCC1,GRCh37,cg17378989
800,8,97274070,-,MTERFD1;PTDSS1,GRCh37,cg00317680
800,3,122134820,+,WDR5B;WDR5B,GRCh37,cg00571634
800,3,50375252,+,RASSF1;RASSF1;RASSF1;RASSF1,GRCh37,cg15043975
800,10,133794911,-,BNIP3,GRCh37,cg22473973
800,3,45730975,+,SACM1L,GRCh37,cg22986271
800,21,37692233,+,MORC3,GRCh37,cg13552650
800,7,8301971,-,ICA1;ICA1;ICA1,GRCh37,cg15413566
800,11,125496645,-,CHEK1;CHEK1;CHEK1,GRCh37,cg00554702
800,6,123110554,+,SMPDL3A,GRCh37,cg01594214
800,11,64051738,-,GPR137;BAD;BAD;GPR137,GRCh37,cg13620770
800,1,54355272,-,YIPF1,GRCh37,cg23061257
800,4,39699380,-,UBE2K;UBE2K;UBE2K,GRCh37,cg02523617
800,12,58176640,+,TSFM,GRCh37,cg06191990
800,19,37341870,-,ZNF345,GRCh37,cg03100040
800,10,97416837,-,ALDH18A1;ALDH18A1,GRCh37,cg05889321
800,6,49518079,-,C6orf141,GRCh37,cg05829479
800,6,13813947,+,CCDC90A,GRCh37,cg00214855
800,11,3876562,-,STIM1,GRCh37,cg01246405
800,6,139695762,+,CITED2;CITED2;CITED2;CITED2,GRCh37,cg25722142
800,8,30891077,+,WRN;PURG;PURG;PURG;WRN,GRCh37,cg23610841
800,11,13299410,-,ARNTL;ARNTL;ARNTL;ARNTL;ARNTL;ARNTL,GRCh37,cg06499652
800,14,35098784,-,SNX6;SNX6,GRCh37,cg18396865
800,22.0,30722331,-,TBC1D10A,GRCh37,cg04644624
800,9,136932424,-,BRD3,GRCh37,cg04648440
800,18,61637299,-,SERPINB8;SERPINB8;SERPINB8;SERPINB8;SERPINB8;SERPINB8,GRCh37,cg00615915
800,9,38392535,-,ALDH1B1,GRCh37,cg25478603
800,4,186064515,+,SLC25A4;SLC25A4,GRCh37,cg27583030
801,12,101603453,-,SLC5A8,GRCh37,cg10141715
802,8,66932700,+,DNAJC5B,GRCh37,cg13760253
803,12,4384890,+,CCND2,GRCh37,cg17580045
804,3,182971069,+,MCF2L2;B3GNT5;B3GNT5,GRCh37,cg02238826
804,3,182970833,-,MCF2L2;B3GNT5,GRCh37,cg17701886
805,12,81331718,-,LIN7A,GRCh37,cg05647859
806,12,100751051,+,SLC17A8;SLC17A8;SLC17A8;SLC17A8,GRCh37,cg06836849
806,5,169064660,-,DOCK2,GRCh37,cg21233722
806,19,49658913,-,HRC,GRCh37,cg27016307
806,22.0,30643376,+,LIF,GRCh37,cg19539004
806,1,159796434,+,SLAMF8,GRCh37,cg04275881
806,10,125651526,+,CPXM2,GRCh37,cg03630088
806,6,36355825,-,ETV7,GRCh37,cg04289385
807,10,82049429,+,MAT1A;MAT1A,GRCh37,cg19423196
808,22.0,29469490,+,KREMEN1;KREMEN1,GRCh37,cg01791232
809,14,24780551,+,LTB4R2;LTB4R2;LTB4R2;CIDEB;CIDEB;LTB4R,GRCh37,cg15364618
810,19,5914669,-,CAPS;CAPS,GRCh37,cg16992787
810,8,145654635,+,VPS28;NFKBIL2;VPS28,GRCh37,cg05807444
810,19,17000585,-,F2RL3,GRCh37,cg03636183
810,9,136084818,+,OBP2B,GRCh37,cg15538820
810,3,49940853,-,MST1R,GRCh37,cg08687163
810,11,124622096,-,VSIG2;VSIG2,GRCh37,cg21929875
810,8,19540466,-,CSGALNACT1;CSGALNACT1,GRCh37,cg15379858
810,16,2004686,+,RPL3L,GRCh37,cg01797043
810,10,72432797,-,ADAMTS14;ADAMTS14,GRCh37,cg19730092
810,20,61041341,+,GATA5,GRCh37,cg09923671
810,16,90014253,+,DEF8;DEF8,GRCh37,cg16504670
810,19,2249330,+,AMH;AMH,GRCh37,cg22296149
810,2,95537475,-,TEKT4,GRCh37,cg05723825
811,7,134464242,-,CALD1;CALD1;CALD1;CALD1;CALD1;CALD1,GRCh37,cg14009688
811,7,134464129,+,CALD1;CALD1;CALD1,GRCh37,cg24956866
812,6,24494665,-,ALDH5A1;ALDH5A1,GRCh37,cg25375764
812,15,83953744,-,BNC1,GRCh37,cg18952647
812,19,54876446,+,LAIR1;LAIR1;LAIR1;LAIR1,GRCh37,cg06238491
812,2,218990627,+,CXCR2;CXCR2,GRCh37,cg13739417
812,2,113594375,-,IL1B,GRCh37,cg07935264
812,15,77287899,+,PSTPIP1;PSTPIP1,GRCh37,cg26025891
812,1,171810105,+,DNM3;DNM3,GRCh37,cg01017147
812,2,223288637,+,SGPP2,GRCh37,cg11300809
812,1,111148915,-,KCNA2,GRCh37,cg22165175
812,7,158381220,+,PTPRN2;PTPRN2;PTPRN2,GRCh37,cg18601426
812,4,25865178,+,SEL1L3,GRCh37,cg10150813
812,1,207669308,-,CR1;CR1,GRCh37,cg14726637
813,8,40010443,-,C8orf4,GRCh37,cg17939444
814,8,26723365,+,ADRA1A;ADRA1A;ADRA1A;ADRA1A,GRCh37,cg22461835
815,3,121612956,+,SLC15A2;SLC15A2,GRCh37,cg10523671
816,6,30659643,+,NRM,GRCh37,cg16979445
817,13,32524761,+,EEF1DP3,GRCh37,cg00648883
818,2,29339076,+,CLIP4,GRCh37,cg21972382
819,20,25062254,-,VSX1;VSX1,GRCh37,cg06151165
820,1,201915873,+,LMOD1,GRCh37,cg09636671
821,4,20254736,-,SLIT2,GRCh37,cg18972811
822,2,43020169,-,HAAO,GRCh37,cg01561916
823,3,188889999,-,TPRG1,GRCh37,cg22875391
824,3,158390329,-,LXN;LXN;GFM1,GRCh37,cg07654934
825,15,25093366,-,SNRPN;SNRPN;SNRPN,GRCh37,cg02171545
826,4,88896942,+,SPP1;SPP1;SPP1;SPP1;SPP1;SPP1,GRCh37,cg20261167
827,8,87756528,+,CNGB3,GRCh37,cg06757810
828,5,169532752,-,FOXI1;FOXI1,GRCh37,cg19233472
829,1,228291705,+,C1orf35,GRCh37,cg14925024
830,2,200819113,+,C2orf60;C2orf60;C2orf47,GRCh37,cg13038560
831,5,179920582,+,CNOT6,GRCh37,cg15241708
832,10,94448702,-,HHEX,GRCh37,cg09721427
833,1,70669885,-,LRRC40;SFRS11,GRCh37,cg11201288
833,7,94293385,+,PEG10;PEG10,GRCh37,cg21405195
833,3,126236742,-,UROC1;UROC1,GRCh37,cg06765947
833,14,60711697,-,PPM1A,GRCh37,cg17884373
833,15,55881706,-,PYGO1,GRCh37,cg23412777
833,1,204166900,-,KISS1,GRCh37,cg17539235
833,20,57427237,+,GNAS;GNAS;GNAS;GNASAS,GRCh37,cg16833551
833,1,168698977,+,DPT,GRCh37,cg10835876
833,1,113263289,+,FAM19A3;FAM19A3,GRCh37,cg10834677
833,1,228003900,+,PRSS38,GRCh37,cg06312477
833,6,131277447,+,EPB41L2;EPB41L2;EPB41L2,GRCh37,cg25488021
833,15,41121320,-,PPP1R14D;PPP1R14D,GRCh37,cg23382741
833,10,75411571,-,SYNPO2L;SYNPO2L,GRCh37,cg07127957
833,7,117067919,-,ASZ1;ASZ1,GRCh37,cg09911342
833,15,62939540,+,TLN2,GRCh37,cg16571399
833,19,36203089,-,ZBTB32,GRCh37,cg12497692
833,14,67655758,-,FAM71D,GRCh37,cg18075299
833,16,11374723,+,PRM1,GRCh37,cg12268344
833,11,64703192,-,GPHA2,GRCh37,cg20585500
833,20,39929580,+,ZHX3,GRCh37,cg11668512
833,12,60082038,+,SLC16A7,GRCh37,cg11871280
833,9,27524436,-,MOBKL2B;IFNK,GRCh37,cg09179743
833,18,9885809,+,TXNDC2;TXNDC2;TXNDC2;TXNDC2;TXNDC2,GRCh37,cg05547500
833,12,57645108,+,STAC3,GRCh37,cg14747072
833,5,112770527,+,TSSK1B;MCC,GRCh37,cg23973000
833,17,40337534,+,HCRT,GRCh37,cg05159732
833,3,146213648,+,PLSCR2,GRCh37,cg03075662
833,2,45839653,+,SRBD1,GRCh37,cg02630207
833,2,111556607,-,ACOXL;ACOXL;ACOXL,GRCh37,cg17947599
833,2,102769711,+,IL1R1,GRCh37,cg26657648
833,12,9759653,+,KLRB1,GRCh37,cg13995453
833,10,116445398,-,ABLIM1;ABLIM1,GRCh37,cg05064181
833,14,94384611,+,C14orf86;FAM181A,GRCh37,cg00592315
833,7,117865112,+,ANKRD7,GRCh37,cg11075556
833,7,20685988,-,ABCB5;ABCB5;ABCB5;ABCB5,GRCh37,cg21643191
833,15,58723657,-,LIPC,GRCh37,cg16391792
833,21,37451849,-,,GRCh37,cg08632701
833,10,51549260,+,MSMB;MSMB,GRCh37,cg17030820
833,3,99833293,-,C3orf26;FILIP1L;FILIP1L;FILIP1L;C3orf26;FILIP1L,GRCh37,cg04739149
833,3,195938048,+,ZDHHC19,GRCh37,cg03327494
833,11,84634735,-,DLG2;DLG2,GRCh37,cg16986720
833,11,67373083,-,NDUFV1;NDUFV1,GRCh37,cg09701102
833,6,42884350,-,PTCRA,GRCh37,cg20790540
833,4,40337853,+,CHRNA9,GRCh37,cg23621817
833,2,207804081,+,CPO,GRCh37,cg03731898
833,9,90123546,+,DAPK1,GRCh37,cg17090012
833,3,111603394,-,PHLDB2;PHLDB2;PHLDB2;PHLDB2,GRCh37,cg16396948
833,11,125550744,+,ACRV1;ACRV1;ACRV1;ACRV1;ACRV1;ACRV1;ACRV1;ACRV1;ACRV1;ACRV1;ACRV1;ACRV1;ACRV1;ACRV1;ACRV1;ACRV1;ACRV1;ACRV1,GRCh37,cg00066153
833,4,37962205,+,TBC1D1;PTTG2,GRCh37,cg01043831
833,1,54199696,-,GLIS1;GLIS1,GRCh37,cg06941093
833,11,100863057,-,TMEM133,GRCh37,cg06378107
833,12,11082462,+,PRH2;PRH2;PRR4;PRH1,GRCh37,cg23527067
833,3,138478129,-,PIK3CB,GRCh37,cg16050349
833,2,208994373,+,CRYGC,GRCh37,cg23144899
833,5,149493814,-,CSF1R;PDGFRB,GRCh37,cg04569804
833,11,2445392,+,TRPM5,GRCh37,cg07882535
833,2,9564901,-,ITGB1BP1;ITGB1BP1;CPSF3,GRCh37,cg26306976
833,2,111556249,+,ACOXL;ACOXL;ACOXL,GRCh37,cg01494593
833,4,37584954,-,C4orf19;C4orf19,GRCh37,cg06500476
833,13,36788667,-,SOHLH2;SOHLH2,GRCh37,cg25829729
834,11,8615506,+,STK33,GRCh37,cg08788717
835,16,72096944,+,HPR,GRCh37,cg09584711
835,6,33771931,-,MLN;MLN,GRCh37,cg20226764
835,3,42919025,-,CYP8B1,GRCh37,cg14404298
835,1,168698349,-,DPT,GRCh37,cg26220985
835,4,88244142,+,HSD17B13;HSD17B13,GRCh37,cg08815403
835,11,46957758,+,C11orf49;C11orf49;C11orf49;C11orf49,GRCh37,cg26198807
835,18,67624846,+,CD226,GRCh37,cg20768743
835,6,41021161,+,APOBEC2,GRCh37,cg22375610
835,11,10590282,+,LYVE1;LYVE1,GRCh37,cg03908676
835,9,139693196,+,KIAA1984,GRCh37,cg19795898
835,2,46747379,+,ATP6V1E2,GRCh37,cg27485921
835,7,100238750,-,TFR2,GRCh37,cg12792367
835,6,31895598,+,C2;C2,GRCh37,cg04498679
835,20,3643863,-,GFRA4;GFRA4,GRCh37,cg02990033
836,2,185462397,-,ZNF804A,GRCh37,cg13121699
837,3,172858917,+,SPATA16;SPATA16,GRCh37,cg06577725
838,13,46275352,-,SPERT,GRCh37,cg16140179
839,11,12030643,+,DKK3;DKK3;DKK3,GRCh37,cg13216057
840,1,197238398,+,CRB1,GRCh37,cg00321478
841,3,38080790,+,DLEC1;DLEC1,GRCh37,cg00807586
842,5,95769008,+,PCSK1,GRCh37,cg23187653
843,1,54304852,-,TMEM48;TMEM48;TMEM48,GRCh37,cg23780947
844,8,67344936,-,ADHFE1,GRCh37,cg01988129
845,3,133465180,-,TF;TF,GRCh37,cg24879335
846,12,57944059,+,KIF5A,GRCh37,cg04270799
847,14,80677688,+,DIO2;DIO2;DIO2,GRCh37,cg00217795
848,7,915756,-,C7orf20,GRCh37,cg04220579
849,6,132722421,+,MOXD1,GRCh37,cg07570142
850,3,64211464,-,PRICKLE2,GRCh37,cg22083047
851,5,180326142,-,BTNL8;BTNL8;BTNL8;BTNL8;BTNL8;BTNL8;BTNL8;BTNL8;BTNL8;BTNL8,GRCh37,cg24024214
851,5,180467519,+,BTNL9,GRCh37,cg15516226
852,4,113970745,-,ANK2;ANK2;ANK2,GRCh37,cg03476195
853,5,151066683,-,SPARC,GRCh37,cg25913233
854,1,169396637,+,C1orf114;C1orf114,GRCh37,cg13958426
854,1,169396858,-,C1orf114,GRCh37,cg08047907
855,2,102803290,+,IL1RL2,GRCh37,cg15077070
856,11,63655903,-,MARK2;MARK2;MARK2;MARK2;MARK2,GRCh37,cg17998964
856,11,63656090,+,MARK2;MARK2;MARK2;MARK2;MARK2;MARK2,GRCh37,cg06204948
857,3,191179074,+,PYDC2,GRCh37,cg16739580
858,1,154843044,-,KCNN3,GRCh37,cg10946435
859,16,71559579,-,CHST4;CHST4,GRCh37,cg05535113
860,17,37308278,+,PLXDC1,GRCh37,cg14601284
861,5,154230308,+,C5orf4,GRCh37,cg10257049
862,20,61339871,+,NTSR1,GRCh37,cg03567830
863,17,40439492,+,STAT5A,GRCh37,cg03001305
864,5,134735544,-,H2AFY;H2AFY;H2AFY;H2AFY;H2AFY,GRCh37,cg01550148
864,5,134735654,+,H2AFY;H2AFY;H2AFY;H2AFY,GRCh37,cg24628744
865,11,75237739,-,GDPD5,GRCh37,cg16393207
865,1,209825856,+,LAMB3;LAMB3;LAMB3,GRCh37,cg01580568
865,22.0,42612642,-,TCF20;TCF20,GRCh37,cg14532519
865,9,133568226,-,EXOSC2,GRCh37,cg14552982
865,19,45174681,+,CEACAM19;CEACAM19,GRCh37,cg23147597
865,1,109264283,+,FNDC7,GRCh37,cg03301801
865,11,73661920,-,DNAJB13;DNAJB13,GRCh37,cg19692710
865,6,42789053,-,KIAA0240,GRCh37,cg15679095
865,1,205602864,+,ELK4;ELK4,GRCh37,cg26245202
865,2,28112170,-,BRE;BRE;BRE;BRE;RBKS;BRE,GRCh37,cg18712919
865,3,58563609,-,FAM107A;FAM107A,GRCh37,cg01446393
865,8,143823734,+,SLURP1,GRCh37,cg20862496
865,7,127227857,-,ARF5,GRCh37,cg12288726
865,18,43304452,-,SLC14A1;SLC14A1;SLC14A1,GRCh37,cg26803305
865,6,27116113,+,HIST1H2BK,GRCh37,cg02704907
865,15,50558051,+,HDC,GRCh37,cg16831889
865,14,70037728,-,C14orf162,GRCh37,cg18575221
865,19,39234666,+,CAPN12,GRCh37,cg24712395
865,15,43558855,-,TGM5;TGM5,GRCh37,cg12308275
865,1,225617030,-,LBR;LBR,GRCh37,cg14607642
865,8,67039041,-,TRIM55;TRIM55;TRIM55;TRIM55,GRCh37,cg23322523
865,14,64319089,-,SYNE2;SYNE2,GRCh37,cg20648149
865,15,89764836,-,RLBP1;RLBP1,GRCh37,cg10173075
865,10,90712478,+,ACTA2;ACTA2,GRCh37,cg10894512
865,10,32346148,+,KIF5B,GRCh37,cg18292711
865,6,71377064,-,SMAP1;SMAP1,GRCh37,cg04086834
865,2,11673928,-,GREB1,GRCh37,cg10612997
866,1,234040833,-,SLC35F3,GRCh37,cg25437385
867,8,143781644,-,LY6K;LY6K;LY6K;LY6K;LY6K;LY6K,GRCh37,cg26976437
868,1,68515977,-,DIRAS3,GRCh37,cg19114595
868,1,68516453,-,DIRAS3;DIRAS3,GRCh37,cg05392265
868,1,68516463,-,DIRAS3,GRCh37,cg06191076
869,7,96651281,+,DLX5,GRCh37,cg13462129
869,7,96651111,+,DLX5,GRCh37,cg20080624
869,7,96651586,+,DLX5,GRCh37,cg27016494
870,17,43298592,-,FMNL1,GRCh37,cg00853068
871,18,5543801,+,EPB41L3,GRCh37,cg00027083
872,15,34395546,+,PGBD4;C15orf24,GRCh37,cg21484964
872,9,114413582,+,DNAJC25;DNAJC25-GNG10,GRCh37,cg22174355
872,8,140943869,+,TRAPPC9;TRAPPC9,GRCh37,cg23430634
872,5,68461940,+,CCNB1,GRCh37,cg13849825
872,1,151148266,+,TMOD4,GRCh37,cg03718677
872,16,66600394,+,CMTM1;CMTM1;CMTM1;CMTM1;CMTM1;CMTM1;CMTM1;CMTM1;CMTM1;CMTM1;CMTM1;CMTM1;CMTM1;CMTM1;CMTM1;CMTM1,GRCh37,cg10221501
872,15,57668039,-,CGNL1,GRCh37,cg05750321
872,10,131412643,-,MGMT,GRCh37,cg03271907
872,1,204459638,+,PIK3C2B,GRCh37,cg10507231
872,12,133435770,+,CHFR;CHFR;CHFR;CHFR;CHFR,GRCh37,cg21432513
872,3,148805294,+,HLTF;HLTF,GRCh37,cg02059813
872,10,131355112,-,MGMT,GRCh37,cg02381948
872,12,91348999,-,C12orf12,GRCh37,cg10967280
872,19,4818615,+,TICAM1,GRCh37,cg26372557
872,16,66835320,+,CCDC79,GRCh37,cg09222791
872,2,101675766,+,TBC1D8,GRCh37,cg25887739
872,10,131348484,-,MGMT,GRCh37,cg27056559
872,18,55301903,+,,GRCh37,cg25314216
872,16,3351073,+,TIGD7;TIGD7,GRCh37,cg11720778
872,13,98829482,-,FARP1;FARP1;RNF113B,GRCh37,cg11675413
872,19,47421960,+,GRLF1,GRCh37,cg16788436
872,9,131708618,-,NUP188;DOLK,GRCh37,cg27514224
872,21,43620345,-,ABCG1;ABCG1,GRCh37,cg08663969
872,19,5784809,-,PRR22;PRR22,GRCh37,cg13847113
872,12,6419148,+,PLEKHG6;PLEKHG6,GRCh37,cg12371177
872,12,56728980,-,PAN2;PAN2;PAN2,GRCh37,cg26265187
872,11,3121024,-,OSBPL5;OSBPL5;OSBPL5,GRCh37,cg25852715
872,19,8934543,+,ZNF558,GRCh37,cg15751406
872,11,63871570,-,FLRT1;MACROD1;FLRT1,GRCh37,cg05016508
872,3,171830293,+,FNDC3B;FNDC3B,GRCh37,cg02976574
872,11,36294323,-,COMMD9;COMMD9,GRCh37,cg00795268
872,17,41157777,+,IFI35,GRCh37,cg12661964
872,3,9790443,-,OGG1;OGG1;OGG1;OGG1;OGG1;OGG1;OGG1;OGG1,GRCh37,cg15357639
872,14,23789003,+,PABPN1,GRCh37,cg11095315
872,10,131354940,+,MGMT,GRCh37,cg10333959
872,10,736974,+,DIP2C,GRCh37,cg04586563
872,19,1205012,+,STK11,GRCh37,cg14009312
872,6,38690854,-,DNAH8;DNAH8,GRCh37,cg15933546
872,19,51607839,-,CTU1,GRCh37,cg10681137
872,6,159278105,-,OSTCL,GRCh37,cg01313949
872,1,31196733,+,MATN1,GRCh37,cg14183455
872,11,102595300,-,MMP8,GRCh37,cg01092036
872,17,72278023,-,DNAI2,GRCh37,cg24274272
872,12,133420801,+,CHFR;CHFR;CHFR;CHFR;CHFR,GRCh37,cg17904068
872,11,46740481,+,F2,GRCh37,cg00371195
872,17,7832479,+,KCNAB3,GRCh37,cg03386903
872,1,11107048,-,MASP2;MASP2,GRCh37,cg12888113
872,2,74608183,-,DCTN1;DCTN1,GRCh37,cg06391660
872,2,169887275,+,ABCB11,GRCh37,cg20118424
872,14,24674887,+,TSSK4,GRCh37,cg11304524
872,10,133747940,-,PPP2R2D;PPP2R2D;PPP2R2D,GRCh37,cg26381263
872,13,114009512,+,GRTP1,GRCh37,cg15693736
872,16,67979063,+,SLC12A4;SLC12A4;SLC12A4;SLC12A4;SLC12A4;LCAT,GRCh37,cg01489608
872,1,155005184,-,DCST1;DCST1;DCST2,GRCh37,cg19216044
872,5,140684150,-,SLC25A2,GRCh37,cg19215261
872,9,95245965,-,CENPP;ASPN,GRCh37,cg26478992
872,12,102133347,-,SYCP3,GRCh37,cg10935064
872,22.0,41257839,-,XPNPEP3;DNAJB7,GRCh37,cg20655558
872,6,4078959,-,C6orf146;C6orf201,GRCh37,cg15637528
872,1,151149370,-,VPS72;TMOD4,GRCh37,cg02301754
872,3,10149466,-,C3orf24;C3orf24,GRCh37,cg05291178
872,4,185571958,-,CASP3;CCDC111;CASP3,GRCh37,cg15171237
872,10,104211749,-,C10orf95,GRCh37,cg01275830
872,8,140943103,+,TRAPPC9;TRAPPC9,GRCh37,cg17500329
872,2,135008923,-,,GRCh37,cg08251036
872,17,4643928,-,ZMYND15;CXCL16;ZMYND15;CXCL16,GRCh37,cg18777448
872,19,647289,-,,GRCh37,cg10107671
872,7,139317303,-,HIPK2;HIPK2,GRCh37,cg24890286
872,4,141177084,-,SCOC,GRCh37,cg03963654
872,5,140053068,+,DND1,GRCh37,cg03136712
872,12,14996272,-,ART4;ART4,GRCh37,cg20967028
872,20,62492694,+,C20orf135;C20orf135,GRCh37,cg27272402
872,11,6518287,+,DNHD1;DNHD1,GRCh37,cg25368651
872,3,38387299,+,XYLB,GRCh37,cg20956314
872,8,128805589,-,PVT1,GRCh37,cg13052755
872,4,146095813,-,OTUD4;OTUD4;OTUD4,GRCh37,cg05546383
872,10,131354873,+,MGMT,GRCh37,cg00904483
872,12,133430226,+,CHFR;CHFR;CHFR;CHFR;CHFR,GRCh37,cg26609691
872,12,91348697,+,C12orf12;C12orf12,GRCh37,cg11768416
872,11,67223174,+,CABP4,GRCh37,cg20483763
872,12,15125509,-,PDE6H,GRCh37,cg12572827
872,12,57828847,+,INHBC,GRCh37,cg03399971
872,4,2231660,-,HAUS3;POLN,GRCh37,cg13450057
872,12,133430387,+,CHFR;CHFR;CHFR;CHFR;CHFR,GRCh37,cg17522601
872,16,57475935,-,CIAPIN1,GRCh37,cg27589921
872,2,74754237,+,AUP1;DQX1,GRCh37,cg01347719
872,6,26108404,-,HIST1H1T,GRCh37,cg10704923
872,7,94294278,-,PEG10;PEG10,GRCh37,cg19781251
872,14,93813777,-,COX8C;KIAA1409,GRCh37,cg00008493
872,1,11249539,+,ANGPTL7;ANGPTL7;MTOR,GRCh37,cg21223353
872,10,131348421,+,MGMT,GRCh37,cg20537325
872,7,94293250,-,PEG10;PEG10,GRCh37,cg21270593
872,9,97203278,+,HIATL1,GRCh37,cg22232859
872,11,6518907,-,DNHD1;DNHD1,GRCh37,cg18103150
872,1,145523592,-,ITGA10;PEX11B,GRCh37,cg17938146
872,18,43497533,-,KIAA1632,GRCh37,cg01106788
872,11,77734744,-,KCTD14,GRCh37,cg17260124
872,1,24728127,+,C1orf201,GRCh37,cg03140978
872,19,48181752,-,GLTSCR1,GRCh37,cg10906135
872,7,99757654,-,GAL3ST4;C7orf43,GRCh37,cg00702729
872,11,107326471,-,CWF19L2,GRCh37,cg09918512
872,4,146096074,-,OTUD4;OTUD4;OTUD4,GRCh37,cg09088577
872,9,2717325,-,KCNV2,GRCh37,cg21331335
873,20,25039314,-,ACSS1;ACSS1,GRCh37,cg15988792
874,5,156695551,+,CYFIP2;CYFIP2;CYFIP2,GRCh37,cg00986320
875,17,63053929,-,GNA13,GRCh37,cg24747122
876,11,2921176,+,SLC22A18AS;SLC22A18,GRCh37,cg16873863
877,3,62860802,-,CADPS;CADPS;CADPS;CADPS;CADPS;CADPS,GRCh37,cg21458907
878,8,49647717,-,EFCAB1;EFCAB1;EFCAB1;EFCAB1;EFCAB1,GRCh37,cg22836229
879,4,69216077,-,YTHDC1;YTHDC1,GRCh37,cg01804429
880,20,61001775,-,C20orf151,GRCh37,cg11154879
881,15,33009498,-,GREM1,GRCh37,cg18145505
882,8,65711916,+,CYP7B1,GRCh37,cg17347634
883,14,105768109,+,BRF1,GRCh37,cg16313343
884,13,46756209,-,LCP1,GRCh37,cg17771150
885,1,119911480,-,HAO2;HAO2;HAO2;HAO2,GRCh37,cg03762535
886,5,82767908,+,VCAN;VCAN;VCAN;VCAN,GRCh37,cg00567749
887,17,25798973,-,KSR1,GRCh37,cg05246522
888,9,35080812,-,FANCG,GRCh37,cg05293216
889,3,168864048,+,MECOM;MECOM;MECOM;MECOM;MECOM;MECOM;MECOM;MECOM;MECOM,GRCh37,cg19848683
889,3,168864123,-,MECOM;MECOM;MECOM;MECOM;MECOM;MECOM,GRCh37,cg14228238
890,19,15084823,-,SLC1A6,GRCh37,cg16377872
891,11,134281391,+,B3GAT1;B3GAT1,GRCh37,cg11038843
892,16,30621667,-,ZNF689;ZNF689,GRCh37,cg07125009
892,16,30621996,+,ZNF689,GRCh37,cg05467106
893,9,117905075,+,DEC1,GRCh37,cg04761824
894,11,122709551,+,CRTAM,GRCh37,cg22512531
895,12,56109593,+,BLOC1S1,GRCh37,cg12683929
896,21,46845775,-,NCRNA00175;NCRNA00175;COL18A1,GRCh37,cg02706881
896,21,46844883,-,NCRNA00175;COL18A1;NCRNA00175,GRCh37,cg05275605
897,3,139653328,-,CLSTN2,GRCh37,cg14498423
898,19,14016717,+,C19orf57;CC2D1A,GRCh37,cg21517055
899,1,201391061,+,TNNI1,GRCh37,cg11688469
899,6,31688702,+,LY6G6C,GRCh37,cg27557796
899,14,105391635,-,PLD4,GRCh37,cg27394566
899,12,6949260,-,GNB3,GRCh37,cg05484458
899,20,62200199,-,PRIC285;PRIC285,GRCh37,cg04300115
899,12,49998963,+,FAM186B;FAM186B,GRCh37,cg02564061
899,16,57392764,-,CCL22,GRCh37,cg05700681
899,11,64057807,+,KCNK4,GRCh37,cg13412615
899,1,153513810,+,S100A5,GRCh37,cg17250929
899,3,48959341,+,ARIH2,GRCh37,cg06641503
899,12,15090958,-,ERP27,GRCh37,cg14738823
899,12,52685334,-,KRT81,GRCh37,cg15701111
899,17,26941253,-,FLJ25006,GRCh37,cg09076584
899,11,73719872,+,UCP3;UCP3,GRCh37,cg19700658
899,12,54690818,-,NFE2;NFE2,GRCh37,cg09303642
899,11,116662800,+,APOA5;APOA5,GRCh37,cg02157083
899,12,54689278,-,NFE2;NFE2,GRCh37,cg23140706
899,15,72102874,+,NR2E3;NR2E3,GRCh37,cg07890954
899,2,241079766,+,OTOS,GRCh37,cg09222115
899,11,63973006,+,FERMT3;FERMT3,GRCh37,cg14654385
899,5,83017184,-,HAPLN1,GRCh37,cg09893305
899,10,102279791,+,SEC31B,GRCh37,cg26705561
899,10,131412968,+,MGMT,GRCh37,cg16698623
899,19,1650224,-,TCF3;TCF3,GRCh37,cg11170796
899,3,48959375,+,ARIH2,GRCh37,cg13585240
899,10,44063899,-,ZNF239;ZNF239;ZNF239;ZNF239;ZNF239,GRCh37,cg04825431
899,6,31513680,-,ATP6V1G2;NFKBIL1;NFKBIL1;ATP6V1G2,GRCh37,cg16268563
899,11,35547903,-,PAMR1;PAMR1,GRCh37,cg14642338
899,1,155006219,-,DCST1;DCST2;DCST2;DCST1,GRCh37,cg25412453
899,15,40601467,+,PLCB2,GRCh37,cg02240622
899,1,31231363,+,LAPTM5,GRCh37,cg10001720
899,16,56685637,+,MT1B,GRCh37,cg06094150
899,19,58486600,+,C19orf18,GRCh37,cg02449608
899,1,110306591,-,EPS8L3;EPS8L3;EPS8L3,GRCh37,cg00491404
899,20,55904875,+,SPO11;SPO11;SPO11;SPO11,GRCh37,cg26645834
899,5,112770721,-,TSSK1B;TSSK1B;MCC,GRCh37,cg16581199
899,22.0,22380100,+,,GRCh37,cg15121304
899,9,125796809,+,GPR21;RABGAP1,GRCh37,cg04655481
899,1,20397074,+,PLA2G5,GRCh37,cg24335149
899,5,1295969,+,TERT;TERT,GRCh37,cg17166338
899,7,47580247,+,TNS3,GRCh37,cg24499411
899,16,57392198,+,CCL22,GRCh37,cg23471482
899,17,39623313,-,KRT32,GRCh37,cg23674788
899,14,103388656,+,AMN,GRCh37,cg09616556
899,6,138539706,+,KIAA1244;PBOV1,GRCh37,cg19823847
899,7,80230062,+,CD36,GRCh37,cg18508525
899,19,51587102,+,KLK14,GRCh37,cg12683641
899,7,44581831,-,NPC1L1;NPC1L1,GRCh37,cg17754680
899,3,58652897,+,FAM3D,GRCh37,cg21770617
899,6,31582837,+,AIF1;AIF1;AIF1,GRCh37,cg24211388
899,10,5565829,-,CALML3,GRCh37,cg18705776
899,12,12938082,-,APOLD1;APOLD1,GRCh37,cg26244225
899,11,18477680,-,LDHAL6A;LDHAL6A;LDHAL6A,GRCh37,cg07915343
899,5,126367370,+,MARCH3,GRCh37,cg25842356
899,6,31689459,+,LY6G6C;LY6G6C,GRCh37,cg11328149
899,14,105391018,-,PLD4,GRCh37,cg15352829
899,3,128294647,-,C3orf27,GRCh37,cg07084746
899,19,2255848,+,JSRP1,GRCh37,cg16098170
899,18,60904328,-,BCL2,GRCh37,cg25059899
899,8,124788969,+,FAM91A1,GRCh37,cg20283107
900,17,38911538,+,KRT25;KRT25,GRCh37,cg22983092
900,20,207338,-,DEFB129,GRCh37,cg00769470
900,17,38911540,+,KRT25;KRT25,GRCh37,cg18901980
901,6,151560886,+,AKAP12,GRCh37,cg12061236
901,6,32191840,+,NOTCH4;NOTCH4,GRCh37,cg14700707
901,11,68780136,-,MRGPRF;MRGPRF,GRCh37,cg22933847
901,20,30433673,+,FOXS1,GRCh37,cg19145398
902,7,96650171,-,DLX5,GRCh37,cg12041387
903,19,58125953,-,ZNF134,GRCh37,cg08849574
904,13,26043066,+,ATP8A2,GRCh37,cg18236477
905,11,26594620,+,MUC15;MUC15;ANO3;MUC15,GRCh37,cg16215361
906,16,57771195,-,KATNB1,GRCh37,cg01656750
906,6,43022209,-,CUL7;CUL7;MRPL2,GRCh37,cg27504991
906,4,41361919,-,LIMCH1;LIMCH1;LIMCH1,GRCh37,cg09018824
906,14,95875792,-,C14orf139,GRCh37,cg10145926
906,11,118475984,-,PHLDB1,GRCh37,cg06290096
906,5,175843923,-,CLTB;CLTB,GRCh37,cg24735937
906,17,8198092,-,SLC25A35,GRCh37,cg07911673
906,3,187896605,+,LPP;FLJ42393,GRCh37,cg05044994
906,6,43398446,-,ABCC10,GRCh37,cg25545088
906,15,43476923,+,TMEM62;CCNDBP1;CCNDBP1;CCNDBP1;CCNDBP1,GRCh37,cg12113132
906,17,78195515,-,SLC26A11;SLC26A11;SLC26A11;SLC26A11;SGSH,GRCh37,cg07675682
906,6,42788563,-,KIAA0240,GRCh37,cg14378057
906,16,1400772,-,C16orf42;GNPTG,GRCh37,cg18146152
906,9,125028279,-,RBM18;RBM18;MRRF;RBM18;MRRF,GRCh37,cg05102817
906,1,32084329,-,HCRTR1,GRCh37,cg02309594
906,3,39195904,+,CSRNP1,GRCh37,cg02254461
906,10,82297397,+,SH2D4B,GRCh37,cg26391080
907,4,15341641,-,C1QTNF7;C1QTNF7,GRCh37,cg24829483
908,1,248099880,+,OR2L13,GRCh37,cg27341860
909,1,6268790,-,RNF207,GRCh37,cg00030047
910,18,28622593,-,DSC3;DSC3,GRCh37,cg15439862
911,5,174870968,-,DRD1;DRD1,GRCh37,cg16112129
912,2,192711926,-,SDPR;SDPR,GRCh37,cg06352750
913,1,150479487,+,ECM1;TARS2;ECM1,GRCh37,cg11512771
914,21.0,33244752,+,HUNK,GRCh37,cg25048564
914,6,53410182,+,GCLC,GRCh37,cg12013321
914,1,40782785,+,COL9A2,GRCh37,cg24686358
914,11,2164976,-,IGF2AS;INS-IGF2;IGF2;IGF2AS,GRCh37,cg10501065
914,7,22766992,+,IL6,GRCh37,cg15703690
914,1,207627372,+,CR2;CR2,GRCh37,cg05508558
914,6,134497379,-,SGK1;SGK1;SGK1;SGK1,GRCh37,cg03944089
914,13,100633446,+,ZIC2,GRCh37,cg16584172
914,17,62341028,+,TEX2,GRCh37,cg18312782
914,15,99644973,-,SYNM;SYNM,GRCh37,cg05881135
914,1,120254330,+,PHGDH,GRCh37,cg07090813
914,9,115652824,-,SLC46A2,GRCh37,cg07758904
914,5,56204925,-,C5orf35,GRCh37,cg20203395
915,1,54360115,-,DIO1;DIO1;DIO1;DIO1,GRCh37,cg19526600
916,5,54281336,-,ESM1;ESM1,GRCh37,cg20451680
916,1,183155644,-,LAMC2;LAMC2,GRCh37,cg23696949
916,15,63570580,-,APH1B;APH1B,GRCh37,cg17207590
916,19,5568163,+,PLAC2,GRCh37,cg04993257
916,15,52121542,-,TMOD3,GRCh37,cg19686152
916,1,6580167,-,PLEKHG5,GRCh37,cg04818845
916,2,103236861,+,SLC9A2,GRCh37,cg20050113
916,19,15391124,+,BRD4;BRD4;BRD4;BRD4,GRCh37,cg02533173
916,19,6463949,+,CRB3;CRB3,GRCh37,cg03258472
916,11,118781813,+,BCL9L,GRCh37,cg20029201
916,11,111789693,-,C11orf52;C11orf52,GRCh37,cg05697249
916,6,170864351,-,TBP,GRCh37,cg24710073
916,19,52228038,-,HAS1,GRCh37,cg13300756
916,6,32078411,-,TNXB,GRCh37,cg13823701
916,3,42201898,+,TRAK1;TRAK1,GRCh37,cg24877842
916,11,67777952,+,ALDH3B1;ALDH3B1;ALDH3B1,GRCh37,cg07730301
916,20,44463228,+,SNX21;SNX21;SNX21;SNX21,GRCh37,cg06425868
916,15,74218780,+,LOXL1,GRCh37,cg14435807
916,8,42397764,-,C8orf40;C8orf40;C8orf40;C8orf40;SLC20A2,GRCh37,cg02641676
916,16,30996630,-,HSD3B7;HSD3B7;HSD3B7,GRCh37,cg10917602
916,7,28338757,+,CREB5,GRCh37,cg10822172
916,19,1242323,+,ATP5D;ATP5D,GRCh37,cg07294734
916,15,100882647,-,ADAMTS17,GRCh37,cg10135717
916,16,71392095,+,CALB2;CALB2;CALB2,GRCh37,cg16893574
916,16,10675030,-,EMP2,GRCh37,cg00451635
916,16,89752879,-,CDK10;CDK10;CDK10;CDK10;CDK10;CDK10,GRCh37,cg12119029
916,19,56159199,-,CCDC106;CCDC106,GRCh37,cg12582959
916,13,49975418,-,CAB39L;CAB39L;CAB39L,GRCh37,cg17777592
916,19,43969650,+,LYPD3,GRCh37,cg25340403
916,22.0,39548131,+,CBX7,GRCh37,cg23124451
916,3,138327370,-,FAIM;FAIM;FAIM;FAIM,GRCh37,cg02712878
916,1,201618209,-,NAV1,GRCh37,cg14920846
916,9,132514582,+,PTGES,GRCh37,cg26672426
916,1,24469564,-,IL22RA1,GRCh37,cg09152089
916,9,130700866,-,DPM2,GRCh37,cg23006204
916,19,4558119,-,SEMA6B,GRCh37,cg10052840
916,3,121613703,+,SLC15A2;SLC15A2,GRCh37,cg18636558
917,19,15343174,+,EPHX3;EPHX3;EPHX3,GRCh37,cg05488632
917,22.0,38478787,+,SLC16A8,GRCh37,cg20439022
917,6,36806882,-,CPNE5,GRCh37,cg21716693
917,20,44747006,+,CD40;CD40,GRCh37,cg21601405
917,4,5710767,+,EVC2;EVC2;EVC2,GRCh37,cg03278643
917,6,39895360,+,MOCS1;MOCS1;MOCS1;MOCS1;MOCS1;MOCS1;MOCS1;MOCS1,GRCh37,cg25366404
917,20,57416506,+,GNASAS;GNAS,GRCh37,cg18619398
917,3,52529085,+,STAB1,GRCh37,cg10061138
917,8,93107394,-,RUNX1T1;RUNX1T1,GRCh37,cg19007731
917,17,3820518,-,P2RX1,GRCh37,cg26697117
917,11,118024339,-,SCN4B;SCN4B,GRCh37,cg27560864
917,7,20827117,+,SP8;SP8,GRCh37,cg05836145
917,3,48601585,-,UCN2;COL7A1,GRCh37,cg05125838
918,19,58951672,+,ZNF132,GRCh37,cg13877915
919,6,44310640,-,SPATS1,GRCh37,cg05010967
920,11,125364744,+,FEZ1;FEZ1,GRCh37,cg10261191
921,19,54926277,-,TTYH1;TTYH1,GRCh37,cg10187559
922,1,68915898,+,RPE65,GRCh37,cg11724759
923,4,74920559,-,PPBPL2,GRCh37,cg26866325
924,6,3158512,-,TUBB2A,GRCh37,cg00231644
925,2,201450690,-,AOX1,GRCh37,cg02144933
925,2,201450731,-,AOX1;AOX1,GRCh37,cg12627583
926,2,177015044,+,HOXD4;MIR10B,GRCh37,cg01152019
927,2,161056639,-,ITGB6,GRCh37,cg18437633
927,2,161056520,-,ITGB6,GRCh37,cg21105318
928,20,54579355,+,CBLN4;CBLN4,GRCh37,cg02501779
929,20,1539641,+,SIRPD,GRCh37,cg17423978
930,7,14028690,-,ETV1;ETV1;ETV1;ETV1,GRCh37,cg11279021
931,11,69461451,-,CCND1,GRCh37,cg19047670
931,11,69460951,+,CCND1,GRCh37,cg16794682
931,11,69461236,-,CCND1,GRCh37,cg13608094
932,20,57875346,-,EDN3;EDN3;EDN3;EDN3,GRCh37,cg04048259
933,15,83952808,+,BNC1,GRCh37,cg19988449
934,15,92936306,-,ST8SIA2,GRCh37,cg05501584
935,6,26044405,-,HIST1H2BB;HIST1H3C,GRCh37,cg21250296
936,8,82396644,+,FABP4,GRCh37,cg10062803
936,8,82359799,-,PMP2,GRCh37,cg21649520
937,6,165722858,+,C6orf118,GRCh37,cg02064106
938,5,33936597,-,RXFP3;RXFP3,GRCh37,cg03909500
938,5,33936402,+,RXFP3,GRCh37,cg12238343
939,12,8088818,-,SLC2A3;SLC2A3,GRCh37,cg20972214
939,9,132598886,-,C9orf78;USP20;USP20;USP20,GRCh37,cg24475171
939,10,120355139,+,PRLHR;PRLHR,GRCh37,cg16196812
939,19,46318748,-,RSPH6A;SYMPK,GRCh37,cg27118825
939,22.0,51017067,-,CPT1B;CPT1B;CPT1B;CPT1B;CHKB-CPT1B;CPT1B;CPT1B;CPT1B;CPT1B;CPT1B;CPT1B;CPT1B,GRCh37,cg00983520
939,2,96781891,-,ADRA2B,GRCh37,cg21542793
939,3,50312913,-,SEMA3B;SEMA3B,GRCh37,cg12069309
939,13,33591130,+,KL,GRCh37,cg23282559
940,17,60885519,-,MARCH10;MARCH10,GRCh37,cg09644722
941,12,102874286,+,IGF1;IGF1;IGF1;IGF1;IGF1;IGF1,GRCh37,cg01305421
942,13,28366814,-,GSX1;GSX1,GRCh37,cg26609631
943,8,30890108,-,PURG;WRN;PURG,GRCh37,cg10709021
944,19,42637630,+,POU2F2,GRCh37,cg22054191
945,2,163100125,-,FAP,GRCh37,cg08826839
946,8,11141365,+,MTMR9,GRCh37,cg24378421
947,10,97515222,+,ENTPD1;ENTPD1;ENTPD1;ENTPD1;ENTPD1;ENTPD1;ENTPD1,GRCh37,cg13471990
948,3,157823814,-,SHOX2;SHOX2;SHOX2;SHOX2;SHOX2;SHOX2,GRCh37,cg06156376
949,9,72658747,-,MAMDC2;MAMDC2,GRCh37,cg11656547
950,12,67072769,-,GRIP1;GRIP1,GRCh37,cg24694549
951,22.0,42896688,+,SERHL,GRCh37,cg12078929
952,11,9112471,-,SCUBE2;SCUBE2,GRCh37,cg01081263
953,11,89224288,+,NOX4;NOX4;NOX4;NOX4,GRCh37,cg11670211
954,11,44327267,-,ALX4,GRCh37,cg08993172
955,9,91793648,+,SHC3;SHC3,GRCh37,cg13351583
956,13,84456127,-,SLITRK1;SLITRK1,GRCh37,cg07104706
957,6,27101941,+,HIST1H2BJ,GRCh37,cg04424621
958,5,147691898,-,SPINK7,GRCh37,cg27488807
959,11,7695433,+,CYB5R2,GRCh37,cg03826976
960,12,48118973,+,P11,GRCh37,cg15727320
960,11,63330544,+,HRASLS2,GRCh37,cg00763889
960,11,17191235,-,PIK3C2A,GRCh37,cg11201229
960,10,101731833,+,DNMBP,GRCh37,cg05863612
960,10,112724714,-,SHOC2,GRCh37,cg09830278
960,6,155585396,+,CLDN20;TFB1M;CLDN20,GRCh37,cg25106358
960,2,11271359,+,,GRCh37,cg18854045
960,19,42840403,+,MEGF8,GRCh37,cg15862544
960,16,1657372,+,IFT140,GRCh37,cg06730286
960,1,14032204,-,PRDM2;PRDM2;PRDM2,GRCh37,cg19324313
960,2,103379054,+,TMEM182,GRCh37,cg01243790
960,2,220084611,+,ATG9A;ATG9A;ABCB6,GRCh37,cg00537910
960,3,138479285,-,PIK3CB,GRCh37,cg00037940
960,1,44584350,-,KLF17,GRCh37,cg08679985
960,5,65016588,-,SGTB;NLN,GRCh37,cg09873510
960,11,102826090,-,MMP13,GRCh37,cg13041032
960,22.0,21192955,-,PI4KA,GRCh37,cg21244955
960,11,64888605,+,FAU;MRPL49,GRCh37,cg26594445
960,12,10753472,+,KLRA1,GRCh37,cg10145725
960,12,58167550,+,FAM119B;FAM119B,GRCh37,cg04819539
960,5,179707665,+,MAPK9;MAPK9;MAPK9;MAPK9;MAPK9,GRCh37,cg21169285
960,7,150745709,+,ACCN3;ACCN3;ACCN3;ACCN3;ACCN3;ACCN3,GRCh37,cg03734783
960,1,229439834,+,RAB4A;SPHAR,GRCh37,cg17653969
960,2,103378506,+,TMEM182;TMEM182,GRCh37,cg26514942
960,1,27950589,+,FGR;FGR;FGR,GRCh37,cg06827976
960,1,24727850,-,C1orf201,GRCh37,cg13980834
960,1,15783190,-,CELA2A,GRCh37,cg15952725
960,3,15641908,-,BTD;HACL1,GRCh37,cg24239808
960,11,62036934,-,SCGB2A2,GRCh37,cg14741922
960,3,57312921,-,ASB14;ASB14,GRCh37,cg24217726
960,16,4381661,-,GLIS2,GRCh37,cg01934797
960,14,53163204,-,ERO1L,GRCh37,cg08554114
960,12,53818182,-,AMHR2;AMHR2;AMHR2,GRCh37,cg17088290
960,15,43940867,+,CATSPER2;CATSPER2;CATSPER2;CATSPER2;CATSPER2;CATSPER2,GRCh37,cg23685580
960,7,139316606,-,HIPK2;HIPK2,GRCh37,cg25274750
960,14,78225551,+,SNW1;C14orf178,GRCh37,cg21787280
960,3,47164921,-,SETD2,GRCh37,cg24776019
960,6,88300917,+,RARS2;ORC3L;ORC3L,GRCh37,cg08836024
960,11,30601783,+,MPPED2;MPPED2,GRCh37,cg06790862
960,15,45545111,-,SLC28A2,GRCh37,cg01789267
960,11,47624801,+,,GRCh37,cg05585544
960,17,4836171,+,GP1BA,GRCh37,cg25526759
960,3,57314448,+,ASB14;ASB14,GRCh37,cg07496902
960,3,46284262,-,CCR3;CCR3;CCR3;CCR3,GRCh37,cg11126313
960,3,10189941,+,VHL;VHL,GRCh37,cg25539131
960,8,37619350,-,PROSC,GRCh37,cg19149125
960,1,21437982,-,EIF4G3,GRCh37,cg13149996
960,19,47421913,-,GRLF1,GRCh37,cg23328124
960,16,4902898,-,UBN1;UBN1;UBN1,GRCh37,cg23460697
960,3,50304049,+,SEMA3B;SEMA3B,GRCh37,cg07580475
960,3,129599347,-,TMCC1;TMCC1,GRCh37,cg15489422
960,20,5106245,+,CDS2;PCNA,GRCh37,cg25984124
960,18,55399003,-,ATP8B1,GRCh37,cg25979644
960,17,48844124,+,C17orf73,GRCh37,cg03016571
960,2,113875723,-,IL1RN;IL1RN;IL1RN,GRCh37,cg10938446
960,10,931643,+,LARP4B,GRCh37,cg10789261
960,5,66493908,+,CD180,GRCh37,cg17751569
960,3,23846692,-,UBE2E1;UBE2E1,GRCh37,cg06282059
960,9,112225819,-,PTPN3;PTPN3,GRCh37,cg17824393
960,15,74901076,-,CLK3,GRCh37,cg19510604
960,19,53233245,-,ZNF611;ZNF611;ZNF611;ZNF611,GRCh37,cg03382346
960,10,131348664,+,MGMT,GRCh37,cg10036895
960,12,57644658,+,STAC3,GRCh37,cg25189085
960,7,141464291,-,TAS2R3,GRCh37,cg01182873
960,5,132207512,-,,GRCh37,cg12576844
960,17,56293543,+,MKS1;MKS1,GRCh37,cg09572685
960,19,11037971,+,YIPF2;C19orf52,GRCh37,cg18570262
960,1,109401072,+,AKNAD1,GRCh37,cg08253405
960,12,97885729,-,RMST;MIR1251,GRCh37,cg03415518
960,6,41020450,-,APOBEC2,GRCh37,cg08709276
960,18,72996319,-,TSHZ1,GRCh37,cg01804844
960,11,126098838,+,FAM118B,GRCh37,cg25857886
960,6,142467043,+,VTA1,GRCh37,cg10035272
960,20,36149121,+,BLCAP;BLCAP;BLCAP;BLCAP;NNAT;NNAT;BLCAP,GRCh37,cg22510412
960,9,125797284,-,GPR21;RABGAP1,GRCh37,cg04784315
960,14,24781881,-,LTB4R;LTB4R;CIDEB,GRCh37,cg25775449
960,12,102511411,-,NUP37,GRCh37,cg08085165
960,1,229440351,-,SPHAR;RAB4A;SPHAR,GRCh37,cg01320507
960,7,30185315,+,C7orf41,GRCh37,cg01541443
960,5,132200008,-,GDF9,GRCh37,cg22311533
960,9,130025713,-,GARNL3,GRCh37,cg20864636
960,15,67538446,-,AAGAB,GRCh37,cg22940988
960,12,133424566,+,CHFR;CHFR;CHFR;CHFR;CHFR,GRCh37,cg24532476
960,12,514252,-,CCDC77;CCDC77;CCDC77;CCDC77,GRCh37,cg19471399
960,6,90024543,-,GABRR2,GRCh37,cg13903548
960,17,26940926,+,FLJ25006,GRCh37,cg22686523
960,4,156825203,+,TDO2,GRCh37,cg08121954
960,13,50588057,+,TRIM13;KCNRG;TRIM13;TRIM13;TRIM13;KCNRG;DLEU2,GRCh37,cg27533013
960,13,50202013,+,ARL11,GRCh37,cg09599653
960,16,56782283,-,NUP93,GRCh37,cg10586756
960,12,123834817,+,SBNO1;SBNO1,GRCh37,cg04398275
960,11,70709062,-,SHANK2,GRCh37,cg19815589
960,5,78573641,-,JMY,GRCh37,cg17758148
961,19,49250452,+,IZUMO1,GRCh37,cg08536841
962,6,24877582,+,FAM65B;FAM65B;FAM65B,GRCh37,cg12818699
963,11,27743258,+,BDNF;BDNF;BDNF;BDNF;BDNF,GRCh37,cg27351358
964,12,69201663,+,MDM2;MDM2;MDM2;MDM2;MDM2;MDM2;MDM2;MDM2,GRCh37,cg15434599
964,19,4868079,+,PLIN3;PLIN3;PLIN3,GRCh37,cg18958531
964,15,66585521,-,DIS3L;DIS3L,GRCh37,cg12623088
964,18,46986876,+,DYM;DYM,GRCh37,cg12012699
964,1,54518153,-,TMEM59;C1orf83,GRCh37,cg05341670
964,19,19431259,+,SF4;KIAA0892,GRCh37,cg07919162
964,8,22550720,-,EGR3;EGR3,GRCh37,cg24403722
964,8,29939998,+,TMEM66,GRCh37,cg19691797
964,21.0,34144118,+,C21orf66;C21orf66;C21orf49;C21orf66;C21orf66;C21orf49;C21orf66,GRCh37,cg21642649
964,14,39583513,-,SIP1;SIP1;SIP1,GRCh37,cg23521069
964,13,41345183,-,MRPS31,GRCh37,cg15946545
964,16,11439533,-,C16orf75,GRCh37,cg07715894
964,9,112083456,-,EPB41L4B;EPB41L4B,GRCh37,cg12568776
964,1,19578805,-,MRTO4;KIAA0090,GRCh37,cg05688084
964,12,53689090,-,PFDN5;PFDN5,GRCh37,cg10107186
964,17,80408864,+,C17orf62;C17orf62;C17orf62,GRCh37,cg00602891
964,19,59056626,-,TRIM28,GRCh37,cg05678175
964,8,62626992,-,ASPH;ASPH;ASPH;ASPH;ASPH;ASPH;ASPH;ASPH;ASPH;ASPH,GRCh37,cg16050784
964,7,10979899,-,NDUFA4,GRCh37,cg16837769
964,17,61678300,-,TACO1;TACO1,GRCh37,cg00053292
964,6,139094722,+,CCDC28A;CCDC28A,GRCh37,cg27199523
964,9,77568022,-,C9orf40,GRCh37,cg11750183
964,15,48624163,-,DUT;DUT;DUT,GRCh37,cg16016951
964,7,87563251,-,ADAM22;ADAM22;ADAM22;ADAM22;ADAM22,GRCh37,cg05131524
964,15,34635538,-,NOP10,GRCh37,cg06459327
964,14,94255513,-,PRIMA1,GRCh37,cg08505473
964,8,27695615,-,PBK,GRCh37,cg26261431
964,12,25404353,+,KRAS;KRAS,GRCh37,cg17197538
964,17,39968600,+,FKBP10;SC65,GRCh37,cg14529146
964,19,3985688,+,EEF2,GRCh37,cg16142977
964,10,60144732,-,TFAM,GRCh37,cg14271908
964,9,100745975,-,ANP32B,GRCh37,cg12026394
964,20,33460835,-,GGT7,GRCh37,cg07148914
964,11,63684911,+,RCOR2,GRCh37,cg23957915
964,7,104654900,-,MLL5;MLL5;LOC100216545;MLL5;MLL5,GRCh37,cg05566397
964,17,55038508,-,COIL,GRCh37,cg01776246
964,1,90099060,-,LRRC8C,GRCh37,cg21401794
964,12,2921958,-,ITFG2,GRCh37,cg07128330
964,10,94050143,+,CPEB3;MARCH5,GRCh37,cg18409845
964,1,201123562,+,TMEM9,GRCh37,cg15304928
964,16,87799134,+,KLHDC4,GRCh37,cg24444408
964,5,72861749,+,UTP15;ANKRA2,GRCh37,cg10833576
964,9,130159344,-,SLC2A8,GRCh37,cg11312566
964,5,139927242,-,EIF4EBP3;ANKHD1-EIF4EBP3,GRCh37,cg17416146
964,4,175205248,-,KIAA1712;FBXO8;KIAA1712;FBXO8,GRCh37,cg12648583
964,7,99698217,+,MCM7;AP4M1;MCM7;MCM7,GRCh37,cg16284168
964,19,34895122,-,PDCD2L,GRCh37,cg26788107
964,10,5708825,-,ASB13;ASB13,GRCh37,cg25171089
964,7,105926305,+,NAMPT,GRCh37,cg03338959
964,4,26321352,-,RBPJ;RBPJ;RBPJ;RBPJ;RBPJ;RBPJ,GRCh37,cg19029454
964,14,74960292,+,NPC2;ISCA2,GRCh37,cg06291595
964,11,118955461,+,HMBS,GRCh37,cg21333964
964,2,32264720,+,DPY30;DPY30,GRCh37,cg07656391
964,2,16080669,-,MYCN;MYCNOS,GRCh37,cg16597172
964,13,30424171,-,UBL3;UBL3,GRCh37,cg22781236
964,19,16607483,+,C19orf44;CALR3,GRCh37,cg10248733
964,8,90996382,-,NBN,GRCh37,cg07084161
964,19,7990281,+,CTXN1,GRCh37,cg04351979
964,13,20437712,+,ZMYM5;ZMYM5;ZMYM5;ZMYM5;ZMYM5;ZMYM5,GRCh37,cg18710692
964,14,54863550,+,CDKN3;CDKN3,GRCh37,cg02626977
964,6,117002125,+,KPNA5,GRCh37,cg09496393
964,15,63481415,+,RAB8B,GRCh37,cg17556578
964,1,156570825,+,GPATCH4;GPATCH4,GRCh37,cg14277848
964,1,8021821,-,PARK7;PARK7;PARK7,GRCh37,cg25007680
964,1,231377046,+,C1orf131;GNPAT;GNPAT,GRCh37,cg07897837
964,3,38496096,-,LOC100128640;ACVR2B,GRCh37,cg01465620
964,2,32503023,-,YIPF4;YIPF4,GRCh37,cg26820922
964,13,98086784,-,RAP2A,GRCh37,cg06111305
964,1,193028138,-,TROVE2;TROVE2;TROVE2;UCHL5,GRCh37,cg05576974
964,17,73452580,+,KIAA0195,GRCh37,cg20492401
964,8,146024786,-,ZNF517,GRCh37,cg27449959
964,10,104005242,-,GBF1,GRCh37,cg26831968
964,10,121484944,-,INPP5F;INPP5F,GRCh37,cg27613076
964,5,179050963,-,HNRNPH1,GRCh37,cg19723775
964,2,208489667,-,FAM119A;FAM119A;FAM119A,GRCh37,cg07496861
964,8,67974431,+,COPS5;COPS5,GRCh37,cg15754109
964,19,17420389,-,DDA1;DDA1,GRCh37,cg19390148
964,6,30525120,+,PRR3;PRR3;PRR3;GNL1;PRR3;GNL1,GRCh37,cg23654545
964,7,140714614,-,MRPS33;MRPS33,GRCh37,cg00338893
964,4,41992362,-,SLC30A9,GRCh37,cg10652277
964,5,133450017,+,TCF7;TCF7;TCF7;TCF7;TCF7,GRCh37,cg01116966
964,12,101673672,+,UTP20,GRCh37,cg22051763
964,3,44666898,-,ZNF197;ZNF197,GRCh37,cg22050705
964,11,64546368,-,SF1;SF1;SF1;SF1,GRCh37,cg11295902
964,7,99717359,-,TAF6;TAF6;TAF6;CNPY4;CNPY4;TAF6,GRCh37,cg24555656
964,2,55921094,+,PNPT1,GRCh37,cg18811423
964,5,158690500,-,UBLCP1,GRCh37,cg17357865
964,21,34915953,-,GART;GART;GART;GART;SON;SON,GRCh37,cg13617782
964,14,23398654,+,PRMT5;PRMT5;PRMT5;PRMT5,GRCh37,cg23690380
964,7,96339267,-,SHFM1,GRCh37,cg15781316
964,17,43862032,-,CRHR1;CRHR1;CRHR1;CRHR1,GRCh37,cg04856689
964,1,182360902,+,GLUL;GLUL;GLUL;GLUL;GLUL,GRCh37,cg26135716
964,9,72873544,+,SMC5,GRCh37,cg21740204
964,4,25162020,+,SEPSECS;SEPSECS;SEPSECS;SEPSECS;SEPSECS;SEPSECS,GRCh37,cg18815539
964,5,10442103,-,ROPN1L;ROPN1L,GRCh37,cg22411068
964,2,109402933,-,CCDC138,GRCh37,cg25741319
964,1,180123798,+,QSOX1;QSOX1,GRCh37,cg08812504
964,10,99052545,-,ARHGAP19,GRCh37,cg08443351
964,19,19030094,-,COPE;DDX49;COPE;COPE,GRCh37,cg10573763
964,5,177019313,-,TMED9,GRCh37,cg06665799
964,20,5987489,-,CRLS1;CRLS1,GRCh37,cg18329036
964,9,102861153,-,ERP44;INVS;INVS;ERP44,GRCh37,cg08347423
964,6,27114943,-,HIST1H2BK;HIST1H2AH,GRCh37,cg22349489
964,12,99039015,-,APAF1;APAF1;IKBIP;APAF1;IKBIP;APAF1;IKBIP;APAF1,GRCh37,cg14872956
964,19,49140777,+,SEC1;DBP,GRCh37,cg06677660
964,2,109403293,-,CCDC138,GRCh37,cg15605888
964,10,75504303,+,SEC24C;SEC24C,GRCh37,cg27265637
964,5,14582549,+,FAM105A,GRCh37,cg01794265
964,4,183838922,-,DCTD;DCTD,GRCh37,cg05060602
964,18,11908181,+,MPPE1,GRCh37,cg02159896
964,12,112123684,+,ACAD10;BRAP;ACAD10;BRAP,GRCh37,cg18108237
964,4,41992621,-,SLC30A9;SLC30A9,GRCh37,cg08321272
964,5,177631514,-,HNRNPAB;HNRNPAB;HNRNPAB;HNRNPAB,GRCh37,cg10038259
964,3,37035399,+,MLH1;MLH1;MLH1;MLH1;EPM2AIP1,GRCh37,cg13846866
964,3,133524841,-,SRPRB,GRCh37,cg19875216
964,1,53393297,-,SCP2;SCP2,GRCh37,cg04310824
964,12,6560794,+,TAPBPL;CD27;LOC678655,GRCh37,cg22155248
964,2,192542902,-,OBFC2A;OBFC2A;OBFC2A,GRCh37,cg11884792
964,7,150974453,+,SMARCD3;SMARCD3,GRCh37,cg14795305
964,10,12085052,+,UPF2;UPF2,GRCh37,cg08395899
964,19,44506864,-,ZNF230,GRCh37,cg14298780
964,14,82000026,+,SEL1L,GRCh37,cg10686044
964,2,214016230,-,IKZF2;IKZF2;IKZF2,GRCh37,cg11735605
964,6,96025679,+,MANEA,GRCh37,cg15832292
964,11,2950403,-,PHLDA2,GRCh37,cg14415214
964,6,33757077,-,LEMD2,GRCh37,cg25922239
964,8,21776851,+,XPO7;XPO7,GRCh37,cg19201477
964,22.0,21996709,-,SDF2L1,GRCh37,cg05725452
964,3,48129944,+,MAP4;MAP4;MAP4,GRCh37,cg12688043
964,11,86013224,-,C11orf73;C11orf73;C11orf73;C11orf73,GRCh37,cg15502446
964,1,10458832,-,PGD,GRCh37,cg23036555
964,13,76124267,-,UCHL3,GRCh37,cg16257685
964,14,54976718,-,CGRRF1,GRCh37,cg27368011
964,3,14220310,-,LSM3;XPC;XPC;XPC;LSM3,GRCh37,cg18946802
964,13,40177740,-,LHFP,GRCh37,cg21284880
964,6,2245327,+,GMDS,GRCh37,cg16550324
964,5,175964280,+,RNF44;RNF44,GRCh37,cg10082991
964,5,139944115,+,APBB3;APBB3;APBB3;SLC35A4;APBB3;APBB3;APBB3;APBB3;APBB3,GRCh37,cg20021244
964,16,29985294,+,TAOK2;TAOK2;TAOK2;TAOK2,GRCh37,cg10705951
964,15,35838733,-,ATPBD4;ATPBD4,GRCh37,cg18372353
964,17,73512319,+,CASKIN2;TSEN54,GRCh37,cg01803810
964,2,24163862,+,UBXN2A,GRCh37,cg16406212
964,10,35379687,+,CUL2,GRCh37,cg13956671
964,15,65579480,+,PARP16,GRCh37,cg11718315
964,14,21905454,+,CHD8;CHD8,GRCh37,cg00746083
964,11,108338397,-,C11orf65,GRCh37,cg13613532
964,7,140396886,-,LOC100134713;NDUFB2,GRCh37,cg23411876
964,6,135376177,+,HBS1L;HBS1L;HBS1L,GRCh37,cg24558204
964,9,137000940,-,WDR5,GRCh37,cg03243700
964,15,52264133,-,LEO1,GRCh37,cg00060762
964,2,20190220,+,WDR35;WDR35,GRCh37,cg11263497
964,17,61851767,-,DDX42;CCDC47;DDX42,GRCh37,cg22520471
964,18,54318615,-,WDR7;WDR7;WDR7;WDR7,GRCh37,cg07980804
964,2,178257176,+,LOC100130691;AGPS,GRCh37,cg02961200
964,2,161349637,+,RBMS1;RBMS1,GRCh37,cg06168324
964,2,27852231,+,GPN1;CCDC121;GPN1;CCDC121;GPN1;GPN1;CCDC121;GPN1,GRCh37,cg17050100
964,11,73498948,-,MRPL48;MRPL48,GRCh37,cg18195628
964,4,129208725,+,PGRMC2,GRCh37,cg17280624
964,11,118955708,+,HMBS;HMBS,GRCh37,cg09730017
964,9,4793458,+,RCL1,GRCh37,cg11107205
964,8,28352559,-,FZD3,GRCh37,cg11710000
965,19,663973,+,RNF126,GRCh37,cg03605761
966,11,65429465,-,RELA;RELA,GRCh37,cg18746357
966,15,75941576,-,SNX33,GRCh37,cg27635271
966,17,38209993,+,MED24;MED24,GRCh37,cg14592065
966,9,138393570,-,MRPS2,GRCh37,cg12438037
966,19,50381878,+,AKT1S1;AKT1S1;TBC1D17;AKT1S1;TBC1D17,GRCh37,cg08711674
966,11,841335,-,TSPAN4;POLR2L;TSPAN4;TSPAN4,GRCh37,cg03116740
967,16,78056736,+,CLEC3A,GRCh37,cg04365980
967,16,78056379,-,CLEC3A,GRCh37,cg21048669
968,19,55668612,+,TNNI3,GRCh37,cg18838701
969,3,149095283,+,TM4SF1,GRCh37,cg08124030
970,1,6664268,+,KLHL21,GRCh37,cg19884658
971,3,128212001,-,GATA2;GATA2,GRCh37,cg06490988
972,6,19837350,+,ID4,GRCh37,cg17252960
973,2,217559885,-,IGFBP5;IGFBP5,GRCh37,cg22467567
974,2,228582486,-,SLC19A3,GRCh37,cg25713185
975,19,1512314,-,ADAMTSL5,GRCh37,cg04601137
975,17,27370009,+,PIPOX;PIPOX,GRCh37,cg22968401
975,3,12200667,+,SYN2;TIMP4;SYN2,GRCh37,cg23769143
975,20,23433503,+,CST11;CST11,GRCh37,cg17928268
975,8,38386235,-,C8orf86,GRCh37,cg11653466
975,16,20420716,+,ACSM5,GRCh37,cg10938486
975,17,45992122,+,SP2,GRCh37,cg14360917
975,5,75919281,-,F2RL2;IQGAP2,GRCh37,cg08241785
975,12,57828515,-,INHBC,GRCh37,cg08640498
975,21,30670416,+,BACH1;BACH1,GRCh37,cg09143663
975,8,143824001,+,SLURP1,GRCh37,cg07441143
976,4,147560126,-,POU4F2;POU4F2,GRCh37,cg24199834
977,2,160761556,-,LY75,GRCh37,cg10107725
978,11,45906914,+,MAPK8IP1,GRCh37,cg03491478
979,1,15910989,+,AGMAT,GRCh37,cg11706911
980,19,55882154,-,IL11,GRCh37,cg26279025
981,11,17740977,+,MYOD1,GRCh37,cg07271264
982,1,156305664,-,CCT3;CCT3;CCT3;C1orf182,GRCh37,cg24042452
983,11,64358617,+,SLC22A12;SLC22A12;SLC22A12;SLC22A12,GRCh37,cg07220939
984,12,130389138,+,TMEM132D,GRCh37,cg13234863
984,7,24324435,+,NPY,GRCh37,cg12614105
985,7,100824169,+,C7orf52,GRCh37,cg22158923
986,12,117799370,+,NOS1;NOS1,GRCh37,cg03538436
987,12,7081178,-,PHB2;PHB2;EMG1,GRCh37,cg10818781
988,8,110099582,+,TRHR,GRCh37,cg26989103
989,2,88469347,-,THNSL2,GRCh37,cg24977027
990,19,50832861,+,KCNC3,GRCh37,cg17838026
991,11,637170,-,DRD4,GRCh37,cg06825142
992,3,139397363,+,NMNAT3,GRCh37,cg01724150
993,17,6984106,+,CLEC10A;CLEC10A,GRCh37,cg21550483
994,17,37381830,+,STAC2;STAC2,GRCh37,cg17471928
995,19,46367776,-,FOXA3;SYMPK,GRCh37,cg05098732
996,2,19558569,-,OSR1,GRCh37,cg06509239
997,11,74022348,+,P4HA3,GRCh37,cg05671350
998,11,131532721,-,NTM,GRCh37,cg02477931
999,4,174451251,-,HAND2;NBLA00301;HAND2,GRCh37,cg02774439
1000,11,6341349,-,PRKCDBP,GRCh37,cg18959478
1001,17,53341659,-,HLF,GRCh37,cg04219321
1002,15,101419296,-,ALDH1A3,GRCh37,cg26509022
1003,2,182545492,+,NEUROD1,GRCh37,cg22359606
1004,16,420112,-,MRPL28,GRCh37,cg12437481
1005,10,101542449,+,ABCC2,GRCh37,cg09448875
1006,16,73178242,+,,GRCh37,cg10683939
1007,6,97285948,+,GPR63;GPR63,GRCh37,cg26174752
1008,1,11023756,-,C1orf127;C1orf127,GRCh37,cg05352668
1008,7,130021088,+,CPA1,GRCh37,cg14761227
1008,11,124481310,-,PANX3,GRCh37,cg03885639
1008,19,42380725,-,CD79A;CD79A,GRCh37,cg05921699
1008,4,76823661,+,PPEF2;PPEF2,GRCh37,cg14724265
1008,17,45933593,-,SP6,GRCh37,cg23355492
1008,13,114312105,+,ATP4B,GRCh37,cg06811800
1008,8,143833942,-,LYPD2;LYPD2,GRCh37,cg04311964
1008,1,155270960,-,PKLR;PKLR,GRCh37,cg02280309
1008,17,41050668,+,LOC388387,GRCh37,cg21639401
1008,15,31393845,+,TRPM1,GRCh37,cg14323928
1008,6,35764958,+,CLPS,GRCh37,cg25107791
1008,22.0,38218945,-,GALR3,GRCh37,cg22975712
1008,17,39867328,+,GAST,GRCh37,cg12229387
1008,17,41836026,-,SOST,GRCh37,cg14256699
1008,12,52967554,-,KRT74,GRCh37,cg20200335
1008,1,162381781,+,SH2D1B,GRCh37,cg26379475
1008,1,201390794,-,TNNI1,GRCh37,cg12114524
1008,12,52695728,-,KRT86,GRCh37,cg16911220
1008,1,161208307,+,NR1I3;NR1I3;NR1I3;NR1I3;NR1I3;NR1I3;NR1I3;NR1I3;NR1I3;NR1I3;NR1I3;NR1I3;NR1I3;NR1I3;NR1I3,GRCh37,cg06277277
1009,1,92352481,+,TGFBR3,GRCh37,cg00563926
1010,10,100996070,-,HPSE2;HPSE2;HPSE2;HPSE2,GRCh37,cg03388193
1011,1,159557886,-,APCS,GRCh37,cg26353877
1011,1,159557257,+,APCS,GRCh37,cg13968061
1012,13,20805679,-,GJB6;GJB6;GJB6;GJB6,GRCh37,cg22377389
1012,13,20805656,-,GJB6;GJB6;GJB6;GJB6,GRCh37,cg03473518
1013,12,18890579,-,CAPZA3;PLCZ1,GRCh37,cg25573386
1014,1,193155390,-,B3GALT2;B3GALT2;CDC73,GRCh37,cg16608652
1015,19,54327780,-,NLRP12,GRCh37,cg25866075
1015,19,54327404,-,NLRP12,GRCh37,cg07042144
1016,1,110197856,-,GSTM4;GSTM4;GSTM4,GRCh37,cg11903880
1016,14,35100095,-,SNX6;SNX6,GRCh37,cg17346022
1016,11,93475962,+,TAF1D;C11orf54,GRCh37,cg26570233
1016,10,126490099,+,FAM175B,GRCh37,cg26147480
1016,6,107078648,-,RTN4IP1;QRSL1,GRCh37,cg07476030
1016,13,43596577,+,DNAJC15,GRCh37,cg11679069
1016,16,20363711,+,UMOD;UMOD,GRCh37,cg07456201
1016,11,49230548,-,FOLH1;FOLH1,GRCh37,cg06980460
1016,3,125239841,+,SNX4,GRCh37,cg27440834
1017,22.0,46545347,-,PPARA;PPARA,GRCh37,cg09829176
1018,17,27369780,+,PIPOX,GRCh37,cg06144905
1019,17,46692534,-,HOXB8,GRCh37,cg25928579
1020,2,107504169,-,ST6GAL2;ST6GAL2,GRCh37,cg25725843
1021,17,41985074,-,MPP2;MPP2,GRCh37,cg07112154
1021,17,41985183,+,MPP2,GRCh37,cg03557733
1022,18,40696075,-,RIT2,GRCh37,cg22039287
1023,6,153018721,-,MYCT1,GRCh37,cg02830467
1024,4,154709441,-,SFRP2,GRCh37,cg07694025
1025,6,25930507,+,SLC17A2;SLC17A2,GRCh37,cg05948654
1025,10,95372195,-,PDE6C,GRCh37,cg04298323
1025,10,127465376,-,MMP21,GRCh37,cg07504718
1025,14,23904678,+,MYH7,GRCh37,cg05744229
1025,13,37679573,-,CSNK1A1L;CSNK1A1L,GRCh37,cg01668383
1025,7,130372167,+,TSGA13,GRCh37,cg11058932
1026,11,1410385,+,BRSK2,GRCh37,cg14021073
1027,16,2867434,-,PRSS21;PRSS21;PRSS21,GRCh37,cg22730830
1028,6,49681310,+,CRISP2;CRISP2;CRISP2;CRISP2;CRISP2,GRCh37,cg08942800
1028,6,49681233,-,CRISP2;CRISP2;CRISP2;CRISP2;CRISP2;CRISP2;CRISP2;CRISP2;CRISP2;CRISP2,GRCh37,cg04595372
1029,5,94956017,+,GPR150,GRCh37,cg02320454
1030,19,1492038,-,REEP6,GRCh37,cg22759185
1030,19,1492043,-,REEP6,GRCh37,cg02674804
1031,3,151985869,+,MBNL1;MBNL1;LOC401093;MBNL1;LOC401093;MBNL1,GRCh37,cg12360736
1032,17,32690569,+,CCL1,GRCh37,cg17118262
1033,14,29236008,-,FOXG1,GRCh37,cg02681442
1034,10,95790874,+,PLCE1,GRCh37,cg23439277
1034,12,52779281,+,KRT84,GRCh37,cg24461814
1034,1,115572863,+,TSHB,GRCh37,cg09058542
1034,1,169599558,+,SELP,GRCh37,cg09060914
1034,12,48723148,+,H1FNT,GRCh37,cg00601486
1034,12,53073506,+,KRT1,GRCh37,cg10766289
1034,3,123813383,-,KALRN;KALRN;KALRN,GRCh37,cg12144803
1034,12,48876160,-,C12orf54,GRCh37,cg12133004
1034,4,10041000,+,SLC2A9,GRCh37,cg26409237
1034,1,111061374,-,KCNA10,GRCh37,cg07830847
1034,13,37453926,-,SMAD9;SMAD9,GRCh37,cg16194715
1034,2,228678005,+,CCL20;CCL20,GRCh37,cg09425228
1034,15,93013676,+,C15orf32,GRCh37,cg17978274
1034,5,131880480,-,IL5,GRCh37,cg26081812
1035,2,128642103,+,AMMECR1L,GRCh37,cg26782833
1035,4,83352783,-,ENOPH1;HNRPDL;HNRPDL,GRCh37,cg05134796
1036,6,137366125,+,IL20RA;IL20RA,GRCh37,cg04481779
1037,13,112721786,-,SOX1,GRCh37,cg06675478
1038,21.0,47517690,+,COL6A2;COL6A2;COL6A2,GRCh37,cg23473904
1039,14,52536147,-,NID2,GRCh37,cg22881914
1040,6,132723164,-,MOXD1,GRCh37,cg13603171
1041,10,119300942,-,EMX2;EMX2OS;EMX2,GRCh37,cg19358493
1042,1,54619445,-,CDCP2,GRCh37,cg26185508
1043,4,74719172,-,PF4V1,GRCh37,cg20615832
1043,4,74718978,+,PF4V1,GRCh37,cg26125600
1044,9,34591192,+,CNTFR;CNTFR,GRCh37,cg12188560
1045,1,150266311,-,MRPS21;MRPS21;MRPS21;MRPS21,GRCh37,cg18031008
1046,3,112052218,-,CD200;CD200,GRCh37,cg03329165
1047,19,46170946,-,GIPR,GRCh37,cg09997082
1048,1,114300656,-,PHTF1,GRCh37,cg01580044
1049,7,50132541,-,ZPBP;ZPBP,GRCh37,cg27094076
1050,7,18535499,-,HDAC9;HDAC9;HDAC9;HDAC9;HDAC9,GRCh37,cg12081743
1051,8,27850178,+,SCARA5;SCARA5,GRCh37,cg07634191
1052,12,48551594,-,ASB8,GRCh37,cg22385764
1053,7,130418315,-,KLF14,GRCh37,cg04528819
1054,15,90543813,+,ZNF710,GRCh37,cg01185080
1055,2,163695882,+,KCNH7;KCNH7,GRCh37,cg25668368
1055,20,6749480,-,BMP2;BMP2,GRCh37,cg01797527
1055,18,56887785,-,GRP;GRP;GRP,GRCh37,cg23357981
1055,2,48982509,-,LHCGR,GRCh37,cg15796978
1055,8,62200689,-,CLVS1;CLVS1,GRCh37,cg01405761
1055,20,6104018,+,FERMT1;FERMT1,GRCh37,cg06668073
1055,9,112542080,+,PALM2;PALM2-AKAP2;PALM2;PALM2-AKAP2,GRCh37,cg10994430
1055,3,26664621,+,LRRC3B;LRRC3B,GRCh37,cg26035366
1055,20,9819272,-,PAK7;PAK7,GRCh37,cg12645220
1056,19,39465821,+,FBXO17,GRCh37,cg08820801
1057,17,7836604,+,TRAPPC1;CNTROB;CNTROB;TRAPPC1;TRAPPC1;TRAPPC1,GRCh37,cg01667702
1057,19,7953705,+,LRRC8E,GRCh37,cg21215336
1057,6,42928773,-,GNMT,GRCh37,cg10056627
1057,1,153747551,+,SLC27A3,GRCh37,cg21279955
1057,6,43445942,+,TJAP1;TJAP1;TJAP1;TJAP1;TJAP1;TJAP1,GRCh37,cg00229387
1057,17,8127196,-,C17orf44,GRCh37,cg06319579
1057,13,51640948,-,GUCY1B2,GRCh37,cg16692277
1057,3,49209160,+,KLHDC8B,GRCh37,cg10872212
1057,13,49975643,-,CAB39L;CAB39L;CAB39L,GRCh37,cg15207619
1057,11,34936862,-,PDHX;PDHX;APIP;PDHX,GRCh37,cg07253191
1057,14,105648024,-,NUDT14,GRCh37,cg21435394
1057,10,71211762,+,TSPAN15,GRCh37,cg12610070
1057,7,151217883,-,RHEB,GRCh37,cg21134096
1057,22.0,51038542,+,MAPK8IP2,GRCh37,cg02756845
1057,8,54764515,-,RGS20,GRCh37,cg00582628
1057,14,76448011,+,TGFB3;TGFB3,GRCh37,cg03395898
1057,17,30186630,-,C17orf79,GRCh37,cg12000587
1057,17,80693839,-,FN3K,GRCh37,cg21697134
1057,11,34642463,+,EHF,GRCh37,cg13084525
1057,1,179560870,+,TDRD5,GRCh37,cg12277666
1057,11,111782670,+,CRYAB;HSPB2,GRCh37,cg13084335
1057,5,131563921,+,P4HA2;P4HA2;P4HA2;P4HA2;P4HA2,GRCh37,cg22598563
1057,22.0,24199008,+,SLC2A11;SLC2A11;SLC2A11,GRCh37,cg26133068
1057,1,6672620,-,PHF13,GRCh37,cg06778853
1057,3,192445202,-,FGF12,GRCh37,cg15543551
1057,3,145879084,+,PLOD2;PLOD2;PLOD2;PLOD2,GRCh37,cg25250358
1057,6,42928151,+,GNMT,GRCh37,cg27588902
1057,6,170615273,-,FAM120B,GRCh37,cg26200580
1057,16,776685,+,HAGHL;HAGHL;CCDC78,GRCh37,cg10163825
1057,16,3163017,+,ZNF205;MGC3771;ZNF205;MGC3771,GRCh37,cg05225996
1057,12,6874964,-,PTMS,GRCh37,cg20006825
1057,19,45908146,-,CD3EAP;PPP1R13L;PPP1R13L,GRCh37,cg03554552
1057,2,159312599,+,PKP4;CCDC148;PKP4;CCDC148,GRCh37,cg24986868
1057,1,236047034,+,,GRCh37,cg12167564
1057,11,134095863,-,VPS26B;NCAPD3,GRCh37,cg09084200
1057,10,92980059,+,PCGF5,GRCh37,cg17001035
1057,19,3093904,+,GNA11,GRCh37,cg13960192
1057,1,11865352,-,CLCN6;CLCN6;MTHFR;CLCN6;CLCN6,GRCh37,cg05228408
1057,18,33710783,+,SLC39A6;ELP2;SLC39A6,GRCh37,cg19453250
1057,10,100174853,+,PYROXD2,GRCh37,cg08397758
1057,22.0,30723363,+,TBC1D10A,GRCh37,cg27060381
1057,19,17357619,-,NR2F6,GRCh37,cg16749578
1057,1,85931226,-,DDAH1;DDAH1,GRCh37,cg14322224
1058,13,43566401,+,EPSTI1;EPSTI1,GRCh37,cg22905097
1058,13,43566262,+,EPSTI1;EPSTI1,GRCh37,cg14539231
1059,17,48637104,-,CACNA1G;CACNA1G;CACNA1G;CACNA1G;CACNA1G;CACNA1G;CACNA1G;CACNA1G;CACNA1G;CACNA1G;CACNA1G;CACNA1G;CACNA1G;CACNA1G;CACNA1G,GRCh37,cg05942574
1060,10,99531309,+,SFRP5,GRCh37,cg09874752
1060,10,99531164,-,SFRP5,GRCh37,cg09542745
1061,19,53758609,+,ZNF677,GRCh37,cg16708981
1062,9,18473902,-,ADAMTSL1;ADAMTSL1,GRCh37,cg16714091
1063,4,11430903,-,HS3ST1,GRCh37,cg01462829
1063,4,11430353,+,HS3ST1;HS3ST1,GRCh37,cg18059088
1064,3,121775080,+,CD86,GRCh37,cg04387658
1065,1,202937114,+,CYB5R1,GRCh37,cg18275051
1066,12,4489075,+,FGF23,GRCh37,cg14119236
1066,16,3254567,-,OR1F1,GRCh37,cg07879977
1066,16,49407997,+,C16orf78,GRCh37,cg24642468
1066,17,3030185,+,OR1G1,GRCh37,cg27622610
1066,7,127256676,-,PAX4,GRCh37,cg08886154
1066,15,97325725,-,SPATA8,GRCh37,cg02423618
1066,20,54824085,-,MC3R,GRCh37,cg19226099
1066,2,234824933,-,TRPM8,GRCh37,cg15746445
1066,19,51375893,+,KLK2;KLK2,GRCh37,cg07947016
1067,17,40333521,-,KCNH4,GRCh37,cg20406482
1068,5,175223497,-,CPLX2,GRCh37,cg22776578
1068,3,13922158,-,WNT7A,GRCh37,cg04969808
1068,1,165325030,-,LMX1A,GRCh37,cg07686479
1068,6,55039259,-,HCRTR2;HCRTR2,GRCh37,cg13948987
1068,5,1444878,+,SLC6A3,GRCh37,cg26205131
1068,5,172661803,-,NKX2-5;NKX2-5;NKX2-5,GRCh37,cg03294619
1068,13,110960452,-,COL4A1;COL4A2,GRCh37,cg27546237
1068,2,176957908,+,HOXD13,GRCh37,cg07175883
1068,7,79082393,-,MAGI2,GRCh37,cg05902852
1068,1,91182708,-,BARHL2,GRCh37,cg06384463
1068,19,6590895,+,CD70,GRCh37,cg24778383
1068,1,25257029,-,RUNX3;RUNX3,GRCh37,cg22737001
1068,4,46995474,-,GABRA4;GABRA4,GRCh37,cg03593419
1069,2,29033897,+,SPDYA;SPDYA,GRCh37,cg04786857
1070,6,116691685,-,DSE;DSE,GRCh37,cg09025324
1071,22.0,43739629,-,SCUBE1,GRCh37,cg26219051
1072,18,49868236,+,DCC,GRCh37,cg18841634
1073,11,10715595,-,MRVI1;MRVI1;MRVI1,GRCh37,cg24365867
1073,17,79678158,-,SLC25A10,GRCh37,cg07845392
1073,1,47264866,-,CYP4B1;CYP4B1,GRCh37,cg23414387
1073,17,19290353,+,MFAP4,GRCh37,cg09606564
1073,1,55013709,-,ACOT11;ACOT11,GRCh37,cg10266490
1073,5,94955575,+,GPR150,GRCh37,cg04597449
1073,22.0,37447306,-,KCTD17,GRCh37,cg22229142
1073,13,53422381,+,PCDH8;PCDH8,GRCh37,cg20366906
1073,17,19290708,-,MFAP4,GRCh37,cg13030582
1074,3,139258754,-,RBP1;RBP1;RBP1,GRCh37,cg27457941
1074,3,139258166,-,RBP1;RBP1;RBP1,GRCh37,cg24594997
1074,3,139258295,+,RBP1;RBP1;RBP1,GRCh37,cg12497564
1074,3,139258431,-,RBP1;RBP1;RBP1,GRCh37,cg11027570
1075,2,70009351,-,ANXA4,GRCh37,cg22792910
1076,14,52780634,-,PTGER2,GRCh37,cg06738602
1077,7,29233468,-,CHN2,GRCh37,cg21472642
1078,1,196577387,+,KCNT2,GRCh37,cg13372488
1078,1,196577709,-,KCNT2,GRCh37,cg07845390
1079,19,18343901,-,PDE4C,GRCh37,cg17861230
1080,1,21044874,+,KIF17;KIF17,GRCh37,cg18486150
1081,8,41166530,-,SFRP1,GRCh37,cg15839448
1081,8,41166169,-,SFRP1,GRCh37,cg13398291
1082,13,98606196,+,IPO5,GRCh37,cg01679262
1083,15,74166372,+,TBC1D21,GRCh37,cg00427635
1084,9,1051579,-,DMRT2;DMRT2;DMRT2,GRCh37,cg00250430
1085,8,16859671,-,FGF20;FGF20,GRCh37,cg24030449
1086,10,44881054,-,CXCL12;CXCL12;CXCL12,GRCh37,cg18618334
1087,15,29213640,+,APBA2;APBA2,GRCh37,cg00955451
1087,15,29213626,+,APBA2;APBA2,GRCh37,cg20840847
1088,13,95253676,+,GPR180,GRCh37,cg09582042
1089,9,36037454,+,RECK,GRCh37,cg12717594
1090,21.0,46237385,+,SUMO3,GRCh37,cg21053323
1091,11,44332849,+,ALX4,GRCh37,cg27318318
1091,11,44332540,-,ALX4,GRCh37,cg13807496
1092,12,15475236,-,PTPRO;PTPRO,GRCh37,cg19402885
1093,1,38412744,+,INPP5B,GRCh37,cg02309273
1094,1,18957632,-,PAX7;PAX7;PAX7;PAX7;PAX7;PAX7,GRCh37,cg11428724
1095,5,127874825,+,FBN2,GRCh37,cg27223047
1096,5,149669488,+,CAMK2A;CAMK2A,GRCh37,cg27244482
1097,14,60386828,+,,GRCh37,cg01129459
1098,8,21900438,+,FGF17;FGF17,GRCh37,cg16293656
1099,3,123167276,-,ADCY5,GRCh37,cg13878010
1100,20,60796141,-,HRH3,GRCh37,cg10605520
1101,17,27944585,-,CORO6,GRCh37,cg06038133
1102,8,73448579,+,KCNB2,GRCh37,cg11754206
1102,21.0,43528205,-,UMODL1;UMODL1;C21orf128,GRCh37,cg19766460
1102,13,52378744,-,DHRS12;DHRS12,GRCh37,cg05600717
1102,6,150284777,+,ULBP1,GRCh37,cg25589890
1102,1,160854954,+,ITLN1;ITLN1,GRCh37,cg21476940
1102,7,131240440,+,PODXL;PODXL,GRCh37,cg16488098
1102,8,22021845,+,BMP1;BMP1;BMP1;SFTPC,GRCh37,cg07242414
1102,9,132935664,-,FREQ,GRCh37,cg05251000
1102,19,8642301,-,MYO1F;MYO1F,GRCh37,cg27582235
1102,9,87282823,+,NTRK2;NTRK2,GRCh37,cg22402007
1102,8,82024586,+,PAG1,GRCh37,cg19280776
1102,22.0,23413260,+,RTDR1;GNAZ,GRCh37,cg19764436
1102,17,53499954,+,MMD,GRCh37,cg14861570
1102,19,54384822,+,PRKCG,GRCh37,cg04518808
1102,19,16186873,+,TPM4;TPM4,GRCh37,cg26968812
1102,19,57050834,-,ZFP28,GRCh37,cg04783231
1102,2,12856040,-,TRIB2;TRIB2,GRCh37,cg14865868
1102,1,1149091,-,TNFRSF4,GRCh37,cg22335801
1102,7,128577752,+,IRF5;IRF5;IRF5;IRF5;IRF5;IRF5,GRCh37,cg26616347
1102,16,57728632,-,CCDC135,GRCh37,cg09212468
1102,8,22013999,-,LGI3,GRCh37,cg25552492
1102,13,50202547,-,ARL11,GRCh37,cg11765205
1102,17,27917157,-,GIT1;GIT1,GRCh37,cg05379350
1102,17,4642056,+,ZMYND15;CXCL16;CXCL16;ZMYND15,GRCh37,cg19841506
1102,3,49592529,+,BSN,GRCh37,cg16933388
1102,17,78233839,+,RNF213;RNF213,GRCh37,cg21516384
1102,2,191208232,+,INPP1;INPP1;INPP1;INPP1,GRCh37,cg25753817
1102,6,84743033,+,MRAP2,GRCh37,cg21361470
1102,17,59488635,+,C17orf82,GRCh37,cg07482936
1102,2,239198294,-,PER2,GRCh37,cg05664072
1102,1,184006816,-,GLT25D2;GLT25D2,GRCh37,cg14313310
1102,16,16042767,-,ABCC1;ABCC1;ABCC1;ABCC1;ABCC1,GRCh37,cg17199483
1102,7,100809049,+,VGF,GRCh37,cg04084157
1102,2,217497617,+,IGFBP2,GRCh37,cg25854162
1102,21.0,43300024,+,PRDM15;PRDM15,GRCh37,cg21241823
1102,19,51920976,-,SIGLEC10;SIGLEC10;SIGLEC10;SIGLEC10;SIGLEC10;SIGLEC10;SIGLEC10;SIGLEC10;SIGLEC10;SIGLEC10;SIGLEC10;SIGLEC10;SIGLEC10;SIGLEC10,GRCh37,cg17215680
1102,1,53662040,-,CPT2,GRCh37,cg01100796
1102,1,57110403,-,PRKAA2,GRCh37,cg06836772
1102,11,66104174,+,RIN1,GRCh37,cg14391855
1102,12,49932216,+,KCNH3,GRCh37,cg19256236
1102,3,111261010,+,CD96;CD96;CD96;CD96,GRCh37,cg11119596
1102,9,90589146,+,CDK20;CDK20;CDK20;CDK20;CDK20,GRCh37,cg16386080
1103,10,15761312,+,ITGA8,GRCh37,cg16902509
1104,14,23836012,-,EFS;EFS,GRCh37,cg07197059
1105,1,192544716,-,RGS1,GRCh37,cg10861751
1106,7,100318154,+,EPO,GRCh37,cg17194182
1107,7,45960834,-,IGFBP3;IGFBP3;IGFBP3;IGFBP3,GRCh37,cg15898840
1108,5,134871166,+,NEUROG1,GRCh37,cg04330449
1109,21,46031741,+,KRTAP10-8;C21orf29,GRCh37,cg02579133
1110,11,27015872,-,FIBIN;FIBIN,GRCh37,cg04622802
1111,5,113698291,+,KCNN2;KCNN2,GRCh37,cg27403635
1112,16,71496385,-,ZNF23,GRCh37,cg13885201
1113,12,71552188,-,TSPAN8,GRCh37,cg15684563
1114,13,31480304,-,C13orf33,GRCh37,cg11126134
1114,13,31480335,-,C13orf33;C13orf33,GRCh37,cg24891133
1115,3,111852156,+,GCET2;GCET2,GRCh37,cg25462303
1116,1,115880646,+,NGF,GRCh37,cg22572159
1117,2,238599761,-,LRRFIP1;LRRFIP1;LRRFIP1;LRRFIP1;LRRFIP1,GRCh37,cg09037813
1117,3,8693859,-,C3orf32,GRCh37,cg02100848
1117,17,37820495,-,TCAP,GRCh37,cg10986043
1117,11,69468875,-,CCND1,GRCh37,cg00953256
1117,1,111743368,+,DENND2D,GRCh37,cg00619207
1117,12,123519476,+,PITPNM2,GRCh37,cg06415153
1117,3,3151899,-,IL5RA;IL5RA;IL5RA;IL5RA;IL5RA;IL5RA;IL5RA;IL5RA;IL5RA;IL5RA;IL5RA;IL5RA,GRCh37,cg08404225
1118,13,29070056,+,FLT1;FLT1;FLT1;FLT1,GRCh37,cg01899253
1119,1,36565772,+,COL8A2,GRCh37,cg18931815
1120,7,103085978,-,SLC26A5;SLC26A5;SLC26A5;SLC26A5;SLC26A5,GRCh37,cg09492887
1121,6,31895203,-,C2;C2,GRCh37,cg14301635
1122,17,7452926,-,TNFSF12;TNFSF12-TNFSF13,GRCh37,cg12045829
1123,1,92952261,-,GFI1;GFI1,GRCh37,cg22341104
1124,18,74401671,+,,GRCh37,cg22920417
1125,22.0,23487586,-,RAB36,GRCh37,cg15379633
1126,17,32690127,+,CCL1,GRCh37,cg20556988
1127,16,23846838,+,PRKCB;PRKCB,GRCh37,cg24250393
1127,1,242688681,+,PLD5,GRCh37,cg12613383
1128,6,89927485,+,GABRR1;GABRR1,GRCh37,cg00333528
1129,22.0,40404957,+,FAM83F,GRCh37,cg03954858
1129,12,6485537,-,SCNN1A;SCNN1A;SCNN1A,GRCh37,cg26215727
1129,17,15168658,+,PMP22,GRCh37,cg08343834
1129,16,75150744,+,LDHD;LDHD,GRCh37,cg24429836
1129,8,4853275,+,CSMD1,GRCh37,cg01136458
1129,11,69469290,-,,GRCh37,cg07426960
1129,1,160050948,+,KCNJ9,GRCh37,cg20066612
1129,5,137203640,-,MYOT;MYOT;MYOT;MYOT,GRCh37,cg04956382
1129,1,116654415,+,C1orf161;C1orf161,GRCh37,cg09440340
1129,7,31380390,-,NEUROD6;NEUROD6,GRCh37,cg26312920
1129,1,151344806,-,SELENBP1,GRCh37,cg18515587
1129,2,218808652,-,TNS1;TNS1,GRCh37,cg18328334
1129,14,24604711,+,PSME1;PSME1,GRCh37,cg25268718
1129,20,3025968,+,MRPS26;GNRH2;GNRH2;GNRH2,GRCh37,cg26060255
1129,1,33160791,-,SYNC;SYNC,GRCh37,cg05342835
1129,8,20040654,+,SLC18A1;SLC18A1;SLC18A1;SLC18A1;SLC18A1;SLC18A1;SLC18A1;SLC18A1,GRCh37,cg22441882
1129,20,52687394,+,BCAS1,GRCh37,cg08927738
1129,1,112531488,-,KCND3;KCND3;KCND3;KCND3,GRCh37,cg09276363
1129,1,222721375,-,HHIPL2,GRCh37,cg20582779
1129,19,16284351,+,CIB3,GRCh37,cg09424896
1129,20,816362,-,FAM110A;FAM110A,GRCh37,cg20289911
1129,1,46646224,-,TSPAN1,GRCh37,cg04975920
1129,1,160709239,-,SLAMF7,GRCh37,cg11721194
1130,3,187011187,+,MASP1;MASP1;MASP1,GRCh37,cg21831174
1131,20,25063817,-,VSX1;VSX1,GRCh37,cg23097006
1132,6,35703435,-,LOC285847;C6orf81,GRCh37,cg25994725
1132,14,65289835,-,SPTB;SPTB;SPTB;SPTB,GRCh37,cg20851097
1133,17,40275057,-,HSPB9,GRCh37,cg05346140
1133,17,40275126,-,HSPB9,GRCh37,cg02968557
1134,10,102890145,+,TLX1;TLX1NB,GRCh37,cg11498156
1135,4,156586680,-,GUCY1A3;GUCY1A3;GUCY1A3;GUCY1A3;GUCY1A3;GUCY1A3,GRCh37,cg02210887
1136,7,150497077,+,TMEM176B;TMEM176B;TMEM176A;TMEM176B;TMEM176B;TMEM176B,GRCh37,cg26385222
1137,4,72205104,-,SLC4A4;SLC4A4;SLC4A4,GRCh37,cg19850370
1137,4,71200583,-,C4orf35,GRCh37,cg22182945
1137,4,71200751,-,C4orf35;C4orf35,GRCh37,cg16418329
1137,4,74853779,-,PPBP,GRCh37,cg20357806
1138,10,133796476,-,BNIP3,GRCh37,cg21762589
1139,12,47219841,+,SLC38A4;SLC38A4,GRCh37,cg07601320
1140,19,46001746,-,RTN2;FLJ40125;RTN2,GRCh37,cg00116838
1140,19,46001735,+,RTN2;FLJ40125;RTN2,GRCh37,cg03213216
1141,12,28124665,-,PTHLH;PTHLH,GRCh37,cg01333011
1142,8,11058710,-,XKR6,GRCh37,cg10947146
1143,21,18884067,-,CXADR,GRCh37,cg00744433
1144,21.0,31797932,+,KRTAP13-3,GRCh37,cg16431978
1145,17,42403152,+,SLC25A39;SLC25A39,GRCh37,cg03192551
1146,18,53255771,-,TCF4;TCF4;TCF4;TCF4,GRCh37,cg08491964
1147,6,142410100,+,NMBR,GRCh37,cg17256157
1148,17,18854560,-,SLC5A10;SLC5A10,GRCh37,cg21495715
1148,11,63137152,-,SLC22A9,GRCh37,cg23683201
1148,17,38940132,-,KRT27,GRCh37,cg16488522
1148,17,38940118,-,KRT27,GRCh37,cg10173723
1148,2,169757780,+,G6PC2;G6PC2;G6PC2;G6PC2,GRCh37,cg07338205
1148,9,79328644,+,PRUNE2,GRCh37,cg11880010
1148,1,212797322,+,FAM71A,GRCh37,cg01342792
1149,1,6269260,-,RNF207,GRCh37,cg15731815
1150,19,50194120,+,CPT1C;CPT1C;C19orf76,GRCh37,cg20727114
1151,19,35634167,+,FXYD7;FXYD7,GRCh37,cg22392666
1152,14,88793634,-,KCNK10,GRCh37,cg10935723
1153,12,85673884,-,ALX1,GRCh37,cg14116122
1154,22.0,30901532,+,SEC14L4;SEC14L4,GRCh37,cg03214697
1155,4,90816310,+,MMRN1,GRCh37,cg21092324
1156,11,133402919,+,OPCML,GRCh37,cg25853078
1157,6,54172183,+,TINAG,GRCh37,cg12397274
1157,11,6501594,+,ARFIP2;FXC1,GRCh37,cg25219333
1157,12,72079240,-,TMEM19,GRCh37,cg04969878
1157,12,53299310,+,KRT8,GRCh37,cg01835489
1157,5,35231272,-,PRLR,GRCh37,cg17397493
1157,4,68995759,-,TMPRSS11F,GRCh37,cg20695587
1157,1,150953943,+,ANXA9,GRCh37,cg07337598
1157,1,29139522,-,OPRD1,GRCh37,cg09970593
1157,1,153600865,+,S100A13;S100A13;S100A13;S100A1;S100A13;S100A13,GRCh37,cg20847746
1158,3,64210991,+,PRICKLE2;PRICKLE2,GRCh37,cg23047271
1159,13,36706433,-,DCLK1,GRCh37,cg17470143
1159,1,93258908,-,EVI5,GRCh37,cg10989326
1159,1,226078237,+,LEFTY1,GRCh37,cg12319004
1159,16,55909573,+,CES7;CES7,GRCh37,cg23092086
1159,17,48608677,-,MYCBPAP;EPN3,GRCh37,cg02593766
1159,19,39389219,+,SIRT2;SIRT2;NFKBIB;NFKBIB,GRCh37,cg27442349
1159,1,11107384,+,MASP2;MASP2,GRCh37,cg18023080
1160,8,102802615,-,NCALD;NCALD;NCALD;NCALD;NCALD;NCALD;NCALD;NCALD,GRCh37,cg01484156
1161,10,28035631,-,MKX,GRCh37,cg02161900
1162,9,138452950,+,PAEP;PAEP,GRCh37,cg01055695
1163,17,76355202,-,SOCS3,GRCh37,cg27637521
1164,17,38170632,+,CSF3;CSF3;CSF3,GRCh37,cg03812679
1164,10,95256104,+,CEP55;CEP55,GRCh37,cg24371383
1164,16,46783018,-,MYLK3,GRCh37,cg26680127
1164,10,124134882,-,PLEKHA1,GRCh37,cg01246254
1164,14,35183928,+,CFL2;CFL2;CFL2;CFL2;CFL2;CFL2,GRCh37,cg25096582
1164,19,35632767,+,FXYD1;FXYD7;FXYD1,GRCh37,cg17682828
1164,20,2490030,-,ZNF343,GRCh37,cg07889201
1164,2,216177276,-,ATIC,GRCh37,cg01280080
1164,3,66550735,+,LRIG1,GRCh37,cg26131019
1164,8,22437193,-,PDLIM2;PDLIM2;PDLIM2,GRCh37,cg23696886
1164,22.0,45809454,-,SMC1B;RIBC2;SMC1B,GRCh37,cg18180155
1164,21,27542843,-,APP;APP;APP;APP;APP,GRCh37,cg13169373
1164,17,1587888,+,PRPF8,GRCh37,cg05903609
1164,3,195269834,-,PPP1R2,GRCh37,cg26360732
1164,4,6271136,+,WFS1;WFS1,GRCh37,cg25554036
1164,10,95462167,-,C10orf4;C10orf4,GRCh37,cg01154537
1165,19,51513611,+,KLK9,GRCh37,cg17031773
1166,1,231177201,-,FAM89A,GRCh37,cg16516400
1167,20,57581478,-,CTSZ,GRCh37,cg23679724
1168,4,71063474,-,ODAM,GRCh37,cg04570669
1169,12,2943902,-,NRIP2,GRCh37,cg00830029
1170,12,131439172,-,GPR133,GRCh37,cg06550629
1171,7,27282431,+,EVX1;EVX1,GRCh37,cg27626299
1171,7,27282351,+,EVX1;EVX1,GRCh37,cg18397523
1172,11,2016937,-,H19,GRCh37,cg11716026
1173,11,2890647,-,KCNQ1DN,GRCh37,cg04457979
1174,7,37959755,+,EPDR1,GRCh37,cg27641018
1175,12,93967711,-,SOCS2,GRCh37,cg06630241
1176,3,158390769,-,LXN;GFM1,GRCh37,cg08263647
1177,5,151784441,+,NMUR2,GRCh37,cg03914397
1178,1,235814039,+,GNG4;GNG4;GNG4;GNG4;GNG4,GRCh37,cg09649610
1179,11,112034801,-,IL18;IL18,GRCh37,cg11304234
1180,6,31938886,+,STK19;STK19;STK19;DOM3Z,GRCh37,cg01883966
1180,6,31938891,+,STK19;STK19;STK19;DOM3Z,GRCh37,cg24870273
1181,1,4715520,-,AJAP1;AJAP1,GRCh37,cg17525406
1182,1,85527879,+,WDR63,GRCh37,cg14254380
1183,1,47489195,-,CYP4X1,GRCh37,cg13158571
1183,1,47489539,+,CYP4X1,GRCh37,cg16689634
1184,5,140625237,-,PCDHB15,GRCh37,cg10757144
1185,4,6475156,+,PPP2R2C,GRCh37,cg07867360
1185,10,76868766,+,DUSP13;DUSP13;DUSP13;DUSP13,GRCh37,cg04834572
1185,12,69742232,-,LYZ,GRCh37,cg16097772
1185,20,2277040,-,TGM3,GRCh37,cg21611708
1185,1,17574330,-,PADI3,GRCh37,cg01459162
1185,1,17575607,+,PADI3;PADI3,GRCh37,cg12858514
1185,14,74027058,+,HEATR4,GRCh37,cg11378052
1185,9,136039706,-,GBGT1,GRCh37,cg18089000
1185,10,88428429,+,LDB3;LDB3;LDB3;LDB3;LDB3;LDB3;LDB3;LDB3;LDB3;LDB3;LDB3,GRCh37,cg12008118
1185,16,66994947,-,CES3,GRCh37,cg26538442
1185,11,2182376,+,INS-IGF2;INS-IGF2;INS,GRCh37,cg00613255
1185,19,8117671,-,CCL25,GRCh37,cg21274570
1185,17,7121881,-,ACADVL;DLG4;DLG4;ACADVL,GRCh37,cg21636577
1185,11,65362949,-,KCNK7;KCNK7;KCNK7;KCNK7,GRCh37,cg13179915
1185,11,120009682,-,TRIM29,GRCh37,cg11466837
1185,22.0,19512712,+,CLDN5;CLDN5;CLDN5;CLDN5,GRCh37,cg04463638
1185,10,111966029,+,MXI1,GRCh37,cg13017345
1185,6,39895671,-,MOCS1;MOCS1;MOCS1;MOCS1;MOCS1,GRCh37,cg03422350
1185,1,203144862,-,MYBPH,GRCh37,cg23609672
1185,1,159923525,-,SLAMF9;SLAMF9;SLAMF9,GRCh37,cg09737668
1185,1,46972736,+,DMBX1;DMBX1,GRCh37,cg08032971
1185,11,61685748,+,RAB3IL1,GRCh37,cg18573251
1185,9,140125311,-,SLC34A3,GRCh37,cg26681123
1185,1,42619163,-,GUCA2B,GRCh37,cg19728577
1185,19,47129337,+,PTGIR,GRCh37,cg11822964
1185,20,30407388,+,MYLK2,GRCh37,cg19961522
1185,10,82297793,-,SH2D4B;SH2D4B,GRCh37,cg08772206
1185,7,129985205,-,CPA5;CPA5;CPA5,GRCh37,cg11063110
1185,16,326615,-,RGS11;RGS11,GRCh37,cg21946698
1185,19,51890586,+,LIM2;LIM2,GRCh37,cg01500140
1185,9,135755363,+,C9orf98;C9orf9,GRCh37,cg03382797
1185,9,139871049,+,PTGDS,GRCh37,cg00563932
1185,1,230849519,+,AGT,GRCh37,cg22647018
1185,2,219247055,+,SLC11A1;SLC11A1,GRCh37,cg18854666
1185,19,39303775,+,LGALS4,GRCh37,cg06394229
1185,8,125741346,+,MTSS1,GRCh37,cg18939260
1185,1,110655292,-,UBL4B,GRCh37,cg24346637
1185,6,36972027,+,FGD2,GRCh37,cg00226923
1185,22.0,24890330,-,C22orf45;C22orf45;UPB1,GRCh37,cg10613381
1185,9,139228912,-,GPSM1;GPSM1,GRCh37,cg04305913
1185,20,44456151,-,TNNC2,GRCh37,cg08201421
1185,2,27720122,+,GCKR,GRCh37,cg20022122
1185,1,204655378,-,LRRN2;LRRN2,GRCh37,cg16456919
1185,19,5838999,+,FUT6;FUT6;FUT6;FUT6,GRCh37,cg00579402
1185,17,38859934,+,KRT24,GRCh37,cg24340657
1185,1,202091175,+,GPR37L1,GRCh37,cg22283058
1185,22.0,19513006,+,CLDN5;CLDN5,GRCh37,cg11450827
1185,2,242751796,-,NEU4;NEU4;NEU4;NEU4;NEU4,GRCh37,cg20791593
1185,19,51876788,+,NKG7,GRCh37,cg12916723
1185,4,40337443,+,CHRNA9,GRCh37,cg10375110
1185,19,36358783,+,APLP1;APLP1,GRCh37,cg11767711
1185,15,31394285,-,TRPM1,GRCh37,cg18085517
1186,4,72897613,+,NPFFR2;NPFFR2,GRCh37,cg26656113
1187,6,101846707,+,GRIK2;GRIK2;GRIK2,GRCh37,cg16009558
1188,1,171154612,-,FMO2,GRCh37,cg14721213
1189,2,136594866,+,LCT,GRCh37,cg26091981
1189,10,76597927,+,MYST4,GRCh37,cg20721467
1190,1,55266578,-,TTC22;TTC22,GRCh37,cg24697184
1191,3,10184319,+,VHL;VHL,GRCh37,cg16869108
1192,1,101702782,+,S1PR1,GRCh37,cg20166532
1192,10,85954622,+,PCDH21,GRCh37,cg16211684
1192,4,4389115,+,D4S234E;D4S234E,GRCh37,cg23239039
1192,17,48638703,-,CACNA1G;CACNA1G;CACNA1G;CACNA1G;CACNA1G;CACNA1G;CACNA1G;CACNA1G;CACNA1G;CACNA1G;CACNA1G;CACNA1G;CACNA1G;CACNA1G;CACNA1G;CACNA1G;CACNA1G;CACNA1G;CACNA1G;CACNA1G;CACNA1G;CACNA1G;CACNA1G;CACNA1G;CACNA1G;CACNA1G;CACNA1G;CACNA1G;CACNA1G;CACNA1G,GRCh37,cg11262815
1192,13,111766902,+,ARHGEF7;ARHGEF7;ARHGEF7,GRCh37,cg16427670
1192,9,131842738,-,DOLPP1;DOLPP1,GRCh37,cg01027739
1192,6,3228365,+,TUBB2B,GRCh37,cg23517605
1192,4,187476326,+,MTNR1A,GRCh37,cg10063179
1192,2,72374840,-,CYP26B1,GRCh37,cg04884908
1192,6,13925567,+,RNF182;RNF182;RNF182;RNF182;RNF182,GRCh37,cg09754413
1192,11,34378293,-,ABTB2,GRCh37,cg01888411
1192,5,52776694,-,FST;FST,GRCh37,cg07499072
1192,19,49576241,-,KCNA7,GRCh37,cg26450866
1192,21,27012176,+,JAM2,GRCh37,cg03382304
1192,22.0,20791733,-,SCARF2;SCARF2,GRCh37,cg23748737
1192,12,49372474,-,WNT1,GRCh37,cg21948783
1192,17,5026393,-,ZNF232;ZNF232,GRCh37,cg24680602
1193,8,132054555,-,,GRCh37,cg13912117
1194,17,68071302,+,KCNJ16;KCNJ16,GRCh37,cg26960719
1195,17,55980107,+,CUEDC1,GRCh37,cg15979932
1196,3,118892215,+,UPK1B,GRCh37,cg02019333
1197,12,44153853,-,IRAK4;PUS7L;IRAK4;PUS7L;PUS7L;IRAK4;IRAK4;IRAK4,GRCh37,cg27465569
1198,21.0,46358702,+,C21orf67;C21orf67;C21orf70,GRCh37,cg20884362
1199,1,244214679,+,ZNF238;ZNF238,GRCh37,cg23829949
1200,14,60976285,+,SIX6,GRCh37,cg19456540
1201,7,43351208,+,HECW1,GRCh37,cg17628717
1202,10,23217173,-,ARMC3,GRCh37,cg11710969
1202,10,23216727,+,ARMC3,GRCh37,cg11673092
1203,1,157746405,+,FCRL2,GRCh37,cg15761405
1204,8,125985883,+,ZNF572,GRCh37,cg12738197
1205,4,46996264,-,GABRA4,GRCh37,cg16358826
1206,11,67290853,+,CABP2;CABP2;CABP2;CABP2,GRCh37,cg00983899
1206,20,62178744,-,SRMS,GRCh37,cg03330516
1206,22.0,37608611,+,SSTR3,GRCh37,cg03389133
1206,22.0,31032613,+,SLC35E4,GRCh37,cg26233253
1206,10,135123006,-,ZNF511;TUBGCP2,GRCh37,cg07908874
1206,11,66084163,-,CD248,GRCh37,cg14027234
1206,17,39675154,-,KRT15;KRT15,GRCh37,cg11983245
1207,1,171810972,-,DNM3;DNM3,GRCh37,cg23391785
1208,19,41725332,-,AXL;AXL,GRCh37,cg14892768
1209,20,23029806,-,THBD,GRCh37,cg24562819
1210,20,43836061,+,SEMG1,GRCh37,cg04545516
1211,19,51226557,-,CLEC11A,GRCh37,cg13152535
1212,2,47798396,-,KCNK12,GRCh37,cg27320127
1213,16,87635784,+,JPH3,GRCh37,cg23040064
1214,20,44486710,+,ACOT8;ZSWIM3,GRCh37,cg08101264
1215,5,43411929,-,CCL28,GRCh37,cg23863670
1216,2,177016417,-,HOXD4,GRCh37,cg18750960
1217,1,6579915,-,PLEKHG5;PLEKHG5,GRCh37,cg22805308
1217,22.0,43506021,+,BIK,GRCh37,cg26453588
1217,16,84732969,+,USP10,GRCh37,cg01211097
1217,1,41248209,+,KCNQ4;KCNQ4,GRCh37,cg06885782
1217,10,88718393,+,SNCG;SNCG;MMRN2,GRCh37,cg21012874
1217,1,24514412,-,IL28RA;IL28RA;IL28RA,GRCh37,cg07509155
1217,21,45232232,-,LOC284837,GRCh37,cg00546897
1217,22.0,45681036,+,UPK3A;UPK3A,GRCh37,cg11523020
1217,14,104094619,+,KLC1;KLC1;KLC1,GRCh37,cg23090046
1217,4,37891834,+,TBC1D1,GRCh37,cg25608041
1217,8,98880860,-,MATN2;MATN2,GRCh37,cg10039928
1217,1,110036417,-,CYB561D1;CYB561D1;CYB561D1;CYB561D1;CYB561D1,GRCh37,cg17034109
1218,15,25201224,+,SNRPN;SNRPN;SNRPN;SNRPN;SNURF;SNURF;SNRPN,GRCh37,cg22555495
1218,15,25200253,-,SNRPN;SNRPN;SNRPN;SNRPN;SNURF;SNURF;SNRPN,GRCh37,cg18506672
1219,12,112452424,-,TMEM116;ERP29;ERP29,GRCh37,cg26789453
1220,7,19156086,+,TWIST1,GRCh37,cg20498685
1221,1,32281466,+,SPOCD1,GRCh37,cg15789095
1221,1,32281812,+,SPOCD1,GRCh37,cg17803965
1222,4,189060900,-,TRIML1,GRCh37,cg04086012
1223,3,2142391,+,CNTN4,GRCh37,cg10503138
1224,7,100472263,+,SRRT;SRRT;SRRT;SRRT,GRCh37,cg08558340
1225,4,85420782,+,NKX6-1,GRCh37,cg10539507
1226,1,248100600,+,OR2L13;OR2L13,GRCh37,cg20507276
1227,2,49382159,+,FSHR;FSHR,GRCh37,cg17327492
1228,12,6604190,+,NCAPD2,GRCh37,cg10383428
1229,1,111218276,-,KCNA3,GRCh37,cg03483626
1229,1,111218282,-,KCNA3,GRCh37,cg00995520
1230,9,21968233,-,CDKN2A;CDKN2A;CDKN2A,GRCh37,cg12840719
1231,21.0,43442940,+,C21orf121,GRCh37,cg18963171
1231,14,23285365,-,SLC7A7;SLC7A7;SLC7A7,GRCh37,cg18960218
1231,1,26698634,+,ZNF683;ZNF683,GRCh37,cg08109646
1231,17,45932641,-,SP6,GRCh37,cg27210136
1231,6,25830922,-,SLC17A1,GRCh37,cg03835296
1231,5,137420044,+,WNT8A,GRCh37,cg08603768
1231,2,69098272,-,BMP10,GRCh37,cg11308639
1231,5,76248637,-,CRHBP,GRCh37,cg21842274
1231,2,209029690,-,CRYGA,GRCh37,cg22386774
1231,2,44502740,+,SLC3A1,GRCh37,cg02192965
1231,3,119277821,-,CD80,GRCh37,cg21572897
1231,2,38177677,+,FAM82A1;FAM82A1;FAM82A1;FAM82A1;FAM82A1;FAM82A1,GRCh37,cg05761971
1231,2,128404486,+,GPR17;GPR17;LIMS2;LIMS2;LIMS2;GPR17;LIMS2;LIMS2;GPR17,GRCh37,cg15869022
1232,11,131780946,-,NTM;NTM;NTM;NTM;NTM;NTM;NTM,GRCh37,cg11965370
1232,11,131780332,-,NTM;NTM;NTM;NTM,GRCh37,cg20881910
1233,14,54423433,+,BMP4;BMP4;BMP4,GRCh37,cg14310034
1234,6,29796015,+,HLA-G,GRCh37,cg21529533
1235,12,49583496,-,TUBA1A,GRCh37,cg22064451
1236,15,74495354,+,STRA6;STRA6;STRA6;STRA6;STRA6;STRA6,GRCh37,cg00075967
1237,17,35293719,-,LHX1,GRCh37,cg07747970
1238,4,71337726,-,MUC7;MUC7;MUC7;MUC7,GRCh37,cg10189763
1239,5,140515207,+,PCDHB5,GRCh37,cg03349953
1240,12,25204672,+,LRMP,GRCh37,cg03521113
1241,4,84035953,+,PLAC8;PLAC8,GRCh37,cg19255783
1242,21,31588123,+,CLDN8,GRCh37,cg04052038
1243,1,223101848,-,DISP1;DISP1,GRCh37,cg10942056
1244,21,31986034,-,KRTAP6-1,GRCh37,cg03029616
1244,21.0,31970997,+,,GRCh37,cg19306866
1244,21.0,31913933,+,KRTAP19-6;KRTAP19-6,GRCh37,cg17503750
1244,21.0,31988616,+,KRTAP20-1,GRCh37,cg26565975
1244,21,31538549,-,CLDN17,GRCh37,cg13792279
1245,5,156608118,-,ITK,GRCh37,cg09453312
1246,19,3136710,-,GNA15,GRCh37,cg26482939
1247,15,23891048,+,MAGEL2,GRCh37,cg02982734
1247,12,4554295,-,FGF6,GRCh37,cg01731341
1247,4,155702220,-,RBM46,GRCh37,cg02992596
1247,12,131002386,-,RIMBP2;RIMBP2,GRCh37,cg09847584
1248,7,145814152,-,CNTNAP2,GRCh37,cg16254309
1249,1,42921584,-,PPCS;ZMYND12;ZMYND12;PPCS;ZMYND12,GRCh37,cg06346081
1250,17,26699551,-,SARM1,GRCh37,cg23887396
1251,12,9268379,-,A2M,GRCh37,cg12058490
1252,18,74961787,+,GALR1,GRCh37,cg10486998
1252,18,74961785,+,GALR1,GRCh37,cg15343119
1253,6,133084289,-,VNN2,GRCh37,cg10044101
1253,6,133084642,-,VNN2,GRCh37,cg17836145
1253,6,133035150,+,VNN1,GRCh37,cg00852964
1254,7,27170313,+,HOXA4,GRCh37,cg04317399
1254,7,27170994,+,HOXA4,GRCh37,cg24169822
1255,1,153283994,-,PGLYRP3,GRCh37,cg06275635
1256,6,27840068,+,HIST1H3I,GRCh37,cg12181621
1257,4,123748386,+,FGF2,GRCh37,cg25583174
1258,5,140474248,+,PCDHB2;PCDHB2,GRCh37,cg02260587
1259,4,93225960,-,GRID2,GRCh37,cg13549845
1260,18,12254024,+,CIDEA;CIDEA,GRCh37,cg19883905
1260,7,45961346,+,IGFBP3;IGFBP3,GRCh37,cg08831744
1260,11,125365138,-,FEZ1;FEZ1,GRCh37,cg19286604
1260,10,60936025,-,PHYHIPL;PHYHIPL,GRCh37,cg25946758
1260,17,32907939,+,TMEM132E;TMEM132E,GRCh37,cg18338311
1261,3,238161,-,CHL1,GRCh37,cg00903242
1262,4,163085081,-,FSTL5;FSTL5;FSTL5;FSTL5;FSTL5;FSTL5,GRCh37,cg22161476
1263,8,21882439,-,NPM2;NPM2,GRCh37,cg26401870
1264,1,207277210,+,C4BPA,GRCh37,cg11070419
1265,3,51895618,+,IQCF2,GRCh37,cg10691387
1266,8,42623946,-,CHRNA6,GRCh37,cg07906724
1267,6,90603803,+,GJA10,GRCh37,cg08947964
1268,17,46806935,+,HOXB13,GRCh37,cg15786837
1269,12,116971031,+,NCRNA00173;NCRNA00173,GRCh37,cg00297584
1270,18,58039530,-,MC4R,GRCh37,cg02037013
1271,11,71955547,+,PHOX2A,GRCh37,cg08876932
1272,17,80186080,+,SLC16A3;SLC16A3,GRCh37,cg18345635
1272,12,110172208,-,MGC14436;MGC14436;C12orf34,GRCh37,cg01335367
1272,17,76128906,+,TMC8;TMC6,GRCh37,cg16301617
1272,12,100750811,-,SLC17A8;SLC17A8,GRCh37,cg06563300
1272,9,22005563,-,CDKN2BAS;CDKN2B;CDKN2B,GRCh37,cg08390209
1272,19,10397780,+,ICAM4;ICAM4;ICAM4,GRCh37,cg21494776
1272,2,233352936,+,ECEL1,GRCh37,cg25431974
1272,19,3178759,-,S1PR4,GRCh37,cg20583073
1272,16,30041760,-,FAM57B,GRCh37,cg13271951
1272,17,80186273,-,SLC16A3;SLC16A3,GRCh37,cg14417329
1272,19,4559799,+,SEMA6B,GRCh37,cg12941931
1272,6,10060938,+,,GRCh37,cg27631817
1272,20,62681428,-,SOX18,GRCh37,cg26825412
1272,20,62367805,-,LIME1,GRCh37,cg06653796
1273,2,234958715,-,SPP2,GRCh37,cg19099213
1274,4,52917271,+,SPATA18,GRCh37,cg03103192
1275,20,52790139,-,CYP24A1;CYP24A1;CYP24A1;CYP24A1,GRCh37,cg18956481
1276,8,144120106,-,C8orf31,GRCh37,cg07770222
1277,17,3461143,+,TRPV3;TRPV3,GRCh37,cg05790038
1278,10,97515372,+,ENTPD1;ENTPD1;ENTPD1;ENTPD1;ENTPD1;ENTPD1;ENTPD1,GRCh37,cg04451770
1279,4,68424495,+,STAP1;STAP1,GRCh37,cg12879425
1279,16,30393854,-,SEPT1,GRCh37,cg19663795
1279,1,203734256,-,LAX1;LAX1,GRCh37,cg10117369
1279,15,45028098,+,TRIM69;TRIM69,GRCh37,cg05439368
1279,9,134151519,+,FAM78A,GRCh37,cg17936488
1279,12,47610220,-,FAM113B;FAM113B;LOC100233209,GRCh37,cg05596756
1279,14,100531591,-,EVL,GRCh37,cg18621299
1279,4,37585993,+,C4orf19;C4orf19;C4orf19,GRCh37,cg04301614
1279,17,59532826,+,TBX4,GRCh37,cg03866607
1279,1,207095668,+,FAIM3;FAIM3;FAIM3,GRCh37,cg17460386
1279,1,26644515,-,UBXN11;CD52,GRCh37,cg16068833
1279,12,25205468,+,LRMP;LRMP,GRCh37,cg10150530
1280,18,2847309,+,EMILIN2,GRCh37,cg09009111
1281,17,34329899,+,CCL14-CCL15;CCL15;CCL14-CCL15,GRCh37,cg26548883
1281,17,34313637,-,CCL14;CCL14;CCL14-CCL15;CCL14-CCL15,GRCh37,cg09256683
1282,8,41167848,-,SFRP1,GRCh37,cg06166767
1283,11,796069,+,SLC25A22;SLC25A22,GRCh37,cg02973416
1283,11,796421,+,SLC25A22,GRCh37,cg10970251
1284,19,50433949,-,NUP62;NUP62;IL4I1;ATF5;NUP62;NUP62,GRCh37,cg04315771
1285,18,7117680,+,LAMA1,GRCh37,cg07846220
1286,14,63671737,+,RHOJ,GRCh37,cg18771300
1287,4,139162808,-,SLC7A11,GRCh37,cg06690548
1288,1,205012130,+,CNTN2,GRCh37,cg03732545
1288,1,205012569,+,CNTN2,GRCh37,cg17860158
1288,17,29719312,+,RAB11FIP4,GRCh37,cg10149836
1289,7,150264987,-,GIMAP4,GRCh37,cg00323915
1290,21.0,34774627,-,IFNGR2,GRCh37,cg17356733
1291,3,161090798,-,C3orf57,GRCh37,cg18919097
1292,19,17634172,+,FAM129C;FAM129C;FAM129C;FAM129C,GRCh37,cg06305609
1293,13,95364908,+,SOX21,GRCh37,cg19063972
1294,20,23015906,-,SSTR4,GRCh37,cg17586860
1295,19,675390,+,FSTL3,GRCh37,cg23260026
1296,1,152973957,-,SPRR3;SPRR3,GRCh37,cg25856811
1297,18,49867273,-,DCC,GRCh37,cg23242898
1298,15,81475638,-,,GRCh37,cg01001286
1299,12,33593177,-,SYT10,GRCh37,cg23950724
1300,20,58630315,+,C20orf197,GRCh37,cg09076077
1301,10,51572313,-,NCOA4;NCOA4;NCOA4;NCOA4,GRCh37,cg24035962
1301,10,51572496,-,NCOA4;NCOA4;NCOA4;NCOA4,GRCh37,cg14450605
1302,7,117512803,-,CTTNBP2,GRCh37,cg27603796
1303,17,43139717,-,NMT1;DCAKD,GRCh37,cg09214551
1304,18,28742633,+,DSC1;DSC1;DSC1;DSC1,GRCh37,cg18356799
1305,1,207119784,+,PIGR;PIGR,GRCh37,cg02105856
1306,8,139164635,+,FAM135B,GRCh37,cg06276653
1307,19,2428514,-,LMNB2;TIMM13,GRCh37,cg03870261
1308,13,78315584,+,SLAIN1;SLAIN1,GRCh37,cg08504583
1309,1,54520450,-,C1orf83;TMEM59,GRCh37,cg20793071
1310,4,110354354,-,SEC24B;SEC24B,GRCh37,cg21818252
1310,7,94138743,+,CASD1,GRCh37,cg21974766
1310,17,53828387,+,PCTP;PCTP;PCTP;PCTP,GRCh37,cg12744185
1310,9,88969928,-,ZCCHC6,GRCh37,cg05065037
1310,8,11726094,+,CTSB;CTSB;CTSB;CTSB;CTSB,GRCh37,cg18787975
1310,6,47277552,+,TNFRSF21;TNFRSF21,GRCh37,cg22464186
1310,16,89989024,-,TUBB3,GRCh37,cg15669092
1310,3,32147877,-,GPD1L,GRCh37,cg05662500
1310,5,141303900,+,KIAA0141;KIAA0141,GRCh37,cg08587542
1310,13,58206036,-,PCDH17;PCDH17,GRCh37,cg14893163
1310,8,25316196,+,KCTD9;CDCA2,GRCh37,cg14332079
1310,1,32230235,+,BAI2,GRCh37,cg01653445
1310,14,38064112,+,FOXA1,GRCh37,cg11260422
1310,4,99064904,+,C4orf37,GRCh37,cg17366294
1310,1,153700021,+,INTS3,GRCh37,cg07688613
1310,18,9708454,-,RAB31,GRCh37,cg04274487
1310,15,42566375,-,TMEM87A;GANC;GANC;TMEM87A,GRCh37,cg04999036
1310,5,122372942,-,PPIC,GRCh37,cg05389183
1310,6,33169019,-,SLC39A7;SLC39A7;RXRB;SLC39A7,GRCh37,cg25535027
1310,11,120196505,+,TMEM136,GRCh37,cg26145103
1310,16,18995173,-,TMC7;TMC7,GRCh37,cg21982518
1310,5,115910729,-,SEMA6A,GRCh37,cg12928668
1310,2,70781576,+,TGFA;TGFA,GRCh37,cg22425806
1310,17,40170084,+,DNAJC7;DNAJC7;DNAJC7;NKIRAS2,GRCh37,cg06708560
1310,15,76603992,+,ETFA;ETFA,GRCh37,cg09514589
1310,2,242499012,-,BOK,GRCh37,cg03600687
1310,20,3869033,+,PANK2;PANK2;PANK2,GRCh37,cg09049660
1310,5,43557751,-,PAIP1;PAIP1;PAIP1,GRCh37,cg14865516
1310,6,146864520,+,RAB32,GRCh37,cg20098887
1310,15,71184590,-,LRRC49;THAP10,GRCh37,cg05764376
1310,10,72971961,+,UNC5B,GRCh37,cg05871136
1310,11,66103925,+,RIN1;RIN1,GRCh37,cg05998426
1310,18,12308812,-,TUBB6,GRCh37,cg22467216
1310,6,83073156,-,TPBG;TPBG;TPBG,GRCh37,cg12864853
1310,14,38064490,-,FOXA1,GRCh37,cg03026462
1310,9,139333297,-,INPP5E,GRCh37,cg18285951
1310,14,34419832,+,EGLN3,GRCh37,cg05769169
1310,12,56882324,-,GLS2,GRCh37,cg14679587
1310,6,39693228,-,KIF6,GRCh37,cg18191162
1310,2,209120308,+,IDH1,GRCh37,cg07915542
1310,16,57570777,-,CCDC102A,GRCh37,cg20687462
1310,16,1429015,-,UNKL,GRCh37,cg26728422
1310,1,156647259,+,NES,GRCh37,cg12356261
1310,8,1772393,+,ARHGEF10,GRCh37,cg14681767
1310,1,160069052,+,IGSF8,GRCh37,cg02032115
1310,2,158485762,-,ACVR1C;ACVR1C;ACVR1C,GRCh37,cg05010623
1310,5,138775214,+,DNAJC18,GRCh37,cg23261102
1310,21.0,42540409,+,BACE2;BACE2;BACE2,GRCh37,cg25906419
1310,12,116971500,-,NCRNA00173;NCRNA00173,GRCh37,cg20057066
1310,11,369875,-,B4GALNT4,GRCh37,cg16004226
1310,1,75198818,+,TYW3;CRYZ;TYW3;CRYZ;CRYZ;CRYZ;TYW3;CRYZ;CRYZ;CRYZ;CRYZ,GRCh37,cg26855724
1310,8,133687929,+,LRRC6,GRCh37,cg16551261
1310,14,23479657,-,C14orf93;C14orf93;C14orf93,GRCh37,cg14386691
1310,4,186393269,+,CCDC110;CCDC110,GRCh37,cg02545106
1310,1,100435258,+,SLC35A3,GRCh37,cg06426831
1310,5,68628431,-,,GRCh37,cg15003158
1310,2,121102432,-,INHBB,GRCh37,cg23397015
1310,5,57755798,-,PLK2;PLK2,GRCh37,cg14225544
1310,16,54965089,+,IRX5,GRCh37,cg05362516
1310,5,16936868,+,MYO10,GRCh37,cg19796273
1310,20,21106097,-,PLK1S1;PLK1S1;PLK1S1,GRCh37,cg20043466
1310,2,86565038,+,REEP1;REEP1;REEP1;REEP1,GRCh37,cg01968178
1310,11,117102463,-,RNF214;PCSK7;RNF214,GRCh37,cg12082129
1310,5,7396491,+,ADCY2,GRCh37,cg03663215
1310,17,72427563,+,GPRC5C,GRCh37,cg07789083
1310,14,37641600,+,SLC25A21;SLC25A21;SLC25A21;LOC100129794;SLC25A21,GRCh37,cg03611555
1310,2,69240754,+,ANTXR1;ANTXR1;ANTXR1,GRCh37,cg04801003
1310,12,568798,+,B4GALNT3,GRCh37,cg11065385
1310,11,58873955,-,FAM111B;FAM111B;FAM111B,GRCh37,cg21833459
1310,17,7197375,+,YBX2,GRCh37,cg00901493
1310,10,112837240,+,ADRA2A;ADRA2A,GRCh37,cg26926521
1310,19,41699364,-,CYP2S1,GRCh37,cg17914753
1310,4,77227123,-,STBD1,GRCh37,cg17010112
1310,18,60985645,-,BCL2;BCL2,GRCh37,cg17602451
1310,4,7941823,+,AFAP1;AFAP1,GRCh37,cg15957394
1310,19,17531148,+,FAM125A,GRCh37,cg14147105
1310,4,48019347,-,NIPAL1,GRCh37,cg25084525
1310,11,65657822,+,CCDC85B,GRCh37,cg05339305
1310,7,50860564,+,GRB10,GRCh37,cg06790324
1310,11,78129396,+,GAB2,GRCh37,cg06023257
1310,1,24645850,-,GRHL3,GRCh37,cg15050111
1310,16,88730440,+,MGC23284;MVD;MGC23284,GRCh37,cg21910663
1310,4,30721353,+,PCDH7;PCDH7;PCDH7,GRCh37,cg24219058
1310,8,97505868,-,SDC2,GRCh37,cg25070637
1310,9,91150159,-,NXNL2;NXNL2;NXNL2;NXNL2,GRCh37,cg00755043
1310,6,146864529,+,RAB32,GRCh37,cg14889768
1310,1,166945157,+,ILDR2,GRCh37,cg15965055
1310,17,78194695,+,SLC26A11;SLC26A11;SLC26A11;SGSH;SLC26A11,GRCh37,cg24838010
1310,6,43138185,-,SRF,GRCh37,cg22232206
1310,9,72287152,-,APBA1;APBA1,GRCh37,cg15840658
1310,1,161147597,-,B4GALT3,GRCh37,cg03522910
1310,9,140094281,-,C9orf75;C9orf75,GRCh37,cg03041841
1310,14,105647194,-,NUDT14,GRCh37,cg00105253
1310,4,38666773,-,FLJ13197;KLF3,GRCh37,cg00033516
1310,13,33859636,+,STARD13,GRCh37,cg12532500
1310,1,55352301,-,DHCR24,GRCh37,cg10073091
1310,4,84406624,+,FAM175A,GRCh37,cg02782630
1310,19,3606757,-,TBXA2R;TBXA2R;TBXA2R;TBXA2R,GRCh37,cg09998229
1310,10,35930479,-,FZD8,GRCh37,cg12914362
1310,5,131347773,-,ACSL6;ACSL6,GRCh37,cg19986872
1310,2,65284262,+,CEP68,GRCh37,cg05010058
1310,14,78266229,-,ADCK1;ADCK1,GRCh37,cg24987170
1310,5,138609953,-,SNHG4;MATR3,GRCh37,cg06302803
1310,6,53214008,-,ELOVL5,GRCh37,cg00024396
1310,13,110438937,+,IRS2,GRCh37,cg25802424
1310,6,42419466,-,TRERF1,GRCh37,cg19839588
1310,14,33407765,+,NPAS3;NPAS3;NPAS3;NPAS3,GRCh37,cg14939652
1310,19,45873313,-,ERCC2;ERCC2,GRCh37,cg06245154
1310,17,48046738,-,DLX4;DLX4,GRCh37,cg03072378
1310,19,9946560,+,PIN1,GRCh37,cg02615157
1310,1,71513626,-,PTGER3;PTGER3;PTGER3;PTGER3;PTGER3;PTGER3;PTGER3;PTGER3;PTGER3;PTGER3,GRCh37,cg12739034
1310,1,156542480,+,IQGAP3,GRCh37,cg12124478
1310,19,12901966,+,JUNB,GRCh37,cg20750215
1310,4,39047037,+,KLHL5;KLHL5,GRCh37,cg20530223
1310,7,73704324,+,CLIP2;CLIP2,GRCh37,cg21265783
1310,2,24269866,-,C2orf44;C2orf44,GRCh37,cg23118151
1310,17,53828515,-,PCTP;PCTP;PCTP,GRCh37,cg21218636
1310,9,505235,-,KANK1,GRCh37,cg26381783
1310,20,33543028,-,GSS,GRCh37,cg08743392
1310,19,57106501,+,ZNF71,GRCh37,cg17136126
1310,11,57283450,-,SLC43A1,GRCh37,cg26624118
1310,12,54411193,+,HOXC4;HOXC5;HOXC4;HOXC6;HOXC6,GRCh37,cg10918927
1310,11,10563039,+,RNF141,GRCh37,cg15563382
1310,15,84116107,-,SH3GL3;SH3GL3;SH3GL3,GRCh37,cg22946150
1310,5,11904015,+,CTNND2;CTNND2,GRCh37,cg25302419
1310,2,26205095,+,KIF3C;KIF3C,GRCh37,cg07596494
1310,1,108507468,-,VAV3,GRCh37,cg24662718
1310,3,37903684,+,CTDSPL;CTDSPL;CTDSPL;CTDSPL,GRCh37,cg11171719
1310,1,24646191,+,GRHL3,GRCh37,cg16155382
1310,19,33463305,+,C19orf40;CCDC123,GRCh37,cg16174234
1310,10,11783974,+,ECHDC3,GRCh37,cg23960723
1310,11,65292300,-,SCYL1;SCYL1,GRCh37,cg10628098
1310,1,27021704,+,ARID1A;ARID1A,GRCh37,cg17385674
1310,17,39942930,+,JUP;JUP;JUP;JUP,GRCh37,cg13784792
1310,20,4129337,-,SMOX;SMOX;SMOX;SMOX,GRCh37,cg15579370
1310,11,12131739,+,MICAL2,GRCh37,cg22967016
1310,12,108155205,-,PRDM4,GRCh37,cg25995916
1310,9,130661175,-,ST6GALNAC6,GRCh37,cg04460372
1310,19,52551618,-,ZNF432,GRCh37,cg13540795
1310,3,143691269,-,C3orf58;C3orf58,GRCh37,cg16338035
1310,17,35850659,+,DUSP14,GRCh37,cg09234474
1310,15,75917792,-,SNUPN;SNUPN;SNUPN,GRCh37,cg13794888
1310,12,82752887,+,CCDC59;CCDC59;C12orf26,GRCh37,cg13159566
1310,20,10015419,+,ANKRD5;ANKRD5,GRCh37,cg06289589
1310,22.0,45809793,-,SMC1B;RIBC2,GRCh37,cg23503501
1310,3,44666362,+,ZNF197;ZNF197,GRCh37,cg24130043
1310,2,40006561,+,THUMPD2;THUMPD2,GRCh37,cg20224517
1310,15,40213409,-,GPR176,GRCh37,cg15307268
1310,13,61989737,+,PCDH20,GRCh37,cg15182360
1310,7,111202755,-,IMMP2L,GRCh37,cg16218254
1310,14,51135466,-,SAV1,GRCh37,cg03063797
1310,2,122042701,-,TFCP2L1;TFCP2L1,GRCh37,cg02906238
1310,14,95786621,-,CLMN,GRCh37,cg21339926
1310,6,97731400,-,MIR548H3;C6orf167,GRCh37,cg03108701
1310,1,155024281,-,ADAM15;ADAM15;ADAM15;ADAM15;ADAM15;ADAM15,GRCh37,cg03379131
1310,14,37667230,-,MIPOL1;MIPOL1,GRCh37,cg10644361
1310,19,45505543,+,RELB,GRCh37,cg24511869
1310,7,112430772,+,TMEM168,GRCh37,cg13391638
1310,7,94536986,+,PPP1R9A;PPP1R9A;PPP1R9A;PPP1R9A,GRCh37,cg16872560
1310,7,20370899,-,ITGB8;ITGB8,GRCh37,cg17864730
1310,1,1823305,+,GNB1,GRCh37,cg12150066
1310,6,6320889,+,F13A1;F13A1,GRCh37,cg14047667
1310,1,43312486,+,ZNF691,GRCh37,cg19552482
1310,14,96505448,+,C14orf132,GRCh37,cg19070873
1310,5,16935888,+,MYO10,GRCh37,cg07862358
1310,15,80697029,+,ARNT2,GRCh37,cg17788682
1310,6,10415232,-,TFAP2A;TFAP2A;TFAP2A,GRCh37,cg12439899
1310,17,29421607,-,NF1;NF1;NF1,GRCh37,cg22289810
1310,12,88974161,-,KITLG;KITLG;KITLG;KITLG,GRCh37,cg25741452
1310,3,53879950,-,IL17RB;CHDH,GRCh37,cg07356771
1310,4,87515184,-,PTPN13;PTPN13;PTPN13;PTPN13,GRCh37,cg12647643
1310,6,30043597,+,RNF39;RNF39;RNF39;RNF39,GRCh37,cg26014796
1310,11,12132611,+,MICAL2,GRCh37,cg12422683
1311,17,64226103,-,APOH,GRCh37,cg19058765
1311,17,64225346,+,APOH,GRCh37,cg17095279
1311,12,10331666,+,C12orf59;C12orf59,GRCh37,cg26718420
1312,7,20827825,+,SP8;SP8,GRCh37,cg20377955
1313,6,160182438,+,ACAT2,GRCh37,cg15298323
1314,13,100623942,-,ZIC5;ZIC5,GRCh37,cg02600430
1315,17,46655164,+,HOXB4,GRCh37,cg25145670
1316,11,128737319,+,KCNJ1;KCNJ1;KCNJ1;KCNJ1,GRCh37,cg14481339
1317,1,15427654,-,KIAA1026,GRCh37,cg17657618
1318,1,34632585,+,C1orf94;CSMD2,GRCh37,cg05382123
1319,8,114449011,-,CSMD3;CSMD3,GRCh37,cg06821993
1320,12,111843215,-,SH2B3,GRCh37,cg03799530
1321,11,68781976,+,MRGPRF;MRGPRF,GRCh37,cg22986999
1321,14,23878195,-,MYH6,GRCh37,cg21301148
1321,17,7018416,-,ASGR2;ASGR2;ASGR2;ASGR2,GRCh37,cg12951282
1321,19,6772688,+,VAV1,GRCh37,cg26571739
1321,2,219744597,-,WNT10A,GRCh37,cg19868691
1322,2,204571146,-,CD28,GRCh37,cg02099418
1323,11,122709471,-,CRTAM,GRCh37,cg10977115
1324,22.0,29875947,+,NEFH,GRCh37,cg16042149
1325,1,149889364,+,SV2A;SV2A,GRCh37,cg01705587
1326,1,160832662,+,CD244;CD244;CD244;CD244;CD244;CD244,GRCh37,cg10106388
1327,20,44167974,-,WFDC6,GRCh37,cg24765446
1328,17,41003155,-,AOC3,GRCh37,cg09040752
1328,12,7055153,+,PTPN6;C12orf57,GRCh37,cg22335340
1328,2,242126680,+,ANO7;ANO7,GRCh37,cg19372178
1329,1,156646653,+,NES,GRCh37,cg21838334
1330,9,97356092,-,FBP2,GRCh37,cg20356482
1331,11,4719138,-,OR51E2,GRCh37,cg25322008
1332,8,125984927,+,ZNF572,GRCh37,cg23968383
1333,7,130125836,+,MEST,GRCh37,cg02490034
1334,18,49866548,+,DCC;DCC,GRCh37,cg21669679
1335,14,24600067,-,FITM1,GRCh37,cg22918700
1335,6,108093511,+,SCML4,GRCh37,cg02790471
1335,18,8717926,+,KIAA0802,GRCh37,cg07955887
1335,18,5293279,-,ZFP161;ZFP161;ZFP161,GRCh37,cg04319097
1335,19,36524208,+,CLIP3,GRCh37,cg00819362
1335,1,7913081,-,UTS2;UTS2;UTS2,GRCh37,cg10500283
1335,11,62474910,-,BSCL2;GNG3;BSCL2;BSCL2;BSCL2,GRCh37,cg20342105
1335,11,8964505,+,ASCL3,GRCh37,cg18920846
1335,3,98251294,-,GPR15,GRCh37,cg19859270
1335,4,146559547,+,MMAA,GRCh37,cg25421002
1335,6,125304496,+,RNF217,GRCh37,cg20034100
1335,7,139528673,-,TBXAS1;TBXAS1;TBXAS1;TBXAS1;TBXAS1;TBXAS1,GRCh37,cg14116596
1335,1,55107421,-,C1orf175;C1orf175,GRCh37,cg06007645
1335,7,76038785,-,SRCRB4D;SRCRB4D;ZP3,GRCh37,cg13594711
1335,2,39104195,+,MORN2;DHX57,GRCh37,cg19690101
1335,10,71029644,+,HK1;HK1;HK1,GRCh37,cg16001913
1336,16,68118822,+,NFATC3;NFATC3;NFATC3;NFATC3,GRCh37,cg18711066
1337,17,46800639,-,C17orf93;PRAC,GRCh37,cg01543654
1338,3,27763737,+,EOMES,GRCh37,cg12858460
1339,7,142985019,-,TMEM139;CASP2;CASP2,GRCh37,cg09243021
1340,4,68995995,+,TMPRSS11F,GRCh37,cg02936740
1341,6,31583458,+,AIF1;AIF1;AIF1,GRCh37,cg21440587
1341,20,35274715,-,SLA2;SLA2,GRCh37,cg00714377
1342,13,23754937,+,SGCG,GRCh37,cg07126559
1343,7,41743001,-,LOC285954;LOC285954;INHBA,GRCh37,cg16415646
1344,3,12200236,-,TIMP4;SYN2;SYN2,GRCh37,cg25982743
1345,19,30863260,-,ZNF536,GRCh37,cg26116551
1346,20,5891786,-,CHGB,GRCh37,cg07642638
1347,5,150603169,+,CCDC69,GRCh37,cg08317263
1348,15,76016335,+,ODF3L1;ODF3L1,GRCh37,cg00622552
1348,11,9113458,+,SCUBE2;SCUBE2,GRCh37,cg19237879
1348,3,184972145,-,EHHADH;EHHADH,GRCh37,cg11935638
1348,1,246728727,-,CNST;TFB2M;CNST,GRCh37,cg14460735
1348,1,48937250,+,SPATA6,GRCh37,cg09704415
1348,11,3186804,-,OSBPL5;OSBPL5;OSBPL5,GRCh37,cg20345446
1348,20,61848099,-,YTHDF1,GRCh37,cg24092253
1348,3,89156478,-,EPHA3;EPHA3,GRCh37,cg18055394
1348,14,90420569,-,C14orf143,GRCh37,cg12624641
1348,6,110300146,-,GPR6,GRCh37,cg12800028
1348,12,133463607,+,CHFR;CHFR;CHFR;CHFR;CHFR,GRCh37,cg17387870
1348,3,57094763,+,SPATA12;ARHGEF3;SPATA12,GRCh37,cg13745870
1348,13,24144985,+,TNFRSF19;TNFRSF19,GRCh37,cg00504595
1348,1,181057360,-,IER5,GRCh37,cg13228642
1348,9,115912974,-,SLC31A2,GRCh37,cg05706061
1348,9,114362249,-,PTGR1;PTGR1;PTGR1,GRCh37,cg23964386
1348,22.0,38071677,+,LGALS1;LGALS1,GRCh37,cg19853760
1348,7,12726089,+,ARL4A;ARL4A;ARL4A,GRCh37,cg09259772
1348,14,55035215,-,SAMD4A;SAMD4A,GRCh37,cg24256211
1348,3,50606289,+,HEMK1;C3orf18,GRCh37,cg14035045
1348,21.0,40722023,-,HMGN1,GRCh37,cg18829411
1348,14,92414425,-,FBLN5,GRCh37,cg14974772
1348,19,37825309,+,HKR1,GRCh37,cg14166009
1348,5,118787966,+,HSD17B4,GRCh37,cg09486093
1348,20,6035139,+,LRRN4,GRCh37,cg01869233
1348,1,155292227,+,RUSC1;C1orf104;RUSC1;RUSC1,GRCh37,cg10057065
1348,16,4165515,+,ADCY9,GRCh37,cg03945800
1348,2,27718498,-,FNDC4;GCKR,GRCh37,cg20229788
1348,12,58005758,-,GEFT;GEFT,GRCh37,cg02364642
1348,3,185217130,+,TMEM41A,GRCh37,cg11285843
1348,11,65687892,-,C11orf68;DRAP1;C11orf68,GRCh37,cg10467098
1348,3,3221728,+,CRBN,GRCh37,cg01892727
1348,11,818917,+,PNPLA2;PNPLA2,GRCh37,cg22016649
1348,12,56222881,+,DNAJC14,GRCh37,cg11380624
1348,2,237478664,-,CXCR7,GRCh37,cg03626672
1348,8,99838488,-,STK3,GRCh37,cg20673075
1348,9,21801897,-,MTAP,GRCh37,cg25162921
1348,1,92545650,+,BTBD8,GRCh37,cg26580095
1348,12,122687758,-,LRRC43;B3GNT4;LRRC43,GRCh37,cg19535609
1349,21.0,43619651,+,ABCG1;ABCG1,GRCh37,cg14982472
1350,2,36582038,+,CRIM1,GRCh37,cg00850538
1351,15,51973460,+,SCG3;SCG3,GRCh37,cg26929536
1352,15,76628725,+,ISL2,GRCh37,cg02831604
1353,9,137772886,+,FCN2;FCN2,GRCh37,cg11884243
1353,9,137809628,-,FCN1,GRCh37,cg06244417
1354,13,79177516,-,POU4F1;POU4F1,GRCh37,cg08097882
1355,2,99342685,-,MGAT4A,GRCh37,cg14902389
1356,1,43834757,+,ELOVL1,GRCh37,cg16858125
1357,3,21792434,+,ZNF385D;ZNF385D,GRCh37,cg18267381
1358,17,1933153,-,DPH1,GRCh37,cg11516377
1359,6,10882238,-,GCM2,GRCh37,cg09829319
1360,11,124805538,+,HEPACAM,GRCh37,cg06142324
1361,18,12307630,+,TUBB6,GRCh37,cg07307078
1362,9,975856,+,DMRT3,GRCh37,cg26489108
1363,15,25296464,+,SNORD116-1,GRCh37,cg13994177
1363,15,25230421,+,PAR5,GRCh37,cg07478122
1364,20,24449865,+,TMEM90B;TMEM90B,GRCh37,cg16098981
1365,4,90757533,+,SNCA;SNCA;SNCA;SNCA,GRCh37,cg26578617
1366,16,230341,-,HBQ1;HBQ1,GRCh37,cg07703401
1367,4,81952008,+,BMP3,GRCh37,cg01049530
1368,1,101004474,-,GPR88,GRCh37,cg10298815
1369,1,110210684,+,GSTM2;GSTM2;GSTM2;GSTM2,GRCh37,cg03070194
1370,1,21836138,+,ALPL,GRCh37,cg20645065
1371,1,60539671,+,C1orf87,GRCh37,cg09851465
1372,12,51420474,+,SLC11A2,GRCh37,cg16362133
1372,6,43043786,+,PTK7;PTK7;PTK7;PTK7,GRCh37,cg08747889
1372,5,122110491,+,SNX2,GRCh37,cg17425616
1372,3,196756875,+,MFI2;MFI2,GRCh37,cg20744464
1372,20,55966053,-,RBM38;RBM38,GRCh37,cg26453670
1372,15,90294640,+,MESP1,GRCh37,cg01294695
1372,8,104310713,-,FZD6;FZD6;FZD6;FZD6,GRCh37,cg24115571
1372,6,16238547,-,GMPR,GRCh37,cg25457331
1372,20,25566382,-,NINL,GRCh37,cg17729667
1372,22.0,23487383,+,RAB36,GRCh37,cg13894021
1372,4,39045816,+,KLHL5;KLHL5,GRCh37,cg19906926
1372,1,6296335,-,ICMT,GRCh37,cg17992056
1372,10,45455500,+,RASSF4,GRCh37,cg17324128
1372,11,120110701,-,POU2F3,GRCh37,cg19363546
1372,15,66648688,-,TIPIN,GRCh37,cg22492020
1372,11,536299,+,HRAS;HRAS;LRRC56;HRAS,GRCh37,cg06921282
1372,7,50861549,+,GRB10,GRCh37,cg15774495
1372,4,87813935,+,C4orf36,GRCh37,cg11277230
1372,4,86396096,-,ARHGAP24,GRCh37,cg01418124
1372,2,208393829,+,CREB1;CREB1,GRCh37,cg10723020
1372,4,110480828,-,CCDC109B,GRCh37,cg03005261
1373,22.0,36044226,-,APOL6,GRCh37,cg09432376
1374,8,24298771,+,ADAM7,GRCh37,cg05847038
1375,17,32645748,+,CCL8,GRCh37,cg27000831
1376,4,74702728,-,CXCL6,GRCh37,cg25432696
1377,16,85932853,-,IRF8,GRCh37,cg24826867
1378,11,134145940,-,GLB1L3,GRCh37,cg25999867
1379,12,8975196,-,A2ML1;A2ML1,GRCh37,cg03490200
1379,12,8975309,-,A2ML1,GRCh37,cg27653134
1380,19,48216402,+,EHD2,GRCh37,cg26036443
1381,17,56359578,-,MPO,GRCh37,cg04988978
1381,22.0,37403802,+,C22orf33;C22orf33;C22orf33;C22orf33,GRCh37,cg17699374
1382,19,17905332,-,B3GNT3,GRCh37,cg23771661
1383,11,68609747,+,CPT1A;CPT1A,GRCh37,cg19596755
1384,5,151150431,-,G3BP1;G3BP1,GRCh37,cg20775840
1384,19,49867114,+,DKKL1;DKKL1;TEAD2,GRCh37,cg21589115
1384,1,201368946,-,LAD1,GRCh37,cg25947945
1384,5,2752882,-,IRX2;IRX2;C5orf38,GRCh37,cg26504021
1384,11,126152357,+,TIRAP;TIRAP,GRCh37,cg26202340
1384,2,237477359,-,CXCR7,GRCh37,cg18694780
1384,17,56609687,+,SEPT4;SEPT4,GRCh37,cg16220183
1384,11,44087423,-,ACCS;ACCS,GRCh37,cg20240860
1384,17,18162315,+,FLII,GRCh37,cg18804206
1384,4,178364342,+,AGA,GRCh37,cg00398048
1384,1,244213358,-,ZNF238,GRCh37,cg02497700
1384,10,131265073,+,MGMT,GRCh37,cg25946389
1384,22.0,41033637,+,MKL1,GRCh37,cg06594008
1384,16,18813519,+,ARL6IP1,GRCh37,cg11879577
1384,11,3819539,-,PGAP2;PGAP2;NUP98;PGAP2;PGAP2;NUP98;NUP98;NUP98;PGAP2,GRCh37,cg21245372
1384,14,23834808,+,EFS;EFS;EFS;EFS,GRCh37,cg17606785
1384,3,8811437,-,OXTR,GRCh37,cg25140571
1384,1,26758228,-,DHDDS;DHDDS,GRCh37,cg06577005
1384,17,67323953,+,ABCA5,GRCh37,cg06409153
1384,20,37590471,-,DHX35,GRCh37,cg27552599
1384,1,45452605,+,EIF2B3;EIF2B3,GRCh37,cg16604218
1384,12,110270919,+,TRPV4;TRPV4,GRCh37,cg19615059
1384,17,40427474,-,STAT5B,GRCh37,cg04745805
1385,11,105481802,-,GRIA4;GRIA4;GRIA4;GRIA4,GRCh37,cg09980522
1386,1,35258435,+,GJA4,GRCh37,cg07070934
1387,19,50194662,-,CPT1C;CPT1C,GRCh37,cg21604803
1388,6,32120826,-,PPT2;PRRT1;PPT2,GRCh37,cg25426302
1389,19,49340593,-,PLEKHA4;HSD17B14;PLEKHA4,GRCh37,cg26267310
1390,11,59633874,-,TCN1,GRCh37,cg20018806
1391,11,59855616,-,MS4A2;MS4A2,GRCh37,cg22197708
1392,5,27038782,+,CDH9,GRCh37,cg12864235
1393,1,220959586,+,MOSC1,GRCh37,cg07185695
1394,1,205819179,+,PM20D1,GRCh37,cg14159672
1395,3,171455826,-,PLD1;PLD1,GRCh37,cg15329866
1396,20,43883746,-,SLPI,GRCh37,cg12966875
1397,1,40204285,+,PPIE;PPIE;PPIE,GRCh37,cg24920358
1398,16,19727142,-,IQCK;C16orf88,GRCh37,cg16616769
1399,3,46918266,-,PTH1R,GRCh37,cg03391568
1399,20,34202721,+,SPAG4,GRCh37,cg23713742
1399,6,36973518,-,FGD2;FGD2,GRCh37,cg15512851
1399,22.0,37216067,+,PVALB,GRCh37,cg02978737
1399,9,136287409,+,ADAMTS13;ADAMTS13;ADAMTS13;ADAMTS13;ADAMTS13;ADAMTS13;ADAMTS13,GRCh37,cg14802951
1399,17,7310347,-,NLGN2,GRCh37,cg03169180
1399,20,33880825,-,FAM83C,GRCh37,cg20526800
1399,22.0,50925337,+,MIOX,GRCh37,cg24867501
1399,11,67222648,-,CABP4,GRCh37,cg21518947
1399,12,52437571,-,,GRCh37,cg03533058
1399,11,62752119,+,SLC22A6;SLC22A6;SLC22A6;SLC22A6,GRCh37,cg12439773
1399,1,20306641,-,PLA2G2A;PLA2G2A;PLA2G2A;PLA2G2A,GRCh37,cg22220722
1399,8,143833962,-,LYPD2,GRCh37,cg18493182
1399,19,19052705,+,HOMER3,GRCh37,cg16899036
1399,22.0,24829462,-,C22orf45;ADORA2A,GRCh37,cg21584430
1399,19,17571528,+,NXNL1,GRCh37,cg16069910
1399,19,49258131,-,FGF21;FUT1,GRCh37,cg14719352
1399,1,15765065,-,CTRC,GRCh37,cg20858526
1399,16,202482,-,HBZ,GRCh37,cg21960110
1400,1,68512845,+,DIRAS3,GRCh37,cg13697378
1400,1,68512971,-,DIRAS3,GRCh37,cg09118625
1400,1,68512777,-,DIRAS3,GRCh37,cg22901840
1401,19,39687963,+,NCCRP1,GRCh37,cg19917856
1402,5,140603261,+,PCDHB14,GRCh37,cg06327515
1403,1,160681760,+,CD48,GRCh37,cg05200628
1404,19,12406154,-,ZNF44;ZNF44,GRCh37,cg24362016
1405,10,26505442,+,GAD2;GAD2;GAD2;GAD2,GRCh37,cg04599297
1406,8,68864324,-,PREX2;PREX2,GRCh37,cg17747005
1407,1,160833560,+,CD244;CD244;CD244,GRCh37,cg11939496
1408,2,189839474,+,COL3A1,GRCh37,cg20770175
1409,4,26493496,-,CCKAR,GRCh37,cg04353483
1410,2,183731407,+,FRZB;FRZB,GRCh37,cg20308679
1411,1,236849389,+,ACTN2,GRCh37,cg16853982
1412,5,170211009,+,GABRP,GRCh37,cg21652012
1412,5,170210672,-,GABRP,GRCh37,cg23181170
1413,6,31913275,+,C2;C2;CFB,GRCh37,cg23538064
1414,11,27914934,-,,GRCh37,cg18740800
1415,11,32455735,-,WT1;WT1;WT1;WT1,GRCh37,cg16092786
1416,22.0,50524124,-,MLC1;MLC1;MLC1,GRCh37,cg17169998
1417,7,39046213,+,POU6F2;POU6F2,GRCh37,cg04748010
1418,3,157824217,-,SHOX2;SHOX2;SHOX2,GRCh37,cg17191178
1419,12,58160911,-,CYP27B1;CYP27B1,GRCh37,cg04905829
1420,12,29376483,+,FAR2,GRCh37,cg05697976
1421,6,43276658,+,CRIP3,GRCh37,cg13097407
1422,18,3412088,-,TGIF1;TGIF1,GRCh37,cg20322862
1423,8,105479058,+,DPYS,GRCh37,cg10303487
1424,1,65730494,-,DNAJC6;DNAJC6,GRCh37,cg09082287
1425,3,68981503,+,FAM19A4;FAM19A4;FAM19A4;FAM19A4,GRCh37,cg23967169
1425,3,68981890,+,FAM19A4;FAM19A4,GRCh37,cg13921352
1426,1,236557473,-,EDARADD;EDARADD,GRCh37,cg16240480
1427,6,109760831,+,PPIL6;PPIL6;SMPD2,GRCh37,cg20811607
1428,11,44325029,+,ALX4,GRCh37,cg18546622
1429,4,82126025,-,PRKG2,GRCh37,cg16744741
1430,14,57960650,-,C14orf105,GRCh37,cg19903229
1431,8,121136534,-,COL14A1,GRCh37,cg16907566
1432,19,36035875,+,GAPDHS;TMEM147,GRCh37,cg00739120
1433,17,9729424,+,GLP2R,GRCh37,cg20261915
1434,1,47695321,+,TAL1;TAL1,GRCh37,cg00875272
1435,16,68481489,+,SMPD3,GRCh37,cg10556064
1436,19,31770476,-,TSHZ3,GRCh37,cg08458170
1437,22.0,29712139,+,RASL10A;RASL10A,GRCh37,cg25635500
1437,2,85811471,-,VAMP5,GRCh37,cg11108890
1437,5,71014900,-,CARTPT,GRCh37,cg20798152
1437,8,11567896,-,GATA4,GRCh37,cg13434842
1437,5,115298720,+,LVRN,GRCh37,cg25044651
1437,2,42720326,+,KCNG3;KCNG3,GRCh37,cg27553955
1437,20,58631038,+,C20orf197;C20orf197,GRCh37,cg14236389
1437,22.0,24105692,+,C22orf15,GRCh37,cg10756887
1437,5,72415770,-,TMEM171;TMEM171,GRCh37,cg15518950
1437,10,22634038,+,SPAG6;SPAG6,GRCh37,cg25802093
1437,6,101846967,-,GRIK2;GRIK2;GRIK2;GRIK2;GRIK2;GRIK2,GRCh37,cg26316946
1437,16,66613053,-,CMTM2,GRCh37,cg01683883
1438,14,96722306,+,BDKRB1,GRCh37,cg10528989
1439,13,28543520,-,CDX2,GRCh37,cg02055963
1440,3,142442711,+,TRPC1,GRCh37,cg07067241
1441,8,71520962,-,TRAM1,GRCh37,cg25974617
1441,9,135820767,-,TSC1;TSC1;TSC1,GRCh37,cg19393006
1441,1,1168036,+,SDF4;SDF4;B3GALT6,GRCh37,cg19945840
1441,17,59475917,-,TBX2,GRCh37,cg12163132
1441,17,26879866,-,UNC119;UNC119,GRCh37,cg14315198
1441,1,109204325,-,C1orf59;C1orf59,GRCh37,cg00328227
1442,17,7460485,-,TNFSF12;TNFSF13;TNFSF13;TNFSF12-TNFSF13;TNFSF13,GRCh37,cg17267493
1443,1,178994355,+,FAM20B,GRCh37,cg12629244
1443,1,178994243,+,FAM20B,GRCh37,cg01426743
1444,6,96463185,+,FUT9,GRCh37,cg01837719
1445,1,12123262,+,TNFRSF8,GRCh37,cg19896198
1446,7,32996145,-,FKBP9,GRCh37,cg17786776
1447,20,9494838,+,C20orf103,GRCh37,cg09119967
1448,1,161168889,+,NDUFS2;ADAMTS4,GRCh37,cg07354440
1449,12,8088931,-,SLC2A3,GRCh37,cg10338338
1450,1,6241040,+,CHD5,GRCh37,cg00282347
1451,1,115632455,-,TSPAN2,GRCh37,cg06043114
1452,11,59951557,-,MS4A6A;MS4A6A;MS4A6A,GRCh37,cg04353769
1453,19,15122224,+,CCDC105,GRCh37,cg09601629
1454,9,136150823,+,ABO,GRCh37,cg07241568
1455,15,83776446,+,TM6SF1;TM6SF1,GRCh37,cg14696396
1456,5,128300696,-,SLC27A6;SLC27A6,GRCh37,cg20103758
1457,3,190105986,-,CLDN16,GRCh37,cg27235662
1458,8,1993528,-,MYOM2,GRCh37,cg21132577
1459,4,187476953,-,MTNR1A,GRCh37,cg06039392
1460,1,151009588,-,BNIPL;BNIPL,GRCh37,cg11584936
1461,3,139396782,-,NMNAT3;NMNAT3,GRCh37,cg15878317
1462,1,34643941,-,C1orf94;C1orf94,GRCh37,cg08527127
1463,8,19797445,-,LPL,GRCh37,cg08918749
1464,5,35857130,+,IL7R,GRCh37,cg04312209
1465,3,142443837,-,TRPC1,GRCh37,cg24794531
1466,14,36003443,+,INSM2;INSM2,GRCh37,cg07850604
1467,15,66857881,-,LCTL,GRCh37,cg25665697
1467,10,135340740,+,CYP2E1,GRCh37,cg00436603
1467,17,19651940,-,ALDH3A1,GRCh37,cg27329371
1467,1,11713540,-,FBXO44;FBXO2;FBXO44;FBXO44;FBXO44,GRCh37,cg06848073
1467,1,16482767,+,EPHA2,GRCh37,cg15146752
1467,16,71264290,-,HYDIN;HYDIN,GRCh37,cg20977864
1467,19,49220485,-,MAMSTR;MAMSTR,GRCh37,cg27256309
1467,11,2925869,-,SLC22A18;SLC22A18;SLC22A18AS,GRCh37,cg08999895
1467,2,11810631,+,NTSR2,GRCh37,cg02092466
1467,1,26487928,-,GRRP1,GRCh37,cg11418559
1467,1,117452304,+,PTGFRN,GRCh37,cg08361238
1467,4,157997079,-,GLRB;GLRB;GLRB,GRCh37,cg18344745
1467,19,4304334,+,FSD1,GRCh37,cg20789620
1467,17,6338181,-,AIPL1;AIPL1;AIPL1,GRCh37,cg26770882
1467,5,149534497,+,PDGFRB,GRCh37,cg11042320
1467,9,116840435,-,AMBP,GRCh37,cg06630567
1467,13,77461426,-,KCTD12,GRCh37,cg15901783
1467,11,279185,+,NLRP6,GRCh37,cg08961832
1468,5,59783629,-,PART1;PART1;PDE4D;PART1,GRCh37,cg09712066
1469,16,57406353,+,CX3CL1,GRCh37,cg20427865
1470,5,39364495,+,C9,GRCh37,cg11706163
1470,2,26781231,-,OTOF,GRCh37,cg27305303
1470,12,53242922,+,KRT78,GRCh37,cg07265310
1470,17,56270249,+,EPX,GRCh37,cg07115820
1470,3,187009575,-,MASP1;MASP1;MASP1;MASP1;MASP1;MASP1,GRCh37,cg20725021
1470,11,2017362,+,H19,GRCh37,cg22172494
1471,7,135433639,-,FAM180A,GRCh37,cg10725344
1472,18,52626476,-,CCDC68;CCDC68,GRCh37,cg07177852
1473,22.0,36236303,-,RBM9;RBM9;RBM9;RBM9;RBM9;RBM9;RBM9;RBM9;RBM9;RBM9,GRCh37,cg25488206
1474,20,3065343,-,AVP;AVP,GRCh37,cg25551168
1474,2,177014685,-,HOXD4;MIR10B,GRCh37,cg12127282
1474,2,68592375,+,PLEK;PLEK,GRCh37,cg04872689
1474,4,70626128,+,SULT1B1,GRCh37,cg16414852
1474,7,94953653,-,PON1,GRCh37,cg07404485
1474,20,36975083,-,LBP,GRCh37,cg08351331
1474,11,117699851,-,FXYD2,GRCh37,cg25894551
1474,1,167487762,+,CD247;CD247;CD247;CD247,GRCh37,cg09554443
1474,13,31309799,-,ALOX5AP,GRCh37,cg08529529
1474,17,47288569,+,ABI3;ABI3,GRCh37,cg21400896
1474,2,177015125,+,HOXD4;MIR10B,GRCh37,cg00767581
1474,21,43823863,-,UBASH3A;UBASH3A,GRCh37,cg13578652
1474,8,134072611,+,SLA;TG;SLA;SLA,GRCh37,cg02794695
1474,17,46506947,+,SKAP1;SKAP1,GRCh37,cg05106502
1474,19,17571825,-,NXNL1,GRCh37,cg14366490
1474,1,9711398,-,PIK3CD,GRCh37,cg20994801
1474,2,219246576,+,SLC11A1,GRCh37,cg07719512
1474,22.0,27013978,-,CRYBB1;CRYBB1,GRCh37,cg04541607
1474,19,48048129,-,ZNF541,GRCh37,cg04391540
1475,7,16505409,+,SOSTDC1;SOSTDC1,GRCh37,cg25533774
1476,17,73996245,-,CDK3;C17orf106,GRCh37,cg07471052
1477,1,153015281,-,,GRCh37,cg12891678
1477,1,152955543,+,SPRR1A,GRCh37,cg06101324
1478,12,49319453,+,FKBP11;FKBP11;FKBP11,GRCh37,cg15147435
1478,12,49318998,+,FKBP11;FKBP11;FKBP11,GRCh37,cg21908259
1479,11,105481509,+,GRIA4;GRIA4;GRIA4;GRIA4;GRIA4,GRCh37,cg19343464
1480,20,39994857,-,EMILIN3,GRCh37,cg18938204
1481,7,31380572,+,NEUROD6,GRCh37,cg11554507
1482,21,39288378,-,KCNJ6;KCNJ6,GRCh37,cg05380982
1483,12,100867509,-,NR1H4,GRCh37,cg15381313
1484,12,39299132,+,CPNE8,GRCh37,cg23495733
1485,16,21689897,+,OTOA,GRCh37,cg24794992
1486,2,220283175,+,DES;DES,GRCh37,cg18182399
1487,17,28562220,+,SLC6A4,GRCh37,cg22584138
1488,16,280046,-,LUC7L;LUC7L,GRCh37,cg07080946
1489,4,57976915,+,IGFBP7,GRCh37,cg00884221
1490,6,31553441,-,LST1;LST1;LST1;LST1;LST1,GRCh37,cg23509869
1490,20,57427738,+,GNAS;GNAS;GNAS,GRCh37,cg27661264
1490,7,30951064,-,AQP1,GRCh37,cg20176648
1490,7,50850564,+,GRB10,GRCh37,cg12903171
1490,7,32111062,-,PDE1C,GRCh37,cg00546491
1490,7,154862770,-,HTR5A,GRCh37,cg25780543
1490,19,8808829,+,ACTL9,GRCh37,cg20587168
1490,16,3493428,+,ZNF597;ZNF597;NAT15,GRCh37,cg24333473
1490,19,42259395,+,CEACAM6,GRCh37,cg21126943
1490,17,16946247,-,MPRIP;MPRIP,GRCh37,cg02889982
1490,1,176432498,+,PAPPA2;PAPPA2;PAPPA2;PAPPA2,GRCh37,cg10994126
1490,18,56886915,+,GRP;GRP;GRP,GRCh37,cg01625242
1490,7,1545385,-,INTS1,GRCh37,cg06942110
1490,6,3849272,-,FAM50B,GRCh37,cg01570885
1490,12,57157130,+,HSD17B6;HSD17B6,GRCh37,cg21922731
1490,17,9810114,+,RCVRN,GRCh37,cg24357161
1490,12,104359732,-,TDG;TDG,GRCh37,cg03923277
1490,15,26107410,-,ATP10A,GRCh37,cg10734665
1490,7,37955824,-,SFRP4,GRCh37,cg20019546
1491,8,72987870,-,TRPA1,GRCh37,cg01610488
1492,7,54610192,+,VSTM2A;VSTM2A,GRCh37,cg03775422
1493,15,41805868,+,LTK;LTK;LTK,GRCh37,cg27494383
1494,16,30406122,+,ZNF48,GRCh37,cg16014085
1495,4,682834,-,MFSD7,GRCh37,cg24693053
1496,1,25256369,-,RUNX3;RUNX3;RUNX3,GRCh37,cg06377278
1497,20,22567170,-,FOXA2,GRCh37,cg10003443
1498,1,161693088,-,FCRLB,GRCh37,cg27495845
1499,11,77775044,-,THRSP,GRCh37,cg18338296
1500,18,7118122,-,LAMA1,GRCh37,cg14950072
1501,17,46507830,+,SKAP1;SKAP1,GRCh37,cg12513481
1502,3,155838625,+,KCNAB1,GRCh37,cg23873703
1503,7,151137476,+,CRYGN,GRCh37,cg22830895
1504,2,87017953,-,CD8A;CD8A;CD8A;CD8A;CD8A;CD8A,GRCh37,cg17108819
1505,1,163039012,-,RGS4;RGS4;RGS4;RGS4,GRCh37,cg22605643
1506,6,17282354,-,RBM24;RBM24;RBM24;RBM24,GRCh37,cg07346310
1507,14,102026376,+,DIO3,GRCh37,cg04623955
1508,11,2018724,+,H19;MIR675,GRCh37,cg07342901
1508,11,2018018,+,H19;MIR675,GRCh37,cg15269875
1509,3,154796861,+,MME;MME;MME;MME,GRCh37,cg23273897
1510,10,28034247,-,MKX,GRCh37,cg14614211
1511,5,162930188,+,MAT2B,GRCh37,cg24206256
1511,5,162930325,+,MAT2B;MAT2B,GRCh37,cg17329249
1512,17,6899297,-,ALOX12,GRCh37,cg03760483
1513,3,46506404,-,LTF,GRCh37,cg17527798
1513,3,46506374,+,LTF;LTF,GRCh37,cg15261665
1514,8,76452152,-,HNF4G,GRCh37,cg24512303
1515,12,52888480,-,KRT6A,GRCh37,cg11471401
1516,1,36947785,+,CSF3R;CSF3R;CSF3R;CSF3R,GRCh37,cg09088576
1517,9,19786543,-,SLC24A2,GRCh37,cg12348970
1518,4,74734874,+,CXCL1,GRCh37,cg02029926
1519,11,123066529,-,ASAM,GRCh37,cg19096475
1520,8,79427993,-,PKIA;PKIA,GRCh37,cg04689061
1521,6,168841455,-,SMOC2;SMOC2,GRCh37,cg09214254
1522,11,6818466,+,OR6A2,GRCh37,cg05393484
1523,5,134370530,+,PITX1,GRCh37,cg24495017
1524,20,39928631,-,ZHX3;ZHX3,GRCh37,cg22294908
1525,3,4509268,-,SUMF1;SUMF1;SUMF1,GRCh37,cg18847227
1526,2,216300268,-,FN1;FN1;FN1;FN1;FN1;FN1;FN1,GRCh37,cg10692870
1527,4,2060219,-,NAT8L,GRCh37,cg21269934
1528,7,150497346,-,TMEM176B;TMEM176A;TMEM176B;TMEM176B;TMEM176B,GRCh37,cg02244695
1529,19,19648555,-,CILP2,GRCh37,cg10669058
1530,7,99775425,-,STAG3;GPC2,GRCh37,cg18691434
1531,19,51327356,+,KLK1,GRCh37,cg26415633
1531,14,21359943,+,RNASE3,GRCh37,cg07525077
1531,17,31319454,+,SPACA3,GRCh37,cg11161417
1531,17,31317536,-,SPACA3,GRCh37,cg26829529
1532,9,139846100,+,LCN12,GRCh37,cg13493001
1533,5,52084413,-,ITGA1;PELO,GRCh37,cg22625415
1534,10,103985730,-,ELOVL3,GRCh37,cg00431050
1535,16,82660670,-,CDH13;CDH13,GRCh37,cg08747377
1536,20,62795807,+,MYT1,GRCh37,cg16772207
1536,20,62795830,-,MYT1;MYT1,GRCh37,cg10071275
1537,10,90343208,+,RNLS;RNLS,GRCh37,cg06981182
1538,3,99979425,-,TBC1D23,GRCh37,cg16984944
1539,1,26737470,-,LIN28,GRCh37,cg16530429
1540,11,44326410,-,ALX4,GRCh37,cg07696033
1541,2,166428866,-,CSRNP3,GRCh37,cg26853855
1542,11,92703536,-,MTNR1B,GRCh37,cg17838516
1543,11,113346327,+,DRD2;DRD2,GRCh37,cg12758687
1544,20,43160249,+,PKIG;PKIG;PKIG,GRCh37,cg19525717
1544,12,6930624,-,GPR162;GPR162,GRCh37,cg17805404
1544,1,42384056,-,HIVEP3;HIVEP3,GRCh37,cg16685388
1544,19,58919312,-,ZNF584,GRCh37,cg12195135
1544,17,636487,-,FAM57A,GRCh37,cg10981541
1544,1,71512973,+,PTGER3;PTGER3;PTGER3;PTGER3;PTGER3;PTGER3;PTGER3;PTGER3;PTGER3;PTGER3,GRCh37,cg15201877
1544,14,45432516,-,KLHL28;FAM179B,GRCh37,cg00660989
1544,16,68771763,+,CDH1,GRCh37,cg20716119
1544,2,191512851,-,NAB1,GRCh37,cg11778001
1544,17,39093770,+,KRT23;KRT23,GRCh37,cg22392708
1544,2,220110550,-,STK16;STK16;GLB1L,GRCh37,cg10862587
1544,10,71892760,-,AIFM2,GRCh37,cg02100629
1544,1,161169574,-,NDUFS2;ADAMTS4,GRCh37,cg17166812
1544,11,7273498,+,SYT9,GRCh37,cg08185661
1544,6,34434076,-,PACSIN1,GRCh37,cg23043245
1544,11,86511210,-,PRSS23,GRCh37,cg23214764
1544,4,7941852,+,AFAP1;AFAP1,GRCh37,cg19564367
1544,3,113898609,+,DRD3;DRD3,GRCh37,cg25836326
1544,7,73038866,+,MLXIPL;MLXIPL;MLXIPL;MLXIPL;MLXIPL;MLXIPL;MLXIPL;MLXIPL,GRCh37,cg07737781
1544,2,189157042,+,GULP1,GRCh37,cg06187947
1544,11,61735917,+,FTH1,GRCh37,cg24898753
1544,12,13043728,-,GPRC5A,GRCh37,cg06776256
1544,6,146865233,-,RAB32,GRCh37,cg22030890
1544,12,49488709,+,DHH,GRCh37,cg14445076
1544,15,25684849,-,UBE3A,GRCh37,cg05881762
1544,10,62760865,+,RHOBTB1;RHOBTB1,GRCh37,cg27648946
1544,14,64932678,-,AKAP5,GRCh37,cg26524899
1544,22.0,18632404,-,USP18,GRCh37,cg27281093
1544,3,98619796,+,DCBLD2,GRCh37,cg07435592
1544,22.0,43117318,-,A4GALT,GRCh37,cg07393322
1544,11,67033594,-,ADRBK1,GRCh37,cg14519515
1544,1,53392650,-,SCP2;SCP2,GRCh37,cg27535305
1544,2,160919532,-,PLA2R1;PLA2R1,GRCh37,cg24235037
1544,3,195637027,-,TNK2,GRCh37,cg01962086
1544,17,80171413,+,CCDC57,GRCh37,cg02962602
1544,7,81399587,+,HGF;HGF;HGF;HGF;HGF,GRCh37,cg06745740
1544,8,15398333,+,TUSC3;TUSC3,GRCh37,cg12089439
1544,19,54676748,+,TMC4;TMC4,GRCh37,cg01427567
1544,16,2009157,+,NDUFB10,GRCh37,cg00040873
1544,1,99126623,+,SNX7;SNX7,GRCh37,cg11952714
1544,7,32997659,-,FKBP9,GRCh37,cg08445039
1544,16,776458,+,CCDC78;HAGHL;CCDC78;HAGHL,GRCh37,cg16899442
1544,4,15940033,-,FGFBP1,GRCh37,cg13726191
1544,1,184355420,-,C1orf21,GRCh37,cg05135156
1544,4,157997363,+,GLRB;GLRB;GLRB;GLRB;GLRB,GRCh37,cg09688546
1544,3,50383079,-,ZMYND10;ZMYND10,GRCh37,cg20881888
1544,16,67427811,+,TPPP3;TPPP3,GRCh37,cg18107072
1544,9,4666266,+,C9orf68,GRCh37,cg13666340
1544,20,25605178,+,NANP,GRCh37,cg20318748
1544,5,121465223,-,ZNF474;ZNF474,GRCh37,cg22282672
1544,1,193155806,+,B3GALT2;CDC73,GRCh37,cg00725635
1544,4,2820479,-,SH3BP2;SH3BP2;SH3BP2;SH3BP2,GRCh37,cg07991621
1544,2,46842958,-,PIGF;CRIPT;PIGF,GRCh37,cg21493583
1544,2,111435583,-,BUB1;BUB1,GRCh37,cg06983551
1544,20,33760017,-,PROCR,GRCh37,cg26806924
1544,17,37856513,-,ERBB2;ERBB2,GRCh37,cg11993754
1544,8,23539627,+,NKX3-1,GRCh37,cg21481775
1544,5,11904811,+,CTNND2,GRCh37,cg10331779
1544,3,63848695,-,THOC7,GRCh37,cg11378484
1544,19,40731797,-,CNTD2,GRCh37,cg09089053
1544,15,80696264,-,ARNT2,GRCh37,cg20775959
1544,19,2976789,+,TLE6;TLE6,GRCh37,cg21180599
1544,16,2907859,+,PRSS22,GRCh37,cg18345369
1545,1,151128310,-,TNFAIP8L2,GRCh37,cg17720233
1546,7,152374317,-,XRCC2,GRCh37,cg23126915
1547,19,46916520,+,CCDC8;CCDC8,GRCh37,cg15984661
1548,19,11592958,+,ELAVL3;ELAVL3,GRCh37,cg25332298
1549,11,30038310,-,KCNA4;KCNA4,GRCh37,cg15183083
1550,17,38821403,-,KRT222;KRT222,GRCh37,cg23776012
1551,17,635064,+,FAM57A,GRCh37,cg25186143
1552,5,152870490,-,GRIA1;GRIA1,GRCh37,cg08578734
1553,11,114166636,+,NNMT;NNMT,GRCh37,cg14209518
1554,5,175816834,+,NOP16,GRCh37,cg01684579
1555,14,23305941,-,MMP14;MMP14,GRCh37,cg10599444
1555,12,70093350,+,BEST3,GRCh37,cg07618900
1555,4,77356416,+,SHROOM3;SHROOM3,GRCh37,cg27417997
1555,10,104535854,-,C10orf26;C10orf26,GRCh37,cg15227982
1555,17,34079665,+,GAS2L2,GRCh37,cg10016608
1555,11,2920789,-,SLC22A18;SLC22A18AS,GRCh37,cg21019522
1555,11,32112154,+,RCN1,GRCh37,cg12311132
1555,17,3462438,+,TRPV3,GRCh37,cg10137010
1555,19,8212234,+,FBN3,GRCh37,cg20797216
1555,1,26233623,+,STMN1;STMN1;STMN1;STMN1,GRCh37,cg23323671
1555,9,130027020,+,GARNL3;GARNL3,GRCh37,cg00342530
1556,6,116382876,-,FRK,GRCh37,cg00430287
1557,1,158799935,-,MNDA,GRCh37,cg25119415
1558,8,48920460,-,UBE2V2,GRCh37,cg25612480
1559,15,51973591,-,SCG3;SCG3;SCG3;SCG3,GRCh37,cg22886089
1560,17,72709731,+,RAB37;CD300LF,GRCh37,cg21640749
1561,5,72744196,-,FOXD1;FOXD1,GRCh37,cg13958614
1562,12,15475331,-,PTPRO;PTPRO,GRCh37,cg06357925
1563,2,27604063,+,ZNF513;PPM1G;PPM1G,GRCh37,cg11177693
1564,13,25875436,+,NUPL1;NUPL1,GRCh37,cg08532057
1565,1,27710030,+,CD164L2,GRCh37,cg15166089
1566,4,4863282,+,MSX1,GRCh37,cg20161179
1567,21.0,46726267,-,,GRCh37,cg18466173
1568,15,58357973,-,ALDH1A2;ALDH1A2,GRCh37,cg00930873
1569,3,138153763,+,ESYT3,GRCh37,cg12616277
1570,12,129338939,-,GLT1D1,GRCh37,cg11877382
1571,14,81864899,-,STON2;STON2,GRCh37,cg02657438
1571,14,81865007,-,STON2,GRCh37,cg10334928
1572,15,101419017,-,ALDH1A3,GRCh37,cg19224278
1572,15,101419074,-,ALDH1A3,GRCh37,cg23191950
1573,5,126626557,-,MEGF10;MEGF10,GRCh37,cg06940792
1574,2,71163123,-,ATP6V1B1,GRCh37,cg06946880
1574,5,36301436,-,RANBP3L;RANBP3L,GRCh37,cg26511075
1574,3,112360952,+,CCDC80;CCDC80,GRCh37,cg21307628
1574,8,38009548,-,STAR;STAR,GRCh37,cg09793866
1574,6,34524278,-,SPDEF,GRCh37,cg17240454
1574,20,47445432,-,PREX1,GRCh37,cg26206598
1574,17,48941039,-,TOB1,GRCh37,cg14494812
1574,17,42248358,+,ASB16,GRCh37,cg21038703
1575,11,66360200,-,CCDC87;CCS,GRCh37,cg11644586
1576,9,123690586,+,TRAF1,GRCh37,cg21152671
1577,15,66790390,+,SNAPC5,GRCh37,cg16330965
1577,17,73520850,-,LLGL2;LLGL2;LLGL2,GRCh37,cg20366832
1577,9,124029926,-,GSN;GSN;GSN;GSN;GSN;GSN;GSN,GRCh37,cg17071957
1577,11,66315298,-,ACTN3,GRCh37,cg08012287
1577,7,6629350,+,C7orf26,GRCh37,cg27508071
1577,2,96811453,-,DUSP2,GRCh37,cg01148741
1577,17,73256558,-,GGA3;MRPS7;GGA3,GRCh37,cg24670151
1577,5,76788595,-,WDR41,GRCh37,cg02017109
1577,16,28834567,+,ATXN2L;ATXN2L;ATXN2L;ATXN2L;ATXN2L;ATXN2L;ATXN2L;ATXN2L;ATXN2L;ATXN2L,GRCh37,cg23051598
1578,8,11562367,-,GATA4,GRCh37,cg00090147
1579,12,15475767,-,PTPRO;PTPRO,GRCh37,cg09126273
1580,20,34025927,+,GDF5;GDF5,GRCh37,cg03547924
1581,11,67351271,-,GSTP1;GSTP1,GRCh37,cg04920951
1581,11,67351608,+,GSTP1,GRCh37,cg09038676
1582,8,20112683,-,LZTS1,GRCh37,cg08385610
1583,5,118691751,+,TNFAIP8;TNFAIP8;TNFAIP8,GRCh37,cg23917399
1584,11,94276898,-,FUT4,GRCh37,cg00796728
1585,7,142456124,-,PRSS1,GRCh37,cg12878228
1586,12,70093008,+,BEST3;BEST3,GRCh37,cg17277939
1587,11,74178114,-,KCNE3,GRCh37,cg23189044
1588,3,196065569,+,TM4SF19,GRCh37,cg05445326
1589,2,105471252,+,POU3F3,GRCh37,cg25549459
1590,10,118957259,-,KCNK18,GRCh37,cg07637239
1591,8,30890139,-,PURG;WRN;PURG,GRCh37,cg09945801
1592,3,71834640,+,PROK2;PROK2,GRCh37,cg08555612
1593,6,33160234,+,COL11A2;COL11A2;COL11A2;COL11A2;COL11A2;COL11A2;COL11A2;COL11A2,GRCh37,cg01635061
1594,20,68170,+,DEFB125,GRCh37,cg08088390
1595,1,53067894,-,GPX7,GRCh37,cg22129364
1596,13,49794126,-,MLNR,GRCh37,cg07935568
1597,4,619392,-,PDE6B;PDE6B;PDE6B;PDE6B,GRCh37,cg05078019
1597,4,619375,-,PDE6B;PDE6B;PDE6B;PDE6B,GRCh37,cg12435792
1598,6,30523242,-,GNL1;PRR3;PRR3,GRCh37,cg21264055
1599,14,85996495,+,FLRT2;FLRT2,GRCh37,cg17410236
1600,5,43191975,-,MGC42105,GRCh37,cg23502772
1601,12,7280988,+,RBP5,GRCh37,cg24441911
1601,19,51872365,+,CLDND2,GRCh37,cg14496375
1601,1,16370243,-,CLCNKB,GRCh37,cg21660130
1601,11,66315239,+,ACTN3,GRCh37,cg04663194
1601,9,114557553,-,,GRCh37,cg13314167
1601,6,27879749,+,OR2B2,GRCh37,cg12351042
1601,17,7758662,+,TMEM88,GRCh37,cg23033845
1601,6,53013647,-,GCM1,GRCh37,cg20967220
1601,5,141346431,-,RNF14,GRCh37,cg04182865
1601,2,74753281,-,DQX1;DQX1,GRCh37,cg02034222
1601,8,145741925,-,RECQL4;LRRC14,GRCh37,cg03144357
1601,8,145642291,-,SLC39A4;SLC39A4,GRCh37,cg11800672
1601,17,36004446,+,DDX52;DDX52,GRCh37,cg02992647
1601,20,32848426,-,ASIP,GRCh37,cg03658707
1601,10,131412579,-,MGMT,GRCh37,cg19680672
1601,20,56803078,-,,GRCh37,cg09898548
1601,6,116447667,+,COL10A1;NT5DC1,GRCh37,cg07472159
1601,16,8954017,+,CARHSP1;CARHSP1,GRCh37,cg04007936
1601,2,232457785,-,C2orf57,GRCh37,cg11784281
1601,16,71523560,-,ZNF19,GRCh37,cg07506795
1601,12,8275205,+,CLEC4A;CLEC4A;CLEC4A;CLEC4A,GRCh37,cg01007201
1601,1,7845070,-,PER3,GRCh37,cg25514503
1601,16,31439681,-,COX6A2;COX6A2,GRCh37,cg13726463
1601,1,160121283,-,ATP1A4,GRCh37,cg06517798
1601,19,51506362,+,KLK9;KLK8;KLK8;KLK8;KLK8,GRCh37,cg25134071
1601,20,3023418,+,GNRH2;GNRH2;GNRH2,GRCh37,cg04267184
1601,8,145642024,+,SLC39A4;SLC39A4,GRCh37,cg09155025
1601,17,7758291,-,TMEM88,GRCh37,cg23671708
1601,6,31108108,-,PSORS1C2,GRCh37,cg22458065
1601,1,27240478,-,NR0B2;NR0B2,GRCh37,cg06650260
1601,9,114557239,+,,GRCh37,cg06643227
1601,19,51293677,-,ACPT,GRCh37,cg09814877
1601,6,53013589,-,GCM1;GCM1,GRCh37,cg26023389
1601,9,139747228,-,MAMDC4,GRCh37,cg15619125
1601,14,51338285,-,ABHD12B;ABHD12B,GRCh37,cg17352004
1601,19,49198900,-,FUT2;FUT2,GRCh37,cg19025034
1601,10,133955527,-,JAKMIP3,GRCh37,cg05942970
1601,7,73946901,+,GTF2IRD1;GTF2IRD1,GRCh37,cg25770411
1601,11,64001094,-,VEGFB;DNAJC4,GRCh37,cg25547939
1601,20,31618931,+,BPIL3,GRCh37,cg02309431
1601,17,45330862,-,ITGB3,GRCh37,cg17185639
1601,9,5890866,+,MLANA,GRCh37,cg22598744
1601,17,38074149,-,GSDMB;GSDMB;GSDMB;GSDMB,GRCh37,cg10057218
1601,16,56994770,+,CETP,GRCh37,cg26916607
1601,7,143012960,+,CLCN1,GRCh37,cg26756862
1601,19,59023916,-,SLC27A5,GRCh37,cg23036025
1602,5,131593812,+,PDLIM4;PDLIM4,GRCh37,cg01305625
1603,1,237205950,-,RYR2,GRCh37,cg11657808
1604,9,136222163,-,SURF2;SURF1,GRCh37,cg25307641
1605,22.0,51039805,-,MAPK8IP2,GRCh37,cg00083937
1606,1,111990884,+,WDR77;ATP5F1,GRCh37,cg12955127
1607,1,3607222,+,TP73;TP73;TP73;TP73,GRCh37,cg16607065
1608,7,117514017,-,CTTNBP2,GRCh37,cg21880328
1609,12,772861,+,NINJ2,GRCh37,cg00237010
1610,5,149535695,+,PDGFRB,GRCh37,cg12727795
1611,17,77751089,+,CBX2;CBX2,GRCh37,cg22892904
1612,12,106976668,-,RFX4,GRCh37,cg01920232
1613,19,42947133,+,CXCL17;CXCL17,GRCh37,cg15937958
1614,6,75916327,-,COL12A1;COL12A1,GRCh37,cg08009622
1615,16,717707,-,RHOT2;WDR90,GRCh37,cg05135288
1615,13,97873877,-,MBNL2;MBNL2,GRCh37,cg02838877
1615,11,48001669,-,PTPRJ;PTPRJ,GRCh37,cg00394658
1615,11,818892,-,PNPLA2,GRCh37,cg24427660
1615,1,178693897,+,RALGPS2,GRCh37,cg10559803
1615,1,234615169,+,TARBP1,GRCh37,cg03802191
1616,7,55902220,-,SEPT14,GRCh37,cg08489623
1617,16,56623109,-,MT3,GRCh37,cg16158681
1618,5,145718965,+,POU4F3,GRCh37,cg18482268
1619,12,21757759,-,GYS2;GYS2,GRCh37,cg04184278
1620,12,5020202,+,KCNA1,GRCh37,cg26590537
1621,22.0,22863293,-,ZNF280B;ZNF280B,GRCh37,cg16184943
1622,7,3083338,+,CARD11;CARD11,GRCh37,cg26937500
1623,17,39405817,+,KRTAP9-9;KRTAP9-4,GRCh37,cg00550617
1623,2,9565042,-,ITGB1BP1;ITGB1BP1;CPSF3,GRCh37,cg07974891
1623,1,86934325,+,CLCA1,GRCh37,cg22181664
1624,1,236557682,-,EDARADD;EDARADD;EDARADD,GRCh37,cg09809672
1625,4,1724428,+,TMEM129;TACC3;TMEM129,GRCh37,cg21505886
1625,11,3187271,-,OSBPL5;OSBPL5;OSBPL5,GRCh37,cg06131936
1625,17,60885892,+,MARCH10,GRCh37,cg16008138
1625,1,33117735,+,RBBP4;RBBP4;RBBP4,GRCh37,cg18118795
1625,17,74864065,+,MGAT5B,GRCh37,cg07112210
1625,16,29912460,+,ASPHD1,GRCh37,cg20401945
1625,1,39491459,-,NDUFS5,GRCh37,cg07388493
1625,2,10442040,-,HPCAL1,GRCh37,cg11147193
1625,6,41254885,-,TREM1,GRCh37,cg06196379
1625,9,95897216,+,NINJ1,GRCh37,cg17141902
1626,17,76128481,+,TMC8;TMC6;TMC6,GRCh37,cg04947157
1627,11,1856268,-,SYT8,GRCh37,cg26473272
1627,17,43367609,-,MAP3K14,GRCh37,cg15639951
1627,6,167571172,-,GPR31,GRCh37,cg22182975
1627,17,41131552,+,RUNDC1;AARSD1;AARSD1;AARSD1;AARSD1,GRCh37,cg11492403
1627,17,74463681,+,AANAT;AANAT;AANAT,GRCh37,cg09382492
1627,16,839581,+,RPUSD1;CHTF18,GRCh37,cg07371530
1627,12,125474021,-,DHX37,GRCh37,cg00910168
1627,3,52488070,-,TNNC1;NISCH,GRCh37,cg24166628
1627,15,40630791,-,C15orf52,GRCh37,cg13474734
1627,18,74845422,-,MBP;MBP,GRCh37,cg12555907
1628,6,143929511,-,PHACTR2;PHACTR2,GRCh37,cg19205041
1629,9,117693010,+,TNFSF8,GRCh37,cg24443250
1630,16,725862,-,RHBDL1,GRCh37,cg02026235
1631,10,104178949,+,PSD;FBXL15,GRCh37,cg13548361
1632,6,86160162,-,NT5E,GRCh37,cg17966619
1633,5,125967357,+,C5orf48,GRCh37,cg19298821
1634,21.0,26803075,-,NCRNA00158,GRCh37,cg25864727
1635,1,226411868,+,MIXL1,GRCh37,cg15147516
1636,4,44450358,-,KCTD8,GRCh37,cg12300353
1637,10,77542582,-,C10orf11;C10orf11,GRCh37,cg17238009
1637,2,113543245,+,IL1A,GRCh37,cg27083787
1637,3,133648584,+,C3orf36;C3orf36,GRCh37,cg18989919
1637,7,142659425,+,KEL;KEL,GRCh37,cg17784922
1637,14,76837758,+,ESRRB;ESRRB,GRCh37,cg26298099
1637,1,119957969,-,HSD3B2;HSD3B2,GRCh37,cg04087608
1637,3,194119885,-,GP5,GRCh37,cg13185177
1637,12,95945120,-,USP44;USP44,GRCh37,cg03453449
1637,12,40019883,-,C12orf40,GRCh37,cg22941086
1637,4,80329284,+,GK2,GRCh37,cg14078518
1637,8,95220583,-,CDH17;CDH17,GRCh37,cg12038710
1637,7,128355717,-,FAM71F1,GRCh37,cg07586911
1637,5,53751919,+,HSPB3,GRCh37,cg11391732
1637,3,123813596,-,KALRN;KALRN;KALRN;KALRN;KALRN,GRCh37,cg10430690
1637,1,171059935,-,FMO3;FMO3,GRCh37,cg25778166
1637,2,228678693,+,CCL20;CCL20,GRCh37,cg21643045
1637,6,88854953,+,CNR1;CNR1;CNR1;CNR1;CNR1;CNR1,GRCh37,cg24276445
1637,2,37543459,-,PRKD3,GRCh37,cg09212058
1637,12,4754247,+,AKAP3;AKAP3,GRCh37,cg04254119
1637,12,18891214,-,PLCZ1;CAPZA3,GRCh37,cg15736336
1637,5,79331850,+,THBS4,GRCh37,cg20714328
1637,6,25726895,-,HIST1H2AA;HIST1H2BA,GRCh37,cg02854090
1637,16,3405902,+,OR2C1;OR2C1,GRCh37,cg24264578
1637,6,25726597,-,HIST1H2BA;HIST1H2AA,GRCh37,cg01307730
1637,12,40020078,+,C12orf40;C12orf40,GRCh37,cg00686022
1637,15,55801069,+,DYX1C1;DYX1C1;DYX1C1,GRCh37,cg08433095
1637,17,39597909,+,KRT38,GRCh37,cg18848394
1637,5,76248749,-,CRHBP;CRHBP,GRCh37,cg16545105
1637,7,37888745,-,TXNDC3,GRCh37,cg12099032
1637,6,46293016,-,RCAN2,GRCh37,cg17142149
1637,8,107782373,-,ABRA,GRCh37,cg15603885
1637,8,36746760,-,KCNU1,GRCh37,cg08331840
1637,19,56363105,+,NLRP4,GRCh37,cg14930706
1637,4,96761026,+,PDHA2,GRCh37,cg17725968
1637,9,125290120,-,OR1N1,GRCh37,cg16473288
1637,2,175628739,+,CHRNA1;CHRNA1,GRCh37,cg22925639
1637,10,101090558,+,CNNM1,GRCh37,cg15430659
1637,7,99333757,-,CYP3A7,GRCh37,cg06459378
1637,3,155838109,+,KCNAB1,GRCh37,cg15423862
1637,3,114012833,-,TIGIT;TIGIT,GRCh37,cg13669740
1637,7,132334901,-,PLXNA4,GRCh37,cg06084117
1637,1,64669599,-,UBE2U;UBE2U,GRCh37,cg10753073
1637,5,83016630,+,HAPLN1;HAPLN1,GRCh37,cg06434428
1637,17,38928324,+,KRT26,GRCh37,cg04484789
1637,7,39045789,-,POU6F2;POU6F2,GRCh37,cg26180557
1638,1,205538310,+,MFSD4,GRCh37,cg15364537
1639,8,133772889,+,TMEM71;TMEM71;TMEM71;TMEM71,GRCh37,cg20955688
1639,5,155754009,+,SGCD;SGCD;SGCD;SGCD;SGCD;SGCD,GRCh37,cg04435420
1640,17,68164784,-,KCNJ2,GRCh37,cg19042062
1641,9,104358101,+,PPP3R2;GRIN3A,GRCh37,cg15765694
1642,20,1309722,+,SDCBP2,GRCh37,cg16173067
1643,12,16761406,+,LMO3,GRCh37,cg11511443
1644,8,143915954,-,GML,GRCh37,cg07711097
1644,12,4554786,-,FGF6,GRCh37,cg21902327
1644,4,5990039,+,C4orf50,GRCh37,cg00958560
1645,1,158300733,-,CD1B,GRCh37,cg15952487
1645,1,158324331,-,CD1E;CD1E;CD1E;CD1E;CD1E;CD1E,GRCh37,cg12200412
1645,1,159409207,+,OR10J1,GRCh37,cg15700197
1646,15,35046760,+,GJD2,GRCh37,cg21053529
1647,8,41165699,-,SFRP1,GRCh37,cg02388150
1648,4,5021111,-,CYTL1,GRCh37,cg01114088
1649,11,17191617,-,PIK3C2A,GRCh37,cg12611860
1650,7,27196790,+,HOXA7,GRCh37,cg26511321
1651,1,84464084,+,TTLL7,GRCh37,cg03098721
1652,17,6616653,-,SLC13A5;SLC13A5;SLC13A5;SLC13A5,GRCh37,cg16652063
1653,15,38227285,+,TMCO5A,GRCh37,cg03998348
1654,1,206808174,+,DYRK3;DYRK3,GRCh37,cg09328024
1655,18,76740262,+,SALL3,GRCh37,cg15191648
1656,8,65492528,-,BHLHE22,GRCh37,cg22766145
1657,10,15085279,+,OLAH;OLAH,GRCh37,cg04001802
1658,4,155663689,-,LRAT,GRCh37,cg23587449
1658,11,32452771,+,WT1;WT1;WT1;WT1,GRCh37,cg22533573
1658,11,32450486,-,WT1;WT1;WT1;WT1,GRCh37,cg05222924
1658,11,32455192,+,WT1;WT1;WT1;WT1,GRCh37,cg22511262
1659,20,62150863,+,PPDPF,GRCh37,cg01531431
1660,1,242687465,-,PLD5,GRCh37,cg01664666
1661,2,71205891,+,ANKRD53;ANKRD53,GRCh37,cg18006568
1662,22.0,29458676,-,C22orf31,GRCh37,cg03665785
1663,1,9599067,+,SLC25A33,GRCh37,cg18783781
1664,1,110993524,+,PROK1,GRCh37,cg18434152
1665,14,105071382,+,TMEM179,GRCh37,cg03734874
1666,5,140530222,-,PCDHB6,GRCh37,cg23596123
1667,5,115152386,-,CDO1;CDO1,GRCh37,cg12880658
1668,1,3567550,+,WDR8,GRCh37,cg26128092
1669,3,183273807,-,KLHL6,GRCh37,cg20398399
1670,15,23810280,-,MKRN3,GRCh37,cg16131766
1671,20,62688573,-,TCEA2;TCEA2,GRCh37,cg19242268
1672,11,6678143,+,DCHS1,GRCh37,cg24126851
1672,12,96338038,+,AMDHD1,GRCh37,cg07236190
1672,1,92495004,+,EPHX4,GRCh37,cg15156367
1672,21,43919023,-,SLC37A1,GRCh37,cg13265003
1672,15,65214165,-,ANKDD1A,GRCh37,cg01497527
1672,3,48265146,+,CAMP,GRCh37,cg04523589
1672,20,3218145,-,SLC4A11,GRCh37,cg08284598
1672,6,159278754,+,OSTCL,GRCh37,cg11456838
1672,15,41244853,-,CHAC1;CHAC1,GRCh37,cg26065841
1672,8,107782538,+,ABRA,GRCh37,cg07005767
1672,15,59908652,+,GCNT3,GRCh37,cg23877385
1672,8,121825470,-,SNTB1,GRCh37,cg14992108
1672,11,76998821,+,GDPD4,GRCh37,cg13002506
1673,5,35048945,-,AGXT2,GRCh37,cg09745307
1674,1,186649330,-,PTGS2,GRCh37,cg13986130
1675,12,86267839,+,NTS,GRCh37,cg08888956
1676,7,96652464,-,DLX5,GRCh37,cg08878323
1677,1,214162039,-,PROX1;PROX1,GRCh37,cg22176895
1678,12,4382184,+,CCND2,GRCh37,cg00888007
1679,12,52995446,-,KRT72;KRT72;KRT72,GRCh37,cg06494782
1679,12,52995295,+,KRT72;KRT72;KRT72;KRT72;KRT72;KRT72,GRCh37,cg20050826
1680,16,2040863,-,SYNGR3,GRCh37,cg26486663
1681,10,93393203,+,PPP1R3C,GRCh37,cg21017752
1681,10,93392839,+,PPP1R3C;PPP1R3C,GRCh37,cg09775312
1682,15,27160007,+,GABRA5;GABRA5,GRCh37,cg08099701
1683,7,37780156,+,GPR141,GRCh37,cg24995381
1684,18,74964030,-,GALR1,GRCh37,cg05896682
1685,12,4383770,+,CCND2,GRCh37,cg08069899
1685,12,4383281,+,CCND2,GRCh37,cg02765328
1685,12,4383507,+,CCND2,GRCh37,cg17886028
1686,4,84375973,-,MRPS18C;HELQ,GRCh37,cg26365668
1687,19,13617366,+,CACNA1A;CACNA1A,GRCh37,cg18011401
1688,7,5111875,-,LOC389458,GRCh37,cg01870826
1689,21.0,31692465,-,KRTAP26-1;KRTAP26-1,GRCh37,cg18822544
1690,1,157108803,+,ETV3;ETV3,GRCh37,cg05909475
1691,17,43299826,-,FMNL1,GRCh37,cg04945541
1692,2,230136411,-,PID1;PID1,GRCh37,cg02799466
1693,17,4872603,-,CAMTA2;CAMTA2;CAMTA2;CAMTA2;SPAG7,GRCh37,cg12815142
1694,5,140867724,+,PCDHGA4;PCDHGC3;PCDHGA12;PCDHGA11;PCDHGA11;PCDHGA9;PCDHGA1;PCDHGB1;PCDHGB6;PCDHGB3;PCDHGB7;PCDHGC5;PCDHGC5;PCDHGA6;PCDHGA8;PCDHGA10;PCDHGA5;PCDHGB4;PCDHGC4;PCDHGA3;PCDHGA2;PCDHGA7;PCDHGB2;PCDHGB5;PCDHGC3,GRCh37,cg17108383
1694,5,140867386,+,PCDHGA4;PCDHGC3;PCDHGA12;PCDHGA11;PCDHGA11;PCDHGA9;PCDHGA1;PCDHGB1;PCDHGB6;PCDHGB3;PCDHGB7;PCDHGC5;PCDHGC5;PCDHGA6;PCDHGA8;PCDHGA10;PCDHGA5;PCDHGB4;PCDHGC4;PCDHGA3;PCDHGA2;PCDHGA7;PCDHGB2;PCDHGB5;PCDHGC3,GRCh37,cg00943245
1695,17,43045372,+,C1QL1,GRCh37,cg13818573
1696,18,70535925,+,NETO1,GRCh37,cg21922574
1697,4,154709756,-,SFRP2,GRCh37,cg05774801
1698,7,27240251,-,HOXA13,GRCh37,cg06397837
1699,3,187388225,+,SST,GRCh37,cg13206017
1700,2,17722068,+,VSNL1;VSNL1,GRCh37,cg17430393
1701,11,61594997,-,FADS2,GRCh37,cg06781209
1702,6,31543169,-,TNF,GRCh37,cg11484872
1703,10,120788696,+,NANOS1,GRCh37,cg14916079
1704,12,81471419,-,ACSS3,GRCh37,cg00354572
1704,12,81472177,-,ACSS3,GRCh37,cg01283289
1705,3,186856928,-,RPL39L,GRCh37,cg07693270
1706,20,44176029,+,SPINLW1;SPINLW1,GRCh37,cg23765993
1707,2,30144152,+,ALK;ALK,GRCh37,cg18277754
1708,22.0,19467075,+,UFD1L;UFD1L;CDC45L,GRCh37,cg07633499
1708,9,107526283,-,NIPSNAP3B,GRCh37,cg17868994
1708,17,46688310,+,HOXB7;HOXB7,GRCh37,cg06493080
1708,18,9136381,-,ANKRD12;ANKRD12,GRCh37,cg22468803
1708,17,55333097,-,MSI2;MSI2,GRCh37,cg05856931
1708,6,84569839,+,CYB5R4,GRCh37,cg26130726
1708,10,105127632,-,TAF5,GRCh37,cg20684973
1708,5,159435961,-,TTC1,GRCh37,cg01222684
1708,17,61851352,-,DDX42;CCDC47;DDX42,GRCh37,cg05797656
1708,7,150754936,-,CDK5;CDK5;CDK5;CDK5,GRCh37,cg11368578
1708,10,70287438,+,SLC25A16;SLC25A16,GRCh37,cg14191109
1708,1,120254664,+,PHGDH,GRCh37,cg26791905
1708,4,83931902,-,LIN54;LIN54;LIN54;LIN54;LIN54,GRCh37,cg16854524
1708,1,204183116,+,GOLT1A;GOLT1A,GRCh37,cg20867633
1708,7,129593010,+,UBE2H;UBE2H,GRCh37,cg19319069
1708,15,44117132,+,MFAP1,GRCh37,cg16267059
1708,17,14204027,-,HS3ST3B1,GRCh37,cg17639046
1708,5,52083992,+,ITGA1;PELO;PELO,GRCh37,cg21153758
1708,1,40506858,+,CAP1;CAP1,GRCh37,cg27072323
1708,16,11036526,+,DEXI,GRCh37,cg23970785
1708,15,64995684,+,OAZ2,GRCh37,cg07031532
1708,20,34824197,+,C20orf4,GRCh37,cg16016641
1708,2,105946583,+,TGFBRAP1;TGFBRAP1,GRCh37,cg11371394
1708,12,62654319,+,USP15,GRCh37,cg02776251
1708,1,46769076,+,LRRC41;UQCRH,GRCh37,cg09747578
1708,19,36980257,-,ZNF566;ZNF566;ZNF566;ZNF566,GRCh37,cg24695828
1708,4,17513980,+,QDPR,GRCh37,cg09435090
1708,5,154318093,-,GEMIN5,GRCh37,cg19560287
1708,21,45079232,-,HSF2BP;RRP1B,GRCh37,cg08871016
1708,1,231473791,+,C1orf124;C1orf124;C1orf124;C1orf124;EXOC8,GRCh37,cg23213688
1708,1,70877088,-,CTH;CTH;CTH;CTH,GRCh37,cg21452766
1708,9,90341048,-,CTSL1;CTSL1;CTSL1;CTSL1,GRCh37,cg15242570
1708,15,73345212,+,NEO1,GRCh37,cg24906202
1708,3,24536309,-,THRB;THRB;THRB;THRB;THRB,GRCh37,cg15385623
1708,5,175788725,+,KIAA1191;KIAA1191;KIAA1191;KIAA1191;KIAA1191;KIAA1191,GRCh37,cg21605986
1708,7,100027408,+,MEPCE;ZCWPW1,GRCh37,cg17607973
1709,11,22689644,+,GAS2;GAS2,GRCh37,cg03547797
1710,2,119606055,-,EN1,GRCh37,cg03266453
1711,16,2099508,+,TSC2;TSC2;TSC2,GRCh37,cg20253700
1712,4,21305490,-,KCNIP4;KCNIP4;KCNIP4;KCNIP4,GRCh37,cg27196467
1713,4,74847646,-,PF4,GRCh37,cg15158783
1714,11,71954982,-,PHOX2A,GRCh37,cg18722841
1715,7,27204981,+,HOXA9,GRCh37,cg26521404
1716,6,150463500,+,PPP1R14C,GRCh37,cg20134151
1717,12,63546263,-,AVPR1A;AVPR1A,GRCh37,cg26706003
1718,6,116832940,-,FAM26E;BET3L,GRCh37,cg23741330
1719,17,42386208,+,RUNDC3A;RUNDC3A;RUNDC3A,GRCh37,cg13102585
1720,14,93389246,-,CHGA,GRCh37,cg16290737
1720,7,154862030,-,HTR5A,GRCh37,cg15835825
1720,19,11591491,-,ELAVL3;ELAVL3;ELAVL3;ELAVL3,GRCh37,cg25434223
1721,1,19992024,+,HTR6;HTR6,GRCh37,cg10741760
1722,8,120651652,-,ENPP2;ENPP2;ENPP2,GRCh37,cg14409958
1723,9,6645686,+,GLDC;GLDC,GRCh37,cg17009433
1723,9,6645468,+,GLDC,GRCh37,cg11747771
1724,1,198509669,-,ATP6V1G3;ATP6V1G3,GRCh37,cg12958813
1725,17,75316233,+,SEPT9;SEPT9;SEPT9;SEPT9,GRCh37,cg03330678
1726,11,6817280,+,OR6A2,GRCh37,cg03780486
1727,4,154710371,-,SFRP2,GRCh37,cg11354906
1728,22.0,40406049,-,FAM83F,GRCh37,cg21771250
1729,10,50818299,-,SLC18A3;CHAT,GRCh37,cg11389172
1730,6,35419793,-,FANCE,GRCh37,cg17803089
1731,6,56707687,+,DST;DST;DST;DST,GRCh37,cg04452713
1732,11,73498278,-,MRPL48,GRCh37,cg25124030
1733,11,33308269,-,HIPK3;HIPK3,GRCh37,cg05501357
1734,15,60296425,+,FOXB1;FOXB1,GRCh37,cg22777952
1735,16,62069806,+,CDH8,GRCh37,cg11323198
1736,3,109035381,-,DPPA2,GRCh37,cg18992201
1737,1,12226913,-,TNFRSF1B,GRCh37,cg13836770
1738,7,113558794,-,PPP1R3A,GRCh37,cg00967316
1739,16,11761860,-,SNN,GRCh37,cg09816471
1740,2,154334716,-,RPRM;RPRM,GRCh37,cg27420236
1741,16,55689865,+,SLC6A2,GRCh37,cg10362591
1742,4,81187198,+,FGF5;FGF5,GRCh37,cg18638496
1743,12,27174596,+,MED21,GRCh37,cg01982833
1744,1,18808102,+,KLHDC7A,GRCh37,cg14356550
1745,6,29323330,+,OR5V1,GRCh37,cg14258236
1746,10,129535898,+,FOXI2,GRCh37,cg13929328
1747,1,26737262,-,LIN28,GRCh37,cg18634211
1748,16,12059019,+,TNFRSF17;TNFRSF17,GRCh37,cg16177830
1749,19,42569956,+,GRIK5;GRIK5,GRCh37,cg09555879
1750,2,107503547,+,ST6GAL2;ST6GAL2;ST6GAL2;ST6GAL2;ST6GAL2,GRCh37,cg04434339
1751,4,130013461,-,SCLT1;C4orf33,GRCh37,cg03916421
1751,1,54520432,-,C1orf83;TMEM59,GRCh37,cg01182697
1752,8,86350581,+,CA3,GRCh37,cg18674980
1753,2,127413363,+,GYPC;GYPC,GRCh37,cg17105014
1754,4,174450016,-,HAND2,GRCh37,cg01580681
1755,20,56136569,+,PCK1,GRCh37,cg16101800
1756,1,152747472,+,LCE1F,GRCh37,cg23413307
1757,8,75735733,+,PI15,GRCh37,cg09304624
1758,21.0,42880554,-,TMPRSS2;TMPRSS2,GRCh37,cg24901042
1759,9,118915867,-,PAPPA,GRCh37,cg08662074
1760,13,37247708,-,C13orf36,GRCh37,cg17906786
1761,2,198816177,-,PLCL1,GRCh37,cg27609819
1761,2,198815064,-,PLCL1,GRCh37,cg02833180
1762,17,883776,+,NXN,GRCh37,cg12770741
1763,12,54070891,+,ATP5G2;ATP5G2,GRCh37,cg08995424
1764,12,82153464,-,PPFIA2,GRCh37,cg24719984
1765,7,95115163,+,ASB4;ASB4,GRCh37,cg25692621
1765,7,95115289,+,ASB4;ASB4,GRCh37,cg26847490
1766,17,74639731,-,ST6GALNAC1;ST6GALNAC1,GRCh37,cg15503752
1767,21.0,46358532,+,C21orf67;C21orf67;C21orf70,GRCh37,cg21968796
1768,11,64764490,-,BATF2;BATF2,GRCh37,cg17321617
1769,14,25518624,-,STXBP6;STXBP6,GRCh37,cg06948294
1770,4,71091866,-,C4orf7;C4orf7,GRCh37,cg10585462
1771,13,79177925,+,POU4F1,GRCh37,cg15604467
1772,14,42076710,-,LRFN5,GRCh37,cg13526007
1773,1,200842429,-,GPR25,GRCh37,cg21870884
1774,12,52914409,-,KRT5,GRCh37,cg23645091
1775,15,99645663,-,SYNM;SYNM,GRCh37,cg13191049
1776,6,43022213,+,CUL7;CUL7;MRPL2,GRCh37,cg18159180
1777,19,9609204,+,ZNF560,GRCh37,cg04062391
1778,16,30908233,-,CTF1;CTF1,GRCh37,cg17800442
1779,8,53478454,+,FAM150A,GRCh37,cg17162024
1780,10,6621965,+,PRKCQ,GRCh37,cg11638200
1781,12,100867758,-,NR1H4;NR1H4,GRCh37,cg23256150
1782,1,155161784,-,MUC1;MUC1;MUC1;MUC1;MUC1;MUC1;MUC1,GRCh37,cg24512973
1783,20,1600705,+,SIRPB1;SIRPB1;SIRPB1,GRCh37,cg09577651
1784,6,27925166,-,OR2B6,GRCh37,cg03340878
1785,7,107300287,+,SLC26A4;LOC286002,GRCh37,cg14646244
1786,3,12329826,-,PPARG;PPARG;PPARG,GRCh37,cg04632671
1787,22.0,19744670,-,TBX1;TBX1;TBX1,GRCh37,cg02887841
1788,6,117585815,-,VGLL2;VGLL2,GRCh37,cg11191210
1789,1,231175246,-,FAM89A,GRCh37,cg00679738
1790,6,110797497,+,SLC22A16,GRCh37,cg22334665
1791,10,71333037,-,NEUROG3;NEUROG3,GRCh37,cg03425110
1792,13,27333506,-,GPR12,GRCh37,cg15726245
1793,14,94639732,-,PPP4R4;PPP4R4,GRCh37,cg09173897
1794,13,95954382,+,ABCC4;ABCC4,GRCh37,cg24476569
1795,14,85996101,+,FLRT2,GRCh37,cg26651233
1796,2,119700029,+,MARCO,GRCh37,cg02431964
1797,4,156130206,+,NPY2R;NPY2R,GRCh37,cg14586939
1798,4,71383999,+,AMTN,GRCh37,cg17536071
1799,18,9474707,+,RALBP1,GRCh37,cg15982419
1800,12,114846399,-,TBX5;TBX5,GRCh37,cg10281002
1801,2,25391839,+,POMC;POMC,GRCh37,cg08030082
1801,3,45268523,+,TMEM158,GRCh37,cg27390220
1801,2,25391830,-,POMC;POMC,GRCh37,cg16302441
1802,7,100862300,+,ZNHIT1;PLOD3,GRCh37,cg25527547
1803,1,25257566,-,RUNX3;RUNX3,GRCh37,cg24019564
1804,14,52734286,+,PTGDR,GRCh37,cg24989962
1805,9,17578725,-,SH3GL2,GRCh37,cg17398595
1806,13,37006611,+,CCNA1;CCNA1;CCNA1;CCNA1;CCNA1;CCNA1,GRCh37,cg13060997
1807,4,122686269,-,TMEM155;TMEM155;LOC100192379,GRCh37,cg05396987
1808,3,116163694,+,LSAMP,GRCh37,cg14294758
1809,16,31439752,+,COX6A2,GRCh37,cg24110063
1810,6,31127178,-,TCF19;TCF19;CCHCR1,GRCh37,cg09045681
1811,19,57702479,+,ZNF264,GRCh37,cg16636110
1812,1,199996237,-,NR5A2;NR5A2,GRCh37,cg20406878
1813,19,4181854,+,SIRT6;ANKRD24,GRCh37,cg09936839
1814,8,121824929,+,SNTB1,GRCh37,cg08598221
1815,19,56879571,+,ZNF542;ZNF542;ZNF542;ZNF542,GRCh37,cg26309134
1816,5,44389282,+,FGF10,GRCh37,cg20387341
1817,1,153630883,+,SNAPIN,GRCh37,cg07576541
1818,1,79085713,+,IFI44L,GRCh37,cg17980508
1819,11,8954206,-,C11orf16,GRCh37,cg09674867
1820,5,161112787,-,GABRA6;GABRA6,GRCh37,cg22672790
1821,5,177423598,+,PROP1,GRCh37,cg00930194
1822,21.0,39629123,-,KCNJ15;KCNJ15,GRCh37,cg18248112
1823,10,119000991,-,SLC18A2,GRCh37,cg00512279
1824,6,114225306,-,FLJ34503,GRCh37,cg19815376
1825,2,176956761,-,HOXD13,GRCh37,cg19325985
1826,6,26183508,+,HIST1H2BE,GRCh37,cg21146268
1827,6,161123803,-,PLG;PLG,GRCh37,cg09087901
1828,12,21757466,-,GYS2,GRCh37,cg06141025
1829,11,119211646,-,C1QTNF5;MFRP,GRCh37,cg20483374
1830,3,52864816,-,ITIH4;ITIH4,GRCh37,cg17890764
1831,1,44398959,+,ARTN;ARTN;ARTN,GRCh37,cg22930187
1831,1,44398998,-,ARTN;ARTN;ARTN;ARTN;ARTN;ARTN,GRCh37,cg06207804
1832,18,74402010,-,,GRCh37,cg21306775
1833,7,96747288,+,ACN9,GRCh37,cg20002248
1833,7,96746928,-,ACN9;ACN9,GRCh37,cg24205633
1834,21.0,32119309,+,KRTAP21-2,GRCh37,cg23581186
1834,21.0,32185365,+,KRTAP8-1,GRCh37,cg24423088
1835,19,51644554,-,SIGLEC7;SIGLEC7,GRCh37,cg01193293
1836,19,48808268,+,CCDC114,GRCh37,cg11521325
1836,14,106390641,+,KIAA0125,GRCh37,cg02507952
1836,9,126118355,-,CRB2,GRCh37,cg02010852
1836,19,45826341,+,CKM,GRCh37,cg20444256
1836,9,139642875,+,LCN6,GRCh37,cg11873854
1836,8,21771059,+,DOK2,GRCh37,cg03732056
1836,22.0,30960857,+,GAL3ST1;GAL3ST1,GRCh37,cg09022808
1836,8,22089778,-,PHYHIP;PHYHIP;PHYHIP;PHYHIP,GRCh37,cg05947740
1837,3,58523313,+,ACOX2,GRCh37,cg13705284
1838,1,117753313,-,VTCN1,GRCh37,cg22424746
1839,3,127392403,-,ABTB1;ABTB1;ABTB1,GRCh37,cg03330058
1840,5,53751411,-,HSPB3,GRCh37,cg20169062
1841,7,27183436,-,HOXA5,GRCh37,cg12128839
1842,21.0,47705150,+,C21orf57;C21orf57;MCM3AP,GRCh37,cg25737836
1843,10,135171083,+,C10orf125;C10orf125,GRCh37,cg12251804
1844,1,179712298,-,FAM163A;FAM163A,GRCh37,cg13449778
1845,20,61340885,+,NTSR1,GRCh37,cg14871138
1846,11,47470768,-,RAPSN;RAPSN,GRCh37,cg09163021
1846,14,95942666,-,C14orf49,GRCh37,cg04514469
1846,2,233734910,+,C2orf82,GRCh37,cg21120063
1846,17,48912483,-,WFIKKN2,GRCh37,cg07168556
1846,17,37822045,-,TCAP,GRCh37,cg01680823
1846,9,117093052,-,ORM2,GRCh37,cg00969271
1846,1,35220814,-,GJB5,GRCh37,cg01333788
1846,15,78556502,+,DNAJA4;DNAJA4;DNAJA4,GRCh37,cg23366752
1846,5,80528609,+,RNU5E;RNU5D;CKMT2;CKMT2;CKMT2,GRCh37,cg22979433
1846,7,50132975,-,ZPBP;ZPBP,GRCh37,cg27183007
1846,19,39467258,-,FBXO17,GRCh37,cg24010336
1846,19,11306319,-,KANK2;KANK2,GRCh37,cg02815516
1846,13,24883014,+,C1QTNF9,GRCh37,cg00448720
1846,19,6502938,-,TUBB4,GRCh37,cg15677294
1846,10,133955411,-,JAKMIP3,GRCh37,cg06985415
1846,16,57054740,+,NLRC5,GRCh37,cg17625032
1846,11,10715360,-,MRVI1;MRVI1;MRVI1;MRVI1;MRVI1,GRCh37,cg24541550
1846,17,56832804,+,PPM1E,GRCh37,cg02318535
1846,15,91426667,+,FES;FURIN;FES,GRCh37,cg24888049
1846,19,3760955,+,APBA3,GRCh37,cg20366831
1846,9,114937992,+,SUSD1,GRCh37,cg04230060
1846,2,238473800,-,PRLH,GRCh37,cg11380128
1846,2,239009036,-,ESPNL;ESPNL,GRCh37,cg09039163
1846,22.0,24979633,-,GGT1,GRCh37,cg02774160
1847,3,140770345,+,SPSB4,GRCh37,cg22036988
1848,1,9129487,+,SLC2A5;SLC2A5;SLC2A5,GRCh37,cg03679305
1849,8,16885270,-,EFHA2,GRCh37,cg26831415
1850,14,24837836,-,NFATC4;NFATC4,GRCh37,cg06111454
1851,13,24523698,-,,GRCh37,cg12682367
1852,2,220174207,+,PTPRN,GRCh37,cg10140638
1853,9,33447476,+,SUGT1P1;AQP3,GRCh37,cg23124755
1854,14,94254586,+,PRIMA1,GRCh37,cg20895877
1855,5,140625059,-,PCDHB15,GRCh37,cg11368643
1856,2,75426249,-,TACR1;TACR1;TACR1;TACR1,GRCh37,cg26033710
1857,17,32683481,+,CCL13;CCL13,GRCh37,cg24615251
1858,4,110834590,-,EGF,GRCh37,cg24818418
1859,4,89080423,+,ABCG2,GRCh37,cg24352530
1860,9,133813632,-,FIBCD1;FIBCD1,GRCh37,cg23152772
1861,8,110987019,-,KCNV1,GRCh37,cg04237663
1862,14,77228510,-,VASH1;VASH1,GRCh37,cg18489434
1862,14,77228508,-,VASH1;VASH1,GRCh37,cg20881054
1863,5,148206224,+,ADRB2;ADRB2,GRCh37,cg19110523
1864,19,58570468,+,ZNF135;ZNF135;ZNF135;ZNF135;ZNF135,GRCh37,cg16638540
1865,19,41195910,+,NUMBL,GRCh37,cg08450982
1866,11,60146078,+,MS4A7;MS4A7;MS4A7;MS4A7;MS4A7;MS4A7;MS4A7;MS4A7,GRCh37,cg18343292
1867,22.0,31536549,-,PLA2G3,GRCh37,cg00727590
1868,19,49244674,-,IZUMO1;RASIP1,GRCh37,cg26750002
1869,3,42742993,+,HHATL;HHATL,GRCh37,cg24938727
1869,1,47015494,+,KNCN,GRCh37,cg26660631
1869,2,242800973,+,PDCD1,GRCh37,cg18096388
1869,8,143545390,-,BAI1;BAI1,GRCh37,cg21210789
1869,22.0,21319894,+,AIFM3;AIFM3,GRCh37,cg07331806
1869,17,42835688,+,ADAM11,GRCh37,cg06471905
1869,3,183817931,+,HTR3E,GRCh37,cg18236734
1869,20,44880515,-,CDH22,GRCh37,cg04640913
1869,12,6898975,+,CD4,GRCh37,cg22908581
1869,16,66954257,-,CDH16,GRCh37,cg14792480
1869,11,65668277,+,FOSL1,GRCh37,cg18818531
1869,20,57582594,-,CTSZ,GRCh37,cg23265096
1869,19,14586840,-,PTGER1,GRCh37,cg27524460
1869,22.0,46067074,+,ATXN10;ATXN10,GRCh37,cg20269537
1870,7,158937107,+,VIPR2,GRCh37,cg18349835
1871,19,55690495,+,SYT5,GRCh37,cg20239740
1872,18,13916355,-,MC2R,GRCh37,cg00335286
1873,20,56286697,+,PMEPA1;PMEPA1;PMEPA1,GRCh37,cg00138126
1874,8,68864012,+,PREX2;PREX2,GRCh37,cg13652336
1875,1,237205098,+,RYR2,GRCh37,cg19764418
1876,10,119000236,+,SLC18A2,GRCh37,cg00498305
1877,19,18724173,-,TMEM59L,GRCh37,cg07379574
1878,11,17566048,-,USH1C;USH1C,GRCh37,cg21289015
1879,17,37764264,-,NEUROD2,GRCh37,cg01293647
1880,14,77964712,+,ISM2;ISM2,GRCh37,cg07965823
1881,3,190105555,+,CLDN16,GRCh37,cg11984608
1882,5,115152785,+,CDO1,GRCh37,cg07644368
1883,3,45837458,-,SLC6A20;SLC6A20,GRCh37,cg12359315
1884,10,115804095,-,ADRB1,GRCh37,cg14826456
1885,10,128077323,+,ADAM12;ADAM12,GRCh37,cg13488201
1886,8,133492476,-,KCNQ3,GRCh37,cg27016990
1886,8,133493154,+,KCNQ3,GRCh37,cg18153124
1886,10,25241462,+,PRTFDC1,GRCh37,cg04180868
1887,16,24682446,+,,GRCh37,cg14289511
1888,7,142829304,-,PIP,GRCh37,cg26628847
1889,3,10858504,-,SLC6A11,GRCh37,cg15284635
1890,20,23860078,-,CST5,GRCh37,cg02882813
1891,18,48189538,-,MAPK4,GRCh37,cg26946769
1892,19,15391927,-,BRD4;BRD4,GRCh37,cg08044694
1893,1,238053828,+,ZP4;LOC100130331,GRCh37,cg03872376
1894,18,49868378,-,DCC,GRCh37,cg00399483
1895,19,1450493,+,APC2,GRCh37,cg18133957
1896,6,39196998,+,KCNK5;KCNK5,GRCh37,cg02128567
1897,20,10199536,-,SNAP25;SNAP25;SNAP25;SNAP25,GRCh37,cg16564824
1898,11,102826469,-,MMP13,GRCh37,cg22658979
1899,16,57318087,-,PLLP,GRCh37,cg23713520
1900,19,40229266,-,CLC,GRCh37,cg07173760
1901,8,18871909,+,PSD3,GRCh37,cg24056567
1902,1,206786178,-,LGTN,GRCh37,cg16639185
1903,12,124456164,-,CCDC92,GRCh37,cg02647265
1904,12,71314315,-,PTPRR;PTPRR,GRCh37,cg23694248
1905,4,47840011,-,CORIN;CORIN,GRCh37,cg26018901
1906,2,179672637,-,TTN;TTN;TTN;TTN;TTN,GRCh37,cg15133917
1907,1,226013010,-,EPHX1;EPHX1;EPHX1,GRCh37,cg03459809
1908,18,713200,-,ENOSF1;ENOSF1;ENOSF1,GRCh37,cg16112050
1909,5,36606520,-,SLC1A3;SLC1A3;SLC1A3;SLC1A3,GRCh37,cg15841415
1910,1,13910555,-,PDPN;PDPN;PDPN;PDPN,GRCh37,cg18877506
1911,17,8275273,-,KRBA2,GRCh37,cg14069619
1912,2,19558059,+,OSR1,GRCh37,cg02742971
1913,6,30130226,-,TRIM15,GRCh37,cg27091343
1913,20,42187837,-,SGK2,GRCh37,cg17463527
1913,9,127269807,-,NR5A1,GRCh37,cg00691625
1913,12,55028545,+,LACRT,GRCh37,cg10125195
1913,9,36169949,+,CCIN,GRCh37,cg15248035
1913,3,137851111,-,A4GNT;A4GNT,GRCh37,cg17687282
1913,11,69591383,-,FGF4,GRCh37,cg14578030
1913,20,31642120,+,C20orf185,GRCh37,cg26111757
1913,21,39578742,+,DSCR10,GRCh37,cg00544557
1913,15,78527410,+,ACSBG1,GRCh37,cg27087809
1913,20,44259912,-,WFDC9,GRCh37,cg12061127
1913,7,142630597,+,TRPV5;TRPV5,GRCh37,cg14269477
1913,14,74815187,+,C14orf115;C14orf115,GRCh37,cg22247240
1913,15,48413218,+,SLC24A5;SLC24A5,GRCh37,cg01497576
1913,1,111148339,-,KCNA2;KCNA2,GRCh37,cg16773028
1913,1,182419655,+,RGSL1,GRCh37,cg15756091
1913,3,196065106,-,TM4SF19,GRCh37,cg05556202
1913,9,35618083,-,CD72,GRCh37,cg18557145
1913,5,176811257,-,SLC34A1;SLC34A1,GRCh37,cg06501790
1913,19,42574717,+,,GRCh37,cg11719283
1913,17,34308137,+,CCL16,GRCh37,cg10190509
1913,2,108904812,-,SULT1C2;SULT1C2,GRCh37,cg13968390
1913,6,170198971,+,C6orf122;C6orf208,GRCh37,cg21168884
1913,2,233391265,+,CHRND,GRCh37,cg11695684
1913,2,233403063,-,CHRNG,GRCh37,cg01145396
1913,11,62783123,-,SLC22A8,GRCh37,cg06917325
1914,7,16505602,-,SOSTDC1,GRCh37,cg06363129
1915,11,61128572,+,TMEM138;CYBASC3;CYBASC3;TMEM138,GRCh37,cg18595258
1916,12,75728469,-,GLIPR1L1;GLIPR1L1,GRCh37,cg21087137
1917,10,135043508,+,UTF1,GRCh37,cg03755123
1918,6,168418276,+,KIF25;KIF25,GRCh37,cg17001430
1919,5,9545976,-,SEMA5A;SEMA5A,GRCh37,cg11011938
1920,7,32110988,+,PDE1C;PDE1C,GRCh37,cg22131691
1921,2,27071332,-,DPYSL5,GRCh37,cg26195812
1922,10,48438500,-,GDF10,GRCh37,cg07773116
1923,6,70576541,-,COL19A1,GRCh37,cg06321883
1924,1,152386561,+,CRNN,GRCh37,cg19370451
1925,1,160616604,+,SLAMF1,GRCh37,cg20535085
1926,18,49868477,-,DCC,GRCh37,cg01839464
1927,11,32448769,+,WT1;WT1;WT1;WT1,GRCh37,cg25094569
1928,20,4804581,+,RASSF2,GRCh37,cg19614321
1929,16,11348678,-,SOCS1,GRCh37,cg10784813
1930,1,99729757,-,LPPR4;LPPR4,GRCh37,cg05596294
1931,17,45811322,-,TBX21,GRCh37,cg20209009
1932,11,69519974,+,FGF19,GRCh37,cg26096837
1933,17,9479910,-,WDR16;WDR16;STX8,GRCh37,cg25964007
1934,12,72666976,+,LOC283392;TRHDE;LOC283392,GRCh37,cg13663218
1935,3,46759449,-,PRSS50,GRCh37,cg19668234
1936,12,114845868,+,TBX5;TBX5;TBX5;TBX5,GRCh37,cg21907579
1937,17,41277213,+,BRCA1;BRCA1;BRCA1;BRCA1;BRCA1;NBR2;BRCA1,GRCh37,cg19088651
1937,17,41277059,-,BRCA1;BRCA1;BRCA1;BRCA1;BRCA1;NBR2;BRCA1,GRCh37,cg19531713
1937,17,41277444,+,NBR2;BRCA1;BRCA1;BRCA1;BRCA1;BRCA1;BRCA1;BRCA1;BRCA1;BRCA1;BRCA1,GRCh37,cg04658354
1937,17,41277322,+,BRCA1;BRCA1;BRCA1;BRCA1;BRCA1;BRCA1;BRCA1;BRCA1;BRCA1;NBR2;BRCA1,GRCh37,cg08993267
1937,17,41277694,+,NBR2;BRCA1;BRCA1;BRCA1;BRCA1;BRCA1,GRCh37,cg10893007
1938,14,99737548,-,BCL11B;BCL11B,GRCh37,cg02452985
1939,13,102104848,-,ITGBL1,GRCh37,cg03386869
1940,1,183387751,+,NMNAT2,GRCh37,cg10202457
1941,18,55254238,-,FECH;FECH,GRCh37,cg05243804
1941,3,122514224,+,DIRC2,GRCh37,cg08096946
1941,3,134093627,-,AMOTL2,GRCh37,cg22406518
1941,6,28317796,-,ZKSCAN3;ZNF323;ZKSCAN3;ZNF323,GRCh37,cg03849074
1941,17,8152823,+,PFAS;C17orf68,GRCh37,cg15811235
1941,9,135906200,+,GTF3C5;GTF3C5;GTF3C5;GTF3C5,GRCh37,cg20188282
1941,22.0,50963486,+,SCO2;SCO2;SCO2;SCO2,GRCh37,cg24856732
1941,18,33552869,+,C18orf21,GRCh37,cg25316898
1941,16,27215306,+,JMJD5;JMJD5;JMJD5,GRCh37,cg24705286
1941,1,169076388,+,ATP1B1;ATP1B1,GRCh37,cg08785155
1941,7,123197757,+,NDUFA5,GRCh37,cg12126248
1941,3,61547285,-,PTPRG;PTPRG,GRCh37,cg05362669
1941,4,177116639,+,SPATA4,GRCh37,cg01311285
1941,12,42632001,-,YAF2;YAF2,GRCh37,cg14932684
1941,13,48669450,-,MED4,GRCh37,cg24809640
1941,1,201798817,+,IPO9,GRCh37,cg17718515
1941,1,231115087,+,TTC13;TTC13;ARV1,GRCh37,cg20395940
1941,15,69113056,-,ANP32A,GRCh37,cg06456512
1941,16,23464713,-,COG7,GRCh37,cg27196102
1941,2,85361184,+,TCF7L1,GRCh37,cg02508567
1941,19,49375640,+,PPP1R15A,GRCh37,cg00491839
1941,10,102027628,+,CWF19L1,GRCh37,cg20925178
1941,15,80188777,-,MTHFS,GRCh37,cg02196730
1941,14,50088544,+,RPL36AL;MGAT2,GRCh37,cg11700584
1941,6,35436252,-,RPL10A,GRCh37,cg04315264
1941,19,59085259,+,MZF1;LOC100131691;MZF1,GRCh37,cg16396417
1941,13,111365492,-,ING1;ING1;ING1,GRCh37,cg13766096
1941,19,21579993,+,ZNF493;ZNF493;ZNF493;ZNF493;ZNF493;ZNF493,GRCh37,cg12745769
1941,19,45311997,-,BCAM;BCAM,GRCh37,cg21263196
1941,1,36348944,+,EIF2C1;EIF2C1,GRCh37,cg27026509
1941,2,148602625,+,ACVR2A;ACVR2A,GRCh37,cg22464182
1941,19,45971291,-,FOSB;FOSB;FOSB;FOSB,GRCh37,cg20646490
1941,21.0,30391784,+,RWDD2B,GRCh37,cg18001427
1941,9,74526266,+,C9orf85;FAM108B1;FAM108B1,GRCh37,cg00034039
1941,11,78285295,+,NARS2;NARS2,GRCh37,cg18341054
1941,1,26758996,+,DHDDS;DHDDS,GRCh37,cg14211646
1941,7,27779567,+,TAX1BP1;TAX1BP1,GRCh37,cg11084020
1941,14,93673274,-,UBR7;UBR7;C14orf142,GRCh37,cg15186869
1941,14,52117833,-,FRMD6;FRMD6,GRCh37,cg22430790
1941,19,55897501,-,RPL28;RPL28;RPL28;RPL28;RPL28,GRCh37,cg02608292
1941,20,46414900,+,SULF2;SULF2;SULF2;SULF2;SULF2,GRCh37,cg11979959
1941,14,74180391,-,PNMA1;PNMA1,GRCh37,cg23681213
1941,2,39102883,-,MORN2;DHX57,GRCh37,cg19971804
1941,20,35374068,+,NDRG3;NDRG3,GRCh37,cg17675882
1941,19,8373296,+,CD320;CD320,GRCh37,cg21329628
1941,22.0,36925763,-,EIF3D,GRCh37,cg27158143
1941,11,75526289,-,UVRAG;UVRAG,GRCh37,cg03328804
1941,12,6677158,+,NOP2;NOP2,GRCh37,cg16579101
1941,22.0,39640835,+,PDGFB;PDGFB,GRCh37,cg19167673
1941,19,44124104,+,ZNF428,GRCh37,cg12085660
1941,17,30677336,+,ZNF207;ZNF207;ZNF207,GRCh37,cg06168050
1941,2,61243993,-,PEX13;PUS10,GRCh37,cg01439983
1941,12,24715250,-,SOX5,GRCh37,cg14242042
1941,19,11450511,-,RAB3D,GRCh37,cg20780953
1941,1,165737775,+,TMCO1,GRCh37,cg18964732
1941,18,32621748,+,MAPRE2;MAPRE2;MAPRE2;MAPRE2,GRCh37,cg16317961
1941,16,69760878,+,NQO1;NQO1;NQO1,GRCh37,cg19194454
1941,13,80915061,+,SPRY2;SPRY2,GRCh37,cg11653500
1941,18,46477404,-,SMAD7,GRCh37,cg14751914
1941,1,28241317,-,RPA2,GRCh37,cg05871607
1941,1,10532230,-,DFFA;DFFA,GRCh37,cg15452426
1941,18,23671059,-,SS18;SS18,GRCh37,cg13022174
1941,11,9406309,+,IPO7;IPO7,GRCh37,cg08626943
1941,4,22517965,+,GPR125,GRCh37,cg23337382
1941,2,3622752,+,RPS7,GRCh37,cg08525207
1941,7,75931932,-,HSPB1;HSPB1,GRCh37,cg27425193
1941,18,47018947,+,RPL17;SNORD58A;SNORD58B;RPL17,GRCh37,cg19857457
1941,10,6243955,+,PFKFB3;PFKFB3,GRCh37,cg21542094
1941,11,111637613,-,PPP2R1B;PPP2R1B,GRCh37,cg17468440
1941,1,54519244,+,C1orf83;TMEM59,GRCh37,cg04853151
1941,22.0,37882397,-,MFNG;MFNG;MFNG;MFNG;MFNG,GRCh37,cg18452324
1941,11,62529460,-,POLR2G,GRCh37,cg22176017
1941,1,226497619,+,LIN9,GRCh37,cg12962021
1941,2,85645548,+,,GRCh37,cg08158331
1941,1,245027629,-,HNRNPU;HNRNPU;HNRNPU;HNRNPU,GRCh37,cg22320000
1941,1,209957739,-,C1orf74;C1orf74,GRCh37,cg10313675
1941,5,140027484,+,IK;NDUFA2;IK,GRCh37,cg09507928
1941,14,77563968,-,KIAA1737,GRCh37,cg23749163
1941,2,25194156,-,DNAJC27,GRCh37,cg17466768
1941,7,123198030,+,NDUFA5,GRCh37,cg04437590
1941,1,161008644,+,TSTD1;TSTD1;TSTD1,GRCh37,cg00446235
1941,21,18886093,+,CXADR,GRCh37,cg03167275
1941,4,153701330,+,ARFIP1;TIGD4;ARFIP1;ARFIP1;ARFIP1;ARFIP1,GRCh37,cg21618713
1941,22.0,37172025,+,RABL4;RABL4,GRCh37,cg12924408
1941,3,42544400,+,VIPR1,GRCh37,cg03160740
1941,2,109065726,+,GCC2;GCC2;GCC2,GRCh37,cg12287813
1941,11,118134846,+,MPZL2;MPZL2,GRCh37,cg18399703
1941,9,123964581,+,RAB14,GRCh37,cg11429632
1941,8,71581306,-,LACTB2;XKR9,GRCh37,cg09378940
1941,1,185286807,+,IVNS1ABP,GRCh37,cg08358671
1942,4,72650992,-,GC,GRCh37,cg07376029
1943,20,21494547,-,NKX2-2;NKX2-2,GRCh37,cg17029168
1944,11,66084841,-,CD248,GRCh37,cg00350296
1945,2,234590590,-,UGT1A10;UGT1A7;UGT1A9;UGT1A8,GRCh37,cg10432859
1945,2,234544271,+,UGT1A10;UGT1A8,GRCh37,cg18098286
1945,2,234669166,+,UGT1A10;UGT1A1;UGT1A6;UGT1A8;UGT1A4;UGT1A3;UGT1A6;UGT1A9;UGT1A7;UGT1A5,GRCh37,cg11811840
1946,11,124310939,+,OR8B8,GRCh37,cg14620221
1947,2,219824308,-,CDK5R2,GRCh37,cg14831838
1948,1,109203610,+,C1orf59;C1orf59;C1orf59,GRCh37,cg08460435
1949,13,98794593,-,FARP1;FARP1,GRCh37,cg00221494
1950,19,9939038,-,UBL5;UBL5,GRCh37,cg17704839
1951,10,114043548,-,TECTB,GRCh37,cg13342558
1952,7,27225222,-,HOXA11AS;HOXA11,GRCh37,cg15760840
1953,7,19184961,+,FERD3L,GRCh37,cg25691167
1954,19,35521054,-,SCN1B;SCN1B,GRCh37,cg02017041
1954,9,35657478,-,CCDC107,GRCh37,cg11326613
1954,3,50310641,-,SEMA3B;SEMA3B,GRCh37,cg17289734
1954,11,66790285,-,SYT12,GRCh37,cg12724357
1954,16,28986698,-,SPNS1;SPNS1;SPNS1;SPNS1;SPNS1,GRCh37,cg11115702
1954,12,122231455,-,RHOF,GRCh37,cg09088508
1954,9,34646939,-,GALT,GRCh37,cg25476145
1954,3,50126100,-,RBM5,GRCh37,cg14634738
1954,19,37178943,+,ZNF567,GRCh37,cg09984370
1954,20,17512208,+,BFSP1;BFSP1,GRCh37,cg26371206
1954,14,20924369,-,APEX1;APEX1;OSGEP;APEX1,GRCh37,cg16205058
1954,17,75136271,+,SEC14L1;SEC14L1;SEC14L1;SEC14L1,GRCh37,cg04060163
1954,17,47755771,+,SPOP;SPOP;SPOP;SPOP;SPOP;SPOP,GRCh37,cg06291334
1954,7,141251633,+,AGK,GRCh37,cg07640820
1954,6,94128889,+,EPHA7,GRCh37,cg00044245
1954,12,122907814,+,CLIP1;CLIP1,GRCh37,cg24467291
1954,22.0,17565455,+,IL17RA,GRCh37,cg01731685
1954,14,51561562,-,TRIM9;TRIM9,GRCh37,cg03361068
1954,7,100210548,+,MOSPD3;MOSPD3;MOSPD3;MOSPD3,GRCh37,cg10240853
1954,15,37393578,+,MEIS2;MEIS2;MEIS2;MEIS2;MEIS2,GRCh37,cg23137807
1954,16,57770620,+,KATNB1,GRCh37,cg15153383
1954,6,150185854,+,LRP11,GRCh37,cg12232274
1954,5,114880796,+,FEM1C,GRCh37,cg23941599
1954,9,134000424,+,NUP214,GRCh37,cg09553448
1954,12,132313678,-,MMP17,GRCh37,cg24493940
1954,16,56965376,+,HERPUD1;HERPUD1;HERPUD1,GRCh37,cg17808849
1954,17,80709357,-,TBCD,GRCh37,cg27574244
1954,19,38806145,-,YIF1B;YIF1B;YIF1B;YIF1B;YIF1B;YIF1B,GRCh37,cg01594262
1954,1,169555674,+,F5;F5,GRCh37,cg09891761
1954,8,38385977,-,C8orf86,GRCh37,cg23843812
1954,6,45983741,+,CLIC5;CLIC5,GRCh37,cg08748415
1954,9,19048850,+,RRAGA,GRCh37,cg25822709
1954,8,95274687,-,GEM;GEM,GRCh37,cg17943999
1954,3,49395991,-,GPX1;GPX1,GRCh37,cg15900980
1954,20,48599682,-,SNAI1,GRCh37,cg05403071
1954,2,7057402,-,RNF144A,GRCh37,cg25705900
1954,3,44904059,+,TMEM42,GRCh37,cg04682845
1954,5,121414088,-,LOX,GRCh37,cg06508445
1954,3,192959356,+,HRASLS;MGC2889,GRCh37,cg17878972
1954,10,71561211,+,COL13A1;COL13A1;COL13A1;COL13A1;COL13A1;COL13A1;COL13A1;COL13A1;COL13A1;COL13A1;COL13A1;COL13A1;COL13A1;COL13A1;COL13A1;COL13A1;COL13A1;COL13A1;COL13A1;COL13A1,GRCh37,cg23620639
1954,22.0,20004881,-,ARVCF,GRCh37,cg22377998
1954,13,52157910,-,WDFY2,GRCh37,cg00888561
1954,16,84151300,+,MBTPS1,GRCh37,cg04491089
1954,16,67198243,-,HSF4;HSF4,GRCh37,cg06621126
1954,6,30658612,+,NRM,GRCh37,cg24353833
1954,18,13824359,+,MC5R,GRCh37,cg12853521
1954,19,42817981,-,TMEM145,GRCh37,cg13834567
1954,20,35580436,-,SAMHD1,GRCh37,cg12099051
1954,11,57103631,+,SSRP1,GRCh37,cg01511567
1954,10,11865805,-,C10orf47,GRCh37,cg03411288
1954,12,57504948,+,STAT6;STAT6,GRCh37,cg01063813
1954,2,9771671,-,YWHAQ,GRCh37,cg06701500
1954,14,21904906,+,CHD8,GRCh37,cg00657582
1954,22.0,41986333,-,PMM1,GRCh37,cg04384398
1954,16,756400,+,FBXL16,GRCh37,cg01934790
1954,2,30669863,-,LCLAT1;LCLAT1,GRCh37,cg17749961
1954,2,238874908,-,UBE2F,GRCh37,cg16354207
1954,1,210501966,+,HHAT;HHAT;HHAT;HHAT;HHAT;HHAT,GRCh37,cg09276883
1954,1,110283223,-,GSTM3;GSTM3,GRCh37,cg25027501
1954,7,22766155,+,IL6,GRCh37,cg01770232
1954,10,101988539,-,CHUK,GRCh37,cg05917963
1954,17,30677090,-,ZNF207;ZNF207;ZNF207;MIR632,GRCh37,cg21184495
1954,5,176514253,-,FGFR4;FGFR4,GRCh37,cg15442702
1954,19,49149055,-,SEC1;CA11;CA11,GRCh37,cg24677780
1954,22.0,45637132,+,C22orf9,GRCh37,cg24104611
1954,11,116968354,+,SIK3,GRCh37,cg23306832
1954,11,67250809,+,AIP,GRCh37,cg06607866
1954,5,180632555,+,TRIM7;TRIM7;TRIM7;TRIM7;TRIM7,GRCh37,cg09079593
1954,1,40368189,+,MYCL1;MYCL1;MYCL1,GRCh37,cg27650434
1954,12,57984719,+,PIP4K2C;PIP4K2C;PIP4K2C;PIP4K2C,GRCh37,cg25133016
1954,6,31239320,-,HLA-C,GRCh37,cg10409680
1954,21.0,45875534,+,LRRC3;LRRC3,GRCh37,cg26632776
1954,16,74641419,-,GLG1;GLG1;GLG1;GLG1;GLG1,GRCh37,cg09870606
1954,12,58138949,+,TSPAN31,GRCh37,cg22490255
1954,10,105111158,-,PCGF6;PCGF6,GRCh37,cg27217148
1954,19,12946228,-,RTBDN;RTBDN,GRCh37,cg08694544
1954,1,90287523,+,LRRC8D;LRRC8D;LRRC8D,GRCh37,cg26783856
1954,19,47922899,-,MEIS3;MEIS3,GRCh37,cg21145624
1954,6,35265624,+,DEF6;DEF6,GRCh37,cg14960043
1954,3,119963208,+,GPR156;GPR156,GRCh37,cg19093820
1954,7,127228142,-,ARF5,GRCh37,cg15802323
1954,1,85514610,-,MCOLN3,GRCh37,cg10515956
1954,10,102790718,+,SFXN3;PDZD7,GRCh37,cg04880063
1954,5,159797275,+,C1QTNF2,GRCh37,cg10534672
1954,5,140571959,+,PCDHB10;PCDHB10,GRCh37,cg05898102
1954,3,9811806,-,CAMK1,GRCh37,cg23243617
1954,5,174905244,-,SFXN1,GRCh37,cg07293947
1954,9,32385002,-,ACO1,GRCh37,cg01130192
1954,14,74181285,-,PNMA1,GRCh37,cg09119665
1954,12,26987031,-,ITPR2,GRCh37,cg20787196
1954,10,102046685,+,BLOC1S2;BLOC1S2,GRCh37,cg26610808
1954,5,132299861,-,AFF4,GRCh37,cg06638012
1954,17,18219121,+,TOP3A;SMCR8,GRCh37,cg25558099
1954,1,212606819,-,NENF;NENF,GRCh37,cg22236626
1954,2,227700458,+,RHBDD1;RHBDD1,GRCh37,cg10523019
1954,6,90122497,+,RRAGD,GRCh37,cg19187185
1954,2,169104591,-,STK39,GRCh37,cg22659356
1955,17,46656012,+,HOXB4,GRCh37,cg21460081
1956,14,103389814,-,AMN,GRCh37,cg01155039
1957,5,169533372,+,FOXI1;FOXI1,GRCh37,cg00661485
1958,16,72126421,+,TXNL4B;TXNL4B;DHX38;TXNL4B,GRCh37,cg22337624
1959,1,18957232,-,PAX7;PAX7;PAX7,GRCh37,cg07536847
1960,10,49608952,+,MAPK8;MAPK8;MAPK8;MAPK8,GRCh37,cg19612574
1961,9,90498223,-,C9orf79,GRCh37,cg27495908
1962,2,229046325,-,SPHKAP;SPHKAP;SPHKAP;SPHKAP,GRCh37,cg04072323
1963,15,27019356,+,GABRB3;GABRB3,GRCh37,cg15940569
1964,10,17271519,+,VIM,GRCh37,cg12874092
1965,3,50310766,-,SEMA3B;SEMA3B,GRCh37,cg24816455
1966,16,89990214,-,TUBB3,GRCh37,cg13494498
1967,18,61223564,+,SERPINB12,GRCh37,cg03468463
1968,14,101194145,-,DLK1,GRCh37,cg09971646
1969,1,230513566,-,PGBD5,GRCh37,cg01671575
1970,3,19189709,-,KCNH8,GRCh37,cg24997944
1971,20,61993118,+,CHRNA4,GRCh37,cg00318573
1972,4,104640489,+,TACR3,GRCh37,cg04263186
1973,2,131674201,+,ARHGEF4;ARHGEF4,GRCh37,cg11469778
1974,14,38677218,+,SSTR1;SSTR1,GRCh37,cg27590397
1975,6,24719235,+,C6orf62;C6orf62,GRCh37,cg02888247
1976,2,108602361,-,SLC5A7,GRCh37,cg22415472
1977,14,25045028,+,CTSG,GRCh37,cg24355048
1978,7,116165134,-,CAV1,GRCh37,cg27242945
1978,7,116165941,-,CAV1,GRCh37,cg04677163
1978,7,116164704,-,CAV1,GRCh37,cg17469978
1978,4,119274341,+,PRSS12,GRCh37,cg07625840
1979,3,184057683,+,FAM131A;FAM131A,GRCh37,cg25552889
1980,5,71015432,+,CARTPT,GRCh37,cg23300372
1981,9,139096747,+,LHX3,GRCh37,cg20300246
1982,17,67058208,+,ABCA9,GRCh37,cg06213598
1983,8,80523461,-,STMN2,GRCh37,cg23326689
1984,11,44325258,-,ALX4,GRCh37,cg00061629
1985,20,43753049,+,WFDC12,GRCh37,cg20485165
1985,12,52799999,+,KRT82,GRCh37,cg24926042
1985,3,126278020,+,C3orf22,GRCh37,cg02765820
1985,16,29674487,-,SPN;SPN,GRCh37,cg11432797
1985,6,160010346,-,,GRCh37,cg13126790
1985,20,2517613,+,TMC2,GRCh37,cg19290962
1985,5,131408382,-,CSF2,GRCh37,cg13259290
1986,5,178487481,-,ZNF354C,GRCh37,cg11538128
1987,3,62358980,+,FEZF2;FEZF2,GRCh37,cg19629292
1988,15,25200406,-,SNRPN;SNRPN;SNRPN;SNRPN;SNURF;SNURF;SNRPN,GRCh37,cg02125271
1989,21.0,44496743,+,CBS,GRCh37,cg22633722
1990,5,158634989,-,RNF145,GRCh37,cg01657408
1991,15,25229256,+,PAR5;SNORD64,GRCh37,cg26410550
1992,16,55690564,+,SLC6A2;SLC6A2,GRCh37,cg04490714
1993,3,71802420,+,EIF4E3;EIF4E3;GPR27,GRCh37,cg22631938
1994,19,54984705,+,CDC42EP5,GRCh37,cg09227563
1995,19,51013630,-,JOSD2,GRCh37,cg13521229
1996,16,29824599,+,PRRT2,GRCh37,cg00334507
1997,9,139643351,+,LCN6,GRCh37,cg14611112
1998,7,55086890,+,EGFR;EGFR;EGFR;EGFR;EGFR;EGFR;EGFR;EGFR,GRCh37,cg14094960
1999,8,37655269,+,GPR124,GRCh37,cg20011352
2000,20,9495596,+,C20orf103,GRCh37,cg01144286
2001,12,132312205,+,MMP17,GRCh37,cg23149053
2002,17,39685250,+,KRT19,GRCh37,cg16585619
2003,1,165324990,+,LMX1A;LMX1A,GRCh37,cg24650501
2004,6,28367410,+,ZSCAN12;ZSCAN12,GRCh37,cg02622316
2005,14,25103546,+,GZMB,GRCh37,cg03875678
2006,3,186560617,-,ADIPOQ,GRCh37,cg03573747
2006,2,121223909,-,LOC84931,GRCh37,cg17204557
2007,2,16847988,-,FAM49A,GRCh37,cg10106284
2008,2,175629850,+,CHRNA1;CHRNA1,GRCh37,cg05649009
2009,15,88800624,+,NTRK3;NTRK3;NTRK3,GRCh37,cg14384532
2010,13,113776126,-,F10,GRCh37,cg26608199
2011,3,137483479,-,SOX14,GRCh37,cg16428251
2012,8,53478706,-,FAM150A,GRCh37,cg26021627
2013,17,46703650,-,HOXB9;HOXB9,GRCh37,cg12370791
2014,15,49715342,-,C15orf33;FGF7,GRCh37,cg23504246
2015,5,72744904,+,FOXD1,GRCh37,cg03663715
2016,1,77333138,-,ST6GALNAC5,GRCh37,cg13823136
2016,1,77333198,-,ST6GALNAC5;ST6GALNAC5,GRCh37,cg06201642
2017,1,182761905,+,NPL,GRCh37,cg00548060
2018,16,4421603,-,VASN;CORO7,GRCh37,cg09276451
2019,17,42247797,+,ASB16,GRCh37,cg26852159
2020,22.0,43253521,+,ARFGAP3;ARFGAP3,GRCh37,cg00079563
2021,4,177714456,+,VEGFC,GRCh37,cg17177660
2022,10,91295299,-,SLC16A12;SLC16A12,GRCh37,cg09186006
2023,3,113160554,-,WDR52;WDR52,GRCh37,cg07054641
2023,3,113160313,-,WDR52;WDR52;WDR52;WDR52,GRCh37,cg15044041
2024,11,65779192,+,CST6,GRCh37,cg15887846
2024,3,133465469,-,TF,GRCh37,cg17775713
2024,17,34079987,-,GAS2L2,GRCh37,cg24922045
2024,3,38071578,+,PLCD1,GRCh37,cg15120942
2025,3,123602485,+,MYLK;MYLK;MYLK;MYLK,GRCh37,cg04376312
2026,18,10698044,-,FAM38B,GRCh37,cg21165219
2026,18,10697032,-,FAM38B,GRCh37,cg03426225
2027,6,117746793,-,ROS1,GRCh37,cg21166999
2028,18,74963364,-,GALR1,GRCh37,cg00662556
2029,3,122334227,-,PARP15;PARP15,GRCh37,cg22468055
2030,15,23811205,+,MKRN3,GRCh37,cg23234999
2031,20,68396,-,DEFB125,GRCh37,cg01958189
2032,3,116164576,+,LSAMP,GRCh37,cg25315362
2033,1,247581417,+,NLRP3;NLRP3;NLRP3;NLRP3;NLRP3;NLRP3;NLRP3;NLRP3,GRCh37,cg21991396
2034,19,33361032,-,SLC7A9;SLC7A9,GRCh37,cg05467458
2035,1,155291297,+,RUSC1;RUSC1;C1orf104,GRCh37,cg22234962
2036,1,67772896,-,IL12RB2,GRCh37,cg01356829
2037,9,34263021,+,KIF24,GRCh37,cg19947621
2038,9,14723496,-,CER1,GRCh37,cg01446692
2039,8,119964729,-,TNFRSF11B,GRCh37,cg19620294
2040,12,50355821,+,AQP5,GRCh37,cg23855989
2041,4,123542198,-,IL21;IL21,GRCh37,cg00136405
2042,2,215675105,+,BARD1,GRCh37,cg12091944
2043,12,121570875,-,P2RX7,GRCh37,cg07602200
2044,3,15641821,+,BTD;HACL1,GRCh37,cg18204685
2045,3,186913950,+,RTP1,GRCh37,cg11504646
2046,6,50680222,-,TFAP2D,GRCh37,cg15435730
2047,17,72667378,+,RAB37;RAB37,GRCh37,cg12448933
2048,14,105953462,-,CRIP1,GRCh37,cg04411625
2049,15,78633455,+,CRABP1,GRCh37,cg19777470
2049,15,78633662,-,CRABP1,GRCh37,cg20550118
2050,1,152298884,-,FLG,GRCh37,cg13447818
2051,6,166075520,-,PDE10A;PDE10A;PDE10A;PDE10A,GRCh37,cg24133115
2052,11,64879061,+,TM7SF2;C11orf2,GRCh37,cg20277416
2052,19,39236354,+,CAPN12,GRCh37,cg15698196
2052,17,26697052,+,VTN,GRCh37,cg04706338
2052,22.0,42540342,-,CYP2D7P1,GRCh37,cg11221132
2052,1,112046700,-,ADORA3;ADORA3;ADORA3;ADORA3;ADORA3,GRCh37,cg02947253
2052,9,139746365,+,MAMDC4,GRCh37,cg06711560
2052,7,94536691,-,PPP1R9A;PPP1R9A,GRCh37,cg15544721
2052,11,790669,-,CEND1;SLC25A22,GRCh37,cg23587532
2052,5,134303572,-,CATSPER3,GRCh37,cg20300655
2052,9,135936901,-,CEL,GRCh37,cg03693099
2052,16,679917,+,WFIKKN1,GRCh37,cg10478221
2052,13,111972997,+,C13orf16,GRCh37,cg16384137
2052,17,42467728,+,ITGA2B,GRCh37,cg25809905
2052,11,85566560,-,CCDC83;CCDC83,GRCh37,cg15822411
2052,16,31484618,-,TGFB1I1;TGFB1I1;TGFB1I1,GRCh37,cg23910243
2053,9,135905090,-,GTF3C5;GTF3C5,GRCh37,cg09095562
2054,7,49813031,-,VWC2,GRCh37,cg04454951
2055,10,17171695,-,CUBN,GRCh37,cg10707565
2056,3,58563269,+,FAM107A;FAM107A;FAM107A;FAM107A,GRCh37,cg06638451
2057,14,105635708,+,JAG2;JAG2,GRCh37,cg05335315
2058,21.0,45705686,-,AIRE,GRCh37,cg17356252
2059,6,100911526,+,SIM1;SIM1,GRCh37,cg12865837
2060,14,39735211,+,CTAGE5;CTAGE5;CTAGE5;CTAGE5,GRCh37,cg13277939
2061,22.0,24115568,-,MMP11,GRCh37,cg27532722
2062,13,53603286,+,OLFM4,GRCh37,cg12582008
2063,2,183387501,-,PDE1A;PDE1A,GRCh37,cg09845785
2064,4,4862910,-,MSX1,GRCh37,cg14167596
2065,13,48894382,-,RB1,GRCh37,cg00059930
2065,13,48893174,-,RB1,GRCh37,cg13431205
2066,22.0,32853147,+,BPIL2,GRCh37,cg27195224
2067,5,134914734,+,CXCL14;CXCL14,GRCh37,cg18995088
2068,9,74763873,+,GDA,GRCh37,cg18286698
2069,12,117800240,-,NOS1,GRCh37,cg21006686
2070,4,55094499,-,PDGFRA,GRCh37,cg13002939
2071,7,155249674,+,EN2,GRCh37,cg11648289
2072,21.0,40033892,-,ERG;ERG,GRCh37,cg17274064
2073,5,100238655,-,ST8SIA4;ST8SIA4,GRCh37,cg13320626
2074,14,74706031,+,VSX2,GRCh37,cg12827555
2075,2,202098016,+,CASP8;CASP8;CASP8;CASP8,GRCh37,cg25095814
2076,5,115297853,-,LVRN,GRCh37,cg15489294
2077,3,179754239,+,PEX5L,GRCh37,cg02430692
2078,9,140081916,+,ANAPC2;SSNA1,GRCh37,cg27291231
2079,12,3600666,-,PRMT8;PRMT8,GRCh37,cg23739862
2080,10,115312553,-,HABP2,GRCh37,cg18833140
2081,4,123747542,-,FGF2,GRCh37,cg17214107
2082,10,5407020,+,UCN3;UCN3,GRCh37,cg26644395
2083,7,45613725,-,ADCY1,GRCh37,cg13523557
2084,6,6007412,-,NRN1;NRN1,GRCh37,cg11504897
2085,19,6531016,-,TNFSF9;TNFSF9,GRCh37,cg01186777
2086,9,120466640,-,TLR4;TLR4;TLR4;TLR4,GRCh37,cg05429895
2087,4,186347682,+,UFSP2;UFSP2,GRCh37,cg09001953
2088,1,31845923,+,FABP3,GRCh37,cg14407437
2089,1,65730384,-,DNAJC6,GRCh37,cg26304237
2090,11,17740430,-,MYOD1,GRCh37,cg24322623
2091,5,179780802,+,GFPT2,GRCh37,cg18602314
2091,20,39317194,+,MAFB,GRCh37,cg02497758
2091,2,27485922,-,SLC30A3;SLC30A3,GRCh37,cg19461344
2091,1,190447232,-,FAM5C,GRCh37,cg10951619
2091,14,90527891,+,KCNK13,GRCh37,cg02136132
2091,22.0,43738427,+,SCUBE1,GRCh37,cg25842633
2091,5,159343148,-,ADRA1B,GRCh37,cg09038885
2091,17,72932048,+,OTOP3,GRCh37,cg00638514
2091,20,55840973,-,BMP7,GRCh37,cg26516759
2091,9,94712122,+,ROR2,GRCh37,cg25766046
2091,12,65515031,+,WIF1;WIF1,GRCh37,cg19427610
2091,3,182880278,-,LAMP3,GRCh37,cg00119079
2091,9,36137132,+,GLIPR2,GRCh37,cg06484397
2091,16,51185394,-,SALL1;SALL1,GRCh37,cg22674717
2091,15,79383413,-,RASGRF1;RASGRF1,GRCh37,cg15156078
2091,14,36988805,+,NKX2-1;NKX2-1;NKX2-1,GRCh37,cg12249575
2091,6,90121153,+,RRAGD,GRCh37,cg19635869
2091,19,33717545,-,SLC7A10,GRCh37,cg00910067
2091,3,142607715,-,PCOLCE2,GRCh37,cg19219437
2091,6,166076971,-,PDE10A;PDE10A,GRCh37,cg01431114
2091,12,71833017,+,LGR5,GRCh37,cg13435381
2091,16,2521659,-,NTN3;NTN3,GRCh37,cg22536398
2091,8,122653619,-,HAS2;HAS2AS;HAS2,GRCh37,cg19275050
2091,10,95361386,+,RBP4,GRCh37,cg12936747
2091,1,184006972,-,GLT25D2,GRCh37,cg02314308
2091,4,48988321,-,CWH43;CWH43,GRCh37,cg04005707
2091,4,46392657,+,GABRA2;GABRA2,GRCh37,cg15918284
2091,2,45169447,+,SIX3,GRCh37,cg13163729
2091,17,45056976,-,RPRML,GRCh37,cg08631151
2091,6,13924929,-,RNF182;RNF182;RNF182;RNF182,GRCh37,cg04603184
2091,13,52980000,-,THSD1;THSD1,GRCh37,cg16114640
2091,17,72856452,-,GRIN2C,GRCh37,cg09169283
2091,1,228194916,-,WNT3A,GRCh37,cg01313514
2091,19,42637137,-,POU2F2,GRCh37,cg21608489
2091,5,178017376,+,COL23A1;COL23A1,GRCh37,cg20546002
2091,2,73145006,-,EMX1,GRCh37,cg21351994
2091,12,4381777,-,CCND2,GRCh37,cg25425078
2091,6,44265054,-,TCTE1,GRCh37,cg00775197
2091,1,197881353,+,LHX9,GRCh37,cg07214572
2091,19,3801727,+,MATK;MATK,GRCh37,cg09416313
2091,6,99282887,+,POU3F2,GRCh37,cg22026853
2091,9,36036806,-,RECK,GRCh37,cg03081134
2091,19,10400751,+,ICAM5,GRCh37,cg11373429
2091,14,75422152,-,PGF;PGF,GRCh37,cg05076631
2091,17,42908052,-,GJC1;GJC1;GJC1,GRCh37,cg20163288
2091,20,61050560,+,GATA5,GRCh37,cg15749748
2091,21,37442104,-,CBR1,GRCh37,cg01962969
2091,10,102505345,-,PAX2;PAX2;PAX2;PAX2;PAX2,GRCh37,cg26677448
2091,11,128761211,+,KCNJ5,GRCh37,cg11387131
2091,21,28217676,+,ADAMTS1;ADAMTS1,GRCh37,cg00472814
2091,6,150262734,-,ULBP2,GRCh37,cg03985136
2091,12,107711872,+,BTBD11,GRCh37,cg15796941
2091,10,45869816,+,ALOX5,GRCh37,cg18809289
2091,19,1449857,-,APC2,GRCh37,cg11722531
2092,6,29342522,+,OR12D3,GRCh37,cg20856834
2093,2,172949501,+,DLX1;DLX1,GRCh37,cg16652259
2094,8,6420506,-,ANGPT2;ANGPT2;ANGPT2;ANGPT2;ANGPT2;ANGPT2;MCPH1,GRCh37,cg24670715
2095,17,41176469,+,RND2,GRCh37,cg22325646
2096,8,24771273,+,NEFM;NEFM;NEFM,GRCh37,cg18267374
2097,1,229570230,+,ACTA1,GRCh37,cg20025656
2098,19,51456055,+,KLK5;KLK5;KLK5;KLK5,GRCh37,cg27583102
2099,4,48485233,-,SLC10A4,GRCh37,cg19283196
2100,3,149192377,+,TM4SF4,GRCh37,cg13688966
2101,20,31823545,+,PLUNC;PLUNC,GRCh37,cg11846968
2102,19,9609397,-,ZNF560,GRCh37,cg05221167
2103,2,74740572,+,TLX2,GRCh37,cg00234616
2104,1,19970204,+,NBL1;NBL1,GRCh37,cg21057046
2105,11,75429059,-,MOGAT2,GRCh37,cg12531542
2106,2,231789465,-,GPR55,GRCh37,cg20287234
2107,12,119772381,+,CCDC60,GRCh37,cg00230502
2108,19,54785518,-,LILRB2;LILRB2,GRCh37,cg19279346
2109,5,156696520,+,CYFIP2;CYFIP2;CYFIP2;CYFIP2,GRCh37,cg20541456
2110,20,16710314,+,SNRPB2;SNRPB2,GRCh37,cg24899750
2111,4,66535145,+,EPHA5;EPHA5,GRCh37,cg18420965
2112,17,7834607,-,CNTROB;TRAPPC1;CNTROB;TRAPPC1;TRAPPC1;TRAPPC1,GRCh37,cg25011395
2113,1,152880108,+,IVL,GRCh37,cg25082710
2114,3,71833907,+,PROK2;PROK2,GRCh37,cg15798455
2115,1,231472424,-,C1orf124;C1orf124;EXOC8,GRCh37,cg04636557
2116,2,103035835,+,IL18RAP,GRCh37,cg21282997
2117,3,183145817,-,MCF2L2;MCF2L2,GRCh37,cg27239157
2118,15,55880997,-,PYGO1,GRCh37,cg19850348
2119,22.0,22598937,+,VPREB1,GRCh37,cg14844130
2119,22.0,22599332,+,VPREB1,GRCh37,cg18441959
2120,1,168250628,+,TBX19,GRCh37,cg17095936
2121,22.0,33197394,-,SYN3;TIMP3;TIMP3;SYN3;SYN3,GRCh37,cg05260966
2122,5,126626719,+,MEGF10;MEGF10,GRCh37,cg26465611
2123,7,93519924,-,TFPI2,GRCh37,cg23686014
2123,7,93519892,+,TFPI2,GRCh37,cg23141855
2123,7,93520323,+,TFPI2,GRCh37,cg07380959
2123,7,93520183,+,TFPI2,GRCh37,cg14377593
2123,7,93519621,-,TFPI2,GRCh37,cg22799321
2124,19,11688711,-,ACP5;ACP5;ACP5;ACP5,GRCh37,cg21207418
2125,12,21927612,+,KCNJ8;KCNJ8,GRCh37,cg01226811
2125,12,21927990,+,KCNJ8,GRCh37,cg02007844
2126,17,7341436,+,FGF11,GRCh37,cg13492227
2127,15,54051543,+,WDR72,GRCh37,cg18613421
2128,12,49366538,+,WNT10B,GRCh37,cg05164634
2129,19,39109076,-,MAP4K1;EIF3K;MAP4K1,GRCh37,cg00233307
2130,12,48397872,-,COL2A1;COL2A1,GRCh37,cg01291404
2131,20,44541804,-,PLTP;PLTP,GRCh37,cg11191337
2132,12,29376872,+,FAR2,GRCh37,cg21522988
2133,3,159706823,+,IL12A;IL12A,GRCh37,cg01308501
2133,10,75531971,-,FUT11,GRCh37,cg02566518
2133,8,145635294,+,CPSF1,GRCh37,cg20326853
2133,1,21616641,+,ECE1;ECE1;ECE1,GRCh37,cg06819200
2133,3,50383227,+,ZMYND10,GRCh37,cg06088032
2133,14,100626192,-,DEGS2,GRCh37,cg08307816
2133,19,35645689,+,FXYD5;FXYD5;FXYD5;FXYD5;FXYD5;FXYD5,GRCh37,cg16860694
2133,2,178257559,-,LOC100130691;AGPS,GRCh37,cg13332925
2133,7,87257767,-,RUNDC3B;RUNDC3B;RUNDC3B;ABCB1;RUNDC3B;RUNDC3B;RUNDC3B,GRCh37,cg15414833
2133,1,40420668,-,MFSD2A;MFSD2A,GRCh37,cg16796590
2133,3,110791063,-,PVRL3,GRCh37,cg15786541
2133,5,14871736,+,ANKH;ANKH,GRCh37,cg24592364
2133,6,28109648,-,ZNF192,GRCh37,cg00743372
2133,19,52408350,+,ZNF649,GRCh37,cg01930621
2133,1,182573455,-,RGS16;RGS16,GRCh37,cg16891895
2133,8,63951868,+,GGH,GRCh37,cg23687960
2133,4,41363320,+,LIMCH1;LIMCH1;LIMCH1,GRCh37,cg08817120
2133,9,4490288,-,SLC1A1,GRCh37,cg24611631
2133,12,27486075,-,ARNTL2,GRCh37,cg13325261
2133,5,132387301,+,HSPA4,GRCh37,cg22771603
2133,6,154832050,-,CNKSR3,GRCh37,cg20919556
2133,4,84256190,+,HPSE;HPSE;HPSE,GRCh37,cg19763279
2133,10,105254119,+,NEURL;NEURL,GRCh37,cg27360003
2133,19,19843912,-,ZNF14;ZNF14,GRCh37,cg13714039
2133,18,33877021,+,FHOD3,GRCh37,cg25682559
2133,16,19179817,+,SYT17;SYT17,GRCh37,cg07749808
2133,1,49242900,+,AGBL4;BEND5,GRCh37,cg03038003
2133,9,89562473,-,GAS1,GRCh37,cg14350002
2133,2,220118273,+,TUBA4B;TUBA4A,GRCh37,cg01693157
2133,20,57581903,+,CTSZ,GRCh37,cg06385087
2133,9,131581398,+,ENDOG,GRCh37,cg04621255
2133,15,45479977,+,SHF,GRCh37,cg21673646
2133,14,71373858,+,PCNX,GRCh37,cg16747567
2133,6,112194613,+,FYN;FYN,GRCh37,cg17100322
2133,2,163200582,-,GCA;GCA,GRCh37,cg03549127
2133,5,139423077,-,NRG2;NRG2;NRG2;NRG2,GRCh37,cg27152280
2133,22.0,18593609,-,TUBA8;TUBA8,GRCh37,cg08715837
2133,5,112630225,-,MCC;MCC;MCC,GRCh37,cg06894812
2133,1,182573759,+,RGS16,GRCh37,cg18611847
2133,5,146833431,+,DPYSL3,GRCh37,cg21835622
2133,18,21017974,+,C18orf45,GRCh37,cg01968530
2133,16,19895651,+,GPRC5B,GRCh37,cg12398332
2133,4,114683822,-,CAMK2D;CAMK2D;CAMK2D;CAMK2D;CAMK2D;CAMK2D,GRCh37,cg20391984
2133,2,172379087,-,CYBRD1;CYBRD1,GRCh37,cg06885524
2133,17,1531579,-,SLC43A2,GRCh37,cg00761755
2133,17,40932746,+,WNK4,GRCh37,cg08108311
2133,5,139554816,-,C5orf32;C5orf32,GRCh37,cg04135543
2133,19,50316878,-,FUZ,GRCh37,cg02784848
2133,11,44088124,-,ACCS;ACCS;ACCS,GRCh37,cg15894661
2133,12,120806617,+,MSI1,GRCh37,cg20380069
2133,12,47474202,+,AMIGO2;AMIGO2,GRCh37,cg13640200
2133,7,120498280,+,TSPAN12,GRCh37,cg12650011
2133,7,140097778,-,SLC37A3;SLC37A3,GRCh37,cg08355944
2133,10,103543118,+,NPM3,GRCh37,cg17710288
2133,4,25032564,+,LGI2,GRCh37,cg13359415
2133,1,206644165,-,IKBKE,GRCh37,cg22577136
2133,11,96076485,-,MAML2,GRCh37,cg04280758
2133,4,13546673,+,NKX3-2,GRCh37,cg11392765
2133,5,128796168,-,ADAMTS19,GRCh37,cg15034135
2133,16,23193717,-,SCNN1G,GRCh37,cg26025944
2133,4,84457822,-,AGPAT9,GRCh37,cg10685945
2133,22.0,19278672,-,CLTCL1;CLTCL1,GRCh37,cg01632825
2133,18,77156689,-,NFATC1;NFATC1;NFATC1,GRCh37,cg05970790
2133,12,45269790,-,NELL2;NELL2;NELL2;NELL2;NELL2;NELL2,GRCh37,cg14904464
2133,20,23402404,-,NAPB,GRCh37,cg03027037
2133,1,209958185,+,C1orf74,GRCh37,cg03752689
2133,1,145477137,-,LIX1L;LIX1L,GRCh37,cg03418289
2133,5,43602666,-,NNT;NNT,GRCh37,cg08052882
2133,10,64134155,-,ZNF365;ZNF365;ZNF365;ZNF365;ZNF365;ZNF365,GRCh37,cg15591678
2133,6,154831192,+,CNKSR3,GRCh37,cg10601168
2133,1,27339435,+,FAM46B,GRCh37,cg22395192
2133,3,48700443,-,CELSR3,GRCh37,cg09736162
2133,22.0,18593307,-,TUBA8,GRCh37,cg13401831
2133,19,50316458,-,FUZ;FUZ,GRCh37,cg10971790
2133,15,100273505,+,LYSMD4,GRCh37,cg23448096
2133,1,247495818,-,ZNF496,GRCh37,cg01184522
2133,3,100211127,+,TMEM45A,GRCh37,cg17127587
2133,4,83719895,-,SCD5;SCD5;SCD5;SCD5,GRCh37,cg10972353
2133,12,71003576,+,PTPRB;PTPRB,GRCh37,cg17080277
2133,1,231762737,-,TSNAX-DISC1;DISC1;DISC1;DISC1;TSNAX-DISC1;DISC1;DISC1;DISC1;DISC1;TSNAX-DISC1;DISC1;DISC1;TSNAX-DISC1;DISC1;TSNAX-DISC1;DISC1;DISC1;DISC1;DISC1;DISC1;TSNAX-DISC1;TSNAX-DISC1;DISC1;DISC1;DISC1;DISC1;DISC1;TSNAX-DISC1;DISC1;DISC1;DISC1,GRCh37,cg18565479
2133,11,88071041,+,CTSC;CTSC;CTSC,GRCh37,cg11868029
2133,7,138720457,-,ZC3HAV1L,GRCh37,cg18798750
2133,6,134373624,-,SLC2A12;SLC2A12,GRCh37,cg26008464
2133,2,136875637,-,CXCR4;CXCR4,GRCh37,cg03608167
2133,6,97285174,+,GPR63;GPR63;GPR63;GPR63,GRCh37,cg09766383
2133,14,59105341,-,DACT1;DACT1,GRCh37,cg26850503
2133,11,66045932,+,CNIH2,GRCh37,cg07872652
2133,10,70320470,-,TET1;TET1,GRCh37,cg19439331
2133,3,101497857,-,FAM55C;FAM55C,GRCh37,cg06073471
2133,1,23036980,+,EPHB2;EPHB2,GRCh37,cg14271400
2133,17,72209802,+,MGC16275;TTYH2,GRCh37,cg07882831
2133,14,64195104,+,SGPP1,GRCh37,cg26803566
2133,15,75018528,+,CYP1A1,GRCh37,cg10481417
2133,1,161993542,-,OLFML2B;OLFML2B,GRCh37,cg20172280
2133,4,52904379,+,SGCB,GRCh37,cg23653712
2133,2,11052081,+,KCNF1;KCNF1,GRCh37,cg22085335
2133,1,3568669,-,TP73,GRCh37,cg25885108
2133,10,46168446,-,ANUBL1;ANUBL1,GRCh37,cg22710329
2133,9,131465146,-,PKN3;PKN3,GRCh37,cg11056832
2133,17,39992149,+,NT5C3L,GRCh37,cg11053574
2133,19,52430334,+,ZNF613;ZNF613,GRCh37,cg06491924
2133,4,177116929,+,SPATA4,GRCh37,cg23322316
2133,14,59104316,-,DACT1;DACT1,GRCh37,cg14252569
2133,12,50451907,-,ACCN2;ACCN2,GRCh37,cg06742978
2133,6,74405564,-,CD109;CD109;CD109;CD109;CD109;CD109,GRCh37,cg25537962
2133,2,219157103,+,PNKD;TMBIM1,GRCh37,cg25903497
2133,2,60781524,-,BCL11A;BCL11A;BCL11A,GRCh37,cg22153873
2133,16,30194484,-,CORO1A,GRCh37,cg06030619
2133,6,73331652,+,KCNQ5;KCNQ5;KCNQ5;KCNQ5;KCNQ5;KCNQ5;KCNQ5;KCNQ5;KCNQ5;KCNQ5,GRCh37,cg15717808
2133,13,29069100,+,FLT1;FLT1;FLT1;FLT1;FLT1;FLT1;FLT1;FLT1,GRCh37,cg10501128
2133,16,31711784,-,C16orf67,GRCh37,cg22609068
2133,4,121843207,+,PRDM5,GRCh37,cg25095380
2133,3,30648096,-,TGFBR2;TGFBR2;TGFBR2;TGFBR2,GRCh37,cg12541591
2133,18,60986026,+,BCL2;BCL2,GRCh37,cg01803238
2133,10,72972901,-,UNC5B,GRCh37,cg18858343
2133,3,49851353,-,UBA7;UBA7,GRCh37,cg16970828
2133,18,28682345,+,DSC2;DSC2;DSC2;DSC2,GRCh37,cg00566759
2133,7,133812217,-,LRGUK,GRCh37,cg14706178
2133,11,35160571,+,CD44;CD44;CD44;CD44;CD44;CD44;CD44;CD44;CD44;CD44,GRCh37,cg08606356
2133,12,133706789,+,ZNF10,GRCh37,cg11754676
2133,5,110074219,-,SLC25A46,GRCh37,cg27610250
2133,1,113498799,+,SLC16A1;SLC16A1;SLC16A1,GRCh37,cg08491025
2133,7,107643285,+,LAMB1,GRCh37,cg24937126
2133,1,150207583,+,ANP32E;ANP32E;ANP32E,GRCh37,cg00476580
2133,1,72749015,+,NEGR1,GRCh37,cg01425670
2133,19,38811036,+,KCNK6,GRCh37,cg08980578
2133,20,33460585,-,GGT7,GRCh37,cg13514050
2133,4,48018582,+,NIPAL1,GRCh37,cg25351036
2133,11,34379053,+,ABTB2,GRCh37,cg20728639
2133,7,151217580,-,RHEB,GRCh37,cg03998173
2133,15,31619949,+,KLF13,GRCh37,cg12056618
2133,13,22245013,-,FGF9,GRCh37,cg02259997
2133,5,110074217,-,SLC25A46,GRCh37,cg07611177
2133,14,105992619,-,TMEM121,GRCh37,cg23886551
2133,19,58070951,-,,GRCh37,cg16276070
2133,6,28109938,+,ZNF192,GRCh37,cg22950391
2133,3,133748809,-,SLCO2A1;SLCO2A1,GRCh37,cg19591206
2133,6,149068556,-,UST;UST,GRCh37,cg21273029
2133,17,4853706,-,ENO3;ENO3,GRCh37,cg17820591
2133,4,109089890,+,LEF1;LEF1;LEF1;LEF1;LEF1;LEF1;LOC641518,GRCh37,cg05354432
2133,22.0,24109851,-,CHCHD10,GRCh37,cg12279128
2133,15,45480429,-,SHF,GRCh37,cg20696985
2133,10,16478919,-,PTER;PTER,GRCh37,cg17526300
2133,1,207226769,-,PFKFB2;PFKFB2,GRCh37,cg22926560
2133,1,145476871,-,LIX1L,GRCh37,cg21332946
2133,6,116692844,+,DSE;DSE,GRCh37,cg24386906
2133,5,148521171,-,ABLIM3;ABLIM3,GRCh37,cg25821963
2133,5,35618029,-,SPEF2;SPEF2;SPEF2;SPEF2,GRCh37,cg15128898
2133,15,52821854,-,MYO5A;MYO5A,GRCh37,cg05523085
2133,1,42846477,-,RIMKLA;RIMKLA,GRCh37,cg16534233
2133,2,73299091,+,SFXN5,GRCh37,cg03077062
2133,7,23145933,+,KLHL7;KLHL7,GRCh37,cg09234859
2133,11,2905496,+,CDKN1C;CDKN1C;CDKN1C,GRCh37,cg23146358
2133,9,4741505,+,AK3,GRCh37,cg25282780
2133,5,43042726,+,LOC153684,GRCh37,cg04741133
2133,6,26032281,+,HIST1H3B,GRCh37,cg23099349
2133,5,34656078,-,RAI14;RAI14;RAI14,GRCh37,cg03332113
2133,4,86396174,+,ARHGAP24,GRCh37,cg23097681
2133,19,55880843,+,IL11,GRCh37,cg16481281
2133,12,56881753,-,GLS2,GRCh37,cg20877313
2133,3,56502091,-,ERC2,GRCh37,cg25301180
2133,6,106959651,+,AIM1,GRCh37,cg25263140
2133,1,168105317,-,GPR161,GRCh37,cg04736140
2133,2,197036780,+,STK17B,GRCh37,cg02358761
2133,3,183542914,+,MAP6D1,GRCh37,cg12727374
2133,2,45879284,-,PRKCE,GRCh37,cg11476211
2133,3,132378753,+,ACAD11;UBA5;ACAD11;UBA5,GRCh37,cg04733388
2133,15,63335302,+,TPM1;TPM1;TPM1;TPM1;TPM1;TPM1,GRCh37,cg07525445
2133,17,7554140,-,ATP1B2,GRCh37,cg10043101
2133,17,42200522,-,HDAC5;HDAC5,GRCh37,cg07371290
2133,11,63684106,+,RCOR2;RCOR2,GRCh37,cg13802364
2133,18,74844767,+,MBP;MBP;MBP;MBP,GRCh37,cg20801056
2133,10,98273594,-,TLL2;TLL2,GRCh37,cg10038087
2133,10,69991564,-,ATOH7;ATOH7,GRCh37,cg00873937
2133,1,77748129,-,AK5;AK5,GRCh37,cg26466094
2133,16,31213730,+,PYCARD;PYCARD,GRCh37,cg15247144
2133,1,201252472,+,PKP1;PKP1,GRCh37,cg19570545
2133,17,3868068,+,ATP2A3;ATP2A3;ATP2A3;ATP2A3;ATP2A3;ATP2A3;ATP2A3,GRCh37,cg01914242
2133,16,19179231,+,SYT17,GRCh37,cg12454725
2133,3,44690338,-,ZNF35,GRCh37,cg11612291
2133,17,79478839,+,ACTG1,GRCh37,cg17317962
2133,2,112656262,+,MERTK;MERTK,GRCh37,cg21182454
2133,6,35655764,+,FKBP5;FKBP5;FKBP5;FKBP5,GRCh37,cg00862770
2133,10,71812630,+,H2AFY2;H2AFY2,GRCh37,cg14617642
2133,1,87169962,+,SH3GLB1,GRCh37,cg04513669
2133,2,136743411,-,DARS,GRCh37,cg23996306
2133,1,214724481,+,PTPN14,GRCh37,cg16608348
2133,4,166300290,-,CPE;CPE,GRCh37,cg02886284
2133,4,166794471,-,TLL1;TLL1,GRCh37,cg08570521
2133,6,45983585,-,CLIC5;CLIC5;CLIC5,GRCh37,cg21548414
2133,8,23082569,+,TNFRSF10A,GRCh37,cg10245048
2133,14,95236615,-,GSC,GRCh37,cg19224837
2133,12,48551356,-,ASB8;ASB8,GRCh37,cg10200408
2133,20,57582006,+,CTSZ,GRCh37,cg01663968
2133,10,11784408,-,ECHDC3;ECHDC3,GRCh37,cg24428042
2133,20,31070849,+,C20orf112,GRCh37,cg10812811
2133,20,1247415,-,SNPH,GRCh37,cg07704144
2133,1,146697082,+,FMO5;FMO5;FMO5;FMO5;FMO5;FMO5,GRCh37,cg22857957
2133,19,18717641,-,CRLF1;CRLF1,GRCh37,cg10810921
2133,9,107690485,-,ABCA1,GRCh37,cg05286874
2133,15,98504173,-,ARRDC4,GRCh37,cg05595345
2133,22.0,42949829,-,SERHL2,GRCh37,cg08157579
2133,7,28220047,+,JAZF1,GRCh37,cg00836605
2133,5,43602919,+,NNT;NNT;NNT,GRCh37,cg26317056
2133,1,151320117,+,RFX5;RFX5,GRCh37,cg04900486
2133,2,231729785,-,ITM2C;ITM2C;ITM2C,GRCh37,cg26292864
2133,5,41870746,-,OXCT1;OXCT1,GRCh37,cg11487705
2133,14,65006951,+,HSPA2,GRCh37,cg03005055
2133,16,2478781,+,CCNF,GRCh37,cg06361108
2133,3,50383134,-,ZMYND10;ZMYND10,GRCh37,cg23208152
2133,6,32157485,-,PBX2,GRCh37,cg13910855
2133,11,88070780,-,CTSC;CTSC;CTSC,GRCh37,cg16588061
2133,20,57582121,-,CTSZ,GRCh37,cg16179125
2133,8,59572185,-,NSMAF;NSMAF,GRCh37,cg10196289
2133,9,129677882,-,RALGPS1,GRCh37,cg18410627
2133,11,96076205,-,MAML2;MAML2,GRCh37,cg07060572
2133,17,28618554,-,BLMH,GRCh37,cg07038887
2134,1,63788933,+,FOXD3,GRCh37,cg22815110
2135,2,119699682,-,MARCO,GRCh37,cg11009736
2136,10,69456036,-,CTNNA3,GRCh37,cg09538287
2137,16,58497236,-,NDRG4;NDRG4,GRCh37,cg00687686
2138,1,229569608,-,ACTA1,GRCh37,cg13547644
2139,22.0,46482023,+,LOC400931,GRCh37,cg07546360
2140,10,118956639,+,KCNK18,GRCh37,cg25229305
2141,1,154298335,-,ATP8B2,GRCh37,cg08190044
2142,16,11349023,-,SOCS1,GRCh37,cg06220235
2143,21,31768311,+,KRTAP13-1,GRCh37,cg02764897
2144,16,89642492,-,CPNE7;CPNE7,GRCh37,cg07690018
2145,12,10962437,-,TAS2R9,GRCh37,cg20090497
2146,3,45188208,+,CDCP1;CDCP1,GRCh37,cg15779716
2147,19,12847402,+,ASNA1,GRCh37,cg03100752
2148,9,74764504,+,GDA,GRCh37,cg08768421
2149,2,193059405,+,TMEFF2;TMEFF2,GRCh37,cg06856528
2150,6,143929300,+,PHACTR2;PHACTR2,GRCh37,cg10784341
2151,10,108923781,-,SORCS1;SORCS1,GRCh37,cg16415058
2152,16,57701461,-,GPR97,GRCh37,cg12125117
2152,16,57701455,-,GPR97,GRCh37,cg08368934
2153,11,118084920,+,AMICA1;AMICA1,GRCh37,cg07376232
2154,20,5296302,+,PROKR2,GRCh37,cg27114120
2155,6,167738277,+,TTLL2,GRCh37,cg21970438
2156,6,6008125,-,NRN1,GRCh37,cg25511429
2157,22.0,22874447,+,ZNF280A;ZNF280A,GRCh37,cg08088989
2158,15,100274195,+,LYSMD4,GRCh37,cg12967560
2158,14,73392314,+,DCAF4;DCAF4;DCAF4;DCAF4;DCAF4,GRCh37,cg02973883
2158,7,99647006,+,ZSCAN21,GRCh37,cg19370284
2158,9,139269240,+,CARD9;CARD9,GRCh37,cg24793265
2158,12,132378192,+,ULK1,GRCh37,cg18081313
2158,8,144797963,-,MAPK15,GRCh37,cg11695358
2158,1,32827150,-,LOC100128071;TSSK3,GRCh37,cg16379513
2158,4,164088493,+,NAF1;NAF1,GRCh37,cg18023724
2158,14,68067658,-,PIGH,GRCh37,cg12575181
2158,11,72146256,+,CLPB,GRCh37,cg05812599
2158,18,48493759,+,ELAC1,GRCh37,cg11911418
2158,6,107078674,-,RTN4IP1;QRSL1,GRCh37,cg24914244
2158,3,185271312,-,LIPH,GRCh37,cg01390445
2159,17,45899388,+,OSBPL7,GRCh37,cg23452458
2159,4,47487088,-,ATP10D,GRCh37,cg22764341
2159,19,18549136,+,ISYNA1;ISYNA1;ISYNA1,GRCh37,cg11102782
2159,9,139607602,+,FAM69B,GRCh37,cg26944151
2159,11,33061907,-,TCP11L1;TCP11L1,GRCh37,cg18495563
2159,1,77747387,+,AK5;AK5,GRCh37,cg25604883
2159,11,116659129,-,ZNF259,GRCh37,cg20570279
2159,1,111889420,-,C1orf88,GRCh37,cg21926138
2159,1,201438647,+,PHLDA3,GRCh37,cg13645078
2159,22.0,50609327,+,PANX2;PANX2;PANX2,GRCh37,cg11896271
2159,19,54369469,+,MYADM,GRCh37,cg05832051
2159,8,145551031,+,DGAT1,GRCh37,cg25027167
2159,13,36704709,-,DCLK1,GRCh37,cg22940789
2159,11,45907500,+,MAPK8IP1,GRCh37,cg03568064
2159,6,41605784,+,MDFI,GRCh37,cg02914379
2159,16,17563827,+,XYLT1,GRCh37,cg21608192
2159,2,187558534,-,FAM171B,GRCh37,cg26781575
2159,11,120081259,+,OAF,GRCh37,cg12572278
2159,19,38879673,-,SPRED3;SPRED3;GGN,GRCh37,cg26853640
2159,14,105635769,+,JAG2;JAG2,GRCh37,cg27177839
2159,19,917068,+,KISS1R,GRCh37,cg12998614
2159,12,111807189,-,FAM109A,GRCh37,cg24530795
2159,15,78423564,-,CIB2;CIB2,GRCh37,cg20761322
2160,2,163695793,+,KCNH7;KCNH7,GRCh37,cg19965810
2161,3,49378032,+,USP4;USP4,GRCh37,cg18886444
2162,12,25102311,+,BCAT1,GRCh37,cg07537523
2163,19,5689943,+,RPL36;RPL36,GRCh37,cg17006282
2164,18,46987532,+,DYM,GRCh37,cg12875426
2165,7,129933014,-,CPA4;CPA4;CPA4;CPA4,GRCh37,cg01796223
2166,7,38408106,+,,GRCh37,cg07512517
2167,7,37956276,-,SFRP4;SFRP4,GRCh37,cg08261094
2168,10,6105656,-,IL2RA,GRCh37,cg26105232
2169,7,35293537,+,TBX20;TBX20;TBX20;TBX20,GRCh37,cg02008154
2170,1,27709789,-,CD164L2;CD164L2,GRCh37,cg05436231
2171,1,241520311,-,RGS7;RGS7,GRCh37,cg21303386
2172,14,65009265,+,HSPA2,GRCh37,cg24642523
2173,18,2846834,-,EMILIN2,GRCh37,cg14133708
2174,1,2986362,-,PRDM16;PRDM16,GRCh37,cg08537652
2175,3,122044172,-,CSTA,GRCh37,cg21932814
2176,11,67220043,+,GPR152,GRCh37,cg11504740
2177,9,112810402,+,PALM2-AKAP2;AKAP2;PALM2-AKAP2,GRCh37,cg15083233
2178,6,33161377,+,COL11A2;RXRB;COL11A2;COL11A2;COL11A2,GRCh37,cg10143146
2179,6,136173085,-,PDE7B;PDE7B,GRCh37,cg23090824
2180,16,331050,-,ARHGDIG,GRCh37,cg15755548
2181,17,27038664,-,PROCA1,GRCh37,cg19462352
2182,6,132910681,+,TAAR5,GRCh37,cg17829936
2183,3,11034279,-,SLC6A1,GRCh37,cg11021744
2184,1,150255241,-,C1orf51;C1orf51,GRCh37,cg09563216
2185,8,73450181,+,KCNB2,GRCh37,cg20890210
2186,1,154986512,+,ZBTB7B,GRCh37,cg01782486
2187,6,144329780,+,HYMAI;PLAGL1;PLAGL1;PLAGL1;PLAGL1;PLAGL1;PLAGL1;PLAGL1;PLAGL1,GRCh37,cg08263357
2187,6,144329829,+,HYMAI;PLAGL1;PLAGL1;PLAGL1;PLAGL1;PLAGL1;PLAGL1;PLAGL1;PLAGL1,GRCh37,cg17895149
2188,19,52005990,+,SIGLEC12,GRCh37,cg18986165
2189,19,54566838,+,VSTM1,GRCh37,cg01718139
2190,7,103629618,-,RELN;RELN,GRCh37,cg17923358
2191,20,58179540,+,PHACTR3,GRCh37,cg20674577
2192,2,27805622,-,ZNF512,GRCh37,cg01464985
2193,12,53601050,-,ITGB7,GRCh37,cg08374799
2194,6,31106982,-,PSORS1C1;PSORS1C2;PSORS1C2,GRCh37,cg09508556
2194,19,6333547,+,ACER1,GRCh37,cg25221254
2194,8,143761508,-,PSCA,GRCh37,cg20281815
2195,17,79304420,+,TMEM105;TMEM105,GRCh37,cg15913671
2196,18,56940022,-,RAX,GRCh37,cg19576304
2197,13,78492916,-,EDNRB;EDNRB;EDNRB;EDNRB;EDNRB,GRCh37,cg23316360
2198,2,231860456,-,SPATA3,GRCh37,cg03386373
2199,9,21239944,-,IFNA14;IFNA14,GRCh37,cg00474004
2200,15,74495109,+,STRA6;STRA6;STRA6;STRA6;STRA6;STRA6,GRCh37,cg11787522
2201,8,42234614,+,DKK4;DKK4,GRCh37,cg01762581
2202,2,27341458,+,CGREF1;CGREF1;CGREF1,GRCh37,cg22740783
2203,20,45087765,-,,GRCh37,cg00576250
2204,8,37824529,-,ADRB3,GRCh37,cg01386493
2205,4,16900733,-,LDB2;LDB2,GRCh37,cg03368758
2206,3,142838847,-,CHST2;CHST2,GRCh37,cg00995327
2207,20,56726093,-,C20orf85,GRCh37,cg15310873
2208,16,75286009,+,BCAR1;BCAR1;BCAR1;BCAR1;BCAR1;BCAR1;BCAR1,GRCh37,cg19094438
2209,7,126882944,-,GRM8;GRM8;GRM8,GRCh37,cg02946850
2210,3,48699637,-,CELSR3,GRCh37,cg06621358
2211,12,120807618,+,MSI1,GRCh37,cg02883161
2212,5,76114373,-,F2RL1,GRCh37,cg24573501
2213,14,94759767,+,SERPINA10;SERPINA10,GRCh37,cg19937039
2214,10,118429452,+,C10orf82;C10orf82,GRCh37,cg17349199
2215,11,66188019,+,NPAS4,GRCh37,cg02055483
2216,17,11501557,-,DNAH9,GRCh37,cg25174591
2217,19,55660514,+,TNNT1;TNNT1;TNNT1,GRCh37,cg07189381
2218,12,21810458,-,LDHB,GRCh37,cg06437004
2218,12,21811034,-,LDHB,GRCh37,cg03243946
2219,19,19327990,+,NCAN,GRCh37,cg06952310
2220,9,137533949,-,COL5A1;COL5A1,GRCh37,cg26024843
2221,6,152958899,-,SYNE1;SYNE1,GRCh37,cg27316956
2222,19,2095364,-,MOBKL2A,GRCh37,cg06896207
2223,3,48632568,+,COL7A1,GRCh37,cg11846236
2224,6,30080782,+,TRIM31,GRCh37,cg00679556
2225,8,140715239,-,KCNK9;KCNK9,GRCh37,cg17834752
2226,22.0,31535981,+,PLA2G3,GRCh37,cg21274025
2227,9,122132261,+,DBC1,GRCh37,cg25935911
2228,9,135285207,-,C9orf171,GRCh37,cg25344672
2229,13,103452556,-,BIVM;KDELC1;BIVM,GRCh37,cg06518779
2229,13,103452535,-,BIVM;KDELC1;BIVM,GRCh37,cg08602689
2230,3,44519983,+,ZNF445,GRCh37,cg18129786
2231,11,67169813,+,PPP1CA;PPP1CA;PPP1CA,GRCh37,cg13055001
2232,4,88570574,-,DMP1;DMP1,GRCh37,cg22416721
2233,17,41159289,-,IFI35,GRCh37,cg08090640
2234,11,60719947,+,SLC15A3;SLC15A3,GRCh37,cg26980692
2235,1,43750693,-,C1orf210;C1orf210,GRCh37,cg09988116
2236,5,175789238,-,KIAA1191;KIAA1191;KIAA1191,GRCh37,cg26620356
2237,4,156298204,-,MAP9,GRCh37,cg08724517
2237,12,53715148,+,AAAS,GRCh37,cg23032316
2237,12,54943009,+,PDE1B,GRCh37,cg13565157
2237,11,43333327,-,API5;API5;API5;API5,GRCh37,cg07613278
2238,20,24930099,+,CST7;CST7,GRCh37,cg09971811
2239,13,28543113,-,CDX2,GRCh37,cg01424107
2240,19,51357857,-,KLK3;KLK3;KLK3;KLK3;KLK3,GRCh37,cg16742703
2241,15,40651036,-,DISP2,GRCh37,cg08996748
2242,16,47177175,-,NETO2,GRCh37,cg02755525
2243,9,38069800,+,SHB,GRCh37,cg03528946
2243,7,107221136,+,BCAP29;BCAP29;BCAP29,GRCh37,cg26651830
2243,1,24018356,-,RPL11,GRCh37,cg12090388
2243,12,122241139,+,LOC338799;SETD1B,GRCh37,cg11608114
2243,17,19281309,+,MAPK7;MAPK7;MAPK7;MAPK7;MAPK7;MAPK7,GRCh37,cg12353516
2243,16,90039146,-,AFG3L1;CENPBD1;AFG3L1;AFG3L1,GRCh37,cg13446235
2243,4,48833095,+,OCIAD1;OCIAD1;OCIAD1;OCIAD1;OCIAD1;OCIAD1;OCIAD1;OCIAD1;OCIAD1,GRCh37,cg13750354
2243,1,157107917,+,ETV3;ETV3,GRCh37,cg03955296
2243,19,58987282,+,ZNF446,GRCh37,cg11806389
2243,11,78285742,+,NARS2;NARS2;NARS2,GRCh37,cg27281008
2243,12,9102400,-,M6PR,GRCh37,cg26520371
2243,22.0,45148888,-,ARHGAP8;PRR5-ARHGAP8;ARHGAP8,GRCh37,cg13757640
2243,11,118972455,-,DPAGT1;DPAGT1,GRCh37,cg26516941
2243,7,16793634,-,TSPAN13,GRCh37,cg12567315
2243,1,179198414,-,ABL2;ABL2;ABL2;ABL2;ABL2,GRCh37,cg04691540
2243,10,72142636,+,LRRC20;LRRC20;LRRC20,GRCh37,cg26869604
2243,6,34360916,+,NUDT3,GRCh37,cg25055477
2243,10,106028373,-,GSTO2,GRCh37,cg25250998
2243,7,2595589,-,C7orf27,GRCh37,cg26627486
2243,19,37663414,-,ZNF585A;ZNF585A,GRCh37,cg03524308
2243,8,146017711,+,RPL8;RPL8;RPL8,GRCh37,cg26911140
2243,12,106641008,-,CKAP4,GRCh37,cg25591867
2243,3,49044522,-,P4HTM;WDR6;P4HTM,GRCh37,cg13415434
2243,4,159131690,-,TMEM144;TMEM144,GRCh37,cg13850625
2243,19,45909124,+,CD3EAP;PPP1R13L;PPP1R13L,GRCh37,cg03900104
2243,6,108395545,+,OSTM1,GRCh37,cg04650786
2243,20,43374632,-,KCNK15,GRCh37,cg12063359
2243,19,44716642,-,ZNF227,GRCh37,cg03747695
2243,16,67876451,+,CENPT;THAP11;THAP11,GRCh37,cg12845249
2243,14,50065056,+,PPIL5;PPIL5,GRCh37,cg13892015
2243,1,27114177,+,PIGV,GRCh37,cg12806381
2243,1,100732290,-,RTCD1;RTCD1,GRCh37,cg26661897
2243,11,8008872,-,EIF3F;EIF3F,GRCh37,cg26198776
2243,13,22245420,-,FGF9;FGF9,GRCh37,cg00274399
2243,1,113615592,-,LRIG2,GRCh37,cg26091510
2243,7,73097692,+,DNAJC30;WBSCR22,GRCh37,cg04134859
2243,6,30034711,-,PPP1R11,GRCh37,cg04802801
2243,8,89339622,+,MMP16;MMP16;MMP16;MMP16,GRCh37,cg26756083
2243,19,39138026,+,ACTN4,GRCh37,cg03144206
2243,1,75199075,-,CRYZ;CRYZ;CRYZ;TYW3;TYW3;CRYZ;CRYZ;CRYZ;TYW3;CRYZ;CRYZ,GRCh37,cg26752657
2243,11,65555418,-,OVOL1,GRCh37,cg03681481
2243,4,111119946,+,ELOVL6;ELOVL6,GRCh37,cg04249586
2243,8,37552657,-,ZNF703,GRCh37,cg04553559
2243,5,133562604,+,PPP2CA,GRCh37,cg27543230
2243,12,51157776,+,ATF1,GRCh37,cg26116103
2243,12,132195494,-,SFRS8,GRCh37,cg26788215
2243,8,145733971,+,MFSD3,GRCh37,cg03221776
2243,3,122747440,+,SEMA5B,GRCh37,cg04565661
2243,14,71067346,-,MED6,GRCh37,cg26097271
2243,12,9067477,+,PHC1,GRCh37,cg12581035
2243,19,16436122,-,KLF2,GRCh37,cg26842024
2243,17,73511085,-,CASKIN2,GRCh37,cg04121983
2243,1,109656325,+,C1orf194;KIAA1324;C1orf194,GRCh37,cg26045220
2243,13,99739382,-,DOCK9;DOCK9,GRCh37,cg04836038
2243,2,64246297,+,VPS54;VPS54,GRCh37,cg01739965
2243,22.0,38071168,-,LGALS1,GRCh37,cg00292662
2243,5,137800343,-,EGR1,GRCh37,cg26069252
2243,8,95652691,-,ESRP1;ESRP1;ESRP1;ESRP1;ESRP1,GRCh37,cg26350286
2243,3,129159008,-,IFT122;IFT122;IFT122;MBD4;IFT122;IFT122;IFT122;IFT122;IFT122,GRCh37,cg26347745
2243,22.0,44351370,-,SAMM50;SAMM50,GRCh37,cg12712746
2243,8,59465971,-,SDCBP;SDCBP;SDCBP;SDCBP;SDCBP,GRCh37,cg02103294
2243,1,6684919,-,THAP3,GRCh37,cg11688219
2243,14,24583182,+,DCAF11;DCAF11;DCAF11;DCAF11;DCAF11,GRCh37,cg26071823
2243,5,133512410,-,SKP1;SKP1,GRCh37,cg26074851
2243,8,101162909,-,POLR2K;POLR2K,GRCh37,cg13919215
2243,9,134378058,+,POMT1;POMT1;POMT1;POMT1;POMT1,GRCh37,cg27024922
2243,16,31119936,-,BCKDK;BCKDK,GRCh37,cg26706070
2243,19,10217312,+,PPAN-P2RY11;SNORD105;PPAN,GRCh37,cg13946500
2243,17,33469413,+,NLE1;NLE1,GRCh37,cg26217633
2243,2,11606497,+,E2F6;E2F6;E2F6;E2F6;E2F6,GRCh37,cg12858075
2243,14,24563435,+,PCK2;PCK2,GRCh37,cg26402828
2243,14,51411049,-,PYGL;PYGL,GRCh37,cg18125479
2243,2,119981960,+,STEAP3;STEAP3;STEAP3,GRCh37,cg06872331
2243,20,44718800,-,NCOA5,GRCh37,cg17111669
2243,1,162039224,+,NOS1AP;NOS1AP,GRCh37,cg17096191
2243,12,1059224,+,RAD52,GRCh37,cg10377764
2243,10,32345019,-,KIF5B;KIF5B,GRCh37,cg08012454
2243,10,75634595,-,CAMK2G;CAMK2G;CAMK2G;CAMK2G;CAMK2G,GRCh37,cg17076921
2243,1,20959826,+,PINK1,GRCh37,cg23993660
2243,17,71308359,-,CDC42EP4,GRCh37,cg09757107
2243,10,114710815,+,TCF7L2;TCF7L2;TCF7L2;TCF7L2;TCF7L2;TCF7L2,GRCh37,cg14665389
2243,2,148602399,+,ACVR2A,GRCh37,cg14689355
2243,3,135685042,+,PPP2R3A,GRCh37,cg06465926
2243,20,44718168,-,NCOA5,GRCh37,cg20116574
2243,21,47706392,+,C21orf57;MCM3AP;C21orf57;C21orf57,GRCh37,cg00499599
2243,6,24403287,-,MRS2,GRCh37,cg16917279
2243,14,105886024,-,MTA1,GRCh37,cg20222911
2243,15,45694626,-,SPATA5L1;SPATA5L1;SPATA5L1,GRCh37,cg05695927
2243,3,87276149,+,CHMP2B,GRCh37,cg23835812
2243,5,112849442,+,YTHDC2;YTHDC2,GRCh37,cg09868597
2243,9,113018739,+,TXN;TXN,GRCh37,cg07804122
2243,20,13976403,+,MACROD2;MACROD2,GRCh37,cg23751724
2243,4,76439436,-,RCHY1;RCHY1;RCHY1;THAP6,GRCh37,cg10737625
2243,19,51014757,-,JOSD2,GRCh37,cg07775501
2243,12,75785230,-,GLIPR1L2,GRCh37,cg15942481
2243,12,44152509,+,PUS7L;PUS7L;PUS7L;IRAK4;IRAK4;PUS7L;PUS7L;IRAK4;IRAK4;IRAK4,GRCh37,cg20424530
2243,10,88281502,-,WAPAL;WAPAL,GRCh37,cg23702568
2243,8,28351217,+,FZD3,GRCh37,cg16729690
2243,14,77924143,+,C14orf133;AHSA1,GRCh37,cg19815139
2243,1,222763419,+,TAF1A;TAF1A,GRCh37,cg20492869
2243,1,213123897,+,VASH2;VASH2;VASH2;VASH2;VASH2;VASH2,GRCh37,cg01485998
2243,3,49893948,-,TRAIP;TRAIP,GRCh37,cg01090445
2243,20,37376497,+,ACTR5,GRCh37,cg14374842
2243,7,150725839,-,ABCB8,GRCh37,cg01166674
2243,11,18415964,+,LDHA;LDHA;LDHA;LDHA;LDHA;LDHA;LDHA;LDHA;LDHA,GRCh37,cg01316516
2243,20,32582025,-,RALY;RALY,GRCh37,cg24428760
2243,1,36565856,+,COL8A2,GRCh37,cg19046959
2243,1,35734836,-,ZMYM4,GRCh37,cg17520176
2243,4,15656874,+,FBXL5;FBXL5;FBXL5,GRCh37,cg19128498
2243,17,79934870,-,ASPSCR1,GRCh37,cg24392479
2243,5,139944272,+,APBB3;APBB3;APBB3;SLC35A4;APBB3,GRCh37,cg02995853
2243,10,124713766,+,C10orf88;C10orf88,GRCh37,cg09479906
2243,17,48624416,-,SPATA20,GRCh37,cg15780578
2243,2,121010979,-,RALB,GRCh37,cg02994216
2243,3,181429460,-,SOX2OT;SOX2,GRCh37,cg01340005
2243,16,89786786,-,C16orf7;ZNF276;ZNF276,GRCh37,cg02609749
2243,2,71222339,+,TEX261,GRCh37,cg24236559
2243,15,64386181,+,FAM96A;FAM96A;FAM96A;FAM96A,GRCh37,cg14490250
2243,6,152129036,+,ESR1;ESR1;ESR1;ESR1;ESR1,GRCh37,cg11251858
2243,11,368966,+,B4GALNT4,GRCh37,cg24194132
2243,12,95868044,+,METAP2,GRCh37,cg19510484
2243,1,95583636,-,TMEM56,GRCh37,cg19514928
2243,15,39872824,-,THBS1,GRCh37,cg19570574
2243,17,45726674,-,KPNB1,GRCh37,cg19573464
2243,18,597111,+,CLUL1;CLUL1,GRCh37,cg11214889
2243,5,176738847,-,MXD3;MXD3;MXD3;MXD3,GRCh37,cg09564133
2243,3,49058043,-,DALRD3;NDUFAF3;MIR425;NDUFAF3;NDUFAF3;NDUFAF3,GRCh37,cg17217654
2243,5,176899801,+,DBN1;DBN1;DBN1,GRCh37,cg22605063
2243,1,182808238,-,DHX9,GRCh37,cg08596642
2243,19,45755260,+,MARK4,GRCh37,cg05817232
2243,7,91570673,-,AKAP9;AKAP9,GRCh37,cg16688376
2243,16,3285425,+,ZNF200;ZNF200;ZNF200;ZNF200;ZNF200;ZNF200;ZNF200;ZNF200;ZNF200;ZNF200,GRCh37,cg00861635
2243,9,115480625,+,C9orf80,GRCh37,cg16295988
2243,19,12274129,+,ZNF136,GRCh37,cg02268424
2243,7,130354027,+,TSGA13;COPG2,GRCh37,cg21574752
2243,7,135195101,-,CNOT4;CNOT4,GRCh37,cg06145308
2243,12,56551994,+,MYL6;MYL6,GRCh37,cg07315445
2243,20,34542109,-,SCAND1;SCAND1,GRCh37,cg01470283
2243,6,14117480,+,CD83;CD83,GRCh37,cg16273597
2243,6,136571195,-,FAM54A;FAM54A;FAM54A,GRCh37,cg06193382
2243,19,45394156,-,TOMM40;TOMM40;TOMM40,GRCh37,cg21549639
2243,19,37569503,-,ZNF420,GRCh37,cg10861017
2243,6,83902498,-,PGM3;RWDD2A,GRCh37,cg15185804
2243,9,113799936,-,LPAR1;LPAR1,GRCh37,cg15195276
2243,12,24715864,-,SOX5,GRCh37,cg10158080
2243,6,126278255,-,HINT3,GRCh37,cg07240721
2243,1,161146978,+,B4GALT3,GRCh37,cg23082632
2243,2,58468631,+,FANCL;FANCL,GRCh37,cg10174864
2243,6,31795181,-,HSPA1B,GRCh37,cg07192857
2243,6,32936073,+,BRD2,GRCh37,cg10211788
2243,19,1206451,-,STK11;STK11,GRCh37,cg21547976
2243,14,105714589,+,BTBD6;BRF1;BRF1,GRCh37,cg23034818
2243,3,180319964,-,TTC14;TTC14;TTC14;TTC14,GRCh37,cg00818693
2243,12,121124407,-,MLEC,GRCh37,cg21487067
2243,15,41709524,-,RTF1,GRCh37,cg07091958
2243,11,62389777,-,B3GAT3,GRCh37,cg22974215
2243,5,78809520,+,HOMER1;HOMER1,GRCh37,cg02725014
2243,4,1714979,+,SLBP,GRCh37,cg14822966
2243,8,11626984,+,NEIL2;NEIL2;NEIL2;NEIL2,GRCh37,cg00873037
2243,1,38019997,+,SNIP1,GRCh37,cg21117584
2243,16,46865555,+,C16orf87,GRCh37,cg07707498
2243,12,2986037,+,FOXM1;FOXM1;C12orf32;C12orf32;FOXM1;C12orf32,GRCh37,cg09976774
2243,15,38746192,+,FAM98B;FAM98B,GRCh37,cg05861661
2243,20,18269244,-,ZNF133;ZNF133;ZNF133;ZNF133,GRCh37,cg14858551
2243,1,94374966,+,GCLM;GCLM,GRCh37,cg14860494
2243,15,40074646,-,FSIP1,GRCh37,cg01585703
2243,20,43514951,-,YWHAB;YWHAB,GRCh37,cg22799917
2243,5,159845898,-,SLU7,GRCh37,cg02367472
2243,10,101190311,+,GOT1,GRCh37,cg07526069
2243,10,89623138,-,PTEN;KILLIN;KILLIN,GRCh37,cg20849549
2243,17,48423021,-,XYLT2,GRCh37,cg23430664
2243,12,6561229,+,TAPBPL;LOC678655;TAPBPL,GRCh37,cg20935106
2243,16,30960753,+,ORAI3,GRCh37,cg22827290
2243,12,47474262,-,AMIGO2;AMIGO2,GRCh37,cg07473175
2243,14,24616413,+,PSME2;RNF31,GRCh37,cg23381116
2243,6,43597122,-,MAD2L1BP;GTPBP2,GRCh37,cg23377693
2243,15,22891954,-,CYFIP1,GRCh37,cg15032239
2243,16,29822529,-,PRRT2,GRCh37,cg05995267
2243,19,10426722,+,FDX1L,GRCh37,cg00791249
2243,1,179847085,+,TOR1AIP2;TOR1AIP2,GRCh37,cg16381752
2243,17,41856855,-,C17orf105;DUSP3,GRCh37,cg16366323
2243,6,76311331,-,SENP6;SENP6,GRCh37,cg06062132
2243,8,17658292,+,MTUS1;MTUS1;MTUS1;MTUS1,GRCh37,cg06093279
2243,8,145743911,-,RECQL4;LRRC14,GRCh37,cg21092687
2243,18,43684144,-,ATP5A1;ATP5A1;HAUS1;HAUS1,GRCh37,cg22858861
2243,9,37422575,-,GRHPR,GRCh37,cg10289190
2243,8,57123832,-,PLAG1;PLAG1;CHCHD7;CHCHD7;CHCHD7;PLAG1;PLAG1;CHCHD7;PLAG1;CHCHD7;CHCHD7;PLAG1,GRCh37,cg11321895
2243,7,43965648,+,URGCP;UBE2D4,GRCh37,cg15262984
2243,14,78226923,+,SNW1;C14orf178;C14orf178,GRCh37,cg17809798
2243,19,1490194,+,REEP6;PCSK4,GRCh37,cg18855178
2243,17,73127197,-,NT5C,GRCh37,cg10520594
2243,3,43731973,-,ABHD5,GRCh37,cg14121103
2243,17,78120714,-,EIF4A3,GRCh37,cg06577463
2243,12,123258897,-,CCDC62;CCDC62;CCDC62,GRCh37,cg08775774
2243,19,9785779,-,ZNF562;ZNF562;ZNF562,GRCh37,cg18587364
2243,4,57773768,-,REST,GRCh37,cg24719575
2243,9,37651257,+,FRMPD1,GRCh37,cg18428373
2243,13,45150990,+,TSC22D1,GRCh37,cg22183626
2243,7,54827431,+,SEC61G;SEC61G,GRCh37,cg09163442
2243,4,154265537,-,MND1,GRCh37,cg14320796
2243,17,11923960,+,MAP2K4,GRCh37,cg14099017
2243,5,35617879,+,SPEF2;SPEF2,GRCh37,cg24675098
2243,10,58121066,-,ZWINT;ZWINT;ZWINT,GRCh37,cg18534872
2243,17,33288932,+,ZNF830;CCT6B,GRCh37,cg09263755
2243,3,37034154,-,MLH1;MLH1;MLH1;EPM2AIP1;MLH1,GRCh37,cg02279071
2243,11,73087230,-,RELT;RELT,GRCh37,cg24777762
2243,1,29507864,+,SFRS4,GRCh37,cg14195915
2243,19,56652352,-,ZNF444,GRCh37,cg11399891
2243,2,202315857,-,TRAK2;STRADB,GRCh37,cg24749970
2243,3,52445239,+,PHF7;PHF7;PHF7;BAP1;PHF7,GRCh37,cg24747396
2243,18,30050326,+,FAM59A,GRCh37,cg11393453
2243,3,48481510,+,CCDC51;CCDC51;CCDC72,GRCh37,cg01538982
2243,16,1464982,+,UNKL,GRCh37,cg17851105
2243,6,44233446,+,NFKBIE,GRCh37,cg01708236
2243,11,45939917,-,PEX16;PEX16,GRCh37,cg06622725
2243,7,100271437,-,GNB2;GNB2,GRCh37,cg22377237
2243,9,130548649,-,CDK9,GRCh37,cg22170618
2243,14,102771717,+,RAGE,GRCh37,cg18211447
2243,13,76111785,+,COMMD6;COMMD6,GRCh37,cg00410419
2243,11,65627070,-,MUS81;CFL1,GRCh37,cg04946535
2243,1,206785415,-,LGTN,GRCh37,cg10662787
2243,17,37844119,+,PGAP3;ERBB2,GRCh37,cg24649641
2244,12,52887685,-,KRT6A,GRCh37,cg16112157
2245,11,130298880,+,ADAMTS8,GRCh37,cg01033938
2246,2,21266956,+,APOB,GRCh37,cg24309555
2247,17,39095141,+,KRT23,GRCh37,cg06378617
2248,2,157280411,-,,GRCh37,cg24579667
2249,1,183387564,+,NMNAT2;NMNAT2,GRCh37,cg00707317
2250,16,31538946,+,AHSP,GRCh37,cg14387505
2251,9,100615201,+,FOXE1,GRCh37,cg15802898
2252,3,62305519,-,C3orf14,GRCh37,cg09473585
2253,11,2890457,+,KCNQ1DN,GRCh37,cg13081704
2253,11,2891098,+,KCNQ1DN,GRCh37,cg01530101
2254,1,184944288,-,FAM129A,GRCh37,cg25182523
2255,15,58357874,-,ALDH1A2;ALDH1A2;ALDH1A2;ALDH1A2,GRCh37,cg03365437
2256,12,54379056,-,HOXC10,GRCh37,cg26153631
2257,3,193272561,-,ATP13A4,GRCh37,cg05820087
2258,11,7110074,-,RBMXL2,GRCh37,cg22062068
2259,1,38513489,-,POU3F1,GRCh37,cg17791651
2260,1,147245485,-,GJA5,GRCh37,cg08307963
2261,5,138862441,+,TMEM173,GRCh37,cg16983159
2262,19,4305090,+,FSD1,GRCh37,cg25902889
2263,19,7701212,+,STXBP2;STXBP2,GRCh37,cg21541083
2264,7,127225949,+,GCC1,GRCh37,cg08586737
2265,11,2293117,+,ASCL2,GRCh37,cg20392764
2266,15,92937360,+,ST8SIA2,GRCh37,cg20339230
2267,8,28175003,-,PNOC,GRCh37,cg03642518
2268,10,35894430,-,GJD4;GJD4,GRCh37,cg00168942
2269,3,136537709,+,TMEM22;TMEM22;TMEM22,GRCh37,cg02672493
2270,8,20112890,+,LZTS1,GRCh37,cg26917999
2271,7,27135684,+,HOXA1;HOXA1,GRCh37,cg03700462
2272,10,14816654,+,FAM107B,GRCh37,cg02876062
2273,7,134143919,-,AKR1B1,GRCh37,cg13801416
2274,7,100028402,-,MEPCE,GRCh37,cg12584718
2275,19,38183055,+,ZNF781;ZNF781,GRCh37,cg25875213
2276,19,36005906,+,DMKN;DMKN;DMKN;DMKN,GRCh37,cg10133777
2277,2,20867352,+,GDF7,GRCh37,cg12949975
2278,12,66582780,-,IRAK3;IRAK3,GRCh37,cg20395892
2279,19,46367240,-,FOXA3;SYMPK,GRCh37,cg24278423
2280,17,6617030,-,SLC13A5;SLC13A5,GRCh37,cg22040627
2281,19,58545149,-,ZSCAN1,GRCh37,cg21331821
2282,2,233642094,+,GIGYF2;GIGYF2;GIGYF2;KCNJ13;GIGYF2,GRCh37,cg13982505
2283,8,25281609,+,GNRH1;GNRH1;GNRH1,GRCh37,cg22502171
2284,6,160769754,+,SLC22A3,GRCh37,cg07237939
2285,19,44529262,+,ZNF222;ZNF222,GRCh37,cg10604333
2286,16,2848797,-,TESSP1,GRCh37,cg19403023
2287,12,131002918,+,RIMBP2,GRCh37,cg24272907
2288,1,116915122,-,ATP1A1;ATP1A1,GRCh37,cg09580336
2289,14,21058360,+,RNASE12;RNASE11;RNASE12;RNASE11,GRCh37,cg07300408
2290,9,136038690,+,GBGT1,GRCh37,cg01169778
2291,19,640346,-,FGF22,GRCh37,cg22189019
2292,7,27204785,+,HOXA9,GRCh37,cg01381846
2293,17,47075175,+,IGF2BP1;IGF2BP1,GRCh37,cg06638433
2294,12,49449136,+,MLL2,GRCh37,cg13007988
2295,5,16508920,-,FAM134B;FAM134B;FAM134B,GRCh37,cg02729303
2296,1,18807550,-,KLHDC7A,GRCh37,cg13507429
2297,6,32407289,-,HLA-DRA,GRCh37,cg25764570
2298,17,57642675,-,DHX40;DHX40,GRCh37,cg18062196
2299,5,140346921,+,PCDHAC2;PCDHA7;PCDHA12;PCDHA6;PCDHA10;PCDHA4;PCDHA11;PCDHA8;PCDHA6;PCDHA1;PCDHA2;PCDHA1;PCDHA9;PCDHA13;PCDHA5;PCDHAC1;PCDHA3;PCDHAC2;PCDHA10,GRCh37,cg24076884
2299,19,49535079,-,CGB2;SNAR-G2,GRCh37,cg11177404
2299,19,10450364,+,ICAM3,GRCh37,cg06855803
2299,7,101928560,-,SH2B2,GRCh37,cg05253159
2299,19,39826150,-,GMFG,GRCh37,cg02436686
2299,22.0,21986976,+,CCDC116,GRCh37,cg22262140
2299,17,39728221,+,KRT9,GRCh37,cg10328573
2299,15,66546708,+,MEGF11,GRCh37,cg26416466
2299,17,74136395,-,FOXJ1,GRCh37,cg24164563
2300,20,31671234,+,C20orf186,GRCh37,cg16483466
2301,1,227506868,-,CDC42BPA;CDC42BPA,GRCh37,cg24860534
2302,5,148520876,-,ABLIM3,GRCh37,cg05026186
2303,10,14372596,-,FRMD4A;FRMD4A,GRCh37,cg05755354
2303,7,141695759,+,MGAM,GRCh37,cg18971054
2303,1,161601053,-,FCGR3B;FCGR3B,GRCh37,cg00974864
2303,1,161692247,+,FCRLB,GRCh37,cg26015133
2304,13,43354674,-,C13orf30,GRCh37,cg07409200
2305,6,33548423,-,BAK1,GRCh37,cg07679836
2306,2,27530829,-,UCN,GRCh37,cg20028470
2306,2,27531170,+,UCN,GRCh37,cg04527918
2307,8,82192606,+,FABP5,GRCh37,cg19904463
2308,22.0,18043043,+,SLC25A18,GRCh37,cg02555579
2308,4,175839468,-,ADAM29;ADAM29;ADAM29;ADAM29,GRCh37,cg14561282
2308,22.0,25617229,+,CRYBB2,GRCh37,cg17504145
2308,10,118381044,-,PNLIPRP2,GRCh37,cg16272420
2308,8,42552719,-,CHRNB3,GRCh37,cg06840801
2308,6,49755190,+,PGK2,GRCh37,cg09299388
2308,22.0,51176407,-,ACR,GRCh37,cg05615487
2308,2,113593785,+,IL1B,GRCh37,cg15836722
2308,10,102732323,-,SEMA4G;SEMA4G,GRCh37,cg05322019
2308,1,120050104,-,HSD3B1,GRCh37,cg16175792
2308,11,2443869,+,TRPM5,GRCh37,cg11474811
2308,10,101841816,-,CPN1,GRCh37,cg15457079
2308,5,134783075,-,C5orf20,GRCh37,cg13349425
2308,12,6233657,-,VWF;VWF,GRCh37,cg27347104
2308,12,4699085,+,DYRK4,GRCh37,cg06270401
2308,19,42213020,-,CEACAM5,GRCh37,cg21505334
2308,5,131409637,+,CSF2,GRCh37,cg02196805
2308,14,25103301,+,GZMB,GRCh37,cg08766149
2308,22.0,37319042,+,CSF2RB,GRCh37,cg21209356
2308,2,219288203,+,VIL1,GRCh37,cg02488871
2308,2,88824153,-,C2orf51,GRCh37,cg15903395
2308,2,27362420,-,C2orf53,GRCh37,cg00396894
2308,3,140397089,+,TRIM42,GRCh37,cg12242338
2308,12,8815308,+,MFAP5;MFAP5,GRCh37,cg15815843
2308,1,115238559,-,AMPD1,GRCh37,cg15740508
2308,16,31494571,-,SLC5A2,GRCh37,cg13473336
2308,11,60383361,+,C11orf64,GRCh37,cg07484450
2308,21,41238517,-,PCP4,GRCh37,cg00895324
2308,11,32452038,+,WT1;WT1;WT1;WT1,GRCh37,cg12781568
2308,2,102097314,-,,GRCh37,cg20387706
2308,6,47652462,+,GPR111,GRCh37,cg18841952
2308,12,7819180,+,APOBEC1,GRCh37,cg16879115
2308,1,20445662,+,PLA2G2D,GRCh37,cg14321743
2308,9,12693326,+,TYRP1,GRCh37,cg25989745
2308,14,68188663,-,RDH12,GRCh37,cg23350274
2308,16,72088622,+,HP;HP,GRCh37,cg23815491
2309,8,74903801,-,LY96,GRCh37,cg23732024
2310,11,69634400,-,FGF3,GRCh37,cg15337897
2311,14,93389891,+,CHGA,GRCh37,cg12422450
2312,1,107682504,+,NTNG1;NTNG1;NTNG1,GRCh37,cg26145228
2313,1,78511979,-,GIPC2,GRCh37,cg24496666
2314,1,156829377,+,NTRK1;INSRR;NTRK1;NTRK1,GRCh37,cg12995941
2315,11,89867976,-,NAALAD2,GRCh37,cg21500966
2316,7,137532374,+,DGKI,GRCh37,cg06277657
2317,19,33863876,-,CEBPG,GRCh37,cg15046693
2318,6,166582197,-,T,GRCh37,cg17188046
2319,11,63272554,+,LGALS12;LGALS12;LGALS12,GRCh37,cg11484576
2320,17,59477286,-,TBX2;TBX2,GRCh37,cg13274713
2321,8,11567189,-,GATA4,GRCh37,cg01546563
2322,2,223164869,+,PAX3;PAX3;PAX3;PAX3;PAX3;CCDC140;PAX3;PAX3;PAX3,GRCh37,cg19352038
2323,15,65360370,+,RASL12;RASL12,GRCh37,cg10604168
2324,19,51219975,-,SHANK1,GRCh37,cg24824840
2325,5,50678451,+,ISL1,GRCh37,cg21410991
2326,11,65405903,-,SIPA1,GRCh37,cg26668713
2327,8,41504331,-,NKX6-3,GRCh37,cg03380773
2327,5,55290746,+,IL6ST;IL6ST;IL6ST;IL6ST,GRCh37,cg21950518
2327,14,55596356,+,LGALS3,GRCh37,cg17403875
2327,6,26235061,-,HIST1H1D,GRCh37,cg23705973
2327,11,30344399,+,C11orf46,GRCh37,cg09906309
2327,1,44172605,-,ST3GAL3;ST3GAL3;ST3GAL3;ST3GAL3;ST3GAL3;ST3GAL3;ST3GAL3;ST3GAL3;ST3GAL3;ST3GAL3,GRCh37,cg09903430
2327,1,110453144,-,CSF1;CSF1;CSF1;CSF1,GRCh37,cg24326142
2327,3,39850621,+,MYRIP,GRCh37,cg25070010
2327,1,95392925,+,CNN3,GRCh37,cg02718725
2327,5,150536851,+,ANXA6;ANXA6,GRCh37,cg21623671
2327,21,42879131,+,TMPRSS2;TMPRSS2,GRCh37,cg02613803
2327,16,68002365,+,SLC12A4;SLC12A4;SLC12A4,GRCh37,cg06071083
2327,1,20512397,+,UBXN10,GRCh37,cg03167763
2327,12,51818768,-,SLC4A8;SLC4A8;SLC4A8;SLC4A8,GRCh37,cg13127386
2327,5,172662328,-,NKX2-5;NKX2-5;NKX2-5,GRCh37,cg01282074
2327,1,205649941,+,SLC45A3,GRCh37,cg11455040
2327,22.0,35937495,+,RASD2;RASD2,GRCh37,cg14473016
2327,11,101918403,+,C11orf70;C11orf70,GRCh37,cg20346726
2327,17,79860360,+,NPB,GRCh37,cg23186643
2327,3,169482358,-,,GRCh37,cg27020690
2327,1,40782991,-,COL9A2,GRCh37,cg26710722
2327,3,48632892,+,COL7A1,GRCh37,cg16357381
2327,5,38846540,-,OSMR;OSMR,GRCh37,cg03138091
2327,17,40834743,+,CNTNAP1;CNTNAP1;CCR10,GRCh37,cg15800421
2327,1,200860363,-,C1orf106,GRCh37,cg17733100
2327,11,17497967,-,ABCC8,GRCh37,cg11981631
2327,22.0,45706530,-,FAM118A;FAM118A,GRCh37,cg13438834
2327,11,19734932,+,NAV2;NAV2;NAV2;LOC100126784;NAV2;NAV2,GRCh37,cg23614979
2327,14,59931541,+,GPR135,GRCh37,cg22821834
2327,14,91720173,-,GPR68;GPR68,GRCh37,cg03588357
2327,6,74161911,-,C6orf150;C6orf150,GRCh37,cg00463577
2327,17,6659364,+,XAF1;XAF1;XAF1;XAF1,GRCh37,cg27146152
2327,12,51567112,-,TFCP2,GRCh37,cg20927059
2327,16,70472477,-,ST3GAL2,GRCh37,cg13319139
2327,12,51566569,-,TFCP2;TFCP2,GRCh37,cg04543012
2327,21.0,42798386,+,MX1;MX1,GRCh37,cg22152328
2327,1,150254838,-,C1orf51,GRCh37,cg21715963
2327,22.0,24110355,-,CHCHD10,GRCh37,cg03290040
2327,12,96184965,-,NTN4,GRCh37,cg07461318
2327,1,15480844,-,TMEM51;TMEM51;TMEM51;TMEM51,GRCh37,cg05385377
2327,17,40541270,+,STAT3;STAT3;STAT3,GRCh37,cg20716209
2327,10,71892715,+,AIFM2,GRCh37,cg26699283
2327,9,107690018,+,ABCA1,GRCh37,cg21572316
2327,17,6939795,-,SLC16A13,GRCh37,cg24173049
2327,11,86383182,+,ME3;ME3;ME3;ME3,GRCh37,cg07560096
2327,1,226925702,-,ITPKB,GRCh37,cg01259619
2327,12,6420020,-,PLEKHG6;PLEKHG6,GRCh37,cg25268678
2327,3,107940784,-,IFT57,GRCh37,cg11390468
2327,8,27348940,+,EPHX2,GRCh37,cg24081819
2327,1,38470578,+,FHL3,GRCh37,cg27018070
2327,9,95946891,+,WNK2,GRCh37,cg16158807
2327,9,95821549,+,SUSD3,GRCh37,cg26833602
2327,5,77591420,-,AP3B1,GRCh37,cg01692815
2327,7,23720292,-,C7orf46;C7orf46;C7orf46,GRCh37,cg08707078
2327,1,20512617,-,UBXN10;UBXN10,GRCh37,cg06911113
2327,7,148395181,+,CUL1,GRCh37,cg12592716
2327,10,121301765,+,RGS10,GRCh37,cg04041960
2327,6,25963442,+,TRIM38,GRCh37,cg21844956
2327,9,130689862,+,PIP5KL1;PIP5KL1,GRCh37,cg06765514
2327,16,67695272,-,PARD6A;ACD;ACD;PARD6A;ACD,GRCh37,cg15426734
2327,7,128828765,-,SMO;SMO,GRCh37,cg15447479
2327,20,42815882,+,JPH2;JPH2;JPH2;JPH2,GRCh37,cg02551396
2327,11,35160498,+,CD44;CD44;CD44;CD44;CD44;CD44;CD44;CD44;CD44;CD44,GRCh37,cg01879488
2327,18,3012413,+,LPIN2,GRCh37,cg18110535
2327,3,196366669,-,LRRC33;LRRC33,GRCh37,cg00293409
2327,22.0,36044792,+,APOL6,GRCh37,cg19853703
2327,19,16772516,-,TMEM38A,GRCh37,cg22960185
2327,2,190446080,-,SLC40A1,GRCh37,cg11483915
2327,21.0,32932267,-,TIAM1,GRCh37,cg15853125
2327,1,55267046,+,TTC22;TTC22,GRCh37,cg22130834
2327,10,100028320,-,LOXL4,GRCh37,cg04677227
2327,6,27835191,-,HIST1H1B,GRCh37,cg04676561
2327,19,42497879,+,ATP1A3,GRCh37,cg23920441
2327,19,36909418,+,ZFP82;ZFP82,GRCh37,cg25886284
2327,12,103311300,+,PAH;PAH,GRCh37,cg15963417
2327,5,134073432,+,CAMLG,GRCh37,cg05705583
2327,3,25469402,+,RARB;RARB,GRCh37,cg26124016
2327,14,80678613,+,DIO2;DIO2;DIO2,GRCh37,cg07294774
2327,19,44174071,+,PLAUR;PLAUR;PLAUR,GRCh37,cg06540636
2327,3,119298802,-,ADPRH,GRCh37,cg14399078
2327,8,21881998,+,NPM2,GRCh37,cg26411702
2327,14,58863097,-,TOMM20L,GRCh37,cg10549973
2327,6,52859823,+,GSTA4,GRCh37,cg00162401
2327,2,192015677,+,STAT4;STAT4,GRCh37,cg20195812
2327,13,21277505,-,IL17D;IL17D,GRCh37,cg26790132
2327,11,35160400,-,CD44;CD44;CD44;CD44;CD44,GRCh37,cg08530414
2327,3,48936248,-,SLC25A20;SLC25A20,GRCh37,cg20159072
2327,3,50649994,+,CISH;CISH,GRCh37,cg08996521
2327,9,35690459,-,TPM2;TPM2;TPM2,GRCh37,cg17691309
2327,1,213124545,-,VASH2;VASH2;VASH2,GRCh37,cg03455458
2327,3,169482968,+,TERC,GRCh37,cg01389761
2328,5,1524551,+,LPCAT1,GRCh37,cg05365670
2328,17,40307717,+,RAB5C;RAB5C,GRCh37,cg22373112
2329,10,42971209,+,LOC84856,GRCh37,cg21096915
2330,16,2563435,-,ATP6V0C,GRCh37,cg05483509
2331,6,28493601,-,GPX5;GPX5,GRCh37,cg26170660
2332,16,57836706,+,KIFC3;KIFC3,GRCh37,cg07685869
2333,6,160328002,-,MAS1,GRCh37,cg08784110
2334,16,851298,-,GNG13,GRCh37,cg14100184
2335,20,57465439,-,GNAS;GNAS;GNAS;GNAS;GNAS;GNAS;GNAS;GNAS,GRCh37,cg25983380
2336,1,32931179,+,ZBTB8B,GRCh37,cg11619390
2337,11,2323896,+,TSPAN32;C11orf21;C11orf21,GRCh37,cg17627559
2337,22.0,38850521,+,KCNJ4,GRCh37,cg20674521
2337,4,75230391,+,EREG,GRCh37,cg19308222
2337,16,30484218,-,ITGAL;ITGAL,GRCh37,cg14176836
2337,19,39369277,-,SIRT2;SIRT2;RINL,GRCh37,cg12431401
2337,19,2282729,+,C19orf35,GRCh37,cg20973210
2337,20,23066947,+,CD93;CD93,GRCh37,cg19138960
2337,11,19082514,-,MRGPRX2,GRCh37,cg13062935
2337,9,130540941,+,SH2D3C;SH2D3C,GRCh37,cg24545967
2337,3,121379777,-,HCLS1;HCLS1,GRCh37,cg00141162
2337,17,4337094,-,SPNS3,GRCh37,cg01138020
2337,17,76126301,+,TMC8;TMC6;TMC6,GRCh37,cg00447208
2337,12,109027683,+,SELPLG,GRCh37,cg24497819
2337,22.0,37882078,-,MFNG;MFNG;MFNG,GRCh37,cg11201532
2337,12,48399140,-,COL2A1;COL2A1,GRCh37,cg19601035
2337,1,92952641,+,GFI1;GFI1,GRCh37,cg20125091
2337,6,6589075,+,LY86;LOC285780,GRCh37,cg02212836
2337,17,4337231,-,SPNS3;SPNS3,GRCh37,cg18750756
2337,9,140172631,-,C9orf167,GRCh37,cg07717632
2337,14,38725656,+,CLEC14A,GRCh37,cg14473145
2337,2,71679675,+,DYSF;DYSF;DYSF;DYSF;DYSF;DYSF;DYSF,GRCh37,cg15491567
2338,4,122301573,+,QRFPR,GRCh37,cg10114327
2339,14,90528983,+,KCNK13,GRCh37,cg25225073
2340,4,26492378,+,CCKAR,GRCh37,cg15928132
2341,6,27215675,+,PRSS16,GRCh37,cg26504906
2341,6,27215365,-,PRSS16,GRCh37,cg03099771
2342,13,37634133,-,FAM48A;FAM48A,GRCh37,cg22088594
2342,1,112299263,+,DDX20;C1orf183,GRCh37,cg00160914
2342,5,141488121,-,NDFIP1,GRCh37,cg13490971
2342,11,66045351,+,CNIH2,GRCh37,cg19026260
2342,15,64126729,-,HERC1,GRCh37,cg26817573
2342,20,50159508,+,NFATC2;NFATC2;NFATC2,GRCh37,cg11086066
2342,3,127390935,+,ABTB1;PODXL2;ABTB1;ABTB1,GRCh37,cg18353563
2342,11,61584773,-,FADS1,GRCh37,cg09462826
2342,7,26904188,+,SKAP2;SKAP2,GRCh37,cg21120786
2342,10,43905515,-,HNRNPF;HNRNPF;HNRNPF,GRCh37,cg15321211
2342,9,90340652,+,CTSL1;CTSL1,GRCh37,cg11154542
2342,8,92052897,-,TMEM55A,GRCh37,cg15170424
2342,11,2813121,-,KCNQ1;KCNQ1,GRCh37,cg19728223
2342,22.0,47134664,+,CERK,GRCh37,cg05698090
2342,6,18123049,+,NHLRC1,GRCh37,cg00772000
2342,11,59578490,+,MRPL16,GRCh37,cg06171787
2342,1,40156840,-,HPCAL4,GRCh37,cg11462533
2342,6,142623433,+,GPR126;GPR126;GPR126;GPR126;GPR126;GPR126;GPR126;GPR126,GRCh37,cg04461802
2342,17,6734991,-,TEKT1;TEKT1,GRCh37,cg13337865
2342,17,62493599,-,POLG2,GRCh37,cg01261503
2342,20,62338235,-,ZGPAT;ZGPAT;ZGPAT;ARFRP1;ARFRP1,GRCh37,cg18611245
2342,8,145692581,+,KIFC2,GRCh37,cg11757293
2342,8,30670597,-,PPP2CB;PPP2CB,GRCh37,cg24698622
2342,16,31366377,-,ITGAX,GRCh37,cg11884546
2342,9,123605666,+,PSMD5;LOC253039,GRCh37,cg09419670
2342,2,17936424,-,GEN1;SMC6;SMC6;GEN1,GRCh37,cg18220560
2342,9,128469783,+,MAPKAP1;MAPKAP1;MAPKAP1;MAPKAP1;MAPKAP1;MAPKAP1,GRCh37,cg11299964
2342,20,19193824,+,SLC24A3,GRCh37,cg00888479
2342,1,155948742,-,ARHGEF2;ARHGEF2;ARHGEF2,GRCh37,cg23320056
2342,9,130212550,+,RPL12;LRSAM1;LRSAM1,GRCh37,cg24046474
2342,12,131438788,+,GPR133;GPR133,GRCh37,cg02717046
2342,7,16686771,+,BZW2;BZW2;ANKMY2;BZW2,GRCh37,cg25778479
2342,8,91094811,+,CALB1,GRCh37,cg12402251
2342,7,1570060,+,MAFK,GRCh37,cg19778698
2342,18,22006316,-,IMPACT,GRCh37,cg22757447
2342,16,729498,+,STUB1,GRCh37,cg17328659
2342,1,228870709,+,RHOU,GRCh37,cg11431126
2342,17,79859830,-,NPB,GRCh37,cg03160815
2342,3,52321266,+,GLYCTK;GLYCTK;GLYCTK;GLYCTK;GLYCTK;GLYCTK,GRCh37,cg17386185
2342,6,117198560,-,RFX6,GRCh37,cg20979799
2342,14,64194118,+,SGPP1,GRCh37,cg08703971
2342,20,55203849,+,TFAP2C,GRCh37,cg15536490
2342,6,26217564,+,HIST1H2BG;HIST1H2AE,GRCh37,cg20520725
2342,20,44258384,+,WFDC10A;WFDC9;WFDC10A,GRCh37,cg02605634
2342,7,156433997,+,C7orf13;RNF32,GRCh37,cg13258700
2342,6,105628147,-,POPDC3,GRCh37,cg24273512
2342,2,31361692,+,GALNT14,GRCh37,cg22395019
2342,19,55691827,-,SYT5,GRCh37,cg10080004
2342,22.0,38244893,-,MIR659;EIF3L,GRCh37,cg00565075
2342,9,77704473,+,OSTF1;C9orf95;C9orf95;C9orf95,GRCh37,cg07962315
2342,14,53620401,+,DDHD1;DDHD1;DDHD1,GRCh37,cg18555117
2342,3,69062103,+,C3orf64,GRCh37,cg14870461
2342,12,51157954,-,ATF1;ATF1,GRCh37,cg24043307
2342,10,99161279,-,RRP12;RRP12,GRCh37,cg02238747
2342,11,66335649,+,CTSF,GRCh37,cg06817264
2342,11,67396845,-,NUDT8,GRCh37,cg13631259
2343,8,101662053,+,SNX31,GRCh37,cg24546463
2344,3,147127010,-,ZIC1,GRCh37,cg14456683
2344,3,147127193,-,ZIC1;ZIC1,GRCh37,cg05073035
2345,19,49243427,-,RASIP1,GRCh37,cg23082877
2345,7,872293,+,UNC84A;UNC84A,GRCh37,cg22972055
2345,22.0,50528179,-,MOV10L1;MOV10L1;MOV10L1,GRCh37,cg18638931
2345,12,52281810,-,ANKRD33;ANKRD33;ANKRD33;ANKRD33,GRCh37,cg19948393
2345,11,130299333,+,ADAMTS8,GRCh37,cg01260219
2345,1,156785288,+,SH2D2A;SH2D2A;NTRK1;SH2D2A;SH2D2A;SH2D2A,GRCh37,cg00626119
2345,19,14585209,+,PTGER1,GRCh37,cg10468702
2345,16,1202015,+,CACNA1H;CACNA1H,GRCh37,cg06263943
2345,20,62131260,+,EEF1A2,GRCh37,cg22463915
2345,3,194090132,-,LRRC15;LRRC15,GRCh37,cg26838900
2345,3,13462465,-,NUP210,GRCh37,cg24642820
2345,17,56405155,+,BZRAP1;BZRAP1,GRCh37,cg22182666
2345,3,100328713,-,GPR128,GRCh37,cg23855093
2345,11,64108440,+,CCDC88B,GRCh37,cg00022866
2345,7,100239172,+,TFR2;TFR2,GRCh37,cg10681065
2345,7,128354967,+,FAM71F1,GRCh37,cg10157098
2345,17,39623858,-,KRT32,GRCh37,cg08611714
2345,12,106533863,-,NUAK1,GRCh37,cg23555120
2345,1,120438925,+,ADAM30,GRCh37,cg23131777
2345,19,49658232,+,HRC,GRCh37,cg10910525
2345,15,65670876,-,IGDCC3,GRCh37,cg16003238
2345,3,160395420,+,ARL14,GRCh37,cg24147596
2345,15,35088107,-,ACTC1,GRCh37,cg06048973
2345,22.0,37975941,+,LGALS2;LGALS2,GRCh37,cg11081833
2345,17,40996578,+,AOC2;AOC2,GRCh37,cg19317715
2345,4,108814604,+,SGMS2;SGMS2;SGMS2;SGMS2,GRCh37,cg26701826
2345,12,108992114,+,TMEM119,GRCh37,cg16708012
2345,7,72847175,-,FZD9,GRCh37,cg18438300
2345,2,236401800,-,AGAP1;AGAP1,GRCh37,cg24768561
2345,2,113735377,+,IL1F9,GRCh37,cg08861115
2345,11,47281370,-,NR1H3;NR1H3;NR1H3,GRCh37,cg00554250
2345,19,4303012,+,TMIGD2;TMIGD2,GRCh37,cg20790056
2345,11,617140,+,IRF7;IRF7;MUPCDH;IRF7;MUPCDH,GRCh37,cg00645579
2345,11,75140681,+,KLHL35,GRCh37,cg16547529
2345,2,31457608,-,EHD3,GRCh37,cg08251399
2345,19,15162623,+,CASP14,GRCh37,cg01999333
2345,17,8213813,+,ARHGEF15,GRCh37,cg19537511
2345,17,43046872,-,C1QL1,GRCh37,cg16772514
2345,10,129691429,+,CLRN3,GRCh37,cg23817637
2345,7,101928206,-,SH2B2,GRCh37,cg16880396
2345,7,139172610,-,,GRCh37,cg09848074
2345,4,8201560,+,SH3TC1,GRCh37,cg07816074
2345,1,20466132,+,PLA2G2F,GRCh37,cg11933267
2345,2,131512773,+,FAM123C;FAM123C;FAM123C;FAM123C,GRCh37,cg05184394
2345,16,326728,-,RGS11;RGS11,GRCh37,cg01344518
2345,19,45825730,+,CKM,GRCh37,cg19154438
2345,20,34389239,+,PHF20,GRCh37,cg08013810
2345,3,57234000,+,HESX1;HESX1,GRCh37,cg10608341
2345,1,91182856,-,BARHL2,GRCh37,cg17241310
2345,2,114256406,+,FOXD4L1,GRCh37,cg08451957
2346,1,67217853,-,TCTEX1D1,GRCh37,cg24110050
2347,20,42142494,-,L3MBTL;L3MBTL,GRCh37,cg23626798
2347,20,42142451,-,L3MBTL;L3MBTL,GRCh37,cg20091959
2348,12,5153288,+,KCNA5;KCNA5,GRCh37,cg20792062
2349,10,92617162,+,HTR7;HTR7;HTR7,GRCh37,cg06291867
2350,6,158402261,-,SYNJ2,GRCh37,cg15824056
2351,1,6265220,+,RNF207,GRCh37,cg19180828
2352,8,105479420,+,DPYS,GRCh37,cg20774846
2353,8,27116213,+,STMN4,GRCh37,cg02130905
2353,8,27115867,-,STMN4;STMN4,GRCh37,cg25762706
2354,8,134202370,+,WISP1;WISP1,GRCh37,cg03670238
2355,9,79328522,-,PRUNE2,GRCh37,cg19282250
2356,5,172757276,-,STC2,GRCh37,cg19728382
2357,3,195311868,-,APOD,GRCh37,cg21084260
2358,16,67918754,+,NRN1L,GRCh37,cg10574499
2359,11,102714358,+,MMP3,GRCh37,cg16466334
2360,6,99281628,+,POU3F2,GRCh37,cg14823162
2361,1,20879296,+,FAM43B;FAM43B,GRCh37,cg20404387
2362,5,32711429,+,NPR3,GRCh37,cg07663789
2363,4,38664654,-,FLJ13197;KLF3,GRCh37,cg09963123
2364,11,114430285,+,FAM55A,GRCh37,cg27227156
2365,12,11509583,-,PRB1;PRB1;PRB1,GRCh37,cg27345534
2366,17,46655561,+,HOXB4,GRCh37,cg08089301
2367,10,124610101,-,FAM24B,GRCh37,cg16351002
2368,5,140588299,+,PCDHB12;PCDHB12,GRCh37,cg07899016
2369,17,6735539,-,TEKT1,GRCh37,cg12685753
2370,11,32450591,+,WT1;WT1;WT1;WT1,GRCh37,cg06516124
2371,1,230882387,-,CAPN9;CAPN9,GRCh37,cg27412093
2372,1,206317403,+,CTSE;CTSE,GRCh37,cg21478437
2373,1,177140680,+,FAM5B;FAM5B,GRCh37,cg13589108
2374,12,15475990,-,PTPRO;PTPRO,GRCh37,cg09440289
2375,6,24357720,+,KAAG1;DCDC2;KAAG1,GRCh37,cg08126211
2375,6,24358306,-,KAAG1;KAAG1;DCDC2,GRCh37,cg16306115
2376,3,187388148,+,SST;SST,GRCh37,cg02164046
2377,1,26394435,+,TRIM63,GRCh37,cg13998293
2378,17,7493453,-,SOX15;SOX15,GRCh37,cg01029592
2379,1,152850992,+,SMCP,GRCh37,cg09542291
2379,5,54320790,-,GZMK,GRCh37,cg04705866
2379,12,53012009,+,KRT73,GRCh37,cg13928961
2379,2,131674376,+,ARHGEF4;ARHGEF4;ARHGEF4;ARHGEF4,GRCh37,cg24697329
2379,17,33475031,-,UNC45B;UNC45B,GRCh37,cg25013053
2379,10,13545008,+,BEND7;BEND7,GRCh37,cg14784653
2379,12,53171191,+,KRT76,GRCh37,cg11465372
2379,12,53046105,-,KRT2,GRCh37,cg00463848
2379,12,52947465,+,KRT71,GRCh37,cg23767977
2379,12,53013331,-,KRT73,GRCh37,cg07017706
2380,11,118023038,+,SCN4B;SCN4B,GRCh37,cg17186803
2381,12,52828461,-,KRT75,GRCh37,cg17255302
2382,12,58026342,+,B4GALNT1,GRCh37,cg24009736
2382,12,103351206,+,ASCL1,GRCh37,cg20053158
2382,5,151304409,-,GLRA1;GLRA1,GRCh37,cg14319409
2382,10,18429037,-,CACNB2;CACNB2;CACNB2;CACNB2;CACNB2;CACNB2,GRCh37,cg18408326
2382,6,150390253,+,ULBP3,GRCh37,cg18071006
2382,4,158141492,-,GRIA2;GRIA2;GRIA2,GRCh37,cg15425280
2382,13,38443809,+,TRPC4;TRPC4;TRPC4;TRPC4;TRPC4;TRPC4;TRPC4;TRPC4;TRPC4;TRPC4;TRPC4;TRPC4,GRCh37,cg21432954
2382,9,78506294,+,PCSK5,GRCh37,cg16904306
2382,7,37956554,+,SFRP4,GRCh37,cg10806140
2382,3,189838996,-,LEPREL1;LEPREL1,GRCh37,cg20270599
2382,3,189838693,+,LEPREL1;LEPREL1;LEPREL1,GRCh37,cg18626709
2382,5,174871636,-,DRD1,GRCh37,cg17307280
2382,5,157003083,-,ADAM19,GRCh37,cg09079275
2382,12,20522236,-,PDE3A,GRCh37,cg24975564
2382,11,6280512,+,CCKBR,GRCh37,cg13346411
2382,8,75896975,-,CRISPLD1;CRISPLD1,GRCh37,cg01410472
2382,8,105601835,-,LRP12;LRP12,GRCh37,cg09531892
2382,4,155665625,+,LRAT,GRCh37,cg23303074
2382,17,12569135,+,MYOCD;MYOCD,GRCh37,cg21665000
2382,21,31312091,+,GRIK1;GRIK1;GRIK1;GRIK1,GRCh37,cg09542111
2383,18,49866335,+,DCC,GRCh37,cg18801691
2384,20,53092781,+,DOK5,GRCh37,cg11822659
2384,3,19190202,-,KCNH8;KCNH8,GRCh37,cg07657236
2385,10,119302167,+,EMX2;EMX2;EMX2OS;EMX2;EMX2,GRCh37,cg03522063
2386,19,14785749,-,EMR3,GRCh37,cg15552238
2387,7,34697493,+,NPSR1;NPSR1,GRCh37,cg14401837
2388,11,62379063,+,ROM1;EML3,GRCh37,cg12616487
2388,19,57350503,-,PEG3;PEG3;ZIM2;PEG3;PEG3;ZIM2;ZIM2,GRCh37,cg07310951
2388,1,145076221,-,PDE4DIP,GRCh37,cg21047206
2388,14,96152766,-,TCL1B;TCL1B;TCL1B;TCL1B,GRCh37,cg13771579
2388,7,50849931,-,GRB10,GRCh37,cg08835688
2388,16,89042948,-,CBFA2T3,GRCh37,cg23606023
2388,2,232395463,-,NMUR1,GRCh37,cg18250832
2388,7,99817027,-,GATS;GATS;PVRIG;GATS;GATS,GRCh37,cg23221013
2388,1,33335831,+,FNDC5,GRCh37,cg25870263
2388,7,96650509,+,DLX5,GRCh37,cg00503840
2388,5,95768695,-,PCSK1,GRCh37,cg09786257
2388,19,56916205,+,ZNF583;ZNF583;ZNF583,GRCh37,cg12445208
2389,19,18722368,-,TMEM59L,GRCh37,cg11399100
2390,2,202098257,-,CASP8;CASP8;CASP8;CASP8;CASP8;CASP8;CASP8;CASP8,GRCh37,cg05130485
2391,17,45810424,-,TBX21,GRCh37,cg26607785
2392,8,68658237,-,CPA6;CPA6,GRCh37,cg21750887
2393,20,57463527,+,GNAS;GNAS;GNAS;GNAS,GRCh37,cg10011623
2394,5,149108820,+,PPARGC1B,GRCh37,cg16786458
2395,14,21467502,+,SLC39A2;SLC39A2,GRCh37,cg05654163
2396,11,6676515,+,DCHS1,GRCh37,cg01086895
2397,7,96652123,+,DLX5,GRCh37,cg11500797
2398,2,224904626,-,SERPINE2;SERPINE2;SERPINE2,GRCh37,cg00514407
2399,15,91412118,+,FURIN,GRCh37,cg26377677
2400,19,56459234,-,NLRP8;NLRP8,GRCh37,cg22190114
2401,5,150040606,+,MYOZ3;MYOZ3;MYOZ3;MYOZ3,GRCh37,cg13214422
2402,1,152881119,-,IVL,GRCh37,cg05440289
2403,12,111284228,-,CCDC63,GRCh37,cg24389359
2404,19,16999768,+,F2RL3,GRCh37,cg19006008
2404,19,6772831,+,VAV1,GRCh37,cg13470920
2405,20,30433233,-,FOXS1,GRCh37,cg17631429
2406,19,50921997,+,SPIB,GRCh37,cg03763616
2407,19,14939260,+,OR7A5;OR7A5,GRCh37,cg02124291
2408,4,113970935,+,ANK2;ANK2;ANK2,GRCh37,cg02735486
2409,7,100823280,-,C7orf52,GRCh37,cg19528976
2410,3,145879642,-,PLOD2;PLOD2,GRCh37,cg10557828
2411,7,150549370,-,ABP1,GRCh37,cg07897701
2411,7,150549406,+,ABP1,GRCh37,cg13603551
2412,8,10382165,-,T-SP1,GRCh37,cg01072821
2412,8,10383763,-,T-SP1,GRCh37,cg04057858
2413,15,91411495,+,FURIN,GRCh37,cg23208881
2414,15,68724065,+,ITGA11,GRCh37,cg14188232
2415,2,176987404,-,HOXD9,GRCh37,cg14991487
2416,19,10399805,-,ICAM5,GRCh37,cg11195002
2417,12,85306474,-,SLC6A15;SLC6A15;SLC6A15;SLC6A15;SLC6A15;SLC6A15,GRCh37,cg14449051
2418,8,121137537,+,COL14A1;COL14A1,GRCh37,cg23196831
2419,11,17741687,+,MYOD1,GRCh37,cg18555440
2420,6,151562026,-,AKAP12,GRCh37,cg01555431
2421,1,11867308,-,CLCN6;CLCN6;CLCN6;CLCN6;MTHFR,GRCh37,cg14472778
2422,16,4525986,+,HMOX2;HMOX2;HMOX2;NMRAL1,GRCh37,cg14951292
2423,2,219824761,+,CDK5R2,GRCh37,cg01920829
2424,5,134871462,+,NEUROG1;NEUROG1,GRCh37,cg04897683
2425,7,95402528,+,DYNC1I1;DYNC1I1;DYNC1I1,GRCh37,cg10281478
2426,7,45928003,-,IGFBP1;IGFBP1,GRCh37,cg05660795
2426,7,45927940,+,IGFBP1,GRCh37,cg27447599
2427,8,144661051,+,NAPRT1,GRCh37,cg15537850
2428,6,26364793,-,BTN3A2,GRCh37,cg14345882
2429,2,79347474,+,REG1A,GRCh37,cg23111544
2430,14,57277227,-,OTX2,GRCh37,cg15607672
2431,1,154164054,-,TPM3,GRCh37,cg24490338
2432,10,69456307,-,CTNNA3,GRCh37,cg00132141
2433,9,80263219,-,GNA14;GNA14,GRCh37,cg17301902
2433,9,80263587,+,GNA14,GRCh37,cg09260830
2433,17,15244519,+,TEKT3,GRCh37,cg26898336
2434,19,42894425,-,CNFN;CNFN,GRCh37,cg11500727
2435,5,137610396,+,GFRA3,GRCh37,cg09350274
2436,11,32458714,-,WIT1,GRCh37,cg19718882
2437,10,95360736,+,RBP4,GRCh37,cg12331389
2438,19,39687079,+,NCCRP1,GRCh37,cg10092957
2439,7,19157710,-,TWIST1,GRCh37,cg22498251
2440,10,105212283,+,CALHM2;CALHM2,GRCh37,cg07895149
2440,10,105212056,+,CALHM2;CALHM2;CALHM2,GRCh37,cg18273501
2441,3,47621127,+,CSPG5,GRCh37,cg15988232
2442,1,160314061,-,NCSTN;COPA;COPA,GRCh37,cg08015496
2443,13,99404506,-,SLC15A1,GRCh37,cg10694152
2444,17,38978827,+,KRT10;TMEM99,GRCh37,cg22805632
2445,11,43902407,-,ALKBH3;ALKBH3,GRCh37,cg22637507
2445,11,43902310,-,ALKBH3,GRCh37,cg17838765
2446,4,174538011,-,MORF4,GRCh37,cg22461018
2447,2,96971704,-,SNRNP200,GRCh37,cg13140267
2448,5,160975347,-,GABRB2;GABRB2,GRCh37,cg16509658
2449,16,28890100,+,ATP2A1;ATP2A1,GRCh37,cg00000292
2450,4,6695698,-,S100P,GRCh37,cg22266967
2451,9,99382235,+,CDC14B;CDC14B,GRCh37,cg23861715
2452,3,189349003,-,TP63;TP63;TP63,GRCh37,cg12188416
2453,2,38978896,-,SFRS7,GRCh37,cg18008766
2454,3,139258822,+,RBP1;RBP1;RBP1,GRCh37,cg06543018
2455,12,10084936,+,CLEC2A;CLEC2A,GRCh37,cg24820250
2456,4,155702610,+,RBM46,GRCh37,cg22496683
2457,11,60608951,-,CCDC86,GRCh37,cg23904249
2458,17,42081955,+,NAGS;PYY,GRCh37,cg00462994
2459,5,76507050,+,PDE8B;PDE8B;PDE8B;PDE8B;PDE8B,GRCh37,cg18089852
2460,19,56988398,+,ZNF667;ZNF667,GRCh37,cg05508084
2461,6,111408761,-,SLC16A10,GRCh37,cg15822346
2462,15,84323154,-,ADAMTSL3,GRCh37,cg11611600
2463,18,31803836,+,NOL4,GRCh37,cg18114671
2464,1,151975566,+,,GRCh37,cg10795646
2465,4,145566663,-,HHIP,GRCh37,cg13749822
2466,17,61850012,-,CCDC47,GRCh37,cg20131968
2466,17,61849988,-,CCDC47,GRCh37,cg20099806
2467,22.0,43115937,+,A4GALT,GRCh37,cg09744051
2468,3,13590419,-,FBLN2;FBLN2,GRCh37,cg16604516
2469,1,204797929,+,NFASC;NFASC;NFASC;NFASC;NFASC,GRCh37,cg22571530
2470,5,158527702,-,EBF1,GRCh37,cg05056120
2471,20,62611858,+,SAMD10;PRPF6,GRCh37,cg03224418
2472,5,80690225,+,RNU5E;RNU5D;ACOT12,GRCh37,cg21942082
2473,2,177027641,+,HOXD3,GRCh37,cg18702197
2473,2,177015070,+,HOXD4;MIR10B,GRCh37,cg14399060
2474,6,105584149,-,BVES;BVES;BVES,GRCh37,cg20624391
2475,1,229406520,-,RAB4A,GRCh37,cg06646021
2476,19,50666379,-,C19orf41,GRCh37,cg09697795
2477,7,100255043,-,ACTL6B,GRCh37,cg14088161
2478,20,57427103,+,GNAS;GNAS;GNAS;GNASAS,GRCh37,cg06324048
2479,6,167705253,-,UNC93A;UNC93A,GRCh37,cg09682183
2480,5,156772562,-,CYFIP2;C5orf40;CYFIP2;CYFIP2;C5orf40,GRCh37,cg26790059
2480,5,156772757,-,CYFIP2;C5orf40;CYFIP2;CYFIP2,GRCh37,cg20189782
2481,12,112204327,-,ALDH2,GRCh37,cg19186356
2482,19,15838397,+,OR10H2,GRCh37,cg12513379
2483,6,62996697,+,KHDRBS2,GRCh37,cg02217159
2484,3,9746059,-,CPNE9,GRCh37,cg20051033
2485,11,117668336,+,DSCAML1,GRCh37,cg13565215
2486,9,36258971,+,GNE;GNE,GRCh37,cg24556026
2487,12,53208762,+,KRT4,GRCh37,cg12610744
2488,8,124195133,-,FAM83A;FAM83A,GRCh37,cg23067535
2489,11,46354101,+,DGKZ,GRCh37,cg18765542
2490,1,115238494,-,AMPD1,GRCh37,cg23523368
2491,13,109248503,+,MYO16;MYO16,GRCh37,cg18946226
2492,5,65449380,+,SFRS12;SFRS12,GRCh37,cg14787704
2493,6,165723796,+,C6orf118,GRCh37,cg05799317
2494,2,27439915,-,C2orf28;C2orf28;CAD;C2orf28,GRCh37,cg09947274
2495,14,24780926,+,LTB4R;LTB4R2;LTB4R2;LTB4R2;LTB4R;CIDEB;LTB4R,GRCh37,cg13840968
2496,4,4387879,-,D4S234E;D4S234E,GRCh37,cg17183546
2497,7,18534872,+,HDAC9;HDAC9;HDAC9;HDAC9;HDAC9,GRCh37,cg08285151
2498,20,25565460,-,NINL,GRCh37,cg09088834
2499,17,48639585,+,CACNA1G;CACNA1G;CACNA1G;CACNA1G;CACNA1G;CACNA1G;CACNA1G;CACNA1G;CACNA1G;CACNA1G;CACNA1G;CACNA1G;CACNA1G;CACNA1G;CACNA1G,GRCh37,cg27426707
2500,4,120057818,-,MYOZ2,GRCh37,cg14736911
2501,17,30813145,-,CDK5R1,GRCh37,cg04106785
2502,10,64575798,-,EGR2;EGR2;EGR2;EGR2;EGR2,GRCh37,cg19355190
2503,7,142582859,+,TRPV6,GRCh37,cg02786019
2504,6,24126497,+,NRSN1;NRSN1,GRCh37,cg12457773
2505,11,133402230,+,OPCML;OPCML,GRCh37,cg03923934
2506,12,58209674,+,AVIL,GRCh37,cg19985911
2507,1,33351653,-,HPCA,GRCh37,cg24417499
2508,18,46064992,-,KIAA0427;KIAA0427,GRCh37,cg18530324
2509,19,45407868,+,APOE,GRCh37,cg14123992
2510,4,187645448,-,FAT1,GRCh37,cg19428336
2510,13,21634945,-,LATS2,GRCh37,cg05714479
2510,20,8112754,-,PLCB1;PLCB1,GRCh37,cg23657409
2510,7,19156902,-,TWIST1,GRCh37,cg20052718
2510,1,6239970,+,CHD5,GRCh37,cg08080029
2510,2,222436947,+,EPHA4,GRCh37,cg03776464
2510,3,30648819,+,TGFBR2;TGFBR2,GRCh37,cg15270950
2510,2,142888598,-,LRP1B;LRP1B,GRCh37,cg02322989
2510,2,223289683,+,SGPP2,GRCh37,cg16884042
2510,9,93563776,-,SYK;SYK;SYK,GRCh37,cg16896647
2510,4,187644620,+,FAT1,GRCh37,cg03098643
2510,1,192777870,+,RGS2,GRCh37,cg20315136
2510,9,90112515,-,DAPK1,GRCh37,cg13814950
2510,22.0,45405404,+,PHF21B;PHF21B,GRCh37,cg01775414
2510,17,45056057,+,RPRML,GRCh37,cg08269321
2510,8,21988173,-,HR;HR;HR;HR,GRCh37,cg12748258
2510,1,192778258,-,RGS2,GRCh37,cg27062284
2510,4,6202379,-,JAKMIP1;JAKMIP1,GRCh37,cg13168683
2510,13,95953505,-,ABCC4;ABCC4,GRCh37,cg15868151
2510,11,111170104,+,C11orf93;C11orf93;C11orf92,GRCh37,cg20322876
2510,7,116139477,+,CAV2;CAV2;CAV2;CAV2,GRCh37,cg26774312
2510,6,94129582,+,EPHA7,GRCh37,cg08001895
2510,5,159739256,-,CCNJL,GRCh37,cg19742789
2510,1,221052886,-,HLX;HLX,GRCh37,cg04683240
2510,5,121647858,+,SNCAIP;SNCAIP,GRCh37,cg04684516
2510,7,150674980,-,KCNH2;KCNH2,GRCh37,cg19781133
2510,4,96470584,-,UNC5C,GRCh37,cg13265789
2510,17,74865068,+,MGAT5B;MGAT5B,GRCh37,cg00654814
2510,3,30648407,-,TGFBR2;TGFBR2,GRCh37,cg20216935
2510,5,176237996,+,UNC5A,GRCh37,cg12893143
2510,4,44450999,+,KCTD8,GRCh37,cg01699584
2510,3,152552440,+,P2RY1,GRCh37,cg22055427
2510,16,84651800,+,COTL1,GRCh37,cg13623690
2510,2,219858260,-,CRYBA2;CRYBA2;CRYBA2,GRCh37,cg20888386
2510,7,156803197,-,MNX1;MNX1;MNX1,GRCh37,cg20899053
2510,10,20105641,-,PLXDC2;PLXDC2,GRCh37,cg12563178
2510,1,207628182,+,CR2;CR2,GRCh37,cg00247489
2510,5,1883413,-,IRX4,GRCh37,cg00243313
2510,3,120169368,-,FSTL1,GRCh37,cg22469841
2510,7,142552940,+,EPHB6;EPHB6,GRCh37,cg24680924
2510,5,142150401,+,ARHGAP26;ARHGAP26,GRCh37,cg03328750
2510,17,882831,-,NXN,GRCh37,cg08785922
2510,9,103236030,-,TMEFF1,GRCh37,cg15075170
2510,7,45960367,-,IGFBP3;IGFBP3,GRCh37,cg06713098
2510,13,88324597,-,SLITRK5,GRCh37,cg09083627
2510,4,119273361,+,PRSS12,GRCh37,cg21208104
2510,9,98270472,-,PTCH1;PTCH1;PTCH1;PTCH1;PTCH1;PTCH1;PTCH1,GRCh37,cg18436172
2510,4,93224987,-,GRID2,GRCh37,cg14049461
2510,4,81256999,-,C4orf22,GRCh37,cg22334000
2510,2,10862305,-,ATP6V1C2;ATP6V1C2,GRCh37,cg22243662
2510,6,7726645,-,BMP6,GRCh37,cg03447931
2510,9,89561826,-,GAS1;GAS1,GRCh37,cg25141720
2510,2,135476297,+,TMEM163,GRCh37,cg24890043
2510,17,64299065,+,PRKCA,GRCh37,cg00050312
2510,11,14666512,+,PDE3B;PSMA1,GRCh37,cg14400631
2510,2,208030666,-,KLF7,GRCh37,cg08478189
2510,10,103535637,-,FGF8;FGF8;FGF8;FGF8,GRCh37,cg16584573
2510,9,93564339,-,SYK;SYK;SYK,GRCh37,cg10025443
2510,1,206681158,+,RASSF5;RASSF5,GRCh37,cg24450312
2510,9,90112519,-,DAPK1,GRCh37,cg22571217
2510,10,20104452,-,PLXDC2,GRCh37,cg13149307
2510,7,121513538,+,PTPRZ1;PTPRZ1,GRCh37,cg25167643
2510,4,6202091,+,JAKMIP1;JAKMIP1;JAKMIP1;JAKMIP1,GRCh37,cg01519742
2510,13,77460322,-,KCTD12;KCTD12,GRCh37,cg12280407
2510,12,65672405,+,MSRB3;MSRB3,GRCh37,cg07641524
2510,3,152553089,+,P2RY1;P2RY1,GRCh37,cg08570275
2510,9,93405134,-,DIRAS2,GRCh37,cg09835543
2511,1,19746564,+,CAPZB,GRCh37,cg13319175
2512,1,152680843,-,LCE4A,GRCh37,cg21846488
2512,1,152487335,+,CRCT1,GRCh37,cg12588301
2512,1,152973849,-,SPRR3;SPRR3,GRCh37,cg04138756
2512,1,152595322,-,LCE3A,GRCh37,cg26135325
2513,12,5020693,+,KCNA1,GRCh37,cg08832227
2514,11,2182618,-,INS-IGF2;INS;INS-IGF2,GRCh37,cg25336198
2514,11,2181866,-,INS-IGF2;INS-IGF2;INS,GRCh37,cg13993218
2515,9,33448382,-,SUGT1P1;AQP3,GRCh37,cg26624914
2516,15,89438795,+,HAPLN3,GRCh37,cg03698393
2517,11,120008510,-,TRIM29,GRCh37,cg13625403
2518,16,1665094,+,CRAMP1L,GRCh37,cg06810647
2519,19,54370016,+,MYADM;MYADM;MYADM,GRCh37,cg19717326
2520,10,86005121,-,RGR;RGR;RGR,GRCh37,cg24660086
2520,10,86001154,+,LRIT1,GRCh37,cg17827767
2521,2,210444154,-,MAP2;MAP2;MAP2;MAP2,GRCh37,cg10562586
2522,16,20775011,-,ACSM3;ACSM3,GRCh37,cg10078415
2523,1,201915446,+,LMOD1,GRCh37,cg09404633
2524,19,6721016,+,C3,GRCh37,cg17612991
2525,19,36347919,-,KIRREL2;KIRREL2;KIRREL2;KIRREL2;KIRREL2;KIRREL2,GRCh37,cg09479015
2526,11,125616888,+,PATE1,GRCh37,cg10377274
2527,10,103986736,-,ELOVL3,GRCh37,cg18390025
2528,1,204183655,+,GOLT1A,GRCh37,cg24798047
2529,2,220379044,-,ACCN4;ACCN4;ACCN4;ACCN4,GRCh37,cg17610929
2530,1,36108212,-,PSMB2,GRCh37,cg24109894
2531,5,851101,+,ZDHHC11,GRCh37,cg18429742
2532,11,86383585,+,ME3;ME3;ME3;ME3,GRCh37,cg09645888
2533,2,229046406,-,SPHKAP;SPHKAP,GRCh37,cg06092815
2534,16,28550619,+,NUPR1;NUPR1,GRCh37,cg15149645
2534,3,188888486,+,TPRG1,GRCh37,cg19682367
2534,17,7284049,-,TNK1,GRCh37,cg18632631
2534,4,106473233,+,FLJ20184,GRCh37,cg25370441
2534,14,21467273,-,SLC39A2,GRCh37,cg05245515
2534,22.0,29703543,+,GAS2L1;GAS2L1;GAS2L1,GRCh37,cg02293044
2535,7,150434077,+,GIMAP5,GRCh37,cg22442090
2536,3,151047735,+,MED12L;P2RY13,GRCh37,cg17795586
2537,14,23588162,+,CEBPE,GRCh37,cg02039171
2537,14,96180319,-,TCL1A;TCL1A,GRCh37,cg14127336
2537,17,7833237,+,KCNAB3,GRCh37,cg14918082
2537,12,133424286,-,CHFR;CHFR;CHFR;CHFR;CHFR,GRCh37,cg02519218
2537,19,51225848,-,CLEC11A,GRCh37,cg20308817
2537,6,29624846,-,MOG;MOG;MOG;MOG;MOG;MOG;MOG;MOG;MOG;MOG;MOG;MOG;MOG;MOG;MOG;MOG;MOG;MOG;MOG;MOG;MOG;MOG,GRCh37,cg19382714
2537,19,828170,+,AZU1,GRCh37,cg17823175
2537,9,34691001,-,CCL19,GRCh37,cg08418332
2537,19,36399185,-,TYROBP;TYROBP;TYROBP;TYROBP,GRCh37,cg24091474
2537,1,3607292,+,TP73;TP73;TP73;TP73;TP73;TP73;TP73,GRCh37,cg03846767
2537,1,212739113,+,ATF3,GRCh37,cg23534142
2537,18,580188,-,CETN1,GRCh37,cg26738010
2537,12,51718310,-,BIN2,GRCh37,cg21022247
2537,8,57233874,+,SDR16C5,GRCh37,cg18140857
2537,15,63333846,-,TPM1;TPM1;TPM1;TPM1;TPM1;TPM1,GRCh37,cg00520135
2538,11,2017483,-,H19,GRCh37,cg26808784
2539,19,50015780,+,FCGRT;FCGRT;FCGRT,GRCh37,cg15528736
2540,2,73143799,+,EMX1,GRCh37,cg26898166
2541,19,4769206,-,MIR7-3;C19orf30,GRCh37,cg21300318
2542,9,91605999,+,C9orf47;C9orf47;S1PR3,GRCh37,cg20083676
2543,2,158695158,-,ACVR1;ACVR1,GRCh37,cg09499849
2544,20,62738125,-,NPBWR2,GRCh37,cg06255227
2545,1,103574469,-,COL11A1;COL11A1;COL11A1;COL11A1,GRCh37,cg26256793
2546,20,41819125,-,PTPRT;PTPRT,GRCh37,cg04541293
2547,6,146350434,-,GRM1;GRM1,GRCh37,cg06015218
2548,15,59909035,+,GCNT3,GRCh37,cg06817269
2549,12,110940287,-,RAD9B;VPS29;VPS29,GRCh37,cg00278366
2550,1,201252974,-,PKP1;PKP1,GRCh37,cg09009380
2551,11,57106093,-,P2RX3,GRCh37,cg24329717
2551,1,25228801,-,RUNX3;RUNX3,GRCh37,cg14645650
2551,15,85360217,+,ALPK3,GRCh37,cg07251857
2551,2,238475416,-,PRLH,GRCh37,cg26427308
2551,1,43205623,-,CLDN19;CLDN19,GRCh37,cg11172423
2551,1,55464927,+,BSND,GRCh37,cg19971655
2551,19,11347359,+,LOC55908;DOCK6,GRCh37,cg05718253
2551,1,9086621,-,SLC2A7,GRCh37,cg24027679
2551,19,55740188,+,TMEM86B;TMEM86B,GRCh37,cg26457013
2551,1,228003402,-,PRSS38,GRCh37,cg20342082
2551,17,19619905,+,SLC47A2;SLC47A2;SLC47A2;SLC47A2,GRCh37,cg24743310
2551,19,35842448,-,FFAR1;FFAR1,GRCh37,cg06090864
2551,20,55904640,-,SPO11;SPO11,GRCh37,cg13888886
2551,20,43935528,-,RBPJL;MATN4;MATN4;RBPJL;MATN4,GRCh37,cg16757724
2551,3,121380233,+,HCLS1,GRCh37,cg11256445
2551,16,20415966,+,PDILT;PDILT,GRCh37,cg04491443
2551,7,994696,-,ADAP1,GRCh37,cg13634864
2551,1,55271921,+,C1orf177;C1orf177,GRCh37,cg03557698
2551,4,164395149,-,TKTL2,GRCh37,cg16413535
2551,1,201347483,-,TNNT2;TNNT2;TNNT2;TNNT2,GRCh37,cg18692273
2551,1,55271677,-,C1orf177;C1orf177,GRCh37,cg20903926
2551,6,31691685,-,C6orf25;C6orf25;C6orf25;C6orf25;C6orf25;C6orf25,GRCh37,cg23621689
2551,1,160160587,-,CASQ1,GRCh37,cg00327483
2551,20,43933556,+,MATN4;MATN4;MATN4,GRCh37,cg14448104
2551,2,95939339,+,PROM2;PROM2;PROM2,GRCh37,cg24560809
2551,13,114237578,-,TFDP1;TFDP1,GRCh37,cg18902203
2551,21.0,43919853,-,SLC37A1,GRCh37,cg17398613
2551,16,30995245,+,HSD3B7;HSD3B7;HSD3B7;SETD1A,GRCh37,cg24115627
2551,16,30125400,+,LOC100271831;GDPD3,GRCh37,cg13543096
2551,11,625796,+,MUPCDH;MUPCDH,GRCh37,cg22289115
2551,1,10510465,+,CORT;APITD1,GRCh37,cg04256470
2551,17,26850322,-,FOXN1,GRCh37,cg10213812
2551,16,30937210,-,FBXL19,GRCh37,cg04368877
2551,12,121416796,+,HNF1A,GRCh37,cg16175725
2551,1,16062894,+,SLC25A34;SLC25A34,GRCh37,cg15616400
2551,9,19032778,-,FAM154A,GRCh37,cg22937320
2551,20,3052224,+,OXT,GRCh37,cg26267561
2551,8,144661917,-,EEF1D;EEF1D;EEF1D;EEF1D;NAPRT1;EEF1D;EEF1D;EEF1D,GRCh37,cg10298205
2551,9,5185415,-,INSL6,GRCh37,cg11830061
2551,14,23844876,+,CMTM5;IL25;IL25;CMTM5,GRCh37,cg10560038
2551,12,56624552,+,SLC39A5;SLC39A5;SLC39A5,GRCh37,cg00668685
2551,12,6959471,+,CDCA3,GRCh37,cg15942562
2552,1,160039847,-,KCNJ10;KCNJ10,GRCh37,cg05768141
2553,16,90038469,+,CENPBD1;AFG3L1;CENPBD1;AFG3L1;AFG3L1,GRCh37,cg13969584
2554,20,61886262,+,FLJ16779;NKAIN4,GRCh37,cg07675169
2555,19,11649671,+,CNN1;CNN1,GRCh37,cg12854483
2555,19,14049018,+,PODNL1;PODNL1;PODNL1;PODNL1,GRCh37,cg07425555
2555,19,49568962,+,,GRCh37,cg25485913
2555,20,44637358,-,MMP9,GRCh37,cg02310296
2556,1,172628020,+,FASLG,GRCh37,cg10161121
2557,16,73178951,+,,GRCh37,cg17500962
2558,20,62288950,+,RTEL1;RTEL1,GRCh37,cg05358404
2559,2,102927488,+,IL1RL1,GRCh37,cg11916609
2560,11,1411609,-,BRSK2,GRCh37,cg01468621
2561,10,26506008,+,GAD2;GAD2,GRCh37,cg17665193
2562,9,37035381,-,PAX5,GRCh37,cg10059959
2563,11,15094364,-,CALCB,GRCh37,cg06938878
2564,5,50679361,+,ISL1;ISL1,GRCh37,cg26896762
2565,16,82671450,+,CDH13,GRCh37,cg19854301
2566,8,11560781,+,GATA4,GRCh37,cg18123948
2567,19,3969736,+,DAPK3;DAPK3,GRCh37,cg03752885
2568,19,56510892,-,NLRP5,GRCh37,cg05023116
2569,10,95516861,-,LGI1,GRCh37,cg00532335
2570,1,151805634,-,RORC,GRCh37,cg18149207
2571,1,21996317,+,RAP1GAP;RAP1GAP,GRCh37,cg07138512
2572,6,39016776,-,GLP1R,GRCh37,cg25014318
2573,7,154429544,-,DPP6;DPP6;DPP6,GRCh37,cg06434470
2574,4,89978566,-,FAM13A,GRCh37,cg04536922
2575,17,72363634,+,GPR142,GRCh37,cg03803009
2576,20,62103627,-,KCNQ2;KCNQ2;KCNQ2;KCNQ2;KCNQ2,GRCh37,cg08003150
2577,7,81399399,+,HGF;HGF;HGF;HGF;HGF;HGF;HGF;HGF;HGF;HGF,GRCh37,cg08005849
2578,10,99259738,+,MMS19;UBTD1,GRCh37,cg02676865
2578,17,48503057,-,ACSF2,GRCh37,cg14672994
2578,10,99259721,+,MMS19;UBTD1,GRCh37,cg17296078
2579,22.0,17602681,-,CECR6;CECR6,GRCh37,cg18137704
2580,14,60975837,-,SIX6,GRCh37,cg14611174
2581,8,24815006,+,NEFL,GRCh37,cg13266631
2582,14,38677095,-,SSTR1,GRCh37,cg21263122
2583,1,110754257,+,KCNC4;KCNC4;KCNC4,GRCh37,cg05675373
2584,1,209756976,-,CAMK1G,GRCh37,cg27337148
2585,6,44310228,-,SPATS1,GRCh37,cg22970435
2586,4,76481299,-,C4orf26,GRCh37,cg10409560
2587,19,4153671,-,CREB3L3;CREB3L3,GRCh37,cg23777956
2587,19,4153603,-,CREB3L3,GRCh37,cg13509147
2588,16,82660490,+,CDH13,GRCh37,cg08977371
2589,9,77111663,+,RORB,GRCh37,cg14331163
2590,1,27189298,-,SFN,GRCh37,cg14333454
2591,8,67405742,+,C8orf46;C8orf46,GRCh37,cg23704362
2592,11,5530544,-,UBQLN3,GRCh37,cg01369413
2593,10,48416510,+,GDF2,GRCh37,cg21115977
2594,4,176923439,-,GPM6A;GPM6A,GRCh37,cg22821324
2595,6,28367883,-,ZSCAN12;ZSCAN12,GRCh37,cg07660236
2596,12,104443770,+,GLT8D2;GLT8D2,GRCh37,cg07328579
2597,3,114012912,-,TIGIT,GRCh37,cg20832020
2598,15,26109425,+,ATP10A,GRCh37,cg26062856
2599,19,7553324,-,PEX11G,GRCh37,cg03668539
2600,6,46761090,+,MEP1A,GRCh37,cg16019620
2601,11,74442900,+,CHRDL2,GRCh37,cg08952029
2602,11,112832159,-,NCAM1;NCAM1;NCAM1;NCAM1;NCAM1;NCAM1,GRCh37,cg13692433
2602,7,25019751,+,OSBPL3;OSBPL3;OSBPL3;OSBPL3;OSBPL3;OSBPL3;OSBPL3;OSBPL3,GRCh37,cg19843429
2602,11,94963991,-,SESN3,GRCh37,cg11665588
2602,7,25019901,+,OSBPL3;OSBPL3;OSBPL3;OSBPL3,GRCh37,cg08296824
2602,7,37488575,-,ELMO1,GRCh37,cg08453021
2602,3,67049254,+,KBTBD8,GRCh37,cg10137155
2602,11,112832152,-,NCAM1;NCAM1;NCAM1;NCAM1;NCAM1;NCAM1,GRCh37,cg20268522
2603,11,32456759,+,WT1;WT1;WT1;WIT1;WT1,GRCh37,cg15107670
2604,12,52914047,-,KRT5,GRCh37,cg04254916
2605,6,167536521,+,CCR6;CCR6;CCR6,GRCh37,cg13615963
2606,12,105323396,+,SLC41A2,GRCh37,cg23855818
2607,19,2390040,-,TMPRSS9,GRCh37,cg06488678
2608,11,66314211,+,ACTN3;ZDHHC24,GRCh37,cg10523820
2609,6,15663538,+,DTNBP1;DTNBP1;DTNBP1,GRCh37,cg15210999
2610,12,53097169,+,KRT77,GRCh37,cg18982568
2611,16,3307814,-,MEFV,GRCh37,cg21514871
2611,19,44220214,-,IRGC;IRGC,GRCh37,cg26251865
2611,1,203734505,+,LAX1;LAX1;LAX1,GRCh37,cg12022621
2611,7,151653890,+,GALNTL5;GALNTL5,GRCh37,cg25310567
2611,9,125289357,+,OR1N1,GRCh37,cg14598387
2612,9,100615796,+,FOXE1;FOXE1,GRCh37,cg19292008
2613,16,29875177,-,LOC440356;LOC440356;CDIPT,GRCh37,cg24235633
2614,17,32596886,+,CCL7,GRCh37,cg02936263
2615,5,178487716,-,ZNF354C,GRCh37,cg04488521
2616,1,166958221,-,MAEL,GRCh37,cg18894878
2617,20,44993235,+,SLC35C2;SLC35C2;SLC35C2,GRCh37,cg02413850
2618,1,161279108,+,MPZ,GRCh37,cg10431340
2619,19,52254222,+,FPR1,GRCh37,cg15811427
2620,10,13043954,+,CCDC3,GRCh37,cg20647888
2621,18,29171977,-,TTR,GRCh37,cg08521225
2622,20,57414960,+,GNASAS;GNAS;GNAS,GRCh37,cg14597908
2622,20,57414539,+,GNASAS;GNAS,GRCh37,cg25268451
2623,16,71611043,-,TAT,GRCh37,cg22136365
2624,20,57427830,+,GNAS;GNAS;GNAS,GRCh37,cg17414107
2625,8,11350853,-,BLK,GRCh37,cg15742700
2626,10,52645399,-,A1CF;A1CF;A1CF;A1CF;A1CF;A1CF,GRCh37,cg03817621
2627,13,51796962,+,FAM124A,GRCh37,cg02995295
2628,1,156399685,+,C1orf61,GRCh37,cg17727529
2629,11,841376,+,TSPAN4;POLR2L;TSPAN4;TSPAN4,GRCh37,cg11173246
2630,11,131533284,+,NTM,GRCh37,cg25943276
2631,12,66217432,+,HMGA2;RPSAP52;HMGA2,GRCh37,cg20088964
2632,5,127873711,+,FBN2;FBN2,GRCh37,cg25084878
2633,3,40429014,-,ENTPD3,GRCh37,cg17264618
2634,12,101603329,+,SLC5A8,GRCh37,cg05063104
2635,22.0,30116439,+,CABP7,GRCh37,cg20256494
2636,21,40816464,+,SH3BGR;LCA5L,GRCh37,cg12638745
2637,6,11779941,+,C6orf105;C6orf105,GRCh37,cg10787197
2637,6,11778902,-,C6orf105;C6orf105,GRCh37,cg14178895
2638,11,85780971,+,PICALM;PICALM,GRCh37,cg01120308
2639,13,20767498,-,GJB2,GRCh37,cg02861781
2640,11,118214927,+,CD3G;CD3D;CD3D,GRCh37,cg07545925
2641,2,176986956,-,HOXD9,GRCh37,cg10957151
2642,19,57019373,+,ZNF471,GRCh37,cg24713204
2643,4,40198595,+,RHOH;RHOH,GRCh37,cg00804392
2644,20,48099890,-,KCNB1,GRCh37,cg24507762
2645,7,50849639,+,GRB10,GRCh37,cg09150232
2646,15,89164044,-,AEN,GRCh37,cg26561254
2647,8,26371353,+,PNMA2;PNMA2,GRCh37,cg02154186
2648,18,61157738,+,SERPINB5,GRCh37,cg23824713
2648,16,70680817,-,IL34;IL34,GRCh37,cg08402568
2648,11,64323448,-,SLC22A11;SLC22A11,GRCh37,cg09326702
2648,11,2018154,+,H19;MIR675,GRCh37,cg21167159
2648,9,130968009,+,CIZ1;DNM1;DNM1;CIZ1,GRCh37,cg13316424
2648,18,61157478,-,SERPINB5,GRCh37,cg07331725
2648,2,241808595,+,AGXT,GRCh37,cg16358738
2648,3,46759096,-,PRSS50,GRCh37,cg19875656
2648,19,41099080,+,LTBP4,GRCh37,cg25723866
2648,19,17932328,-,INSL3,GRCh37,cg01413516
2648,3,46904643,-,MYL3,GRCh37,cg15439078
2648,1,1385371,-,ATAD3C;ATAD3C,GRCh37,cg27383362
2648,1,204135243,-,REN,GRCh37,cg05556020
2648,11,67407037,+,TBX10,GRCh37,cg25548825
2648,13,46757395,-,LCP1,GRCh37,cg04341806
2648,12,95945366,-,USP44,GRCh37,cg04488758
2648,16,421990,-,TMEM8A;MRPL28,GRCh37,cg10805676
2648,13,111973143,-,C13orf16,GRCh37,cg17229388
2648,10,88414554,+,OPN4;OPN4,GRCh37,cg09261262
2648,7,134915756,+,STRA8,GRCh37,cg18152517
2648,5,149545928,-,CDX1,GRCh37,cg24216701
2648,16,58004460,-,CNGB1;CNGB1,GRCh37,cg16480209
2648,17,8647944,+,CCDC42;CCDC42;CCDC42;CCDC42,GRCh37,cg06468695
2648,5,159344281,-,ADRA1B,GRCh37,cg21575929
2648,18,77624513,+,KCNG2,GRCh37,cg07851192
2648,9,100707064,-,HEMGN;HEMGN,GRCh37,cg27592318
2648,5,159656660,-,FABP6;FABP6;FABP6,GRCh37,cg22861316
2648,9,5185951,-,INSL6,GRCh37,cg07531356
2648,9,91979776,+,SEMA4D,GRCh37,cg10645113
2648,11,128813583,+,TP53AIP1,GRCh37,cg01302245
2648,15,48500240,-,SLC12A1,GRCh37,cg14930674
2648,11,67407029,+,TBX10;TBX10,GRCh37,cg26422060
2649,11,2165656,+,IGF2AS;INS-IGF2;IGF2;IGF2AS,GRCh37,cg12322132
2650,1,153232348,-,LOR,GRCh37,cg27626424
2651,7,27166103,+,HOXA3,GRCh37,cg25426743
2652,1,34631324,+,CSMD2;C1orf94,GRCh37,cg19228118
2653,15,74988951,+,EDC3;EDC3;EDC3,GRCh37,cg22657536
2654,18,61222687,+,SERPINB12,GRCh37,cg11435943
2655,22.0,42829748,+,NFAM1,GRCh37,cg03017264
2656,7,93203695,-,CALCR;CALCR,GRCh37,cg23239396
2657,7,34698188,+,NPSR1;NPSR1,GRCh37,cg06506864
2658,2,192712158,+,SDPR,GRCh37,cg14446712
2659,11,102401438,+,MMP7;MMP7,GRCh37,cg25511807
2660,1,209848864,+,G0S2;G0S2,GRCh37,cg08185241
2661,11,76380921,+,LRRC32;LRRC32;LRRC32,GRCh37,cg13633560
2662,6,43612647,-,RSPH9,GRCh37,cg01344171
2663,22.0,20792535,+,SCARF2;SCARF2,GRCh37,cg14785479
2664,8,65711327,-,CYP7B1;CYP7B1,GRCh37,cg04418492
2665,7,141646690,-,CLEC5A;CLEC5A,GRCh37,cg18463686
2666,1,224370155,+,DEGS1;DEGS1,GRCh37,cg23213217
2667,22.0,20103541,+,TRMT2A;TRMT2A;RANBP1,GRCh37,cg02763671
2668,16,30086175,+,PPP4C,GRCh37,cg21742836
2669,22.0,41075673,-,MCHR1,GRCh37,cg21342728
2670,3,108476540,+,RETNLB,GRCh37,cg05163071
2671,21.0,41027960,-,B3GALT5;B3GALT5;B3GALT5;B3GALT5;B3GALT5,GRCh37,cg26709720
2672,10,97802941,-,CCNJ;CCNJ;CCNJ,GRCh37,cg04590978
2673,11,57365948,-,SERPING1;SERPING1,GRCh37,cg12783776
2674,7,95225520,-,PDK4,GRCh37,cg22171829
2675,2,131513216,+,FAM123C;FAM123C;FAM123C;FAM123C;FAM123C,GRCh37,cg25784308
2676,5,178772793,+,ADAMTS2;ADAMTS2,GRCh37,cg01593190
2676,6,150464644,-,PPP1R14C,GRCh37,cg14884741
2676,3,186080023,+,DGKG;DGKG;DGKG,GRCh37,cg25808906
2677,12,71314662,+,PTPRR,GRCh37,cg03928182
2678,1,6321582,-,GPR153,GRCh37,cg14566624
2679,11,118230053,-,UBE4A,GRCh37,cg20492912
2680,8,11351571,+,BLK;BLK,GRCh37,cg03860768
2681,18,60904418,+,BCL2,GRCh37,cg23756272
2682,6,33561099,+,C6orf227,GRCh37,cg04329454
2683,12,22487219,+,ST8SIA1;ST8SIA1,GRCh37,cg24723331
2684,12,10331614,+,C12orf59;C12orf59,GRCh37,cg25494227
2685,17,48712051,-,ABCC3;ABCC3,GRCh37,cg20633883
2685,17,48712370,-,ABCC3;ABCC3,GRCh37,cg00081975
2686,19,15121531,+,CCDC105,GRCh37,cg02489552
2687,20,1538671,-,SIRPD,GRCh37,cg25737664
2688,11,67171585,+,TBC1D10C,GRCh37,cg11600161
2688,17,38023993,+,ZPBP2;ZPBP2,GRCh37,cg05330360
2688,16,50715135,-,SNX20;SNX20;SNX20;SNX20;SNX20;SNX20,GRCh37,cg27431150
2688,3,183273245,-,KLHL6,GRCh37,cg20425130
2688,16,28996053,-,LAT;LAT;LAT;LAT,GRCh37,cg23797100
2688,11,67204799,+,PTPRCAP,GRCh37,cg05751148
2688,1,209929512,+,TRAF3IP3,GRCh37,cg05959508
2688,22.0,19711327,-,GP1BB;SEPT5,GRCh37,cg07359545
2688,5,176784318,+,RGS14,GRCh37,cg01567482
2688,19,36233324,+,TMEM149;TMEM149,GRCh37,cg16927606
2688,11,63974229,+,FERMT3;FERMT3;FERMT3;FERMT3,GRCh37,cg24088438
2688,2,113931565,+,PSD4;LOC440839;PSD4,GRCh37,cg13273136
2688,5,7395318,-,ADCY2,GRCh37,cg04907257
2688,17,62009607,+,CD79B;CD79B;CD79B,GRCh37,cg07973967
2688,12,6665447,+,IFFO1;IFFO1,GRCh37,cg01493517
2688,1,153518384,+,S100A4;S100A4,GRCh37,cg24691453
2688,11,86085623,-,CCDC81;CCDC81,GRCh37,cg16404106
2689,1,179711859,-,FAM163A,GRCh37,cg05421688
2690,19,16221719,-,RAB8A,GRCh37,cg03621001
2691,1,31230601,-,LAPTM5;LAPTM5,GRCh37,cg12732155
2691,6,39282532,-,KCNK16;KCNK16;KCNK17;KCNK17;KCNK16,GRCh37,cg02611419
2691,21.0,46340776,+,ITGB2;ITGB2;ITGB2,GRCh37,cg24167037
2691,9,34710135,+,CCL21;CCL21,GRCh37,cg27443224
2692,21,38379570,-,DSCR6,GRCh37,cg13460409
2693,9,139921971,-,C9orf139;C9orf139;ABCA2;ABCA2,GRCh37,cg21120249
2693,19,55047721,-,KIR3DX1,GRCh37,cg03602500
2693,16,19727911,+,IQCK;C16orf88,GRCh37,cg21615663
2693,1,23693926,-,ZNF436;ZNF436,GRCh37,cg10347418
2693,3,142895375,+,,GRCh37,cg10883352
2693,19,11495295,-,EPOR,GRCh37,cg24477567
2693,19,36499326,-,C19orf46,GRCh37,cg18542098
2693,5,142065539,-,FGF1;FGF1;FGF1;FGF1;FGF1;FGF1;FGF1;FGF1,GRCh37,cg08816023
2693,16,2880359,-,ZG16B,GRCh37,cg26259865
2693,20,44657115,+,SLC12A5;SLC12A5,GRCh37,cg09015232
2693,14,75897841,-,JDP2;JDP2;JDP2;JDP2,GRCh37,cg22143352
2693,3,48466700,-,PLXNB1;PLXNB1,GRCh37,cg12069042
2693,11,2019568,+,H19,GRCh37,cg17769238
2693,12,5603131,-,NTF3;NTF3,GRCh37,cg02554564
2694,15,73661484,-,HCN4;HCN4,GRCh37,cg02860342
2695,6,34433320,-,PACSIN1,GRCh37,cg23239444
2696,15,35087635,-,ACTC1,GRCh37,cg26053864
2697,4,141489799,-,UCP1,GRCh37,cg14223995
2698,5,31194410,-,CDH6,GRCh37,cg05822100
2699,2,5831722,+,SOX11,GRCh37,cg08432727
2700,2,225266801,-,FAM124B;FAM124B,GRCh37,cg24516901
2701,11,2890258,+,KCNQ1DN,GRCh37,cg05656180
2702,14,50862509,-,CDKL1,GRCh37,cg16077929
2703,5,140810137,+,PCDHGA4;PCDHGA11;PCDHGA11;PCDHGA9;PCDHGA1;PCDHGB1;PCDHGB6;PCDHGA12;PCDHGB3;PCDHGB7;PCDHGA6;PCDHGA8;PCDHGA10;PCDHGA5;PCDHGB4;PCDHGA3;PCDHGA2;PCDHGA12;PCDHGB2;PCDHGA7;PCDHGB5,GRCh37,cg07730329
2704,16,85723539,-,GINS2,GRCh37,cg19890739
2705,12,15476028,-,PTPRO;PTPRO,GRCh37,cg09470640
2705,12,15476085,-,PTPRO;PTPRO,GRCh37,cg24053587
2706,9,101706617,+,COL15A1,GRCh37,cg19461644
2707,11,8060332,+,TUB;TUB,GRCh37,cg05492113
2707,11,8060060,-,TUB,GRCh37,cg15480475
2708,4,111559105,+,PITX2;PITX2,GRCh37,cg14056644
2709,19,51326682,-,KLK1,GRCh37,cg03907363
2710,2,232330307,-,NCL,GRCh37,cg26862286
2711,9,841632,-,DMRT1,GRCh37,cg25905812
2712,16,2077647,-,SLC9A3R2;SLC9A3R2,GRCh37,cg10084993
2712,1,109792854,+,CELSR2,GRCh37,cg23706211
2712,1,95286311,-,SLC44A3;SLC44A3,GRCh37,cg20059151
2712,19,19739820,+,LPAR2,GRCh37,cg10521852
2712,5,115178810,+,ATG12;AP3S1,GRCh37,cg09523691
2712,12,117174732,-,RNFT2;RNFT2;C12orf49,GRCh37,cg19850406
2712,16,20339175,+,GP2;GP2;GP2;GP2,GRCh37,cg19238840
2712,13,113655622,+,MCF2L;MCF2L,GRCh37,cg11668844
2712,14,96670862,+,BDKRB2,GRCh37,cg24010952
2712,1,244006288,-,AKT3;AKT3,GRCh37,cg11314684
2712,3,8543732,-,LMCD1,GRCh37,cg08935301
2712,8,22409684,+,SORBS3,GRCh37,cg17142470
2712,22.0,43507665,-,BIK,GRCh37,cg17179881
2712,1,185014181,+,RNF2,GRCh37,cg11320084
2712,15,72564263,-,PARP6,GRCh37,cg02883230
2712,19,45843826,+,KLC3,GRCh37,cg03883348
2712,4,116034871,-,NDST4;NDST4,GRCh37,cg09511421
2712,3,149096029,-,TM4SF1,GRCh37,cg06800962
2712,14,45432458,+,KLHL28;FAM179B,GRCh37,cg21096966
2712,16,2879944,+,ZG16B,GRCh37,cg05461841
2712,1,20811641,-,CAMK2N1,GRCh37,cg08398233
2712,1,213224402,-,RPS6KC1;RPS6KC1,GRCh37,cg14576824
2712,4,699224,+,PCGF3,GRCh37,cg15843217
2712,4,7046094,+,CCDC96;TADA2B,GRCh37,cg09424308
2712,3,186435060,+,KNG1;KNG1;KNG1,GRCh37,cg12454167
2712,12,56360065,-,CDK2;SILV;CDK2,GRCh37,cg09106999
2712,17,30770961,-,PSMD11,GRCh37,cg09309269
2712,5,140012986,-,CD14;CD14;CD14,GRCh37,cg19008097
2712,2,109605518,-,EDAR;EDAR,GRCh37,cg01124420
2712,3,121740927,-,ILDR1;ILDR1,GRCh37,cg08463485
2712,12,108078835,+,PWP1,GRCh37,cg25345738
2712,17,619033,-,VPS53;VPS53,GRCh37,cg06500079
2712,1,153030751,-,SPRR2A,GRCh37,cg26059632
2712,19,54850619,-,LILRA4,GRCh37,cg20542190
2712,7,102073539,+,ORAI2;ORAI2,GRCh37,cg02564523
2712,16,2015703,+,RPS2;RNF151,GRCh37,cg18279742
2712,1,6454326,+,ACOT7,GRCh37,cg25165880
2713,19,51728586,+,CD33;CD33,GRCh37,cg10129493
2714,15,61521923,-,RORA,GRCh37,cg27167601
2715,1,177134266,-,ASTN1;ASTN1,GRCh37,cg23492043
2716,16,2520958,+,NTN3,GRCh37,cg22721827
2717,8,11567721,-,GATA4,GRCh37,cg19172575
2718,11,2813298,+,KCNQ1;KCNQ1,GRCh37,cg17820828
2719,4,4860439,+,MSX1,GRCh37,cg20588069
2720,8,27490921,+,SCARA3;SCARA3,GRCh37,cg13351161
2721,6,26225389,-,HIST1H3E,GRCh37,cg07922606
2722,16,67875619,+,THAP11;CENPT,GRCh37,cg13798289
2722,5,159797845,+,C1QTNF2,GRCh37,cg07816439
2722,19,40440963,-,FCGBP,GRCh37,cg19103704
2722,4,144256835,-,GAB1;GAB1,GRCh37,cg01601573
2722,4,5990638,-,C4orf50,GRCh37,cg25093045
2722,2,71358451,-,MCEE;MPHOSPH10,GRCh37,cg18750833
2722,8,71581729,+,XKR9;LACTB2;XKR9,GRCh37,cg19632760
2722,1,26185386,-,C1orf135,GRCh37,cg02327719
2722,5,141393931,+,GNPDA1,GRCh37,cg00145118
2722,7,44645306,-,OGDH;OGDH;OGDH,GRCh37,cg07408740
2722,20,634604,+,SRXN1,GRCh37,cg22748452
2722,12,51477739,-,CSRNP2,GRCh37,cg02675652
2722,5,35939420,+,CAPSL;CAPSL,GRCh37,cg10994379
2722,22.0,45899303,-,FBLN1;FBLN1;FBLN1;FBLN1,GRCh37,cg04337944
2722,20,43882990,+,SLPI,GRCh37,cg23889010
2722,12,117538458,-,TESC;TESC;TESC,GRCh37,cg06750167
2722,20,62601743,+,ZNF512B,GRCh37,cg26760212
2722,1,85725892,-,C1orf52;C1orf52,GRCh37,cg05654164
2722,5,151304357,+,GLRA1;GLRA1;GLRA1;GLRA1,GRCh37,cg00059225
2722,8,97657072,-,PGCP,GRCh37,cg01892689
2722,14,93798309,+,BTBD7;BTBD7;KIAA1409,GRCh37,cg16034652
2722,5,39219698,-,FYB;FYB,GRCh37,cg13703437
2723,2,230135577,+,PID1;PID1,GRCh37,cg04743872
2724,1,110993852,-,PROK1,GRCh37,cg21324308
2725,17,46688490,+,HOXB7,GRCh37,cg09357097
2726,2,228736449,+,WDR69,GRCh37,cg21577049
2727,19,4911058,-,UHRF1;UHRF1,GRCh37,cg19147390
2727,16,4465731,+,CORO7,GRCh37,cg19168338
2728,5,128795472,-,ADAMTS19,GRCh37,cg13701109
2729,13,46277286,-,SPERT,GRCh37,cg23101680
2730,4,90033921,+,TIGD2,GRCh37,cg08377000
2731,8,70378740,+,SULF1;SULF1,GRCh37,cg02283643
2732,19,17392852,-,ANKLE1,GRCh37,cg21435336
2733,1,76262537,-,MSH4,GRCh37,cg21438018
2733,1,76262648,-,MSH4;MSH4,GRCh37,cg22035229
2734,8,41166738,+,SFRP1;SFRP1,GRCh37,cg22418909
2735,19,49838478,-,CD37;CD37,GRCh37,cg10037005
2736,6,31088188,+,CDSN;PSORS1C1,GRCh37,cg08424423
2737,1,226925172,-,ITPKB,GRCh37,cg16340268
2738,12,54367250,+,HOXC11,GRCh37,cg07123069
2739,16,3011661,+,,GRCh37,cg02626929
2739,8,144372932,-,ZNF696,GRCh37,cg24107665
2739,20,62179233,+,SRMS,GRCh37,cg22442730
2739,19,8387262,+,NDUFA7;RPS28,GRCh37,cg03633120
2739,5,137475288,-,NME5,GRCh37,cg25507001
2739,19,13080409,-,DAND5,GRCh37,cg15177917
2739,16,4665248,-,FAM100A,GRCh37,cg21844038
2739,12,58241200,-,CTDSP2,GRCh37,cg02732509
2739,22.0,30792674,-,SEC14L2;SEC14L2,GRCh37,cg23665603
2739,7,134213038,-,AKR1B10,GRCh37,cg15489301
2739,6,137114513,+,MAP3K5,GRCh37,cg15804973
2739,4,8582300,-,GPR78;GPR78,GRCh37,cg10189695
2739,9,215561,-,DOCK8;C9orf66;C9orf66,GRCh37,cg08909157
2739,11,57195025,-,SLC43A3;SLC43A3;SLC43A3;SLC43A3,GRCh37,cg23547429
2739,19,5567758,+,PLAC2,GRCh37,cg16483916
2739,3,33839389,-,PDCD6IP;PDCD6IP;PDCD6IP,GRCh37,cg12941369
2739,13,99230004,+,STK24,GRCh37,cg10057295
2739,19,13875014,-,MRI1;MRI1,GRCh37,cg16474696
2739,2,172864337,+,MAP1D,GRCh37,cg16449464
2739,16,24682074,-,,GRCh37,cg03945021
2739,10,104536121,-,C10orf26;C10orf26;C10orf26,GRCh37,cg09405083
2739,3,38388808,+,XYLB,GRCh37,cg12340144
2739,12,56618648,+,OBFC2B,GRCh37,cg02153528
2739,19,41724653,-,AXL;AXL,GRCh37,cg10564498
2739,12,15039025,-,MGP,GRCh37,cg00431549
2739,19,15312129,+,NOTCH3,GRCh37,cg06650786
2739,1,24513482,+,IL28RA;IL28RA;IL28RA,GRCh37,cg08700651
2739,5,94891907,+,ARSK;TTC37,GRCh37,cg09244244
2739,9,132934195,+,FREQ,GRCh37,cg23771929
2739,11,6632884,+,TAF10,GRCh37,cg27560292
2739,11,118135270,-,MPZL2;MPZL2,GRCh37,cg15376097
2739,11,67121634,-,LOC100130987;POLD4,GRCh37,cg09706243
2739,3,122514541,-,DIRC2,GRCh37,cg04653021
2739,1,117453510,-,PTGFRN,GRCh37,cg03752628
2739,9,139947922,-,ENTPD2;ENTPD2,GRCh37,cg17018517
2739,13,115046279,-,UPF3A;UPF3A,GRCh37,cg07218880
2739,14,94856984,+,SERPINA1;SERPINA1;SERPINA1;SERPINA1;SERPINA1;SERPINA1;SERPINA1;SERPINA1;SERPINA1;SERPINA1;SERPINA1;SERPINA1;SERPINA1;SERPINA1;SERPINA1;SERPINA1;SERPINA1;SERPINA1;SERPINA1;SERPINA1,GRCh37,cg02181506
2739,6,87647644,-,HTR1E,GRCh37,cg11990309
2739,2,173940268,-,ZAK;ZAK,GRCh37,cg03608974
2739,5,442821,-,EXOC3;C5orf55,GRCh37,cg23239828
2739,14,105191118,-,ADSSL1,GRCh37,cg19426827
2739,6,163149169,-,PACRG;PACRG;PACRG;PACRG;PARK2;PARK2;PARK2,GRCh37,cg21926612
2739,11,65687877,-,C11orf68;DRAP1;C11orf68,GRCh37,cg13547237
2739,1,145549441,-,ANKRD35,GRCh37,cg07015079
2739,15,57884415,+,GCOM1;GCOM1;GCOM1;GCOM1,GRCh37,cg00509616
2739,19,36607008,+,TBCB;POLR2I,GRCh37,cg09056317
2739,9,139886304,+,C9orf142,GRCh37,cg01126560
2739,9,135546789,-,DDX31;GTF3C4;DDX31,GRCh37,cg10676060
2739,17,47440203,-,ZNF652;ZNF652,GRCh37,cg13382694
2739,22.0,19165386,-,SLC25A1,GRCh37,cg00747849
2739,3,49203910,+,CCDC71,GRCh37,cg22527345
2740,3,190167563,-,TMEM207,GRCh37,cg02912041
2741,7,25268894,+,NPVF,GRCh37,cg02629312
2741,12,18242549,-,RERGL,GRCh37,cg19229991
2741,5,121187547,+,FTMT,GRCh37,cg11234457
2742,1,11752109,+,MAD2L2;C1orf187,GRCh37,cg06630737
2743,9,120177979,-,ASTN2;ASTN2;ASTN2,GRCh37,cg12024292
2744,2,162931397,+,DPP4,GRCh37,cg11460364
2745,19,42300812,+,CEACAM3,GRCh37,cg23181133
2746,19,58609806,+,ZSCAN18;ZSCAN18;ZSCAN18;ZSCAN18,GRCh37,cg18888520
2746,19,5681323,-,HSD11B1L;HSD11B1L;HSD11B1L;HSD11B1L;C19orf70;HSD11B1L;HSD11B1L,GRCh37,cg09231514
2746,7,137531173,+,DGKI,GRCh37,cg08434234
2746,12,111471963,+,CUX2;CUX2,GRCh37,cg09229912
2746,1,202679504,+,SYT2;SYT2,GRCh37,cg22594309
2746,20,52790589,-,CYP24A1;CYP24A1,GRCh37,cg02604290
2746,8,79428434,-,PKIA;PKIA;PKIA;PKIA,GRCh37,cg27140220
2746,18,11689284,+,GNAL;GNAL,GRCh37,cg09331011
2746,7,151107261,+,WDR86,GRCh37,cg24068372
2746,2,241759279,+,KIF1A,GRCh37,cg14662379
2746,3,126243401,-,CHST13,GRCh37,cg07745434
2746,5,136834863,-,SPOCK1,GRCh37,cg12832649
2746,9,90113120,-,DAPK1,GRCh37,cg08797471
2746,5,17218089,-,BASP1;LOC285696,GRCh37,cg23496260
2746,11,17741243,-,MYOD1;MYOD1,GRCh37,cg16519321
2746,15,32323114,+,CHRNA7,GRCh37,cg20861607
2746,2,79740308,+,CTNNA2;CTNNA2;CTNNA2;CTNNA2,GRCh37,cg23699324
2746,17,13505174,-,HS3ST3A1;HS3ST3A1,GRCh37,cg07480567
2746,1,32930473,-,ZBTB8B,GRCh37,cg13666729
2746,5,176057097,+,SNCB;EIF4E1B;SNCB,GRCh37,cg05028467
2746,1,157963176,+,KIRREL;KIRREL,GRCh37,cg26928603
2746,5,1882871,+,IRX4;IRX4,GRCh37,cg03963198
2746,19,4769531,-,MIR7-3;C19orf30,GRCh37,cg01400401
2746,16,1384311,+,BAIAP3,GRCh37,cg26499611
2746,2,75426512,+,TACR1;TACR1;TACR1;TACR1,GRCh37,cg02111587
2746,19,47523630,-,NPAS1,GRCh37,cg09628601
2746,2,70994962,+,ADD2;ADD2;ADD2;ADD2;ADD2,GRCh37,cg08132931
2746,2,219745297,-,WNT10A;WNT10A,GRCh37,cg05702737
2746,8,98881927,+,MATN2;MATN2,GRCh37,cg16202564
2746,4,145567271,+,HHIP;HHIP,GRCh37,cg14580567
2746,12,111471489,+,CUX2,GRCh37,cg17190608
2746,10,50970358,-,OGDHL;OGDHL;OGDHL;OGDHL;OGDHL;OGDHL,GRCh37,cg06222851
2746,16,87635473,+,JPH3,GRCh37,cg10920957
2746,14,56585486,-,PELI2,GRCh37,cg21099488
2747,17,47046292,-,GIP,GRCh37,cg20551517
2748,21,28339442,+,ADAMTS5,GRCh37,cg08190291
2749,21,43771355,-,TFF2,GRCh37,cg12456510
2750,17,7019262,+,ASGR2;ASGR2;ASGR2,GRCh37,cg26661623
2751,3,45838037,+,SLC6A20;SLC6A20,GRCh37,cg04970117
2752,2,242945447,+,,GRCh37,cg16173109
2753,16,90016004,-,DEF8;DEF8,GRCh37,cg25193494
2754,12,10123604,-,CLEC12A;CLEC12A,GRCh37,cg11905488
2755,3,154797589,-,MME;MME;MME;MME,GRCh37,cg16580737
2756,20,34027324,+,GDF5,GRCh37,cg07378350
2757,10,73848320,+,SPOCK2;SPOCK2,GRCh37,cg10983208
2758,18,44336399,-,ST8SIA5,GRCh37,cg19751300
2759,17,3196049,-,OR3A1,GRCh37,cg14014613
2760,13,102068258,-,NALCN,GRCh37,cg02932669
2761,5,151066460,-,SPARC;SPARC,GRCh37,cg08331313
2762,9,130911792,+,LCN2;LCN2,GRCh37,cg22438810
2763,6,30523215,+,GNL1;PRR3;PRR3,GRCh37,cg04273431
2764,3,13921227,+,WNT7A,GRCh37,cg00625653
2765,11,5272039,+,HBG1,GRCh37,cg01598642
2766,1,159258877,-,FCER1A,GRCh37,cg14696870
2767,11,26744467,-,SLC5A12,GRCh37,cg20092728
2768,16,84327808,-,WFDC1,GRCh37,cg23865698
2769,5,155753616,+,SGCD;SGCD;SGCD,GRCh37,cg03811411
2770,12,113416518,+,OAS2;OAS2;OAS2,GRCh37,cg20870559
2771,18,77440800,-,CTDP1;CTDP1,GRCh37,cg01589580
2772,17,64960282,-,CACNG4,GRCh37,cg26743024
2773,7,29186110,+,CPVL;CPVL;CPVL;CPVL,GRCh37,cg24448259
2774,3,52864659,-,ITIH4;ITIH4;ITIH4;ITIH4,GRCh37,cg10929387
2775,8,70984199,+,PRDM14,GRCh37,cg01295203
2776,1,2938246,+,ACTRT2;ACTRT2,GRCh37,cg14365123
2777,17,37764158,+,NEUROD2;NEUROD2,GRCh37,cg11634198
2778,6,71012852,+,COL9A1,GRCh37,cg14579051
2779,18,61636779,+,SERPINB8;SERPINB8;SERPINB8,GRCh37,cg27100123
2780,22.0,37916157,+,CARD10,GRCh37,cg22506059
2781,2,198540621,+,RFTN2,GRCh37,cg08373610
2782,4,1243849,+,C4orf42;CTBP1;CTBP1,GRCh37,cg20743744
2783,2,113542091,-,IL1A;IL1A,GRCh37,cg00839584
2784,1,186649631,-,PTGS2,GRCh37,cg09461185
2785,10,131264840,+,MGMT,GRCh37,cg02330106
2786,6,90604299,-,GJA10,GRCh37,cg25217765
2787,5,148033896,+,HTR4;HTR4;HTR4;HTR4;HTR4;HTR4;HTR4,GRCh37,cg07102705
2788,16,89752847,+,CDK10;CDK10;CDK10;CDK10;CDK10;CDK10,GRCh37,cg04155793
2789,19,24270073,+,ZNF254;ZNF254,GRCh37,cg02286642
2790,22.0,32439259,+,SLC5A1;SLC5A1,GRCh37,cg09547224
2791,19,48389562,-,SULT2A1;SULT2A1,GRCh37,cg19139729
2792,13,78493958,+,EDNRB;EDNRB;EDNRB,GRCh37,cg24745738
2793,19,496239,+,MADCAM1;MADCAM1,GRCh37,cg26525091
2794,5,102201128,+,PAM;PAM;PAM;PAM,GRCh37,cg20131596
2795,12,10251879,+,CLEC1A,GRCh37,cg07959477
2796,6,142409831,-,NMBR;NMBR,GRCh37,cg08109815
2797,20,43729410,-,KCNS1,GRCh37,cg09628707
2798,12,58013915,+,SLC26A10;SLC26A10,GRCh37,cg14371590
2799,11,2016605,+,H19,GRCh37,cg06197492
2800,12,56323727,+,DGKA,GRCh37,cg13634319
2801,15,25068738,-,SNRPN;SNRPN;SNRPN,GRCh37,cg11265941
2802,13,53313895,-,LECT1;LECT1;LECT1;LECT1,GRCh37,cg00708598
2803,19,7741602,-,C19orf59,GRCh37,cg18732541
2804,10,11047271,+,CUGBP2;CUGBP2,GRCh37,cg15777781
2805,8,11566526,-,GATA4,GRCh37,cg11981599
2805,8,11565351,-,GATA4,GRCh37,cg25216696
2806,1,204328843,-,PLEKHA6;PLEKHA6,GRCh37,cg27549944
2807,16,3115552,+,IL32;IL32;IL32;IL32;IL32;IL32;IL32;IL32,GRCh37,cg18350391
2808,6,168842491,-,SMOC2;SMOC2,GRCh37,cg11612345
2809,2,207308375,-,ADAM23;ADAM23,GRCh37,cg16778809
2809,2,207308087,+,ADAM23,GRCh37,cg26258845
2810,19,44286076,+,KCNN4,GRCh37,cg04833845
2811,8,142432241,-,PTP4A3;PTP4A3;PTP4A3;PTP4A3,GRCh37,cg18675600
2812,14,70345898,-,SMOC1;SMOC1,GRCh37,cg10979891
2812,14,70346413,+,SMOC1;SMOC1,GRCh37,cg15239123
2813,21,38070588,+,SIM2;SIM2,GRCh37,cg02672220
2814,2,202484098,+,ALS2CR11;ALS2CR11;ALS2CR11;ALS2CR11,GRCh37,cg15780361
2814,2,202484020,-,ALS2CR11;ALS2CR11;ALS2CR11;ALS2CR11,GRCh37,cg11052143
2815,6,106533958,+,PRDM1,GRCh37,cg19464016
2816,4,154606177,-,TLR2,GRCh37,cg19037167
2817,14,104181393,-,ZFYVE21;XRCC3;XRCC3;XRCC3,GRCh37,cg13042487
2818,4,177713813,+,VEGFC;VEGFC,GRCh37,cg13378388
2818,3,57583693,+,ARF4,GRCh37,cg08081407
2818,10,114709626,-,TCF7L2;TCF7L2;TCF7L2;TCF7L2;TCF7L2;TCF7L2,GRCh37,cg20023578
2818,1,166944393,+,ILDR2,GRCh37,cg08348962
2818,1,155579964,-,MSTO1,GRCh37,cg18528640
2818,18,29077863,+,DSG2,GRCh37,cg14311811
2818,17,66287032,+,ARSG;SLC16A6,GRCh37,cg11879514
2818,5,159849193,-,PTTG1,GRCh37,cg26775866
2818,11,73694566,+,UCP2,GRCh37,cg05205664
2818,11,107879401,+,CUL5,GRCh37,cg07979752
2818,3,182697846,+,DCUN1D1,GRCh37,cg08674093
2818,3,14989131,+,NR2C2,GRCh37,cg21255605
2818,1,201083145,-,CACNA1S,GRCh37,cg22815214
2818,22.0,50946712,-,NCAPH2;LMF2;NCAPH2;NCAPH2;NCAPH2,GRCh37,cg25152348
2819,22.0,26881026,+,HPS4;SRRD,GRCh37,cg19831369
2820,21.0,37852822,-,CLDN14;CLDN14;CLDN14;CLDN14,GRCh37,cg15310162
2821,15,26107658,+,ATP10A,GRCh37,cg19326876
2821,15,26108084,-,ATP10A,GRCh37,cg17793621
2822,11,2907674,+,CDKN1C;CDKN1C;CDKN1C,GRCh37,cg05559445
2823,6,30312645,-,RPP21,GRCh37,cg27519140
2824,1,165414379,-,RXRG;RXRG;RXRG;RXRG,GRCh37,cg10364513
2824,1,165414611,+,RXRG;RXRG,GRCh37,cg08623787
2825,11,8190565,-,RIC3;RIC3;RIC3;RIC3,GRCh37,cg08383315
2826,11,2812674,-,KCNQ1;KCNQ1,GRCh37,cg06233503
2827,19,48547158,-,CABP5,GRCh37,cg09422355
2828,12,119772577,+,CCDC60;CCDC60,GRCh37,cg02498063
2829,1,205819251,-,PM20D1;PM20D1,GRCh37,cg14893161
2830,7,149323101,+,ZNF767;ZNF767,GRCh37,cg08744726
2831,1,157811790,-,CD5L,GRCh37,cg11139878
2832,9,23826507,-,ELAVL2,GRCh37,cg07623294
2833,11,123525665,-,SCN3B;SCN3B,GRCh37,cg15457899
2834,12,10163532,+,CLEC12B;CLEC12B,GRCh37,cg20645058
2835,8,86157410,+,CA13,GRCh37,cg18503260
2836,20,44518802,+,CTSA;NEURL2;CTSA;CTSA,GRCh37,cg08260891
2837,6,32977349,-,HLA-DOA;HLA-DOA,GRCh37,cg26643856
2837,5,81267578,-,ATG10;ATG10,GRCh37,cg14613972
2837,11,14993929,-,CALCA;CALCA;CALCA,GRCh37,cg01971122
2837,2,108994116,+,SULT1C4,GRCh37,cg17966192
2837,11,74862127,-,SLCO2B1;SLCO2B1;SLCO2B1;SLCO2B1,GRCh37,cg27104271
2837,6,146350346,-,GRM1;GRM1,GRCh37,cg13722123
2837,4,23891486,-,PPARGC1A,GRCh37,cg05158538
2837,1,154539977,+,CHRNB2,GRCh37,cg21052164
2837,9,71319485,+,PIP5K1B,GRCh37,cg24142106
2837,12,54812606,+,ITGA5,GRCh37,cg16770799
2837,8,21900177,+,FGF17,GRCh37,cg10194829
2837,1,248020350,+,TRIM58,GRCh37,cg20855565
2837,7,96652245,+,DLX5,GRCh37,cg02101486
2837,19,14889425,-,EMR2;EMR2;EMR2;EMR2;EMR2;EMR2;EMR2,GRCh37,cg04103514
2837,10,15762222,-,ITGA8,GRCh37,cg13492340
2837,5,140571888,-,PCDHB10,GRCh37,cg27124774
2837,5,102898729,+,NUDT12,GRCh37,cg07655627
2837,11,113346388,-,DRD2;DRD2,GRCh37,cg21330703
2837,16,67427285,-,TPPP3;TPPP3;TPPP3;TPPP3,GRCh37,cg13067215
2837,19,58514694,-,ZNF606;ZNF606,GRCh37,cg12259537
2837,1,151030968,+,CDC42SE1;CDC42SE1;MLLT11,GRCh37,cg18660898
2837,3,123167677,-,ADCY5,GRCh37,cg13384396
2837,6,33043574,-,HLA-DPB1,GRCh37,cg19921353
2838,16,3073191,-,HCFC1R1;HCFC1R1;HCFC1R1;THOC6;THOC6,GRCh37,cg24652919
2839,6,51953114,-,PKHD1;PKHD1,GRCh37,cg18885346
2840,4,122853965,+,TRPC3;TRPC3,GRCh37,cg18474934
2841,16,71264658,+,HYDIN;HYDIN,GRCh37,cg09794131
2842,19,10124267,-,RDH8,GRCh37,cg25661884
2843,7,94285642,+,PEG10;PEG10;PEG10;SGCE;SGCE;SGCE;PEG10,GRCh37,cg19107595
2844,3,194091192,-,LRRC15;LRRC15,GRCh37,cg02121427
2845,1,228297873,+,MRPL55;MRPL55;MRPL55;MRPL55;MRPL55;MRPL55;MRPL55;MRPL55,GRCh37,cg09462576
2846,10,72432552,+,ADAMTS14;ADAMTS14,GRCh37,cg02503850
2847,20,896981,+,ANGPT4,GRCh37,cg03218374
2848,11,65779676,+,CST6,GRCh37,cg22524514
2849,22.0,19744067,+,TBX1;TBX1;TBX1,GRCh37,cg16722536
2850,1,201858661,+,SHISA4;SHISA4,GRCh37,cg26203861
2851,2,158114404,-,GALNT5;GALNT5,GRCh37,cg24576425
2852,17,15245237,+,TEKT3,GRCh37,cg02016419
2853,2,241568439,-,GPR35,GRCh37,cg13097816
2854,12,66218285,-,HMGA2;HMGA2;RPSAP52;HMGA2;HMGA2,GRCh37,cg03251079
2855,19,6372277,+,ALKBH7,GRCh37,cg05968233
2856,1,206680250,+,RASSF5;RASSF5,GRCh37,cg17558126
2857,20,36933189,+,BPI,GRCh37,cg08254089
2858,11,119251854,-,USP2,GRCh37,cg27234090
2859,1,53068197,-,GPX7,GRCh37,cg16557944
2860,1,236850232,-,ACTN2,GRCh37,cg21376883
2861,10,134000737,-,DPYSL4,GRCh37,cg12109455
2862,1,4714008,-,AJAP1;AJAP1,GRCh37,cg20959866
2863,12,10251574,+,CLEC1A;CLEC1A,GRCh37,cg13354523
2864,20,30062987,-,REM1,GRCh37,cg26299767
2865,5,180017623,+,SCGB3A1,GRCh37,cg16585682
2866,19,49339789,-,HSD17B14;HSD17B14,GRCh37,cg15974053
2867,2,27069975,+,DPYSL5,GRCh37,cg12045002
2868,2,162272687,-,TBR1;TBR1,GRCh37,cg14187678
2869,7,94536787,-,PPP1R9A;PPP1R9A,GRCh37,cg11164400
2870,18,49868101,+,DCC,GRCh37,cg25602457
2871,16,57406955,-,CX3CL1,GRCh37,cg15195412
2872,8,143762866,+,PSCA,GRCh37,cg13446199
2873,10,50323832,+,C10orf72;C10orf72,GRCh37,cg08427977
2874,7,97361759,+,TAC1;TAC1;TAC1;TAC1,GRCh37,cg14221171
2875,12,4918169,+,KCNA6,GRCh37,cg03240509
2876,11,2720229,+,KCNQ1;KCNQ1OT1;KCNQ1,GRCh37,cg27119222
2877,1,158322845,+,CD1E;CD1E;CD1E;CD1E;CD1E;CD1E,GRCh37,cg09478478
2878,10,124913438,-,BUB3;BUB3,GRCh37,cg04058169
2879,9,130828969,-,NAIF1,GRCh37,cg09296212
2880,12,27485373,-,ARNTL2,GRCh37,cg01986577
2881,5,78407552,-,BHMT,GRCh37,cg05890484
2882,6,154678326,-,IPCEF1;IPCEF1,GRCh37,cg19690214
2883,4,7043935,-,CCDC96;TADA2B,GRCh37,cg03782453
2884,1,3569624,+,TP73,GRCh37,cg05924583
2885,11,96123557,-,JRKL;JRKL;CCDC82,GRCh37,cg20325517
2886,11,67418148,+,ACY3,GRCh37,cg06148175
2886,11,67417958,+,ACY3,GRCh37,cg11096993
2887,1,169599212,-,SELP,GRCh37,cg01459453
2888,3,13522740,+,HDAC11;HDAC11,GRCh37,cg05446471
2889,16,71560205,-,CHST4;CHST4;CHST4;CHST4,GRCh37,cg00840403
2890,4,15780238,+,CD38,GRCh37,cg26043257
2891,15,78933106,+,CHRNB4,GRCh37,cg27554782
2892,17,3301340,+,OR1E1,GRCh37,cg14043602
2892,17,3336771,+,OR1E2,GRCh37,cg14314889
2893,11,57148215,-,PRG3,GRCh37,cg24459209
2894,7,107203448,+,COG5;DUS4L;COG5;COG5,GRCh37,cg19770955
2895,12,41087092,+,CNTN1;CNTN1,GRCh37,cg27352992
2896,10,100206925,+,HPS1;HPS1,GRCh37,cg20340596
2897,5,176785296,-,RGS14,GRCh37,cg01348086
2897,11,60623144,-,GPR44,GRCh37,cg04754011
2897,15,40599680,-,PLCB2,GRCh37,cg16543027
2898,1,6485317,-,ESPN,GRCh37,cg13066963
2899,11,69518773,-,FGF19;FGF19,GRCh37,cg15774153
2900,12,96587734,+,ELK3,GRCh37,cg26911787
2901,4,104641319,-,TACR3,GRCh37,cg05389335
2902,20,4702581,-,PRND;PRND,GRCh37,cg09906458
2903,9,136399808,-,ADAMTSL2;ADAMTSL2,GRCh37,cg25580018
2904,10,98064362,-,DNTT;DNTT,GRCh37,cg24949488
2905,22.0,36902578,+,FOXRED2;FOXRED2,GRCh37,cg05475277
2906,6,108487820,-,NR2E1;NR2E1,GRCh37,cg19697981
2907,22.0,23744094,-,ZDHHC8P,GRCh37,cg04435377
2908,15,45803341,+,SLC30A4;C15orf21,GRCh37,cg08057475
2909,10,13544648,-,BEND7;BEND7,GRCh37,cg23114594
2910,3,49591008,+,BSN,GRCh37,cg08510456
2911,19,35848801,+,FFAR3,GRCh37,cg21624359
2912,20,62738197,-,NPBWR2,GRCh37,cg21628553
2913,1,23521417,+,HTR1D,GRCh37,cg08872493
2914,15,65341902,-,OSTBETA,GRCh37,cg16029760
2915,17,80291405,+,SECTM1,GRCh37,cg02787991
2916,1,41444788,-,CTPS,GRCh37,cg15043057
2917,14,77965869,-,ISM2;ISM2,GRCh37,cg06469542
2918,21.0,46032026,+,C21orf29;KRTAP10-8,GRCh37,cg17778867
2919,8,6913441,-,DEFA5,GRCh37,cg15481539
2920,6,29943401,+,HCG9,GRCh37,cg23244913
2920,6,29943414,+,HCG9,GRCh37,cg04623837
2921,7,127672169,-,SND1;LRRC4,GRCh37,cg15087147
2922,8,98289880,+,TSPYL5,GRCh37,cg15747595
2923,16,89044523,+,CBFA2T3,GRCh37,cg13745346
2924,12,122297408,+,HPD,GRCh37,cg02506908
2925,5,110559431,-,CAMK4,GRCh37,cg06822995
2926,5,176325836,-,HK3,GRCh37,cg14709481
2927,1,179199613,-,ABL2;ABL2;ABL2;ABL2;ABL2,GRCh37,cg18433086
2928,6,112575705,-,LAMA4;LAMA4;LAMA4;LAMA4;LAMA4;LAMA4;LAMA4;LAMA4;LAMA4;LAMA4,GRCh37,cg08897388
2929,11,20691180,+,NELL1;NELL1;NELL1;NELL1,GRCh37,cg20113732
2930,12,7343020,-,PEX5;PEX5;PEX5;PEX5;PEX5,GRCh37,cg15754084
2931,9,117692745,-,TNFSF8;TNFSF8,GRCh37,cg27631256
2932,20,44332733,-,WFDC10B;WFDC13;WFDC10B,GRCh37,cg00690280
2932,20,44334869,-,WFDC10B;WFDC13;WFDC10B,GRCh37,cg22988566
2933,4,154125208,-,TRIM2;TRIM2,GRCh37,cg16708623
2934,1,247580106,+,NLRP3;NLRP3;NLRP3;NLRP3;NLRP3,GRCh37,cg26112639
2935,17,46671635,-,LOC404266;LOC404266;LOC404266;HOXB5;LOC404266,GRCh37,cg01405107
2936,11,197224,-,ODF3,GRCh37,cg16225091
2937,7,6312525,+,CYTH3,GRCh37,cg11248491
2938,9,17579227,+,SH3GL2;SH3GL2,GRCh37,cg17977409
2939,1,155911238,+,RXFP4,GRCh37,cg08403419
2940,14,95048102,+,SERPINA5,GRCh37,cg16937611
2941,20,37434552,-,PPP1R16B,GRCh37,cg24834740
2942,5,110406661,+,TSLP,GRCh37,cg15089387
2943,18,61816636,-,C18orf20,GRCh37,cg01722450
2944,19,19327542,+,NCAN,GRCh37,cg13118849
2945,20,37352612,+,SLC32A1,GRCh37,cg08535373
2946,5,180075875,+,FLT4;FLT4,GRCh37,cg00489401
2947,6,52109347,+,IL17F,GRCh37,cg04063348
2948,1,1951514,+,GABRD,GRCh37,cg06063714
2949,14,30397464,+,PRKD1,GRCh37,cg21794225
2950,11,13984544,+,SPON1,GRCh37,cg02994974
2951,3,195270614,-,PPP1R2,GRCh37,cg19280968
2952,6,109777642,+,MICAL1;MICAL1,GRCh37,cg05949660
2953,3,149051031,-,TM4SF18,GRCh37,cg11761535
2954,10,125426048,+,GPR26,GRCh37,cg02757432
2955,6,153452233,-,RGS17,GRCh37,cg24317255
2956,17,38721675,+,CCR7;CCR7,GRCh37,cg17067993
2956,2,100759134,+,AFF3,GRCh37,cg06183267
2956,21,36421472,+,RUNX1;RUNX1,GRCh37,cg04915566
2956,22.0,40297036,+,GRAP2,GRCh37,cg03840259
2956,2,175499113,-,WIPF1;WIPF1,GRCh37,cg13821008
2956,14,38725750,-,CLEC14A,GRCh37,cg18403361
2956,1,25291385,-,RUNX3;RUNX3,GRCh37,cg13461622
2956,17,29648811,-,NF1;EVI2A;NF1;EVI2A,GRCh37,cg23352695
2956,4,84035837,+,PLAC8;PLAC8;PLAC8;PLAC8,GRCh37,cg24402880
2956,3,9943884,-,IL17RE;IL17RE;IL17RE,GRCh37,cg07832674
2956,2,208989469,+,CRYGD,GRCh37,cg12073779
2956,8,21771446,+,DOK2,GRCh37,cg14386061
2956,1,154164951,-,TPM3,GRCh37,cg12205230
2956,17,4486934,-,SMTNL2;SMTNL2,GRCh37,cg01720228
2957,5,161274307,+,GABRA1;GABRA1;GABRA1;GABRA1;GABRA1,GRCh37,cg02065387
2958,11,44331362,-,ALX4,GRCh37,cg15817236
2959,4,69111580,+,TMPRSS11B,GRCh37,cg19510180
2959,7,107114615,-,COG5;COG5;COG5;GPR22,GRCh37,cg24648061
2959,3,87325835,-,POU1F1;POU1F1,GRCh37,cg10874403
2959,13,39564046,-,STOML3;STOML3,GRCh37,cg05380910
2960,7,151107924,+,WDR86,GRCh37,cg19831077
2961,11,2160882,+,INS-IGF2;IGF2AS;IGF2;IGF2;IGF2AS;IGF2,GRCh37,cg20339650
2962,17,36105335,-,HNF1B;HNF1B,GRCh37,cg12788467
2963,19,57350292,+,PEG3;PEG3;ZIM2;PEG3;PEG3;ZIM2;ZIM2,GRCh37,cg27519373
2964,11,1944464,-,TNNT3;TNNT3;TNNT3;TNNT3,GRCh37,cg19642007
2965,19,51538416,-,KLK12;KLK12;KLK12,GRCh37,cg24815853
2966,6,154677796,-,IPCEF1;IPCEF1,GRCh37,cg19963522
2967,19,35773474,+,HAMP;HAMP,GRCh37,cg17907567
2968,16,62070072,-,CDH8,GRCh37,cg27444994
2969,10,23480730,+,PTF1A,GRCh37,cg17389519
2970,14,94983863,-,SERPINA12;SERPINA12,GRCh37,cg05485062
2971,13,20766170,-,GJB2,GRCh37,cg11054936
2972,19,48828859,+,EMP3;EMP3,GRCh37,cg01795122
2973,14,76837569,+,ESRRB,GRCh37,cg07864297
2974,21,39627271,-,KCNJ15,GRCh37,cg03993463
2975,9,132427570,-,PRRX2,GRCh37,cg02205739
2976,18,49867359,+,DCC,GRCh37,cg04272086
2977,18,58039932,+,MC4R;MC4R,GRCh37,cg13365022
2978,12,15475319,-,PTPRO;PTPRO,GRCh37,cg27196745
2979,2,68961597,+,ARHGAP25;ARHGAP25,GRCh37,cg15258980
2980,19,859983,-,CFD,GRCh37,cg20974196
2981,15,58430682,-,AQP9;AQP9,GRCh37,cg11577097
2981,17,64873351,-,CACNG5;CACNG5,GRCh37,cg06226384
2981,11,125615388,-,PATE1,GRCh37,cg19345602
2981,8,13373090,-,DLC1;DLC1,GRCh37,cg00933411
2981,19,36054519,+,ATP4A,GRCh37,cg06123346
2981,5,1225224,+,SLC6A19;SLC6A18,GRCh37,cg19421752
2982,5,134871658,+,NEUROG1,GRCh37,cg11248413
2983,11,32450692,+,WT1;WT1;WT1;WT1,GRCh37,cg25782229
2984,6,31080305,+,C6orf15,GRCh37,cg27305662
2984,3,122284563,+,PARP9;PARP9;PARP9;PARP9;PARP9;DTX3L;PARP9,GRCh37,cg25932713
2984,3,122284550,-,PARP9;PARP9;PARP9;PARP9;PARP9;DTX3L;PARP9,GRCh37,cg00633969
2985,1,11714254,-,FBXO44;FBXO2;FBXO44;FBXO44;FBXO44,GRCh37,cg01420388
2986,2,51255627,+,NRXN1;NRXN1,GRCh37,cg10917619
2987,3,196466425,+,PAK2,GRCh37,cg21030598
2988,1,155050100,-,EFNA3,GRCh37,cg17582777
2989,5,150400531,-,GPX3,GRCh37,cg17820459
2990,4,74702075,+,CXCL6,GRCh37,cg22670329
2991,1,3607110,-,TP73;TP73;TP73;TP73,GRCh37,cg25115460
2992,11,134146910,-,GLB1L3,GRCh37,cg19674669
2993,5,45696592,+,HCN1,GRCh37,cg11285003
2994,10,115511153,+,C10orf81,GRCh37,cg11204562
2995,4,41751001,-,PHOX2B,GRCh37,cg17783509
2996,12,4488893,-,FGF23;FGF23,GRCh37,cg23219570
2996,19,14910889,+,OR7C1,GRCh37,cg11328541
2996,19,52004630,-,SIGLEC12;SIGLEC12,GRCh37,cg12530021
2996,5,169816378,+,KCNIP1;KCNMB1;KCNMB1,GRCh37,cg01495509
2996,19,30863349,+,ZNF536;ZNF536,GRCh37,cg18680834
2996,8,6914838,+,DEFA5,GRCh37,cg04747619
2996,14,99177987,-,C14orf177;C14orf177,GRCh37,cg24169915
2996,12,108732994,+,CMKLR1;CMKLR1;CMKLR1;CMKLR1;CMKLR1;CMKLR1,GRCh37,cg06933965
2996,1,159174610,-,DARC;DARC;DARC,GRCh37,cg18552413
2996,22.0,30867673,+,SEC14L3,GRCh37,cg18294257
2996,10,134884177,+,,GRCh37,cg21607649
2996,19,55417647,-,NCR1;NCR1;NCR1;NCR1;NCR1,GRCh37,cg12952132
2996,20,1600623,-,SIRPB1;SIRPB1;SIRPB1;SIRPB1;SIRPB1;SIRPB1,GRCh37,cg25799433
2996,11,6897491,-,OR10A4,GRCh37,cg03898365
2996,1,159046391,-,AIM2,GRCh37,cg11003133
2996,20,1974924,+,PDYN,GRCh37,cg14944362
2997,8,42248702,+,VDAC3;VDAC3,GRCh37,cg17910564
2998,20,31824068,+,PLUNC;PLUNC,GRCh37,cg01910481
2999,8,95448685,-,RAD54B,GRCh37,cg26323655
