,Batch,CancerSubminer,NeMo,KMeans
TCGA-A2-A0YK-01A-22D-A10A-05,Source,Cluster 2,Cluster 3,Cluster 1
TCGA-BH-A208-01A-11D-A161-05,Source,Cluster 4,Cluster 5,Cluster 2
TCGA-LL-A441-01A-11D-A244-05,Source,Cluster 2,Cluster 4,Cluster 1
TCGA-AO-A0JB-01A-11D-A10P-05,Source,Cluster 4,Cluster 2,Cluster 3
TCGA-AC-A2FK-01A-12D-A17Z-05,Source,Cluster 2,Cluster 4,Cluster 1
TCGA-C8-A8HR-01A-11D-A36K-05,Source,Cluster 2,Cluster 4,Cluster 1
TCGA-LD-A9QF-01A-32D-A41Q-05,Source,Cluster 2,Cluster 4,Cluster 1
TCGA-EW-A1P1-01A-31D-A14H-05,Source,Cluster 2,Cluster 4,Cluster 1
TCGA-BH-A28O-01A-11D-A22B-05,Source,Cluster 2,Cluster 4,Cluster 1
TCGA-A2-A1G6-01A-11D-A13K-05,Source,Cluster 2,Cluster 4,Cluster 2
TCGA-E2-A108-01A-13D-A10N-05,Source,Cluster 2,Cluster 4,Cluster 1
TCGA-BH-A1FU-01A-11D-A14H-05,Source,Cluster 2,Cluster 4,Cluster 1
TCGA-A2-A4RY-01A-31D-A268-05,Source,Cluster 2,Cluster 3,Cluster 1
TCGA-OL-A5D6-01A-21D-A27Y-05,Source,Cluster 2,Cluster 3,Cluster 1
TCGA-EW-A1PG-01A-11D-A145-05,Source,Cluster 2,Cluster 3,Cluster 1
TCGA-AR-A1AO-01A-11D-A12R-05,Source,Cluster 2,Cluster 4,Cluster 1
TCGA-BH-A6R9-01A-21D-A32T-05,Source,Cluster 2,Cluster 4,Cluster 1
TCGA-A2-A25A-01A-12D-A16G-05,Source,Cluster 2,Cluster 3,Cluster 1
TCGA-A1-A0SB-01A-11D-A145-05,Source,Cluster 4,Cluster 5,Cluster 2
TCGA-OL-A5RY-01A-21D-A28C-05,Source,Cluster 2,Cluster 4,Cluster 1
TCGA-BH-A42U-01A-12D-A244-05,Source,Cluster 2,Cluster 4,Cluster 1
TCGA-AR-A2LQ-01A-22D-A18O-05,Source,Cluster 2,Cluster 3,Cluster 1
TCGA-OL-A97C-01A-32D-A41Q-05,Source,Cluster 2,Cluster 5,Cluster 2
TCGA-AO-A03U-01B-21D-A10N-05,Source,Cluster 2,Cluster 4,Cluster 2
TCGA-A2-A3XW-01A-11D-A23D-05,Source,Cluster 2,Cluster 4,Cluster 1
TCGA-AO-A1KO-01A-31D-A13K-05,Source,Cluster 2,Cluster 5,Cluster 2
TCGA-PL-A8LY-01A-11D-A41Q-05,Source,Cluster 2,Cluster 5,Cluster 2
TCGA-BH-A8FZ-01A-11D-A357-05,Source,Cluster 2,Cluster 3,Cluster 1
TCGA-LL-A73Z-01A-11D-A32T-05,Source,Cluster 2,Cluster 3,Cluster 1
TCGA-D8-A1XW-01A-11D-A14N-05,Source,Cluster 4,Cluster 5,Cluster 2
TCGA-AR-A2LH-01A-31D-A18O-05,Source,Cluster 2,Cluster 4,Cluster 1
TCGA-AC-A3YI-01A-21D-A23D-05,Source,Cluster 2,Cluster 3,Cluster 1
TCGA-GM-A2DD-01A-11D-A17Z-05,Source,Cluster 2,Cluster 1,Cluster 1
TCGA-EW-A1P7-01A-21D-A145-05,Source,Cluster 2,Cluster 4,Cluster 1
TCGA-A8-A08H-01A-21D-A00Y-05,Source,Cluster 5,Cluster 4,Cluster 1
TCGA-A2-A0CL-01A-11D-A112-05,Source,Cluster 2,Cluster 4,Cluster 1
TCGA-AO-A03T-01A-21D-A032-05,Source,Cluster 5,Cluster 2,Cluster 3
TCGA-B6-A0RQ-01A-11D-A112-05,Source,Cluster 5,Cluster 5,Cluster 3
TCGA-AO-A03R-01A-21D-A032-05,Source,Cluster 5,Cluster 2,Cluster 4
TCGA-A2-A0CZ-01A-11D-A032-05,Source,Cluster 2,Cluster 5,Cluster 1
TCGA-E2-A1IH-01A-11D-A13K-05,Source,Cluster 3,Cluster 3,Cluster 1
TCGA-AO-A0JI-01A-21D-A10P-05,Source,Cluster 1,Cluster 1,Cluster 5
TCGA-LL-A740-01A-21D-A32T-05,Source,Cluster 1,Cluster 1,Cluster 5
TCGA-BH-A1EO-01A-11D-A138-05,Source,Cluster 1,Cluster 1,Cluster 5
TCGA-D8-A27G-01A-11D-A16G-05,Source,Cluster 1,Cluster 1,Cluster 5
TCGA-D8-A73U-01A-11D-A33F-05,Source,Cluster 5,Cluster 4,Cluster 1
TCGA-E9-A3X8-01A-31D-A230-05,Source,Cluster 3,Cluster 3,Cluster 1
TCGA-AC-A3HN-01A-11D-A212-05,Source,Cluster 3,Cluster 3,Cluster 1
TCGA-GM-A2DK-01A-21D-A17Z-05,Source,Cluster 3,Cluster 3,Cluster 1
TCGA-AO-A0JG-01A-31D-A10P-05,Source,Cluster 3,Cluster 3,Cluster 3
TCGA-AR-A5QM-01A-11D-A27Y-05,Source,Cluster 1,Cluster 1,Cluster 5
TCGA-A2-A0EU-01A-22D-A10P-05,Source,Cluster 5,Cluster 2,Cluster 3
TCGA-BH-A0GZ-01A-11D-A10P-05,Source,Cluster 1,Cluster 3,Cluster 5
TCGA-AC-A3TN-01A-11D-A22B-05,Source,Cluster 1,Cluster 1,Cluster 5
TCGA-D8-A1JN-01A-11D-A13K-05,Source,Cluster 1,Cluster 1,Cluster 5
TCGA-BH-A2L8-01A-11D-A18O-05,Source,Cluster 3,Cluster 3,Cluster 1
TCGA-OL-A6VQ-01A-12D-A41Q-05,Source,Cluster 3,Cluster 3,Cluster 1
TCGA-B6-A401-01A-11D-A23D-05,Source,Cluster 3,Cluster 3,Cluster 1
TCGA-BH-A1EY-01A-11D-A13K-05,Source,Cluster 3,Cluster 3,Cluster 1
TCGA-AN-A0XT-01A-11D-A10A-05,Source,Cluster 5,Cluster 2,Cluster 3
TCGA-BH-A0BJ-01A-11D-A10P-05,Source,Cluster 5,Cluster 3,Cluster 1
TCGA-E2-A3DX-01A-21D-A212-05,Source,Cluster 5,Cluster 4,Cluster 1
TCGA-MS-A51U-01A-31D-A268-05,Source,Cluster 3,Cluster 3,Cluster 1
TCGA-E2-A1BC-01A-11D-A12R-05,Source,Cluster 3,Cluster 3,Cluster 3
TCGA-BH-A0W5-01A-11D-A10A-05,Source,Cluster 3,Cluster 3,Cluster 1
TCGA-AC-A6NO-01A-12D-A33F-05,Source,Cluster 5,Cluster 2,Cluster 3
TCGA-GM-A2DI-01A-31D-A18O-05,Source,Cluster 5,Cluster 4,Cluster 1
TCGA-BH-A1FL-01A-11D-A13K-05,Source,Cluster 3,Cluster 3,Cluster 3
TCGA-D8-A1JB-01A-11D-A13K-05,Source,Cluster 3,Cluster 3,Cluster 1
TCGA-BH-A0DI-01A-21D-A12R-05,Source,Cluster 3,Cluster 3,Cluster 1
TCGA-BH-A1FE-01A-11D-A13K-05,Source,Cluster 3,Cluster 3,Cluster 1
TCGA-A7-A26E-01B-06D-A27B-05,Source,Cluster 1,Cluster 1,Cluster 5
TCGA-BH-AB28-01A-31D-A41Q-05,Source,Cluster 1,Cluster 1,Cluster 5
TCGA-D8-A27V-01A-12D-A17F-05,Source,Cluster 5,Cluster 2,Cluster 4
TCGA-A7-A4SB-01A-21D-A268-05,Source,Cluster 5,Cluster 2,Cluster 3
TCGA-A7-A26E-01A-11D-A16A-05,Source,Cluster 1,Cluster 1,Cluster 5
TCGA-BH-A0DK-01A-21D-A10P-05,Source,Cluster 1,Cluster 1,Cluster 5
TCGA-D8-A1XD-01A-11D-A14H-05,Source,Cluster 3,Cluster 3,Cluster 5
TCGA-BH-A0DP-01A-21D-A10P-05,Source,Cluster 3,Cluster 1,Cluster 5
TCGA-E2-A1L8-01A-11D-A13K-05,Source,Cluster 5,Cluster 2,Cluster 4
TCGA-BH-A8G0-01A-11D-A357-05,Source,Cluster 5,Cluster 3,Cluster 1
TCGA-BH-A1EX-01A-11D-A13K-05,Source,Cluster 5,Cluster 2,Cluster 3
TCGA-EW-A1J3-01A-11D-A13K-05,Source,Cluster 3,Cluster 2,Cluster 3
TCGA-E9-A1NH-01A-11D-A14H-05,Source,Cluster 3,Cluster 3,Cluster 3
TCGA-A2-A0EN-01A-13D-A10P-05,Source,Cluster 3,Cluster 3,Cluster 1
TCGA-BH-A0E2-01A-11D-A10P-05,Source,Cluster 1,Cluster 1,Cluster 5
TCGA-D8-A1Y0-01A-11D-A14N-05,Source,Cluster 3,Cluster 3,Cluster 1
TCGA-AR-A2LO-01A-31D-A18O-05,Source,Cluster 3,Cluster 3,Cluster 1
TCGA-A7-A26J-01A-11D-A16A-05,Source,Cluster 1,Cluster 1,Cluster 5
TCGA-B6-A40C-01A-11D-A23D-05,Source,Cluster 3,Cluster 1,Cluster 5
TCGA-AO-A03M-01B-11D-A10N-05,Source,Cluster 5,Cluster 3,Cluster 1
TCGA-B6-A0RV-01A-11D-A10P-05,Source,Cluster 3,Cluster 3,Cluster 1
TCGA-BH-A42V-01A-11D-A244-05,Source,Cluster 3,Cluster 3,Cluster 1
TCGA-AO-A12E-01A-11D-A10N-05,Source,Cluster 1,Cluster 1,Cluster 5
TCGA-E2-A2P6-01A-11D-A19Z-05,Source,Cluster 3,Cluster 1,Cluster 5
TCGA-A2-A1G0-01A-11D-A13K-05,Source,Cluster 5,Cluster 2,Cluster 3
TCGA-5L-AAT1-01A-12D-A41Q-05,Source,Cluster 3,Cluster 1,Cluster 5
TCGA-C8-A1HO-01A-11D-A13K-05,Source,Cluster 1,Cluster 1,Cluster 5
TCGA-LD-A66U-01A-11D-A31V-05,Source,Cluster 3,Cluster 3,Cluster 3
TCGA-E9-A1R6-01A-11D-A14H-05,Source,Cluster 1,Cluster 1,Cluster 5
TCGA-E2-A1IO-01A-11D-A145-05,Source,Cluster 5,Cluster 2,Cluster 3
TCGA-AC-A5XU-01A-11D-A28C-05,Source,Cluster 1,Cluster 1,Cluster 5
TCGA-E2-A1IN-01A-11D-A13K-05,Source,Cluster 5,Cluster 2,Cluster 3
TCGA-A7-A56D-01A-11D-A27Y-05,Source,Cluster 3,Cluster 1,Cluster 4
TCGA-BH-A0HK-01A-11D-A10P-05,Source,Cluster 1,Cluster 1,Cluster 5
TCGA-D8-A1XB-01A-11D-A14H-05,Source,Cluster 1,Cluster 3,Cluster 5
TCGA-AC-A23G-01A-11D-A212-05,Source,Cluster 3,Cluster 3,Cluster 1
TCGA-AC-A2B8-01A-11D-A17F-05,Source,Cluster 3,Cluster 2,Cluster 3
TCGA-BH-A5J0-01A-11D-A27Y-05,Source,Cluster 5,Cluster 2,Cluster 4
TCGA-AO-A125-01A-11D-A10N-05,Source,Cluster 3,Cluster 1,Cluster 4
TCGA-OL-A66N-01A-12D-A31V-05,Source,Cluster 3,Cluster 3,Cluster 5
TCGA-OL-A66J-01A-11D-A29O-05,Source,Cluster 3,Cluster 2,Cluster 4
TCGA-EW-A1P3-01A-11D-A145-05,Source,Cluster 3,Cluster 3,Cluster 3
TCGA-BH-A0B8-01A-21D-A10P-05,Source,Cluster 1,Cluster 1,Cluster 5
TCGA-E9-A1QZ-01A-21D-A16A-05,Source,Cluster 5,Cluster 4,Cluster 1
TCGA-BH-A0DQ-01A-11D-A10P-05,Source,Cluster 5,Cluster 2,Cluster 4
TCGA-AC-A8OP-01A-11D-A36K-05,Source,Cluster 1,Cluster 1,Cluster 5
TCGA-XX-A899-01A-11D-A36K-05,Source,Cluster 3,Cluster 3,Cluster 1
TCGA-A2-A259-01A-11D-A16G-05,Source,Cluster 3,Cluster 3,Cluster 1
TCGA-A2-A3KC-01A-11D-A212-05,Source,Cluster 3,Cluster 3,Cluster 5
TCGA-D8-A1XA-01A-11D-A14H-05,Source,Cluster 3,Cluster 2,Cluster 4
TCGA-E2-A1B1-01A-21D-A12R-05,Source,Cluster 5,Cluster 4,Cluster 1
TCGA-A7-A5ZX-01A-12D-A29O-05,Source,Cluster 3,Cluster 3,Cluster 1
TCGA-BH-A201-01A-11D-A14N-05,Source,Cluster 5,Cluster 3,Cluster 3
TCGA-AQ-A04L-01B-21D-A10N-05,Source,Cluster 3,Cluster 1,Cluster 4
TCGA-BH-A0E1-01A-11D-A10P-05,Source,Cluster 3,Cluster 3,Cluster 3
TCGA-AR-A0U3-01A-11D-A10A-05,Source,Cluster 1,Cluster 1,Cluster 5
TCGA-A7-A425-01A-11D-A244-05,Source,Cluster 5,Cluster 2,Cluster 3
TCGA-OL-A66H-01A-11D-A29O-05,Source,Cluster 5,Cluster 2,Cluster 3
TCGA-D8-A1XV-01A-11D-A14N-05,Source,Cluster 3,Cluster 2,Cluster 3
TCGA-S3-A6ZG-01A-22D-A32T-05,Source,Cluster 1,Cluster 1,Cluster 5
TCGA-E9-A1NG-01A-21D-A14N-05,Source,Cluster 5,Cluster 2,Cluster 3
TCGA-AC-A5XS-01A-11D-A29O-05,Source,Cluster 5,Cluster 2,Cluster 3
TCGA-A7-A3RF-01A-11D-A22B-05,Source,Cluster 5,Cluster 2,Cluster 3
TCGA-PL-A8LX-01A-11D-A41Q-05,Source,Cluster 3,Cluster 3,Cluster 3
TCGA-AR-A1AX-01A-11D-A12R-05,Source,Cluster 5,Cluster 4,Cluster 1
TCGA-BH-A1FB-01A-11D-A13K-05,Source,Cluster 5,Cluster 4,Cluster 1
TCGA-BH-A0HI-01A-11D-A10P-05,Source,Cluster 3,Cluster 3,Cluster 3
TCGA-AR-A5QP-01A-11D-A28C-05,Source,Cluster 3,Cluster 3,Cluster 1
TCGA-B6-A0RI-01A-11D-A10P-05,Source,Cluster 5,Cluster 2,Cluster 3
TCGA-E2-A1IE-01A-11D-A13K-05,Source,Cluster 1,Cluster 1,Cluster 5
TCGA-E9-A1N5-01A-11D-A14H-05,Source,Cluster 3,Cluster 3,Cluster 1
TCGA-GM-A5PX-01A-12D-A28C-05,Source,Cluster 3,Cluster 3,Cluster 3
TCGA-B6-A0RG-01A-11D-A10P-05,Source,Cluster 5,Cluster 2,Cluster 4
TCGA-E2-A1IF-01A-11D-A145-05,Source,Cluster 5,Cluster 2,Cluster 3
TCGA-BH-A1F5-01A-12D-A13K-05,Source,Cluster 3,Cluster 2,Cluster 3
TCGA-D8-A27T-01A-11D-A16G-05,Source,Cluster 3,Cluster 2,Cluster 4
TCGA-B6-A40B-01A-11D-A23D-05,Source,Cluster 1,Cluster 1,Cluster 5
TCGA-E9-A24A-01A-11D-A16A-05,Source,Cluster 5,Cluster 5,Cluster 3
TCGA-AC-A3TM-01A-11D-A22B-05,Source,Cluster 3,Cluster 3,Cluster 3
TCGA-D8-A4Z1-01A-21D-A268-05,Source,Cluster 3,Cluster 3,Cluster 1
TCGA-AC-A3OD-01B-06D-A22R-05,Source,Cluster 1,Cluster 1,Cluster 5
TCGA-C8-A3M7-01A-12D-A21R-05,Source,Cluster 3,Cluster 3,Cluster 1
TCGA-A8-A08O-01A-21D-A10P-05,Source,Cluster 3,Cluster 3,Cluster 3
TCGA-D8-A73X-01A-11D-A32T-05,Source,Cluster 3,Cluster 3,Cluster 5
TCGA-S3-AA12-01A-11D-A41Q-05,Source,Cluster 5,Cluster 2,Cluster 4
TCGA-LL-A6FQ-01A-11D-A31V-05,Source,Cluster 3,Cluster 2,Cluster 4
TCGA-A2-A0YI-01A-31D-A10N-05,Source,Cluster 3,Cluster 3,Cluster 1
TCGA-GM-A2DA-01A-11D-A18O-05,Source,Cluster 5,Cluster 2,Cluster 4
TCGA-OK-A5Q2-01A-11D-A27Y-05,Source,Cluster 3,Cluster 3,Cluster 1
TCGA-A2-A1FV-01A-11D-A13K-05,Source,Cluster 1,Cluster 1,Cluster 5
TCGA-C8-A26Z-01A-11D-A16G-05,Source,Cluster 3,Cluster 2,Cluster 4
TCGA-GM-A4E0-01A-12D-A268-05,Source,Cluster 3,Cluster 3,Cluster 1
TCGA-OL-A5RX-01A-11D-A28C-05,Source,Cluster 3,Cluster 3,Cluster 1
TCGA-BH-A0HA-01A-11D-A12R-05,Source,Cluster 3,Cluster 3,Cluster 3
TCGA-E2-A10F-01A-11D-A10N-05,Source,Cluster 3,Cluster 3,Cluster 5
TCGA-E2-A1IL-01A-11D-A14H-05,Source,Cluster 3,Cluster 3,Cluster 3
TCGA-C8-A1HI-01A-11D-A138-05,Source,Cluster 3,Cluster 3,Cluster 3
TCGA-AQ-A0Y5-01A-11D-A14N-05,Source,Cluster 3,Cluster 1,Cluster 3
TCGA-A7-A26J-01B-02D-A27B-05,Source,Cluster 3,Cluster 1,Cluster 1
TCGA-D8-A1X8-01A-11D-A14N-05,Source,Cluster 3,Cluster 3,Cluster 3
TCGA-E9-A1RD-01A-11D-A161-05,Source,Cluster 1,Cluster 1,Cluster 5
TCGA-E2-A1IU-01A-11D-A14H-05,Source,Cluster 5,Cluster 2,Cluster 3
TCGA-D8-A1XY-01A-11D-A14N-05,Source,Cluster 5,Cluster 2,Cluster 4
TCGA-EW-A2FS-01A-11D-A17F-05,Source,Cluster 3,Cluster 1,Cluster 5
TCGA-A1-A0SG-01A-11D-A145-05,Source,Cluster 5,Cluster 2,Cluster 4
TCGA-E9-A1RF-01A-11D-A161-05,Source,Cluster 1,Cluster 1,Cluster 5
TCGA-EW-A423-01A-11D-A244-05,Source,Cluster 1,Cluster 1,Cluster 5
TCGA-BH-A0B5-01A-11D-A12R-05,Source,Cluster 3,Cluster 1,Cluster 5
TCGA-V7-A7HQ-01A-11D-A33F-05,Source,Cluster 5,Cluster 2,Cluster 3
TCGA-E9-A245-01A-22D-A16G-05,Source,Cluster 5,Cluster 2,Cluster 3
TCGA-BH-A0HP-01A-12D-A10P-05,Source,Cluster 3,Cluster 3,Cluster 5
TCGA-A1-A0SF-01A-11D-A145-05,Source,Cluster 3,Cluster 2,Cluster 3
TCGA-BH-A0H3-01A-11D-A12R-05,Source,Cluster 3,Cluster 3,Cluster 1
TCGA-A2-A0CT-01A-31D-A10P-05,Source,Cluster 1,Cluster 1,Cluster 5
TCGA-D8-A1XC-01A-11D-A14H-05,Source,Cluster 3,Cluster 2,Cluster 3
TCGA-E2-A1L9-01A-11D-A13K-05,Source,Cluster 3,Cluster 3,Cluster 3
TCGA-D8-A1JH-01A-11D-A13K-05,Source,Cluster 3,Cluster 3,Cluster 1
TCGA-E9-A295-01A-11D-A16G-05,Source,Cluster 1,Cluster 1,Cluster 5
TCGA-AR-A24X-01A-11D-A16A-05,Source,Cluster 1,Cluster 1,Cluster 5
TCGA-LL-A7SZ-01A-32D-A357-05,Source,Cluster 5,Cluster 2,Cluster 4
TCGA-S3-A6ZH-01A-22D-A32T-05,Source,Cluster 5,Cluster 2,Cluster 4
TCGA-OL-A5RU-01A-11D-A28C-05,Source,Cluster 5,Cluster 3,Cluster 1
TCGA-AC-A3YJ-01A-11D-A230-05,Source,Cluster 3,Cluster 3,Cluster 3
TCGA-E9-A1RA-01A-11D-A14H-05,Source,Cluster 3,Cluster 3,Cluster 1
TCGA-AO-A12C-01A-11D-A10N-05,Source,Cluster 1,Cluster 1,Cluster 5
TCGA-BH-A0B2-01A-11D-A10N-05,Source,Cluster 3,Cluster 3,Cluster 1
TCGA-E2-A1IG-01A-11D-A145-05,Source,Cluster 3,Cluster 2,Cluster 4
TCGA-A2-A25D-01A-12D-A16G-05,Source,Cluster 3,Cluster 2,Cluster 3
TCGA-E9-A227-01A-11D-A161-05,Source,Cluster 5,Cluster 2,Cluster 3
TCGA-A7-A26H-01A-11D-A16A-05,Source,Cluster 3,Cluster 1,Cluster 5
TCGA-GM-A3XN-01A-12D-A230-05,Source,Cluster 3,Cluster 3,Cluster 1
TCGA-A7-A4SC-01A-12D-A268-05,Source,Cluster 1,Cluster 1,Cluster 5
TCGA-BH-A0W4-01A-11D-A10A-05,Source,Cluster 3,Cluster 3,Cluster 3
TCGA-AO-A126-01A-11D-A10N-05,Source,Cluster 1,Cluster 1,Cluster 5
TCGA-E9-A1R0-01A-22D-A16G-05,Source,Cluster 3,Cluster 2,Cluster 4
TCGA-GM-A3XG-01A-31D-A244-05,Source,Cluster 5,Cluster 4,Cluster 1
TCGA-AC-A8OS-01A-12D-A41Q-05,Source,Cluster 3,Cluster 3,Cluster 3
TCGA-B6-A0WZ-01A-11D-A10A-05,Source,Cluster 3,Cluster 1,Cluster 5
TCGA-GM-A3NY-01A-11D-A21R-05,Source,Cluster 3,Cluster 3,Cluster 5
TCGA-A2-A0SU-01A-11D-A10P-05,Source,Cluster 5,Cluster 3,Cluster 3
TCGA-E2-A107-01A-11D-A10N-05,Source,Cluster 3,Cluster 1,Cluster 5
TCGA-B6-A0X4-01A-11D-A10A-05,Source,Cluster 5,Cluster 2,Cluster 3
TCGA-BH-A0HB-01A-11D-A10P-05,Source,Cluster 3,Cluster 3,Cluster 5
TCGA-D8-A27K-01A-11D-A16G-05,Source,Cluster 3,Cluster 3,Cluster 1
TCGA-A2-A0CR-01A-11D-A22B-05,Source,Cluster 3,Cluster 4,Cluster 1
TCGA-LL-A5YN-01A-11D-A28C-05,Source,Cluster 5,Cluster 3,Cluster 1
TCGA-EW-A1J1-01A-11D-A13K-05,Source,Cluster 5,Cluster 2,Cluster 3
TCGA-AQ-A1H3-01A-31D-A13K-05,Source,Cluster 3,Cluster 3,Cluster 5
TCGA-E9-A229-01A-31D-A161-05,Source,Cluster 5,Cluster 3,Cluster 3
TCGA-AR-A24T-01A-11D-A16A-05,Source,Cluster 1,Cluster 1,Cluster 5
TCGA-A7-A426-01A-22D-A244-05,Source,Cluster 3,Cluster 3,Cluster 3
TCGA-OL-A66K-01A-11D-A29O-05,Source,Cluster 3,Cluster 1,Cluster 5
TCGA-AQ-A1H2-01A-11D-A13K-05,Source,Cluster 5,Cluster 2,Cluster 4
TCGA-BH-A0BT-01A-11D-A12R-05,Source,Cluster 5,Cluster 2,Cluster 4
TCGA-A7-A5ZW-01A-12D-A29O-05,Source,Cluster 3,Cluster 3,Cluster 1
TCGA-3C-AALK-01A-11D-A41Q-05,Source,Cluster 1,Cluster 1,Cluster 5
TCGA-AN-A0XO-01A-11D-A10A-05,Source,Cluster 3,Cluster 1,Cluster 5
TCGA-EW-A6S9-01A-22D-A33F-05,Source,Cluster 3,Cluster 3,Cluster 3
TCGA-BH-A0BA-01A-11D-A10P-05,Source,Cluster 3,Cluster 1,Cluster 5
TCGA-BH-A1FR-01A-11D-A13K-05,Source,Cluster 5,Cluster 3,Cluster 3
TCGA-BH-A1FG-01A-11D-A13K-05,Source,Cluster 3,Cluster 3,Cluster 3
TCGA-BH-A0HN-01A-11D-A10P-05,Source,Cluster 3,Cluster 2,Cluster 3
TCGA-JL-A3YX-01A-11D-A230-05,Source,Cluster 3,Cluster 2,Cluster 3
TCGA-B6-A0RO-01A-22D-A10P-05,Source,Cluster 3,Cluster 3,Cluster 3
TCGA-AC-A3EH-01A-22D-A22B-05,Source,Cluster 3,Cluster 1,Cluster 5
TCGA-AN-A0XS-01A-22D-A10A-05,Source,Cluster 3,Cluster 2,Cluster 3
TCGA-BH-A0DS-01A-11D-A10P-05,Source,Cluster 1,Cluster 1,Cluster 5
TCGA-E9-A247-01A-11D-A16A-05,Source,Cluster 1,Cluster 1,Cluster 5
TCGA-AR-A1AN-01A-11D-A12R-05,Source,Cluster 5,Cluster 3,Cluster 3
TCGA-PE-A5DE-01A-11D-A27Y-05,Source,Cluster 3,Cluster 2,Cluster 3
TCGA-S3-AA11-01A-31D-A41Q-05,Source,Cluster 1,Cluster 1,Cluster 5
TCGA-EW-A1PA-01A-11D-A145-05,Source,Cluster 3,Cluster 1,Cluster 3
TCGA-BH-A28Q-01A-11D-A16G-05,Source,Cluster 3,Cluster 3,Cluster 5
TCGA-BH-A6R8-01A-21D-A33F-05,Source,Cluster 5,Cluster 2,Cluster 4
TCGA-A2-A0YL-01A-21D-A10A-05,Source,Cluster 5,Cluster 3,Cluster 3
TCGA-A2-A0CK-01A-11D-A22B-05,Source,Cluster 3,Cluster 3,Cluster 3
TCGA-A1-A0SH-01A-11D-A10P-05,Source,Cluster 3,Cluster 3,Cluster 1
TCGA-E9-A1R3-01A-31D-A14N-05,Source,Cluster 5,Cluster 2,Cluster 3
TCGA-D8-A1XM-01A-21D-A14N-05,Source,Cluster 3,Cluster 3,Cluster 3
TCGA-AO-A0JJ-01A-11D-A10P-05,Source,Cluster 3,Cluster 3,Cluster 1
TCGA-B6-A0WT-01A-11D-A10A-05,Source,Cluster 3,Cluster 2,Cluster 3
TCGA-A2-A4RW-01A-21D-A268-05,Source,Cluster 3,Cluster 3,Cluster 5
TCGA-AR-A0TZ-01A-12D-A10P-05,Source,Cluster 1,Cluster 1,Cluster 5
TCGA-D8-A1JS-01A-11D-A13K-05,Source,Cluster 3,Cluster 2,Cluster 3
TCGA-AC-A3QP-01A-11D-A230-05,Source,Cluster 5,Cluster 3,Cluster 3
TCGA-D8-A3Z6-01A-11D-A23D-05,Source,Cluster 3,Cluster 1,Cluster 4
TCGA-A1-A0SQ-01A-21D-A145-05,Source,Cluster 5,Cluster 2,Cluster 4
TCGA-AO-A12B-01A-11D-A10N-05,Source,Cluster 3,Cluster 3,Cluster 3
TCGA-LQ-A4E4-01A-11D-A268-05,Source,Cluster 1,Cluster 1,Cluster 5
TCGA-AR-A1AU-01A-11D-A12R-05,Source,Cluster 3,Cluster 3,Cluster 3
TCGA-E2-A14U-01A-11D-A22B-05,Source,Cluster 5,Cluster 3,Cluster 1
TCGA-GM-A2DL-01A-11D-A18O-05,Source,Cluster 3,Cluster 1,Cluster 5
TCGA-E9-A1RI-01A-11D-A16A-05,Source,Cluster 3,Cluster 3,Cluster 1
TCGA-A2-A0T7-01A-21D-A10P-05,Source,Cluster 3,Cluster 3,Cluster 1
TCGA-B6-A2IU-01A-32D-A18O-05,Source,Cluster 3,Cluster 2,Cluster 4
TCGA-AC-A8OR-01A-21D-A41Q-05,Source,Cluster 5,Cluster 3,Cluster 3
TCGA-E2-A1BD-01A-11D-A12R-05,Source,Cluster 1,Cluster 1,Cluster 5
TCGA-B6-A1KI-01A-11D-A14N-05,Source,Cluster 5,Cluster 2,Cluster 3
TCGA-GM-A2DN-01A-11D-A17Z-05,Source,Cluster 3,Cluster 3,Cluster 1
TCGA-A7-A4SA-01A-11D-A268-05,Source,Cluster 5,Cluster 3,Cluster 1
TCGA-D8-A1JP-01A-11D-A13K-05,Source,Cluster 3,Cluster 3,Cluster 3
TCGA-E2-A1B4-01A-11D-A12R-05,Source,Cluster 3,Cluster 2,Cluster 3
TCGA-E9-A3Q9-01A-11D-A21R-05,Source,Cluster 5,Cluster 2,Cluster 4
TCGA-AR-A24L-01A-11D-A16A-05,Source,Cluster 5,Cluster 3,Cluster 3
TCGA-LL-A5YL-01A-12D-A29O-05,Source,Cluster 1,Cluster 1,Cluster 5
TCGA-A7-A3J0-01A-11D-A212-05,Source,Cluster 5,Cluster 2,Cluster 3
TCGA-A2-A0YF-01A-21D-A10A-05,Source,Cluster 5,Cluster 2,Cluster 4
TCGA-E2-A1IK-01A-11D-A145-05,Source,Cluster 5,Cluster 2,Cluster 3
TCGA-D8-A1XO-01A-11D-A14N-05,Source,Cluster 3,Cluster 3,Cluster 3
TCGA-AR-A1AK-01A-21D-A12R-05,Source,Cluster 3,Cluster 3,Cluster 1
TCGA-D8-A73W-01A-22D-A357-05,Source,Cluster 5,Cluster 2,Cluster 3
TCGA-AC-A2FE-01A-11D-A19Z-05,Source,Cluster 1,Cluster 1,Cluster 5
TCGA-A7-A3IY-01A-21D-A21R-05,Source,Cluster 5,Cluster 5,Cluster 2
TCGA-AR-A252-01A-11D-A16A-05,Source,Cluster 3,Cluster 4,Cluster 1
TCGA-A2-A0EP-01A-52D-A230-05,Source,Cluster 5,Cluster 4,Cluster 1
TCGA-BH-A1EU-01A-11D-A138-05,Source,Cluster 3,Cluster 3,Cluster 1
TCGA-AC-A62Y-01A-11D-A29O-05,Source,Cluster 5,Cluster 2,Cluster 3
TCGA-E2-A2P5-01A-11D-A19Z-05,Source,Cluster 3,Cluster 1,Cluster 5
TCGA-A2-A0CO-01A-13D-A22B-05,Source,Cluster 3,Cluster 2,Cluster 4
TCGA-B6-A0RP-01A-21D-A10P-05,Source,Cluster 3,Cluster 2,Cluster 4
TCGA-AO-A0JC-01A-11D-A10P-05,Source,Cluster 3,Cluster 4,Cluster 1
TCGA-D8-A1X9-01A-12D-A161-05,Source,Cluster 1,Cluster 1,Cluster 5
TCGA-LL-A6FP-01A-11D-A31V-05,Source,Cluster 5,Cluster 2,Cluster 4
TCGA-EW-A1IW-01A-11D-A13K-05,Source,Cluster 1,Cluster 1,Cluster 5
TCGA-AR-A2LJ-01A-12D-A19Z-05,Source,Cluster 3,Cluster 3,Cluster 1
TCGA-E9-A22B-01A-11D-A161-05,Source,Cluster 1,Cluster 1,Cluster 5
TCGA-A2-A3KD-01A-12D-A212-05,Source,Cluster 3,Cluster 3,Cluster 1
TCGA-D8-A1XG-01A-11D-A14H-05,Source,Cluster 5,Cluster 3,Cluster 3
TCGA-A8-A0A6-01A-12D-A10P-05,Source,Cluster 1,Cluster 3,Cluster 5
TCGA-E2-A15I-01A-21D-A138-05,Source,Cluster 5,Cluster 2,Cluster 3
TCGA-AQ-A7U7-01A-22D-A357-05,Source,Cluster 3,Cluster 3,Cluster 1
TCGA-AR-A5QN-01A-12D-A28C-05,Source,Cluster 1,Cluster 1,Cluster 5
TCGA-D8-A27I-01A-11D-A16G-05,Source,Cluster 3,Cluster 3,Cluster 1
TCGA-C8-A1HE-01A-11D-A13K-05,Source,Cluster 1,Cluster 1,Cluster 5
TCGA-AN-A0XV-01A-11D-A10A-05,Source,Cluster 1,Cluster 1,Cluster 5
TCGA-E2-A10E-01A-21D-A10N-05,Source,Cluster 1,Cluster 1,Cluster 5
TCGA-AR-A2LE-01A-11D-A17Z-05,Source,Cluster 3,Cluster 2,Cluster 3
TCGA-AR-A24V-01A-21D-A16A-05,Source,Cluster 5,Cluster 2,Cluster 4
TCGA-AC-A23E-01A-11D-A161-05,Source,Cluster 3,Cluster 2,Cluster 3
TCGA-PE-A5DD-01A-12D-A27Y-05,Source,Cluster 1,Cluster 1,Cluster 5
TCGA-LD-A74U-01A-13D-A33F-05,Source,Cluster 3,Cluster 3,Cluster 3
TCGA-E2-A1IJ-01A-11D-A145-05,Source,Cluster 3,Cluster 3,Cluster 1
TCGA-EW-A1J5-01A-11D-A13K-05,Source,Cluster 3,Cluster 1,Cluster 4
TCGA-E9-A1N4-01A-11D-A14N-05,Source,Cluster 5,Cluster 2,Cluster 3
TCGA-AC-A6IX-01A-12D-A32T-05,Source,Cluster 3,Cluster 3,Cluster 5
TCGA-BH-A0H7-01A-13D-A10P-05,Source,Cluster 3,Cluster 1,Cluster 4
TCGA-AN-A0XL-01A-11D-A10N-05,Source,Cluster 5,Cluster 2,Cluster 4
TCGA-AR-A1AP-01A-11D-A12R-05,Source,Cluster 1,Cluster 1,Cluster 5
TCGA-AR-A0TR-01A-11D-A10P-05,Source,Cluster 3,Cluster 3,Cluster 3
TCGA-E9-A5FK-01A-11D-A27Y-05,Source,Cluster 3,Cluster 3,Cluster 1
TCGA-AC-A4ZE-01A-11D-A41Q-05,Source,Cluster 1,Cluster 1,Cluster 5
TCGA-D8-A1JU-01A-11D-A13K-05,Source,Cluster 5,Cluster 3,Cluster 1
TCGA-AC-A2QI-01A-12D-A19Z-05,Source,Cluster 5,Cluster 2,Cluster 4
TCGA-D8-A3Z5-01A-41D-A244-05,Source,Cluster 3,Cluster 3,Cluster 3
TCGA-OL-A6VR-01A-32D-A33F-05,Source,Cluster 3,Cluster 3,Cluster 3
TCGA-LL-A9Q3-01A-11D-A41Q-05,Source,Cluster 1,Cluster 1,Cluster 5
TCGA-BH-A1FH-01A-12D-A13K-05,Source,Cluster 5,Cluster 4,Cluster 1
TCGA-A7-A13H-01A-11D-A22B-05,Source,Cluster 3,Cluster 3,Cluster 3
TCGA-AR-A1AM-01A-41D-A22B-05,Source,Cluster 5,Cluster 2,Cluster 3
TCGA-GM-A5PV-01A-11D-A28C-05,Source,Cluster 5,Cluster 2,Cluster 3
TCGA-A7-A3J1-01A-11D-A212-05,Source,Cluster 3,Cluster 3,Cluster 1
TCGA-AC-A2FB-01A-11D-A17F-05,Source,Cluster 3,Cluster 3,Cluster 1
TCGA-E2-A105-01A-11D-A10N-05,Source,Cluster 1,Cluster 1,Cluster 5
TCGA-EW-A1P5-01A-11D-A145-05,Source,Cluster 3,Cluster 3,Cluster 3
TCGA-AC-A6IV-01A-12D-A33F-05,Source,Cluster 5,Cluster 3,Cluster 1
TCGA-LD-A7W6-01A-81D-A357-05,Source,Cluster 3,Cluster 3,Cluster 3
TCGA-A2-A0T4-01A-31D-A10P-05,Source,Cluster 1,Cluster 3,Cluster 5
TCGA-PE-A5DC-01A-12D-A27Y-05,Source,Cluster 3,Cluster 2,Cluster 4
TCGA-A2-A1FZ-01A-51D-A14H-05,Source,Cluster 3,Cluster 3,Cluster 5
TCGA-BH-A0DH-01A-11D-A10P-05,Source,Cluster 1,Cluster 1,Cluster 5
TCGA-OL-A5D8-01A-11D-A27Y-05,Source,Cluster 1,Cluster 1,Cluster 5
TCGA-A2-A0SY-01A-31D-A10P-05,Source,Cluster 1,Cluster 1,Cluster 5
TCGA-A7-A0DC-01B-04D-A22R-05,Source,Cluster 5,Cluster 2,Cluster 3
TCGA-A2-A0T5-01A-21D-A10P-05,Source,Cluster 3,Cluster 3,Cluster 3
TCGA-OL-A66L-01A-12D-A31V-05,Source,Cluster 1,Cluster 1,Cluster 5
TCGA-WT-AB44-01A-11D-A41Q-05,Source,Cluster 3,Cluster 3,Cluster 5
TCGA-B6-A0RM-01A-11D-A10P-05,Source,Cluster 3,Cluster 3,Cluster 3
TCGA-AO-A0JF-01A-11D-A10P-05,Source,Cluster 5,Cluster 3,Cluster 1
TCGA-BH-A0BC-01A-22D-A10P-05,Source,Cluster 3,Cluster 3,Cluster 1
TCGA-D8-A1XU-01A-11D-A14N-05,Source,Cluster 3,Cluster 1,Cluster 5
TCGA-BH-A0AZ-01A-21D-A12R-05,Source,Cluster 5,Cluster 3,Cluster 3
TCGA-E2-A106-01A-11D-A10N-05,Source,Cluster 3,Cluster 3,Cluster 3
TCGA-AN-A0XW-01A-11D-A10A-05,Source,Cluster 5,Cluster 3,Cluster 3
TCGA-AC-A2FG-01A-11D-A17F-05,Source,Cluster 5,Cluster 2,Cluster 3
TCGA-AO-A12G-01A-11D-A10N-05,Source,Cluster 3,Cluster 1,Cluster 5
TCGA-E9-A1NE-01A-21D-A14N-05,Source,Cluster 3,Cluster 4,Cluster 1
TCGA-A2-A4S0-01A-21D-A268-05,Source,Cluster 5,Cluster 3,Cluster 3
TCGA-3C-AAAU-01A-11D-A41Q-05,Source,Cluster 3,Cluster 2,Cluster 3
TCGA-E2-A572-01A-13D-A31V-05,Source,Cluster 3,Cluster 2,Cluster 3
TCGA-GM-A3NW-01A-21D-A22B-05,Source,Cluster 3,Cluster 1,Cluster 5
TCGA-A7-A3IZ-01A-11D-A212-05,Source,Cluster 3,Cluster 1,Cluster 4
TCGA-EW-A424-01A-11D-A244-05,Source,Cluster 1,Cluster 1,Cluster 5
TCGA-A1-A0SE-01A-11D-A10P-05,Source,Cluster 3,Cluster 3,Cluster 3
TCGA-LL-A442-01A-11D-A244-05,Source,Cluster 5,Cluster 2,Cluster 3
TCGA-D8-A27P-01A-11D-A16G-05,Source,Cluster 5,Cluster 2,Cluster 3
TCGA-EW-A1J2-01A-21D-A13K-05,Source,Cluster 3,Cluster 3,Cluster 1
TCGA-BH-A1EW-01A-11D-A138-05,Source,Cluster 3,Cluster 3,Cluster 1
TCGA-W8-A86G-01A-21D-A36K-05,Source,Cluster 3,Cluster 3,Cluster 3
TCGA-A8-A0AD-01A-11D-A10P-05,Source,Cluster 5,Cluster 2,Cluster 4
TCGA-A7-A13G-01B-04D-A22R-05,Source,Cluster 3,Cluster 3,Cluster 3
TCGA-A1-A0SJ-01A-11D-A10P-05,Source,Cluster 3,Cluster 3,Cluster 5
TCGA-EW-A1PE-01A-11D-A145-05,Source,Cluster 5,Cluster 2,Cluster 3
TCGA-GM-A2D9-01A-11D-A18O-05,Source,Cluster 1,Cluster 1,Cluster 5
TCGA-OL-A5DA-01A-11D-A27Y-05,Source,Cluster 3,Cluster 3,Cluster 3
TCGA-AR-A1AS-01A-11D-A12R-05,Source,Cluster 3,Cluster 2,Cluster 4
TCGA-AC-A3W6-01A-12D-A22B-05,Source,Cluster 3,Cluster 3,Cluster 1
TCGA-AC-A2FM-01A-11D-A19Z-05,Source,Cluster 1,Cluster 1,Cluster 5
TCGA-C8-A273-01A-11D-A16G-05,Source,Cluster 3,Cluster 1,Cluster 5
TCGA-AR-A2LN-01A-21D-A18O-05,Source,Cluster 3,Cluster 3,Cluster 1
TCGA-B6-A408-01A-12D-A244-05,Source,Cluster 5,Cluster 2,Cluster 3
TCGA-Z7-A8R5-01A-42D-A41Q-05,Source,Cluster 3,Cluster 3,Cluster 1
TCGA-BH-A0HF-01A-11D-A10P-05,Source,Cluster 5,Cluster 3,Cluster 3
TCGA-AR-A24W-01A-11D-A16A-05,Source,Cluster 5,Cluster 3,Cluster 1
TCGA-BH-A0BM-01A-11D-A10P-05,Source,Cluster 3,Cluster 3,Cluster 3
TCGA-BH-A0GY-01A-11D-A10P-05,Source,Cluster 5,Cluster 2,Cluster 3
TCGA-BH-A0HX-01A-21D-A10P-05,Source,Cluster 3,Cluster 1,Cluster 5
TCGA-AR-A24P-01A-11D-A16A-05,Source,Cluster 3,Cluster 3,Cluster 1
TCGA-OL-A5RV-01A-12D-A28C-05,Source,Cluster 3,Cluster 3,Cluster 3
TCGA-EW-A1PF-01A-11D-A145-05,Source,Cluster 3,Cluster 3,Cluster 1
TCGA-EW-A6SC-01A-12D-A32T-05,Source,Cluster 5,Cluster 2,Cluster 4
TCGA-E9-A1RC-01A-11D-A161-05,Source,Cluster 1,Cluster 1,Cluster 5
TCGA-E9-A1R5-01A-11D-A14N-05,Source,Cluster 1,Cluster 1,Cluster 5
TCGA-E9-A2JT-01A-22D-A18O-05,Source,Cluster 2,Cluster 4,Cluster 1
TCGA-BH-A0B6-01A-11D-A19Z-05,Source,Cluster 3,Cluster 3,Cluster 1
TCGA-WT-AB41-01A-11D-A41Q-05,Source,Cluster 1,Cluster 1,Cluster 5
TCGA-AC-A23C-01A-12D-A16A-05,Source,Cluster 3,Cluster 3,Cluster 1
TCGA-E9-A5UP-01A-11D-A28C-05,Source,Cluster 3,Cluster 3,Cluster 3
TCGA-E9-A1R2-01A-11D-A14H-05,Source,Cluster 3,Cluster 3,Cluster 1
TCGA-A2-A0YC-01A-11D-A10A-05,Source,Cluster 3,Cluster 1,Cluster 5
TCGA-E2-A1LA-01A-11D-A145-05,Source,Cluster 5,Cluster 2,Cluster 4
TCGA-B6-A0WY-01A-11D-A10A-05,Source,Cluster 3,Cluster 3,Cluster 1
TCGA-AR-A24O-01A-11D-A16A-05,Source,Cluster 5,Cluster 3,Cluster 3
TCGA-EW-A1IZ-01A-11D-A13K-05,Source,Cluster 3,Cluster 3,Cluster 1
TCGA-E9-A6HE-01A-11D-A31V-05,Source,Cluster 3,Cluster 1,Cluster 5
TCGA-5L-AAT0-01A-12D-A41Q-05,Source,Cluster 3,Cluster 3,Cluster 3
TCGA-BH-A0DV-01A-21D-A12R-05,Source,Cluster 3,Cluster 3,Cluster 1
TCGA-S3-AA14-01A-11D-A41Q-05,Source,Cluster 3,Cluster 3,Cluster 1
TCGA-BH-A1ES-01A-11D-A138-05,Source,Cluster 1,Cluster 3,Cluster 5
TCGA-A2-A0YD-01A-11D-A10A-05,Source,Cluster 3,Cluster 3,Cluster 1
TCGA-E2-A10B-01A-11D-A10N-05,Source,Cluster 1,Cluster 3,Cluster 5
TCGA-D8-A27E-01A-11D-A16G-05,Source,Cluster 5,Cluster 2,Cluster 3
TCGA-GM-A2DC-01A-11D-A18O-05,Source,Cluster 1,Cluster 1,Cluster 5
TCGA-AC-A3BB-01A-21D-A19Z-05,Source,Cluster 3,Cluster 3,Cluster 1
TCGA-GI-A2C8-01A-11D-A16G-05,Source,Cluster 1,Cluster 1,Cluster 5
TCGA-A7-A0D9-01A-31D-A10P-05,Source,Cluster 3,Cluster 3,Cluster 3
TCGA-E9-A1N3-01A-12D-A161-05,Source,Cluster 3,Cluster 3,Cluster 1
TCGA-E2-A15J-01A-11D-A12R-05,Source,Cluster 1,Cluster 3,Cluster 5
TCGA-BH-A8FY-01A-11D-A36K-05,Source,Cluster 1,Cluster 1,Cluster 5
TCGA-E2-A576-01A-11D-A31V-05,Source,Cluster 1,Cluster 1,Cluster 5
TCGA-OL-A66O-01A-11D-A31V-05,Source,Cluster 1,Cluster 1,Cluster 5
TCGA-AO-A0JA-01A-11D-A10P-05,Source,Cluster 1,Cluster 1,Cluster 5
TCGA-D8-A27L-01A-11D-A16G-05,Source,Cluster 5,Cluster 2,Cluster 3
TCGA-HN-A2OB-01A-21D-A27Y-05,Source,Cluster 5,Cluster 3,Cluster 3
TCGA-E2-A1B5-01A-21D-A12R-05,Source,Cluster 3,Cluster 4,Cluster 1
TCGA-XX-A89A-01A-11D-A36K-05,Source,Cluster 5,Cluster 2,Cluster 3
TCGA-EW-A2FV-01A-11D-A17F-05,Source,Cluster 3,Cluster 2,Cluster 3
TCGA-A2-A4S2-01A-12D-A268-05,Source,Cluster 3,Cluster 3,Cluster 5
TCGA-GM-A2DM-01A-11D-A17Z-05,Source,Cluster 5,Cluster 3,Cluster 3
TCGA-AO-A03L-01A-41D-A10P-05,Source,Cluster 3,Cluster 1,Cluster 5
TCGA-AR-A255-01A-11D-A16A-05,Source,Cluster 1,Cluster 1,Cluster 5
TCGA-BH-A0H9-01A-11D-A10P-05,Source,Cluster 5,Cluster 2,Cluster 3
TCGA-BH-A0DG-01A-21D-A12R-05,Source,Cluster 3,Cluster 3,Cluster 1
TCGA-4H-AAAK-01A-12D-A41Q-05,Source,Cluster 3,Cluster 3,Cluster 3
TCGA-AR-A2LM-01A-11D-A17Z-05,Source,Cluster 3,Cluster 3,Cluster 3
TCGA-E2-A570-01A-11D-A29O-05,Source,Cluster 3,Cluster 3,Cluster 3
TCGA-AR-A1AL-01A-21D-A12R-05,Source,Cluster 5,Cluster 3,Cluster 3
TCGA-B6-A0X7-01A-11D-A10N-05,Source,Cluster 3,Cluster 3,Cluster 3
TCGA-AC-A2FO-01A-11D-A17Z-05,Source,Cluster 3,Cluster 3,Cluster 1
TCGA-AR-A24M-01A-11D-A16A-05,Source,Cluster 3,Cluster 3,Cluster 3
TCGA-E2-A1L6-01A-11D-A13K-05,Source,Cluster 3,Cluster 3,Cluster 3
TCGA-EW-A3E8-01B-11D-A244-05,Source,Cluster 3,Cluster 1,Cluster 5
TCGA-LL-A440-01A-11D-A244-05,Source,Cluster 5,Cluster 4,Cluster 1
TCGA-AC-A2FF-01A-11D-A17F-05,Source,Cluster 3,Cluster 4,Cluster 1
TCGA-B6-A0RN-01A-12D-A10P-05,Source,Cluster 1,Cluster 1,Cluster 5
TCGA-BH-A0H6-01A-21D-A10P-05,Source,Cluster 5,Cluster 2,Cluster 3
TCGA-UL-AAZ6-01A-11D-A41Q-05,Source,Cluster 1,Cluster 1,Cluster 5
TCGA-EW-A1IX-01A-12D-A145-05,Source,Cluster 5,Cluster 2,Cluster 3
TCGA-BH-A1ET-01A-11D-A138-05,Source,Cluster 3,Cluster 2,Cluster 3
TCGA-AC-A3W7-01A-11D-A22B-05,Source,Cluster 3,Cluster 3,Cluster 3
TCGA-EW-A1P6-01A-11D-A145-05,Source,Cluster 5,Cluster 2,Cluster 3
TCGA-LL-A50Y-01A-11D-A268-05,Source,Cluster 1,Cluster 1,Cluster 5
TCGA-A2-A0T6-01A-11D-A10P-05,Source,Cluster 1,Cluster 1,Cluster 5
TCGA-AN-A0XP-01A-11D-A10A-05,Source,Cluster 3,Cluster 2,Cluster 3
TCGA-AN-A0XN-01A-21D-A10A-05,Source,Cluster 1,Cluster 1,Cluster 5
TCGA-AO-A0J9-01A-11D-A032-05,Source,Cluster 3,Cluster 1,Cluster 5
TCGA-BH-A0HQ-01A-11D-A032-05,Source,Cluster 3,Cluster 3,Cluster 3
TCGA-A1-A0SD-01A-11D-A112-05,Source,Cluster 3,Cluster 2,Cluster 3
TCGA-A2-A0EM-01A-11D-A032-05,Source,Cluster 5,Cluster 2,Cluster 3
TCGA-AN-A046-01A-21D-A032-05,Source,Cluster 3,Cluster 1,Cluster 5
TCGA-A8-A091-01A-11D-A00Y-05,Source,Cluster 3,Cluster 2,Cluster 4
TCGA-BH-A18F-01A-11D-A12E-05,Source,Cluster 3,Cluster 3,Cluster 1
TCGA-A8-A06T-01A-11D-A00Y-05,Source,Cluster 3,Cluster 2,Cluster 4
TCGA-E2-A153-01A-12D-A12E-05,Source,Cluster 5,Cluster 2,Cluster 3
TCGA-A8-A0A1-01A-11D-A00Y-05,Source,Cluster 1,Cluster 1,Cluster 5
TCGA-E2-A15D-01A-11D-A112-05,Source,Cluster 3,Cluster 3,Cluster 3
TCGA-AN-A0FZ-01A-11D-A032-05,Source,Cluster 5,Cluster 2,Cluster 4
TCGA-A8-A09B-01A-11D-A00Y-05,Source,Cluster 3,Cluster 1,Cluster 3
TCGA-A8-A093-01A-11D-A00Y-05,Source,Cluster 3,Cluster 2,Cluster 4
TCGA-A8-A09D-01A-11D-A00Y-05,Source,Cluster 5,Cluster 2,Cluster 3
TCGA-A8-A07G-01A-11D-A032-05,Source,Cluster 5,Cluster 5,Cluster 3
TCGA-A8-A0A4-01A-11D-A00Y-05,Source,Cluster 1,Cluster 1,Cluster 5
TCGA-A8-A06Y-01A-21D-A00Y-05,Source,Cluster 1,Cluster 1,Cluster 5
TCGA-BH-A18S-01A-11D-A12E-05,Source,Cluster 5,Cluster 2,Cluster 3
TCGA-A8-A09K-01A-11D-A00Y-05,Source,Cluster 5,Cluster 2,Cluster 4
TCGA-A2-A0CQ-01A-21D-A032-05,Source,Cluster 3,Cluster 2,Cluster 4
TCGA-C8-A133-01A-32D-A12E-05,Source,Cluster 5,Cluster 2,Cluster 3
TCGA-A8-A086-01A-11D-A00Y-05,Source,Cluster 5,Cluster 2,Cluster 4
TCGA-BH-A0B0-01A-21D-A112-05,Source,Cluster 5,Cluster 2,Cluster 3
TCGA-AN-A0FN-01A-11D-A032-05,Source,Cluster 3,Cluster 4,Cluster 1
TCGA-D8-A146-01A-31D-A112-05,Source,Cluster 5,Cluster 2,Cluster 3
TCGA-AO-A12H-01A-11D-A112-05,Source,Cluster 5,Cluster 2,Cluster 3
TCGA-E2-A15H-01A-11D-A12E-05,Source,Cluster 5,Cluster 2,Cluster 3
TCGA-BH-A18J-01A-11D-A12E-05,Source,Cluster 5,Cluster 2,Cluster 3
TCGA-BH-A0HL-01A-11D-A032-05,Source,Cluster 1,Cluster 1,Cluster 5
TCGA-A8-A0AB-01A-11D-A032-05,Source,Cluster 1,Cluster 1,Cluster 5
TCGA-E2-A14Q-01A-11D-A12E-05,Source,Cluster 5,Cluster 2,Cluster 3
TCGA-BH-A0W7-01A-11D-A112-05,Source,Cluster 3,Cluster 2,Cluster 3
TCGA-C8-A12N-01A-11D-A112-05,Source,Cluster 5,Cluster 2,Cluster 3
TCGA-D8-A145-01A-11D-A112-05,Source,Cluster 5,Cluster 2,Cluster 3
TCGA-BH-A0HO-01A-11D-A032-05,Source,Cluster 3,Cluster 3,Cluster 3
TCGA-A8-A083-01A-21D-A00Y-05,Source,Cluster 5,Cluster 2,Cluster 3
TCGA-B6-A0IP-01A-11D-A032-05,Source,Cluster 1,Cluster 1,Cluster 5
TCGA-A7-A0CG-01A-11D-A00Y-05,Source,Cluster 3,Cluster 3,Cluster 3
TCGA-AN-A0FS-01A-11D-A032-05,Source,Cluster 5,Cluster 2,Cluster 3
TCGA-E2-A156-01A-11D-A12E-05,Source,Cluster 5,Cluster 2,Cluster 3
TCGA-AO-A03V-01A-11D-A112-05,Source,Cluster 5,Cluster 2,Cluster 3
TCGA-B6-A0IC-01A-11D-A032-05,Source,Cluster 5,Cluster 2,Cluster 3
TCGA-AN-A0FW-01A-11D-A032-05,Source,Cluster 3,Cluster 1,Cluster 4
TCGA-AN-A0FD-01A-11D-A032-05,Source,Cluster 5,Cluster 2,Cluster 3
TCGA-A8-A0A9-01A-11D-A00Y-05,Source,Cluster 1,Cluster 1,Cluster 5
TCGA-A2-A0EW-01A-21D-A112-05,Source,Cluster 5,Cluster 2,Cluster 3
TCGA-B6-A0X0-01A-21D-A112-05,Source,Cluster 5,Cluster 2,Cluster 3
TCGA-BH-A0C1-01B-11D-A12E-05,Source,Cluster 3,Cluster 2,Cluster 3
TCGA-BH-A0BO-01A-23D-A12E-05,Source,Cluster 5,Cluster 2,Cluster 3
TCGA-A8-A07Z-01A-11D-A00Y-05,Source,Cluster 5,Cluster 2,Cluster 4
TCGA-A2-A0D3-01A-11D-A112-05,Source,Cluster 3,Cluster 3,Cluster 5
TCGA-A8-A099-01A-11D-A00Y-05,Source,Cluster 1,Cluster 1,Cluster 5
TCGA-AN-A0FT-01A-11D-A032-05,Source,Cluster 3,Cluster 1,Cluster 4
TCGA-BH-A0BQ-01A-21D-A112-05,Source,Cluster 5,Cluster 2,Cluster 3
TCGA-AO-A12A-01A-21D-A112-05,Source,Cluster 5,Cluster 2,Cluster 3
TCGA-A8-A09T-01A-11D-A00Y-05,Source,Cluster 5,Cluster 2,Cluster 3
TCGA-B6-A0IH-01A-11D-A112-05,Source,Cluster 3,Cluster 3,Cluster 3
TCGA-AN-A04A-01A-21D-A032-05,Source,Cluster 5,Cluster 2,Cluster 3
TCGA-B6-A0IA-01A-11D-A032-05,Source,Cluster 5,Cluster 3,Cluster 3
TCGA-AN-A0AS-01A-11D-A00Y-05,Source,Cluster 5,Cluster 2,Cluster 3
TCGA-E2-A15L-01A-11D-A12E-05,Source,Cluster 3,Cluster 2,Cluster 3
TCGA-BH-A0E7-01A-11D-A032-05,Source,Cluster 5,Cluster 2,Cluster 3
TCGA-E2-A14T-01A-11D-A112-05,Source,Cluster 5,Cluster 2,Cluster 3
TCGA-A2-A0CS-01A-11D-A112-05,Source,Cluster 5,Cluster 2,Cluster 3
TCGA-A8-A07J-01A-11D-A00Y-05,Source,Cluster 3,Cluster 2,Cluster 4
TCGA-A8-A0A2-01A-11D-A032-05,Source,Cluster 1,Cluster 1,Cluster 5
TCGA-A2-A0CP-01A-11D-A032-05,Source,Cluster 5,Cluster 2,Cluster 3
TCGA-A2-A0ES-01A-11D-A112-05,Source,Cluster 5,Cluster 5,Cluster 3
TCGA-E2-A14Z-01A-11D-A112-05,Source,Cluster 5,Cluster 2,Cluster 3
TCGA-A8-A09A-01A-11D-A00Y-05,Source,Cluster 3,Cluster 1,Cluster 4
TCGA-BH-A0BV-01A-11D-A00Y-05,Source,Cluster 1,Cluster 1,Cluster 5
TCGA-A7-A0DB-01A-11D-A00Y-05,Source,Cluster 3,Cluster 2,Cluster 3
TCGA-A2-A04N-01A-11D-A112-05,Source,Cluster 5,Cluster 2,Cluster 3
TCGA-C8-A132-01A-31D-A112-05,Source,Cluster 5,Cluster 2,Cluster 3
TCGA-A8-A07P-01A-11D-A00Y-05,Source,Cluster 3,Cluster 1,Cluster 4
TCGA-AO-A0J8-01A-21D-A032-05,Source,Cluster 3,Cluster 3,Cluster 3
TCGA-BH-A0DT-01A-21D-A12E-05,Source,Cluster 5,Cluster 2,Cluster 3
TCGA-A2-A04V-01A-21D-A032-05,Source,Cluster 5,Cluster 2,Cluster 3
TCGA-B6-A0IM-01A-11D-A032-05,Source,Cluster 3,Cluster 2,Cluster 4
TCGA-BH-A0DX-01A-11D-A112-05,Source,Cluster 3,Cluster 2,Cluster 3
TCGA-BH-A18K-01A-11D-A12E-05,Source,Cluster 5,Cluster 2,Cluster 3
TCGA-A2-A0EX-01A-21D-A032-05,Source,Cluster 3,Cluster 3,Cluster 3
TCGA-BH-A0DO-01B-11D-A12E-05,Source,Cluster 5,Cluster 2,Cluster 3
TCGA-A8-A08T-01A-21D-A00Y-05,Source,Cluster 1,Cluster 1,Cluster 5
TCGA-B6-A0I8-01A-11D-A032-05,Source,Cluster 5,Cluster 2,Cluster 4
TCGA-E2-A15F-01A-11D-A112-05,Source,Cluster 3,Cluster 2,Cluster 3
TCGA-D8-A140-01A-11D-A112-05,Source,Cluster 3,Cluster 1,Cluster 4
TCGA-A7-A0CH-01A-21D-A00Y-05,Source,Cluster 5,Cluster 2,Cluster 3
TCGA-BH-A18H-01A-11D-A12E-05,Source,Cluster 5,Cluster 2,Cluster 3
TCGA-A2-A0CV-01A-31D-A112-05,Source,Cluster 5,Cluster 2,Cluster 3
TCGA-A8-A090-01A-11D-A00Y-05,Source,Cluster 1,Cluster 1,Cluster 5
TCGA-A7-A0CD-01A-11D-A00Y-05,Source,Cluster 3,Cluster 1,Cluster 4
TCGA-B6-A0WS-01A-11D-A112-05,Source,Cluster 3,Cluster 2,Cluster 3
TCGA-E2-A154-01A-11D-A112-05,Source,Cluster 1,Cluster 1,Cluster 5
TCGA-E2-A15R-01A-11D-A112-05,Source,Cluster 1,Cluster 1,Cluster 5
TCGA-E2-A15O-01A-11D-A112-05,Source,Cluster 3,Cluster 2,Cluster 4
TCGA-A8-A097-01A-11D-A032-05,Source,Cluster 5,Cluster 2,Cluster 4
TCGA-BH-A0EI-01A-11D-A112-05,Source,Cluster 3,Cluster 2,Cluster 4
TCGA-BH-A18M-01A-11D-A12E-05,Source,Cluster 5,Cluster 2,Cluster 3
TCGA-BH-A0AY-01A-21D-A00Y-05,Source,Cluster 5,Cluster 2,Cluster 4
TCGA-E2-A15G-01A-11D-A12E-05,Source,Cluster 3,Cluster 2,Cluster 3
TCGA-AN-A03X-01A-21D-A00Y-05,Source,Cluster 1,Cluster 1,Cluster 5
TCGA-A8-A06P-01A-11D-A00Y-05,Source,Cluster 5,Cluster 2,Cluster 3
TCGA-C8-A12X-01A-11D-A112-05,Source,Cluster 1,Cluster 1,Cluster 5
TCGA-A2-A0ET-01A-31D-A032-05,Source,Cluster 3,Cluster 2,Cluster 4
TCGA-C8-A12Y-01A-11D-A12E-05,Source,Cluster 5,Cluster 2,Cluster 3
TCGA-AN-A049-01A-21D-A00Y-05,Source,Cluster 3,Cluster 2,Cluster 4
TCGA-BH-A0DZ-01A-11D-A00Y-05,Source,Cluster 1,Cluster 1,Cluster 5
TCGA-BH-A0H5-01A-21D-A112-05,Source,Cluster 5,Cluster 4,Cluster 1
TCGA-B6-A0IG-01A-11D-A032-05,Source,Cluster 1,Cluster 1,Cluster 5
TCGA-A2-A0EV-01A-11D-A032-05,Source,Cluster 5,Cluster 2,Cluster 4
TCGA-A7-A0DC-01A-11D-A00Y-05,Source,Cluster 5,Cluster 2,Cluster 3
TCGA-E2-A15E-01A-11D-A12E-05,Source,Cluster 5,Cluster 2,Cluster 3
TCGA-BH-A18I-01A-11D-A12E-05,Source,Cluster 5,Cluster 2,Cluster 4
TCGA-B6-A0IO-01A-11D-A032-05,Source,Cluster 3,Cluster 2,Cluster 4
TCGA-BH-A0BR-01A-21D-A112-05,Source,Cluster 3,Cluster 3,Cluster 3
TCGA-A2-A0EO-01A-11D-A032-05,Source,Cluster 3,Cluster 2,Cluster 4
TCGA-BH-A0E9-01B-11D-A112-05,Source,Cluster 3,Cluster 3,Cluster 3
TCGA-A2-A0ER-01A-21D-A032-05,Source,Cluster 5,Cluster 2,Cluster 3
TCGA-AN-A041-01A-11D-A032-05,Source,Cluster 5,Cluster 2,Cluster 4
TCGA-C8-A12O-01A-11D-A112-05,Source,Cluster 5,Cluster 2,Cluster 3
TCGA-B6-A0IE-01A-11D-A032-05,Source,Cluster 5,Cluster 2,Cluster 3
TCGA-A8-A08A-01A-11D-A00Y-05,Source,Cluster 5,Cluster 2,Cluster 3
TCGA-AN-A0FK-01A-11D-A032-05,Source,Cluster 5,Cluster 2,Cluster 3
TCGA-AO-A0J5-01A-11D-A032-05,Source,Cluster 1,Cluster 1,Cluster 5
TCGA-E2-A15M-01A-11D-A12E-05,Source,Cluster 5,Cluster 2,Cluster 3
TCGA-A8-A08Z-01A-21D-A00Y-05,Source,Cluster 5,Cluster 2,Cluster 3
TCGA-D8-A141-01A-11D-A112-05,Source,Cluster 5,Cluster 4,Cluster 1
TCGA-E2-A15C-01A-31D-A12E-05,Source,Cluster 5,Cluster 2,Cluster 4
TCGA-BH-A0BP-01A-11D-A112-05,Source,Cluster 3,Cluster 1,Cluster 5
TCGA-BH-A0EA-01A-11D-A112-05,Source,Cluster 5,Cluster 2,Cluster 3
TCGA-A8-A07B-01A-11D-A00Y-05,Source,Cluster 3,Cluster 1,Cluster 5
TCGA-BH-A0DE-01A-11D-A112-05,Source,Cluster 3,Cluster 2,Cluster 4
TCGA-A2-A0CU-01A-12D-A032-05,Source,Cluster 3,Cluster 2,Cluster 3
TCGA-BH-A18N-01A-11D-A12E-05,Source,Cluster 5,Cluster 2,Cluster 3
TCGA-B6-A0I5-01A-11D-A032-05,Source,Cluster 3,Cluster 3,Cluster 3
TCGA-A8-A07E-01A-11D-A032-05,Source,Cluster 3,Cluster 2,Cluster 4
TCGA-A8-A06U-01A-11D-A00Y-05,Source,Cluster 3,Cluster 2,Cluster 4
TCGA-E2-A15P-01A-11D-A112-05,Source,Cluster 5,Cluster 2,Cluster 3
TCGA-E2-A10A-01A-21D-A112-05,Source,Cluster 3,Cluster 2,Cluster 3
TCGA-A8-A07F-01A-11D-A00Y-05,Source,Cluster 3,Cluster 2,Cluster 4
TCGA-A2-A1FX-01A-11D-A13K-05,Source,Cluster 3,Cluster 2,Cluster 4
TCGA-E9-A249-01A-11D-A16A-05,Source,Cluster 3,Cluster 3,Cluster 3
TCGA-D8-A1J8-01A-11D-A13K-05,Source,Cluster 1,Cluster 1,Cluster 5
TCGA-AR-A0TV-01A-21D-A10P-05,Source,Cluster 3,Cluster 1,Cluster 5
TCGA-BH-A0C3-01A-21D-A12R-05,Source,Cluster 2,Cluster 3,Cluster 1
TCGA-A1-A0SI-01A-11D-A145-05,Source,Cluster 5,Cluster 2,Cluster 3
TCGA-BH-A1FM-01A-11D-A13K-05,Source,Cluster 5,Cluster 2,Cluster 4
TCGA-C8-A274-01A-11D-A16G-05,Source,Cluster 1,Cluster 1,Cluster 5
TCGA-BH-A0W3-01A-11D-A10A-05,Source,Cluster 3,Cluster 2,Cluster 3
TCGA-E9-A1RE-01A-11D-A161-05,Source,Cluster 1,Cluster 1,Cluster 5
TCGA-D8-A1X6-01A-11D-A14N-05,Source,Cluster 5,Cluster 2,Cluster 4
TCGA-C8-A8HQ-01A-11D-A36K-05,Source,Cluster 3,Cluster 1,Cluster 5
TCGA-B6-A0WW-01A-11D-A10A-05,Source,Cluster 1,Cluster 1,Cluster 5
TCGA-C8-A1HL-01A-11D-A138-05,Source,Cluster 5,Cluster 2,Cluster 4
TCGA-BH-A1F8-01A-11D-A13K-05,Source,Cluster 3,Cluster 1,Cluster 4
TCGA-D8-A1XZ-01A-11D-A14N-05,Source,Cluster 5,Cluster 2,Cluster 4
TCGA-EW-A1PC-01B-11D-A21R-05,Source,Cluster 3,Cluster 1,Cluster 4
TCGA-D8-A1XR-01A-11D-A14N-05,Source,Cluster 5,Cluster 2,Cluster 3
TCGA-EW-A1OX-01A-11D-A145-05,Source,Cluster 1,Cluster 1,Cluster 5
TCGA-D8-A1XL-01A-11D-A14N-05,Source,Cluster 5,Cluster 3,Cluster 3
TCGA-A2-A0SV-01A-11D-A10P-05,Source,Cluster 3,Cluster 2,Cluster 4
TCGA-AR-A24R-01A-11D-A16A-05,Source,Cluster 1,Cluster 1,Cluster 5
TCGA-E9-A22H-01A-11D-A161-05,Source,Cluster 3,Cluster 3,Cluster 3
TCGA-B6-A0WV-01A-11D-A10A-05,Source,Cluster 3,Cluster 1,Cluster 4
TCGA-E9-A2JS-01A-11D-A17Z-05,Source,Cluster 1,Cluster 1,Cluster 5
TCGA-BH-A0BF-01A-21D-A12R-05,Source,Cluster 3,Cluster 3,Cluster 1
TCGA-AO-A1KP-01A-11D-A13K-05,Source,Cluster 1,Cluster 1,Cluster 5
TCGA-D8-A27R-01A-11D-A16G-05,Source,Cluster 3,Cluster 3,Cluster 1
TCGA-GM-A2DO-01A-11D-A18O-05,Source,Cluster 3,Cluster 4,Cluster 1
TCGA-BH-A0BZ-01A-31D-A12R-05,Source,Cluster 1,Cluster 1,Cluster 5
TCGA-B6-A0X5-01A-21D-A10A-05,Source,Cluster 5,Cluster 2,Cluster 4
TCGA-AR-A0TQ-01A-11D-A10P-05,Source,Cluster 1,Cluster 1,Cluster 5
TCGA-AR-A24H-01A-11D-A16A-05,Source,Cluster 3,Cluster 1,Cluster 4
TCGA-E9-A22D-01A-11D-A161-05,Source,Cluster 1,Cluster 1,Cluster 5
TCGA-D8-A27N-01A-11D-A16G-05,Source,Cluster 3,Cluster 1,Cluster 5
TCGA-C8-A26W-01A-11D-A16G-05,Source,Cluster 5,Cluster 2,Cluster 3
TCGA-AO-A1KT-01A-11D-A13K-05,Source,Cluster 5,Cluster 2,Cluster 4
TCGA-C8-A3M8-01A-11D-A212-05,Source,Cluster 1,Cluster 1,Cluster 5
TCGA-E9-A1RG-01A-11D-A14H-05,Source,Cluster 5,Cluster 2,Cluster 3
TCGA-EW-A1IY-01A-11D-A13K-05,Source,Cluster 3,Cluster 3,Cluster 1
TCGA-AR-A24N-01A-11D-A16A-05,Source,Cluster 1,Cluster 1,Cluster 5
TCGA-D8-A1Y1-01A-21D-A14N-05,Source,Cluster 5,Cluster 2,Cluster 4
TCGA-A2-A04R-01A-41D-A10A-05,Source,Cluster 3,Cluster 2,Cluster 4
TCGA-A2-A25E-01A-11D-A16A-05,Source,Cluster 3,Cluster 2,Cluster 4
TCGA-A2-A0YT-01A-11D-A10A-05,Source,Cluster 3,Cluster 2,Cluster 4
TCGA-A2-A0YG-01A-21D-A10A-05,Source,Cluster 1,Cluster 1,Cluster 5
TCGA-EW-A1OY-01A-11D-A145-05,Source,Cluster 5,Cluster 2,Cluster 4
TCGA-AR-A24Z-01A-11D-A16A-05,Source,Cluster 3,Cluster 2,Cluster 4
TCGA-D8-A1JJ-01A-31D-A14N-05,Source,Cluster 3,Cluster 3,Cluster 3
TCGA-E9-A228-01A-31D-A161-05,Source,Cluster 1,Cluster 1,Cluster 5
TCGA-E2-A1L7-01A-11D-A145-05,Source,Cluster 1,Cluster 1,Cluster 5
TCGA-5T-A9QA-01A-11D-A41Q-05,Source,Cluster 1,Cluster 1,Cluster 5
TCGA-B6-A1KN-01A-11D-A13K-05,Source,Cluster 3,Cluster 1,Cluster 5
TCGA-3C-AALJ-01A-31D-A41Q-05,Source,Cluster 1,Cluster 1,Cluster 5
TCGA-E9-A54Y-01A-11D-A268-05,Source,Cluster 3,Cluster 1,Cluster 4
TCGA-D8-A1JT-01A-31D-A13K-05,Source,Cluster 5,Cluster 2,Cluster 4
TCGA-D8-A1JE-01A-11D-A13K-05,Source,Cluster 5,Cluster 2,Cluster 3
TCGA-A2-A0SW-01A-11D-A10P-05,Source,Cluster 5,Cluster 2,Cluster 4
TCGA-D8-A27W-01A-11D-A16G-05,Source,Cluster 3,Cluster 1,Cluster 5
TCGA-Z7-A8R6-01A-11D-A41Q-05,Source,Cluster 5,Cluster 2,Cluster 3
TCGA-LL-A5YM-01A-11D-A28C-05,Source,Cluster 1,Cluster 1,Cluster 5
TCGA-AO-A0JM-01A-21D-A10P-05,Source,Cluster 1,Cluster 1,Cluster 5
TCGA-D8-A1JI-01A-11D-A13K-05,Source,Cluster 3,Cluster 2,Cluster 4
TCGA-A7-A6VX-01A-12D-A33F-05,Source,Cluster 3,Cluster 2,Cluster 4
TCGA-AC-A2BM-01A-11D-A21R-05,Source,Cluster 3,Cluster 1,Cluster 5
TCGA-AQ-A04H-01B-11D-A10N-05,Source,Cluster 1,Cluster 1,Cluster 5
TCGA-A2-A0YH-01A-11D-A10A-05,Source,Cluster 5,Cluster 2,Cluster 3
TCGA-E9-A22A-01A-11D-A161-05,Source,Cluster 1,Cluster 1,Cluster 5
TCGA-S3-A6ZF-01A-32D-A32T-05,Source,Cluster 3,Cluster 2,Cluster 3
TCGA-AR-A250-01A-31D-A16A-05,Source,Cluster 1,Cluster 1,Cluster 5
TCGA-AO-A03N-01B-11D-A10N-05,Source,Cluster 5,Cluster 2,Cluster 3
TCGA-A2-A1G4-01A-11D-A13K-05,Source,Cluster 1,Cluster 1,Cluster 5
TCGA-EW-A1OZ-01A-11D-A145-05,Source,Cluster 1,Cluster 1,Cluster 5
TCGA-EW-A1P0-01A-11D-A145-05,Source,Cluster 3,Cluster 3,Cluster 3
TCGA-BH-A1FN-01A-11D-A13K-05,Source,Cluster 5,Cluster 5,Cluster 3
TCGA-BH-A42T-01A-11D-A244-05,Source,Cluster 1,Cluster 1,Cluster 5
TCGA-E2-A15K-01A-11D-A12R-05,Source,Cluster 5,Cluster 2,Cluster 4
TCGA-E9-A1N6-01A-11D-A145-05,Source,Cluster 3,Cluster 3,Cluster 3
TCGA-D8-A1X5-01A-11D-A14H-05,Source,Cluster 3,Cluster 1,Cluster 4
TCGA-C8-A1HM-01A-12D-A138-05,Source,Cluster 3,Cluster 2,Cluster 4
TCGA-D8-A1Y2-01A-11D-A161-05,Source,Cluster 5,Cluster 5,Cluster 3
TCGA-E9-A1R7-01A-11D-A14N-05,Source,Cluster 3,Cluster 1,Cluster 5
TCGA-BH-A0HY-01A-11D-A10P-05,Source,Cluster 1,Cluster 1,Cluster 5
TCGA-AC-A7VB-01A-11D-A357-05,Source,Cluster 1,Cluster 1,Cluster 5
TCGA-D8-A1X7-01A-11D-A14N-05,Source,Cluster 5,Cluster 2,Cluster 4
TCGA-BH-A1FJ-01A-11D-A13K-05,Source,Cluster 1,Cluster 1,Cluster 5
TCGA-E2-A9RU-01A-11D-A41Q-05,Source,Cluster 1,Cluster 1,Cluster 5
TCGA-D8-A1JC-01A-11D-A13K-05,Source,Cluster 5,Cluster 2,Cluster 4
TCGA-AO-A1KS-01A-11D-A13K-05,Source,Cluster 3,Cluster 3,Cluster 5
TCGA-D8-A1Y3-01A-11D-A161-05,Source,Cluster 1,Cluster 1,Cluster 5
TCGA-E2-A109-01A-11D-A10N-05,Source,Cluster 1,Cluster 1,Cluster 5
TCGA-E9-A22E-01A-11D-A161-05,Source,Cluster 3,Cluster 3,Cluster 1
TCGA-E2-A10C-01A-21D-A10N-05,Source,Cluster 3,Cluster 1,Cluster 4
TCGA-EW-A2FW-01A-11D-A17F-05,Source,Cluster 3,Cluster 2,Cluster 3
TCGA-BH-A202-01A-11D-A14N-05,Source,Cluster 3,Cluster 3,Cluster 1
TCGA-E9-A1RB-01A-11D-A161-05,Source,Cluster 5,Cluster 2,Cluster 3
TCGA-AR-A2LL-01A-11D-A17Z-05,Source,Cluster 1,Cluster 1,Cluster 5
TCGA-A2-A25C-01A-11D-A16A-05,Source,Cluster 3,Cluster 3,Cluster 1
TCGA-BH-A0H0-01A-11D-A10P-05,Source,Cluster 3,Cluster 2,Cluster 4
TCGA-BH-A0AU-01A-11D-A12R-05,Source,Cluster 3,Cluster 3,Cluster 1
TCGA-A8-A075-01A-11D-A10P-05,Source,Cluster 5,Cluster 2,Cluster 3
TCGA-EW-A1J6-01A-11D-A13K-05,Source,Cluster 5,Cluster 2,Cluster 3
TCGA-LL-A7T0-01A-31D-A357-05,Source,Cluster 1,Cluster 1,Cluster 5
TCGA-A2-A25B-01A-11D-A16A-05,Source,Cluster 3,Cluster 2,Cluster 4
TCGA-BH-A204-01A-11D-A161-05,Source,Cluster 1,Cluster 1,Cluster 5
TCGA-BH-A209-01A-11D-A161-05,Source,Cluster 1,Cluster 1,Cluster 1
TCGA-A7-A2KD-01A-31D-A21R-05,Source,Cluster 5,Cluster 2,Cluster 4
TCGA-AR-A0TT-01A-31D-A10P-05,Source,Cluster 3,Cluster 3,Cluster 1
TCGA-A1-A0SN-01A-11D-A145-05,Source,Cluster 1,Cluster 1,Cluster 5
TCGA-C8-A1HN-01A-11D-A138-05,Source,Cluster 3,Cluster 2,Cluster 4
TCGA-E9-A1R4-01A-21D-A14H-05,Source,Cluster 5,Cluster 2,Cluster 3
TCGA-AR-A1AW-01A-21D-A12R-05,Source,Cluster 3,Cluster 4,Cluster 1
TCGA-E9-A54X-01A-11D-A268-05,Source,Cluster 5,Cluster 3,Cluster 3
TCGA-B6-A1KC-01B-11D-A161-05,Source,Cluster 1,Cluster 1,Cluster 5
TCGA-A2-A1FW-01A-11D-A13K-05,Source,Cluster 1,Cluster 1,Cluster 5
TCGA-AR-A24K-01A-11D-A16A-05,Source,Cluster 3,Cluster 3,Cluster 3
TCGA-B6-A0RL-01A-11D-A10P-05,Source,Cluster 1,Cluster 1,Cluster 5
TCGA-E9-A1NI-01A-11D-A14H-05,Source,Cluster 3,Cluster 2,Cluster 4
TCGA-BH-A1F2-01A-31D-A13K-05,Source,Cluster 3,Cluster 2,Cluster 4
TCGA-AO-A0JD-01A-11D-A10P-05,Source,Cluster 5,Cluster 2,Cluster 4
TCGA-E9-A5UO-01A-11D-A28C-05,Source,Cluster 1,Cluster 1,Cluster 5
TCGA-AR-A2LK-01A-11D-A17Z-05,Source,Cluster 3,Cluster 1,Cluster 5
TCGA-D8-A1J9-01A-11D-A13K-05,Source,Cluster 1,Cluster 1,Cluster 5
TCGA-AR-A0U2-01A-11D-A10A-05,Source,Cluster 5,Cluster 2,Cluster 4
TCGA-AR-A24S-01A-11D-A16A-05,Source,Cluster 5,Cluster 2,Cluster 3
TCGA-A2-A4S3-01A-21D-A268-05,Source,Cluster 5,Cluster 2,Cluster 3
TCGA-C8-A26V-01A-11D-A16G-05,Source,Cluster 1,Cluster 1,Cluster 5
TCGA-D8-A1JD-01A-11D-A13K-05,Source,Cluster 3,Cluster 2,Cluster 4
TCGA-S3-AA17-01A-11D-A41Q-05,Source,Cluster 3,Cluster 1,Cluster 5
TCGA-D8-A1XF-01A-11D-A14H-05,Source,Cluster 1,Cluster 1,Cluster 5
TCGA-BH-A0C0-01A-21D-A10P-05,Source,Cluster 3,Cluster 3,Cluster 1
TCGA-E9-A226-01A-21D-A161-05,Source,Cluster 1,Cluster 1,Cluster 5
TCGA-E2-A56Z-01A-12D-A29O-05,Source,Cluster 3,Cluster 2,Cluster 4
TCGA-E9-A1NF-01A-11D-A14H-05,Source,Cluster 3,Cluster 1,Cluster 3
TCGA-A7-A13F-01A-11D-A12R-05,Source,Cluster 1,Cluster 1,Cluster 5
TCGA-E9-A1NA-01A-11D-A145-05,Source,Cluster 1,Cluster 1,Cluster 5
TCGA-C8-A1HG-01A-11D-A138-05,Source,Cluster 5,Cluster 2,Cluster 3
TCGA-AN-A0XR-01A-11D-A10A-05,Source,Cluster 1,Cluster 1,Cluster 5
TCGA-C8-A27A-01A-11D-A16A-05,Source,Cluster 3,Cluster 1,Cluster 5
TCGA-BH-A0HW-01A-11D-A032-05,Source,Cluster 3,Cluster 2,Cluster 3
TCGA-A8-A081-01A-11D-A00Y-05,Source,Cluster 5,Cluster 2,Cluster 4
TCGA-A8-A09Z-01A-11D-A00Y-05,Source,Cluster 5,Cluster 2,Cluster 4
TCGA-A8-A06Q-01A-11D-A032-05,Source,Cluster 5,Cluster 2,Cluster 4
TCGA-AO-A03O-01A-11D-A00Y-05,Source,Cluster 3,Cluster 2,Cluster 4
TCGA-AN-A0AM-01A-11D-A032-05,Source,Cluster 3,Cluster 1,Cluster 3
TCGA-A8-A07W-01A-11D-A00Y-05,Source,Cluster 5,Cluster 2,Cluster 4
TCGA-A8-A06O-01A-11D-A00Y-05,Source,Cluster 1,Cluster 1,Cluster 5
TCGA-AO-A0J3-01A-11D-A032-05,Source,Cluster 3,Cluster 1,Cluster 4
TCGA-B6-A0IB-01A-11D-A032-05,Source,Cluster 5,Cluster 2,Cluster 4
TCGA-AN-A0AJ-01A-11D-A00Y-05,Source,Cluster 1,Cluster 1,Cluster 5
TCGA-AO-A0J7-01A-11D-A032-05,Source,Cluster 3,Cluster 2,Cluster 4
TCGA-A2-A0CW-01A-21D-A112-05,Source,Cluster 3,Cluster 2,Cluster 3
TCGA-BH-A0BD-01A-11D-A032-05,Source,Cluster 3,Cluster 3,Cluster 3
TCGA-A8-A076-01A-21D-A00Y-05,Source,Cluster 1,Cluster 1,Cluster 5
TCGA-A8-A095-01A-11D-A00Y-05,Source,Cluster 3,Cluster 3,Cluster 3
TCGA-AN-A03Y-01A-21D-A00Y-05,Source,Cluster 1,Cluster 1,Cluster 5
TCGA-AN-A0FF-01A-11D-A032-05,Source,Cluster 1,Cluster 1,Cluster 5
TCGA-A8-A084-01A-21D-A00Y-05,Source,Cluster 1,Cluster 1,Cluster 5
TCGA-A8-A06N-01A-11D-A00Y-05,Source,Cluster 3,Cluster 2,Cluster 4
TCGA-A8-A092-01A-11D-A00Y-05,Source,Cluster 5,Cluster 2,Cluster 4
TCGA-C8-A12W-01A-11D-A112-05,Source,Cluster 5,Cluster 2,Cluster 4
TCGA-A8-A07L-01A-11D-A00Y-05,Source,Cluster 3,Cluster 1,Cluster 4
TCGA-E2-A15A-01A-11D-A12E-05,Source,Cluster 3,Cluster 2,Cluster 4
TCGA-AN-A0AK-01A-21D-A00Y-05,Source,Cluster 3,Cluster 2,Cluster 4
TCGA-E2-A155-01A-11D-A12E-05,Source,Cluster 3,Cluster 1,Cluster 4
TCGA-A8-A096-01A-11D-A00Y-05,Source,Cluster 5,Cluster 2,Cluster 4
TCGA-A2-A04Y-01A-21D-A032-05,Source,Cluster 3,Cluster 2,Cluster 3
TCGA-A8-A08S-01A-11D-A032-05,Source,Cluster 1,Cluster 1,Cluster 5
TCGA-BH-A18L-01A-32D-A12E-05,Source,Cluster 5,Cluster 2,Cluster 4
TCGA-A2-A0CY-01A-12D-A032-05,Source,Cluster 5,Cluster 5,Cluster 2
TCGA-BH-A0HU-01A-11D-A032-05,Source,Cluster 5,Cluster 2,Cluster 3
TCGA-A8-A06Z-01A-11D-A00Y-05,Source,Cluster 5,Cluster 2,Cluster 4
TCGA-A8-A09I-01A-22D-A032-05,Source,Cluster 1,Cluster 1,Cluster 5
TCGA-A8-A079-01A-21D-A00Y-05,Source,Cluster 1,Cluster 1,Cluster 5
TCGA-BH-A0C7-01B-11D-A112-05,Source,Cluster 3,Cluster 1,Cluster 5
TCGA-C8-A12M-01A-11D-A112-05,Source,Cluster 1,Cluster 1,Cluster 5
TCGA-C8-A130-01A-31D-A112-05,Source,Cluster 5,Cluster 2,Cluster 3
TCGA-E2-A15S-01A-11D-A112-05,Source,Cluster 1,Cluster 1,Cluster 5
TCGA-D8-A13Y-01A-11D-A112-05,Source,Cluster 5,Cluster 2,Cluster 3
TCGA-B6-A0IN-01A-11D-A032-05,Source,Cluster 1,Cluster 1,Cluster 5
TCGA-E2-A14O-01A-31D-A112-05,Source,Cluster 5,Cluster 2,Cluster 4
TCGA-A8-A06R-01A-11D-A00Y-05,Source,Cluster 5,Cluster 2,Cluster 4
TCGA-A2-A0EY-01A-11D-A032-05,Source,Cluster 5,Cluster 2,Cluster 4
TCGA-A7-A0CJ-01A-21D-A00Y-05,Source,Cluster 1,Cluster 1,Cluster 5
TCGA-A8-A07S-01A-11D-A032-05,Source,Cluster 3,Cluster 2,Cluster 3
TCGA-AN-A0FY-01A-11D-A032-05,Source,Cluster 5,Cluster 2,Cluster 3
TCGA-A8-A08G-01A-11D-A00Y-05,Source,Cluster 5,Cluster 2,Cluster 4
TCGA-A8-A09E-01A-11D-A00Y-05,Source,Cluster 1,Cluster 1,Cluster 5
TCGA-A8-A09N-01A-11D-A00Y-05,Source,Cluster 3,Cluster 2,Cluster 4
TCGA-A8-A09R-01A-11D-A00Y-05,Source,Cluster 3,Cluster 1,Cluster 5
TCGA-A2-A0D4-01A-11D-A00Y-05,Source,Cluster 3,Cluster 1,Cluster 4
TCGA-AR-A0TY-01A-12D-A112-05,Source,Cluster 5,Cluster 2,Cluster 4
TCGA-BH-A18U-01A-21D-A12E-05,Source,Cluster 3,Cluster 2,Cluster 4
TCGA-A8-A08I-01A-11D-A00Y-05,Source,Cluster 5,Cluster 2,Cluster 3
TCGA-C8-A12U-01A-11D-A112-05,Source,Cluster 1,Cluster 1,Cluster 5
TCGA-A8-A09M-01A-11D-A00Y-05,Source,Cluster 3,Cluster 2,Cluster 4
TCGA-A8-A082-01A-11D-A00Y-05,Source,Cluster 1,Cluster 1,Cluster 5
TCGA-A8-A09Q-01A-11D-A00Y-05,Source,Cluster 1,Cluster 1,Cluster 5
TCGA-E2-A15T-01A-11D-A112-05,Source,Cluster 3,Cluster 2,Cluster 4
TCGA-A2-A0T3-01A-21D-A112-05,Source,Cluster 1,Cluster 1,Cluster 5
TCGA-A2-A3XT-01A-11D-A230-05,Source,Cluster 4,Cluster 5,Cluster 2
TCGA-AO-A124-01A-11D-A10N-05,Source,Cluster 4,Cluster 5,Cluster 2
TCGA-A2-A3Y0-01A-11D-A23D-05,Source,Cluster 4,Cluster 5,Cluster 2
TCGA-A7-A6VV-01A-22D-A33F-05,Source,Cluster 4,Cluster 5,Cluster 2
TCGA-A7-A26F-01B-04D-A22R-05,Source,Cluster 2,Cluster 1,Cluster 5
TCGA-EW-A1OW-01A-21D-A145-05,Source,Cluster 4,Cluster 5,Cluster 2
TCGA-E9-A3QA-01A-61D-A22B-05,Source,Cluster 2,Cluster 4,Cluster 2
TCGA-A7-A4SE-01A-11D-A268-05,Source,Cluster 4,Cluster 5,Cluster 2
TCGA-PL-A8LV-01A-21D-A41Q-05,Source,Cluster 2,Cluster 5,Cluster 2
TCGA-E9-A5FL-01A-11D-A27Y-05,Source,Cluster 4,Cluster 5,Cluster 2
TCGA-EW-A1PH-01A-11D-A14N-05,Source,Cluster 4,Cluster 5,Cluster 2
TCGA-C8-A1HJ-01A-11D-A13K-05,Source,Cluster 4,Cluster 5,Cluster 2
TCGA-AR-A1AY-01A-21D-A12R-05,Source,Cluster 2,Cluster 5,Cluster 2
TCGA-BH-A0WA-01A-11D-A10A-05,Source,Cluster 4,Cluster 5,Cluster 2
TCGA-E2-A1LH-01A-11D-A14H-05,Source,Cluster 2,Cluster 4,Cluster 1
TCGA-E2-A1LG-01A-21D-A14N-05,Source,Cluster 4,Cluster 5,Cluster 2
TCGA-AO-A0JL-01A-11D-A10P-05,Source,Cluster 4,Cluster 5,Cluster 2
TCGA-E9-A22G-01A-11D-A161-05,Source,Cluster 4,Cluster 5,Cluster 2
TCGA-D8-A1XK-01A-21D-A14N-05,Source,Cluster 4,Cluster 5,Cluster 2
TCGA-A2-A0YM-01A-11D-A10A-05,Source,Cluster 4,Cluster 5,Cluster 2
TCGA-OL-A66I-01A-21D-A29O-05,Source,Cluster 2,Cluster 4,Cluster 1
TCGA-E2-A1LK-01A-21D-A14H-05,Source,Cluster 2,Cluster 5,Cluster 5
TCGA-AC-A2QH-01B-04D-A22R-05,Source,Cluster 4,Cluster 5,Cluster 2
TCGA-S3-AA10-01A-21D-A41Q-05,Source,Cluster 4,Cluster 5,Cluster 2
TCGA-BH-A1F0-01A-11D-A138-05,Source,Cluster 2,Cluster 4,Cluster 1
TCGA-A2-A4RX-01A-11D-A268-05,Source,Cluster 2,Cluster 5,Cluster 2
TCGA-A7-A13E-01A-11D-A12R-05,Source,Cluster 4,Cluster 5,Cluster 2
TCGA-B6-A400-01A-11D-A23D-05,Source,Cluster 4,Cluster 5,Cluster 2
TCGA-OL-A5RW-01A-11D-A28C-05,Source,Cluster 4,Cluster 5,Cluster 2
TCGA-AR-A0TP-01A-11D-A10P-05,Source,Cluster 4,Cluster 5,Cluster 2
TCGA-GM-A2DF-01A-11D-A17Z-05,Source,Cluster 2,Cluster 4,Cluster 1
TCGA-LL-A8F5-01A-11D-A36K-05,Source,Cluster 2,Cluster 5,Cluster 2
TCGA-A1-A0SO-01A-22D-A10P-05,Source,Cluster 4,Cluster 5,Cluster 2
TCGA-AC-A6IW-01A-12D-A33F-05,Source,Cluster 4,Cluster 5,Cluster 2
TCGA-EW-A1P8-01A-11D-A145-05,Source,Cluster 4,Cluster 5,Cluster 2
TCGA-B6-A402-01A-11D-A23D-05,Source,Cluster 4,Cluster 5,Cluster 2
TCGA-AR-A1AQ-01A-11D-A12R-05,Source,Cluster 2,Cluster 5,Cluster 1
TCGA-A2-A0T0-01A-22D-A10P-05,Source,Cluster 4,Cluster 5,Cluster 2
TCGA-BH-A1FC-01A-11D-A13K-05,Source,Cluster 2,Cluster 5,Cluster 1
TCGA-BH-A1F6-01A-11D-A13K-05,Source,Cluster 2,Cluster 5,Cluster 1
TCGA-S3-AA0Z-01A-11D-A41Q-05,Source,Cluster 2,Cluster 5,Cluster 2
TCGA-B6-A0RT-01A-21D-A10P-05,Source,Cluster 2,Cluster 4,Cluster 1
TCGA-OL-A5S0-01A-11D-A28C-05,Source,Cluster 4,Cluster 5,Cluster 2
TCGA-A1-A0SK-01A-12D-A10P-05,Source,Cluster 4,Cluster 5,Cluster 2
TCGA-D8-A1XQ-01A-11D-A14N-05,Source,Cluster 4,Cluster 5,Cluster 2
TCGA-A2-A3XS-01A-11D-A230-05,Source,Cluster 2,Cluster 5,Cluster 2
TCGA-AO-A128-01A-11D-A10N-05,Source,Cluster 2,Cluster 4,Cluster 1
TCGA-BH-A5IZ-01A-11D-A27Y-05,Source,Cluster 4,Cluster 5,Cluster 2
TCGA-AC-A7VC-01A-11D-A357-05,Source,Cluster 4,Cluster 5,Cluster 2
TCGA-E2-A14N-01A-31D-A138-05,Source,Cluster 2,Cluster 4,Cluster 2
TCGA-A7-A26G-01A-21D-A16A-05,Source,Cluster 4,Cluster 5,Cluster 2
TCGA-AR-A1AR-01A-31D-A138-05,Source,Cluster 2,Cluster 5,Cluster 2
TCGA-OL-A6VO-01A-12D-A33F-05,Source,Cluster 4,Cluster 5,Cluster 2
TCGA-S3-AA15-01A-11D-A41Q-05,Source,Cluster 2,Cluster 4,Cluster 1
TCGA-E9-A244-01A-11D-A16A-05,Source,Cluster 4,Cluster 5,Cluster 2
TCGA-E9-A1N9-01A-11D-A14H-05,Source,Cluster 2,Cluster 3,Cluster 1
TCGA-AC-A8OQ-01A-11D-A41Q-05,Source,Cluster 4,Cluster 5,Cluster 2
TCGA-A2-A3XX-01A-21D-A23D-05,Source,Cluster 4,Cluster 5,Cluster 2
TCGA-E2-A1LL-01A-11D-A145-05,Source,Cluster 2,Cluster 2,Cluster 4
TCGA-E2-A1LI-01A-12D-A161-05,Source,Cluster 4,Cluster 5,Cluster 2
TCGA-AQ-A54N-01A-11D-A268-05,Source,Cluster 4,Cluster 5,Cluster 2
TCGA-EW-A3U0-01A-11D-A22B-05,Source,Cluster 4,Cluster 5,Cluster 2
TCGA-AR-A1AJ-01A-21D-A12R-05,Source,Cluster 2,Cluster 4,Cluster 1
TCGA-E2-A1II-01A-11D-A145-05,Source,Cluster 4,Cluster 5,Cluster 2
TCGA-LL-A5YP-01A-21D-A28C-05,Source,Cluster 4,Cluster 5,Cluster 2
TCGA-BH-A0RX-01A-21D-A10P-05,Source,Cluster 2,Cluster 4,Cluster 1
TCGA-PL-A8LZ-01A-31D-A36K-05,Source,Cluster 4,Cluster 5,Cluster 2
TCGA-LL-A6FR-01A-12D-A31V-05,Source,Cluster 4,Cluster 5,Cluster 2
TCGA-A1-A0SP-01A-11D-A10P-05,Source,Cluster 2,Cluster 5,Cluster 2
TCGA-OL-A5D7-01A-11D-A27Y-05,Source,Cluster 2,Cluster 5,Cluster 1
TCGA-A2-A1G1-01A-21D-A13K-05,Source,Cluster 2,Cluster 5,Cluster 2
TCGA-E2-A573-01A-11D-A29O-05,Source,Cluster 4,Cluster 5,Cluster 2
TCGA-AO-A1KR-01A-12D-A145-05,Source,Cluster 2,Cluster 5,Cluster 2
TCGA-BH-A0B3-01A-11D-A10P-05,Source,Cluster 4,Cluster 5,Cluster 2
TCGA-EW-A6SB-01A-12D-A32T-05,Source,Cluster 2,Cluster 5,Cluster 2
TCGA-B6-A0WX-01A-11D-A10A-05,Source,Cluster 2,Cluster 5,Cluster 2
TCGA-AN-A0XU-01A-11D-A10A-05,Source,Cluster 4,Cluster 5,Cluster 2
TCGA-E9-A1ND-01A-11D-A145-05,Source,Cluster 2,Cluster 4,Cluster 1
TCGA-AC-A2BK-01A-11D-A21R-05,Source,Cluster 4,Cluster 5,Cluster 2
TCGA-AO-A129-01A-21D-A10N-05,Source,Cluster 4,Cluster 5,Cluster 2
TCGA-EW-A1P4-01A-21D-A145-05,Source,Cluster 4,Cluster 5,Cluster 2
TCGA-AR-A256-01A-11D-A16A-05,Source,Cluster 4,Cluster 5,Cluster 2
TCGA-E9-A1N8-01A-11D-A145-05,Source,Cluster 4,Cluster 5,Cluster 2
TCGA-A7-A13D-01A-13D-A12R-05,Source,Cluster 4,Cluster 5,Cluster 2
TCGA-LL-A73Y-01A-11D-A33F-05,Source,Cluster 4,Cluster 5,Cluster 2
TCGA-A7-A6VY-01A-12D-A33F-05,Source,Cluster 2,Cluster 5,Cluster 2
TCGA-A7-A4SD-01A-11D-A268-05,Source,Cluster 4,Cluster 5,Cluster 2
TCGA-AR-A1AI-01A-11D-A12R-05,Source,Cluster 4,Cluster 5,Cluster 2
TCGA-E2-A574-01A-11D-A29O-05,Source,Cluster 4,Cluster 5,Cluster 2
TCGA-E9-A243-01A-21D-A16A-05,Source,Cluster 4,Cluster 4,Cluster 2
TCGA-B6-A1KF-01A-11D-A13K-05,Source,Cluster 4,Cluster 5,Cluster 2
TCGA-AC-A62X-01A-11D-A29O-05,Source,Cluster 4,Cluster 5,Cluster 2
TCGA-AR-A24Q-01A-12D-A16A-05,Source,Cluster 4,Cluster 5,Cluster 2
TCGA-AR-A2LR-01A-12D-A18O-05,Source,Cluster 4,Cluster 5,Cluster 2
TCGA-B6-A409-01A-11D-A244-05,Source,Cluster 4,Cluster 5,Cluster 2
TCGA-A2-A0SX-01A-12D-A10P-05,Source,Cluster 4,Cluster 5,Cluster 2
TCGA-GM-A3XL-01A-11D-A230-05,Source,Cluster 2,Cluster 5,Cluster 2
TCGA-A7-A6VW-01A-21D-A33F-05,Source,Cluster 2,Cluster 5,Cluster 1
TCGA-E2-A1LS-01A-12D-A161-05,Source,Cluster 2,Cluster 5,Cluster 2
TCGA-D8-A1JL-01A-11D-A13K-05,Source,Cluster 4,Cluster 5,Cluster 2
TCGA-D8-A27F-01A-11D-A16G-05,Source,Cluster 4,Cluster 5,Cluster 2
TCGA-AR-A251-01A-12D-A16A-05,Source,Cluster 4,Cluster 5,Cluster 2
TCGA-D8-A27H-01A-11D-A16G-05,Source,Cluster 4,Cluster 5,Cluster 2
TCGA-A2-A4S1-01A-21D-A268-05,Source,Cluster 2,Cluster 5,Cluster 1
TCGA-B6-A0RE-01A-11D-A10P-05,Source,Cluster 4,Cluster 5,Cluster 2
TCGA-B6-A0I1-01A-11D-A21R-05,Source,Cluster 4,Cluster 5,Cluster 2
TCGA-AR-A5QQ-01A-11D-A28C-05,Source,Cluster 2,Cluster 4,Cluster 1
TCGA-E2-A1B6-01A-31D-A12R-05,Source,Cluster 2,Cluster 4,Cluster 1
TCGA-E2-A1AZ-01A-11D-A12R-05,Source,Cluster 4,Cluster 5,Cluster 2
TCGA-BH-A0B9-01A-11D-A10P-05,Source,Cluster 4,Cluster 5,Cluster 2
TCGA-BH-A0E0-01A-11D-A10P-05,Source,Cluster 4,Cluster 5,Cluster 2
TCGA-A2-A3XU-01A-12D-A230-05,Source,Cluster 4,Cluster 5,Cluster 2
TCGA-D8-A1JK-01A-11D-A13K-05,Source,Cluster 4,Cluster 2,Cluster 4
TCGA-B6-A0RU-01A-11D-A10P-05,Source,Cluster 4,Cluster 5,Cluster 2
TCGA-GI-A2C9-01A-11D-A21R-05,Source,Cluster 4,Cluster 5,Cluster 2
TCGA-A2-A3XY-01A-11D-A23D-05,Source,Cluster 4,Cluster 5,Cluster 2
TCGA-C8-A27B-01A-11D-A16A-05,Source,Cluster 4,Cluster 5,Cluster 2
TCGA-AC-A2QJ-01A-12D-A19Z-05,Source,Cluster 4,Cluster 5,Cluster 2
TCGA-A2-A0T2-01A-11D-A10P-05,Source,Cluster 4,Cluster 5,Cluster 2
TCGA-A2-A0ST-01A-12D-A10P-05,Source,Cluster 2,Cluster 4,Cluster 1
TCGA-EW-A1PB-01A-11D-A145-05,Source,Cluster 2,Cluster 4,Cluster 1
TCGA-A7-A5ZV-01A-11D-A28C-05,Source,Cluster 2,Cluster 1,Cluster 5
TCGA-A2-A25F-01A-11D-A16A-05,Source,Cluster 2,Cluster 4,Cluster 1
TCGA-AR-A0U4-01A-11D-A10A-05,Source,Cluster 2,Cluster 5,Cluster 2
TCGA-B6-A3ZX-01A-11D-A23D-05,Source,Cluster 2,Cluster 4,Cluster 1
TCGA-HN-A2NL-01A-11D-A18O-05,Source,Cluster 2,Cluster 5,Cluster 2
TCGA-D8-A27M-01A-11D-A16G-05,Source,Cluster 4,Cluster 5,Cluster 2
TCGA-BH-A18V-01A-11D-A12E-05,Source,Cluster 4,Cluster 5,Cluster 2
TCGA-AN-A0FX-01A-11D-A032-05,Source,Cluster 2,Cluster 5,Cluster 2
TCGA-BH-A0BG-01A-11D-A112-05,Source,Cluster 4,Cluster 5,Cluster 2
TCGA-A8-A08R-01A-11D-A032-05,Source,Cluster 4,Cluster 5,Cluster 2
TCGA-C8-A131-01A-11D-A112-05,Source,Cluster 4,Cluster 2,Cluster 2
TCGA-A2-A04T-01A-21D-A032-05,Source,Cluster 4,Cluster 5,Cluster 2
TCGA-AN-A0AT-01A-11D-A032-05,Source,Cluster 4,Cluster 5,Cluster 2
TCGA-BH-A18Q-01A-12D-A12E-05,Source,Cluster 4,Cluster 5,Cluster 2
TCGA-C8-A134-01A-11D-A112-05,Source,Cluster 2,Cluster 5,Cluster 2
TCGA-E2-A14R-01A-11D-A112-05,Source,Cluster 4,Cluster 5,Cluster 2
TCGA-D8-A142-01A-11D-A112-05,Source,Cluster 4,Cluster 5,Cluster 2
TCGA-BH-A18G-01A-11D-A12E-05,Source,Cluster 2,Cluster 5,Cluster 5
TCGA-C8-A12K-01A-21D-A112-05,Source,Cluster 4,Cluster 5,Cluster 2
TCGA-A2-A04P-01A-31D-A032-05,Source,Cluster 4,Cluster 5,Cluster 2
TCGA-E2-A159-01A-11D-A112-05,Source,Cluster 2,Cluster 5,Cluster 2
TCGA-AN-A0FL-01A-11D-A032-05,Source,Cluster 4,Cluster 5,Cluster 2
TCGA-A2-A0CM-01A-31D-A032-05,Source,Cluster 2,Cluster 5,Cluster 5
TCGA-D8-A147-01A-11D-A112-05,Source,Cluster 4,Cluster 5,Cluster 2
TCGA-AO-A0J6-01A-11D-A032-05,Source,Cluster 2,Cluster 5,Cluster 2
TCGA-BH-A0E6-01A-11D-A032-05,Source,Cluster 2,Cluster 5,Cluster 2
TCGA-E2-A150-01A-11D-A12E-05,Source,Cluster 4,Cluster 5,Cluster 2
TCGA-A7-A0CE-01A-11D-A00Y-05,Source,Cluster 4,Cluster 5,Cluster 2
TCGA-A8-A07O-01A-11D-A00Y-05,Source,Cluster 4,Cluster 5,Cluster 2
TCGA-E2-A158-01A-11D-A12E-05,Source,Cluster 4,Cluster 5,Cluster 2
TCGA-AN-A0AR-01A-11D-A00Y-05,Source,Cluster 4,Cluster 5,Cluster 2
TCGA-AR-A0TS-01A-11D-A112-05,Source,Cluster 4,Cluster 4,Cluster 2
TCGA-B6-A0I2-01A-11D-A032-05,Source,Cluster 4,Cluster 5,Cluster 2
TCGA-AR-A1AH-01A-11D-A12E-05,Source,Cluster 4,Cluster 5,Cluster 2
TCGA-B6-A0IQ-01A-11D-A032-05,Source,Cluster 4,Cluster 5,Cluster 2
TCGA-AN-A0G0-01A-11D-A032-05,Source,Cluster 4,Cluster 5,Cluster 2
TCGA-AO-A0J4-01A-11D-A032-05,Source,Cluster 4,Cluster 5,Cluster 2
TCGA-AN-A0FJ-01A-11D-A00Y-05,Source,Cluster 4,Cluster 5,Cluster 2
TCGA-B6-A0I6-01A-11D-A032-05,Source,Cluster 4,Cluster 5,Cluster 2
TCGA-AN-A0AL-01A-11D-A00Y-05,Source,Cluster 4,Cluster 5,Cluster 2
TCGA-D8-A143-01A-11D-A112-05,Source,Cluster 2,Cluster 5,Cluster 2
TCGA-C8-A12V-01A-11D-A112-05,Source,Cluster 4,Cluster 4,Cluster 2
TCGA-BH-A18T-01A-11D-A12E-05,Source,Cluster 4,Cluster 5,Cluster 2
TCGA-A8-A07U-01A-11D-A032-05,Source,Cluster 4,Cluster 5,Cluster 2
TCGA-AQ-A04J-01A-02D-A032-05,Source,Cluster 4,Cluster 5,Cluster 2
TCGA-BH-A0BW-01A-11D-A112-05,Source,Cluster 4,Cluster 5,Cluster 2
TCGA-A2-A0D2-01A-21D-A032-05,Source,Cluster 4,Cluster 5,Cluster 2
TCGA-BH-A0BL-01A-11D-A112-05,Source,Cluster 4,Cluster 5,Cluster 2
TCGA-E2-A14Y-01A-21D-A12E-05,Source,Cluster 2,Cluster 5,Cluster 2
TCGA-A8-A07R-01A-21D-A032-05,Source,Cluster 4,Cluster 5,Cluster 2
TCGA-A8-A07C-01A-11D-A032-05,Source,Cluster 4,Cluster 5,Cluster 2
TCGA-A2-A0D0-01A-11D-A00Y-05,Source,Cluster 4,Cluster 5,Cluster 2
TCGA-BH-A0DL-01A-11D-A112-05,Source,Cluster 4,Cluster 5,Cluster 2
TCGA-AO-A12F-01A-11D-A112-05,Source,Cluster 4,Cluster 5,Cluster 2
TCGA-AN-A04D-01A-21D-A032-05,Source,Cluster 4,Cluster 5,Cluster 2
TCGA-A2-A04U-01A-11D-A112-05,Source,Cluster 4,Cluster 5,Cluster 2
TCGA-A2-A04Q-01A-21D-A032-05,Source,Cluster 2,Cluster 4,Cluster 1
TCGA-A7-A0DA-01A-31D-A112-05,Source,Cluster 4,Cluster 5,Cluster 2
TCGA-B6-A0IJ-01A-11D-A032-05,Source,Cluster 4,Cluster 5,Cluster 2
TCGA-BH-A0AV-01A-31D-A112-05,Source,Cluster 4,Cluster 5,Cluster 2
TCGA-E2-A14X-01A-11D-A112-05,Source,Cluster 4,Cluster 5,Cluster 2
TCGA-AR-A1AT-01A-11D-A12R-05,Source,Cluster 3,Cluster 3,Cluster 5
TCGA-UU-A93S-01A-21D-A41Q-05,Source,Cluster 2,Cluster 1,Cluster 4
TCGA-D8-A1JG-01B-11D-A13K-05,Source,Cluster 2,Cluster 1,Cluster 1
TCGA-D8-A1JA-01A-11D-A13K-05,Source,Cluster 2,Cluster 2,Cluster 4
TCGA-C8-A1HK-01A-21D-A13K-05,Source,Cluster 2,Cluster 2,Cluster 4
TCGA-BH-A203-01A-12D-A16A-05,Source,Cluster 1,Cluster 1,Cluster 5
TCGA-JL-A3YW-01A-12D-A23D-05,Source,Cluster 2,Cluster 1,Cluster 1
TCGA-GM-A2DH-01A-11D-A17Z-05,Source,Cluster 2,Cluster 3,Cluster 1
TCGA-E9-A248-01A-11D-A16A-05,Source,Cluster 2,Cluster 4,Cluster 1
TCGA-AR-A254-01A-21D-A16A-05,Source,Cluster 2,Cluster 3,Cluster 1
TCGA-C8-A26X-01A-31D-A16G-05,Source,Cluster 2,Cluster 1,Cluster 5
TCGA-C8-A1HF-01A-11D-A138-05,Source,Cluster 2,Cluster 3,Cluster 1
TCGA-OL-A5RZ-01A-11D-A28C-05,Source,Cluster 2,Cluster 2,Cluster 4
TCGA-EW-A2FR-01A-11D-A21R-05,Source,Cluster 2,Cluster 5,Cluster 1
TCGA-C8-A8HP-01A-11D-A36K-05,Source,Cluster 2,Cluster 4,Cluster 1
TCGA-AR-A24U-01A-11D-A16A-05,Source,Cluster 2,Cluster 4,Cluster 1
TCGA-A2-A3XZ-01A-42D-A23D-05,Source,Cluster 2,Cluster 4,Cluster 1
TCGA-EW-A1OV-01A-11D-A145-05,Source,Cluster 2,Cluster 2,Cluster 1
TCGA-AC-A23H-01A-11D-A161-05,Source,Cluster 1,Cluster 1,Cluster 5
TCGA-C8-A275-01A-21D-A16G-05,Source,Cluster 2,Cluster 1,Cluster 5
TCGA-E2-A1LB-01A-11D-A145-05,Source,Cluster 2,Cluster 3,Cluster 1
TCGA-AO-A0JE-01A-11D-A10P-05,Source,Cluster 2,Cluster 1,Cluster 5
TCGA-EW-A6SD-01A-12D-A33F-05,Source,Cluster 2,Cluster 5,Cluster 2
TCGA-E9-A1RH-01A-21D-A16A-05,Source,Cluster 2,Cluster 2,Cluster 4
TCGA-A2-A3XV-01A-21D-A23D-05,Source,Cluster 1,Cluster 1,Cluster 5
TCGA-B6-A0RS-01A-11D-A10P-05,Source,Cluster 2,Cluster 5,Cluster 2
TCGA-BH-A1EV-01A-11D-A138-05,Source,Cluster 2,Cluster 3,Cluster 3
TCGA-3C-AALI-01A-11D-A41Q-05,Source,Cluster 2,Cluster 1,Cluster 4
TCGA-AC-A3W5-01A-11D-A22B-05,Source,Cluster 2,Cluster 3,Cluster 1
TCGA-LL-A5YO-01A-21D-A28C-05,Source,Cluster 2,Cluster 4,Cluster 1
TCGA-E2-A1B0-01A-11D-A12R-05,Source,Cluster 2,Cluster 2,Cluster 2
TCGA-A2-A0T1-01A-21D-A10P-05,Source,Cluster 2,Cluster 4,Cluster 1
TCGA-D8-A1XJ-01A-11D-A14N-05,Source,Cluster 1,Cluster 1,Cluster 5
TCGA-C8-A26Y-01A-11D-A16G-05,Source,Cluster 2,Cluster 3,Cluster 1
TCGA-OL-A66P-01A-11D-A31V-05,Source,Cluster 2,Cluster 4,Cluster 1
TCGA-AC-A5EH-01A-11D-A28C-05,Source,Cluster 2,Cluster 1,Cluster 4
TCGA-B6-A0IK-01A-12D-A10P-05,Source,Cluster 2,Cluster 1,Cluster 5
TCGA-BH-A0AW-01A-11D-A10P-05,Source,Cluster 2,Cluster 1,Cluster 5
TCGA-GM-A2DB-01A-31D-A18O-05,Source,Cluster 2,Cluster 5,Cluster 1
TCGA-C8-A278-01A-11D-A16A-05,Source,Cluster 2,Cluster 3,Cluster 1
TCGA-D8-A1XT-01A-11D-A14N-05,Source,Cluster 2,Cluster 3,Cluster 1
TCGA-AR-A0TX-01A-11D-A10P-05,Source,Cluster 2,Cluster 3,Cluster 1
TCGA-E2-A1LE-01A-12D-A19Z-05,Source,Cluster 2,Cluster 1,Cluster 5
TCGA-A7-A4SF-01A-11D-A268-05,Source,Cluster 5,Cluster 2,Cluster 4
TCGA-D8-A1JF-01A-11D-A13K-05,Source,Cluster 2,Cluster 1,Cluster 4
TCGA-BH-A1EN-01A-11D-A13K-05,Source,Cluster 1,Cluster 1,Cluster 5
TCGA-A2-A04X-01A-21D-A032-05,Source,Cluster 2,Cluster 2,Cluster 3
TCGA-AO-A0J2-01A-11D-A032-05,Source,Cluster 2,Cluster 5,Cluster 2
TCGA-A8-A08B-01A-11D-A00Y-05,Source,Cluster 2,Cluster 3,Cluster 3
TCGA-B6-A0I9-01A-11D-A032-05,Source,Cluster 2,Cluster 2,Cluster 4
TCGA-A8-A08X-01A-21D-A00Y-05,Source,Cluster 2,Cluster 5,Cluster 2
TCGA-C8-A138-01A-11D-A112-05,Source,Cluster 4,Cluster 2,Cluster 4
TCGA-E2-A14P-01A-31D-A12E-05,Source,Cluster 2,Cluster 2,Cluster 3
TCGA-BH-A18R-01A-11D-A12E-05,Source,Cluster 2,Cluster 2,Cluster 3
TCGA-BH-A0EE-01A-11D-A032-05,Source,Cluster 2,Cluster 5,Cluster 2
TCGA-C8-A12Z-01A-11D-A112-05,Source,Cluster 3,Cluster 3,Cluster 3
TCGA-C8-A12L-01A-11D-A112-05,Source,Cluster 2,Cluster 2,Cluster 4
TCGA-A8-A0A7-01A-11D-A00Y-05,Source,Cluster 2,Cluster 4,Cluster 1
TCGA-A8-A094-01A-11D-A00Y-05,Source,Cluster 2,Cluster 2,Cluster 4
TCGA-E2-A152-01A-11D-A12E-05,Source,Cluster 2,Cluster 2,Cluster 3
TCGA-A8-A08L-01A-11D-A00Y-05,Source,Cluster 2,Cluster 3,Cluster 5
TCGA-A8-A08J-01A-11D-A00Y-05,Source,Cluster 2,Cluster 2,Cluster 4
TCGA-BH-A0B7-01A-12D-A112-05,Source,Cluster 5,Cluster 5,Cluster 2
TCGA-C8-A12P-01A-11D-A112-05,Source,Cluster 2,Cluster 2,Cluster 4
TCGA-B6-A0RH-01A-21D-A112-05,Source,Cluster 2,Cluster 3,Cluster 3
TCGA-A2-A04W-01A-31D-A112-05,Source,Cluster 2,Cluster 5,Cluster 2
TCGA-A8-A07I-01A-11D-A00Y-05,Source,Cluster 1,Cluster 1,Cluster 5
TCGA-C8-A135-01A-11D-A112-05,Source,Cluster 2,Cluster 5,Cluster 2
TCGA-C8-A12T-01A-11D-A112-05,Source,Cluster 3,Cluster 3,Cluster 3
TCGA-C8-A12Q-01A-11D-A112-05,Source,Cluster 5,Cluster 2,Cluster 3
TCGA-AN-A04C-01A-21D-A032-05,Source,Cluster 2,Cluster 2,Cluster 4
TCGA-AN-A0FV-01A-11D-A00Y-05,Source,Cluster 5,Cluster 2,Cluster 3
TCGA-A2-A0D1-01A-11D-A032-05,Source,Cluster 2,Cluster 1,Cluster 5
TCGA-BH-A18P-01A-11D-A12E-05,Source,Cluster 3,Cluster 1,Cluster 5
TCGA-A8-A09G-01A-21D-A00Y-05,Source,Cluster 2,Cluster 2,Cluster 3
TCGA-C8-A137-01A-11D-A112-05,Source,Cluster 1,Cluster 1,Cluster 5
TCGA-A2-A0EQ-01A-11D-A032-05,Source,Cluster 2,Cluster 3,Cluster 1
TCGA-A8-A09X-01A-11D-A00Y-05,Source,Cluster 2,Cluster 1,Cluster 5
TCGA-E2-A14V-01A-11D-A12E-05,Source,Cluster 5,Cluster 2,Cluster 4
TCGA-AO-A12D-01A-11D-A112-05,Source,Cluster 2,Cluster 5,Cluster 2
TCGA-D8-A13Z-01A-11D-A112-05,Source,Cluster 2,Cluster 5,Cluster 2
GSM1712367,GSE69914,Cluster 3,Cluster 3,Cluster 1
GSM1712370,GSE69914,Cluster 5,Cluster 3,Cluster 1
GSM1712371,GSE69914,Cluster 1,Cluster 1,Cluster 5
GSM1712373,GSE69914,Cluster 2,Cluster 4,Cluster 1
GSM1712374,GSE69914,Cluster 3,Cluster 4,Cluster 1
GSM1712375,GSE69914,Cluster 2,Cluster 3,Cluster 1
GSM1712376,GSE69914,Cluster 3,Cluster 1,Cluster 5
GSM1712377,GSE69914,Cluster 3,Cluster 1,Cluster 4
GSM1712379,GSE69914,Cluster 3,Cluster 3,Cluster 3
GSM1712380,GSE69914,Cluster 5,Cluster 2,Cluster 3
GSM1712381,GSE69914,Cluster 2,Cluster 4,Cluster 1
GSM1712382,GSE69914,Cluster 1,Cluster 1,Cluster 5
GSM1712384,GSE69914,Cluster 3,Cluster 3,Cluster 1
GSM1712386,GSE69914,Cluster 5,Cluster 3,Cluster 1
GSM1712387,GSE69914,Cluster 5,Cluster 4,Cluster 1
GSM1712388,GSE69914,Cluster 5,Cluster 3,Cluster 1
GSM1712389,GSE69914,Cluster 5,Cluster 2,Cluster 4
GSM1712391,GSE69914,Cluster 5,Cluster 4,Cluster 1
GSM1712393,GSE69914,Cluster 3,Cluster 3,Cluster 1
GSM1712394,GSE69914,Cluster 2,Cluster 4,Cluster 1
GSM1712395,GSE69914,Cluster 5,Cluster 1,Cluster 4
GSM1712396,GSE69914,Cluster 2,Cluster 4,Cluster 1
GSM1712397,GSE69914,Cluster 5,Cluster 3,Cluster 1
GSM1712399,GSE69914,Cluster 5,Cluster 4,Cluster 1
GSM1712400,GSE69914,Cluster 5,Cluster 3,Cluster 1
GSM1712401,GSE69914,Cluster 5,Cluster 3,Cluster 1
GSM1712402,GSE69914,Cluster 2,Cluster 4,Cluster 1
GSM1712403,GSE69914,Cluster 2,Cluster 4,Cluster 1
GSM1712404,GSE69914,Cluster 2,Cluster 4,Cluster 1
GSM1712406,GSE69914,Cluster 3,Cluster 2,Cluster 4
GSM1712407,GSE69914,Cluster 3,Cluster 2,Cluster 4
GSM1712408,GSE69914,Cluster 4,Cluster 5,Cluster 2
GSM1712409,GSE69914,Cluster 3,Cluster 3,Cluster 1
GSM1712410,GSE69914,Cluster 5,Cluster 3,Cluster 1
GSM1712413,GSE69914,Cluster 5,Cluster 3,Cluster 3
GSM1712414,GSE69914,Cluster 5,Cluster 4,Cluster 1
GSM1712415,GSE69914,Cluster 3,Cluster 4,Cluster 1
GSM1712416,GSE69914,Cluster 1,Cluster 1,Cluster 5
GSM1712417,GSE69914,Cluster 1,Cluster 3,Cluster 1
GSM1712418,GSE69914,Cluster 3,Cluster 3,Cluster 1
GSM1712421,GSE69914,Cluster 1,Cluster 1,Cluster 5
GSM1712422,GSE69914,Cluster 3,Cluster 4,Cluster 1
GSM1712424,GSE69914,Cluster 5,Cluster 2,Cluster 3
GSM1712425,GSE69914,Cluster 3,Cluster 3,Cluster 1
GSM1712426,GSE69914,Cluster 3,Cluster 3,Cluster 1
GSM1712428,GSE69914,Cluster 5,Cluster 3,Cluster 3
GSM1712429,GSE69914,Cluster 2,Cluster 4,Cluster 1
GSM1712430,GSE69914,Cluster 5,Cluster 4,Cluster 1
GSM1712431,GSE69914,Cluster 3,Cluster 3,Cluster 1
GSM1712432,GSE69914,Cluster 3,Cluster 3,Cluster 1
GSM1712433,GSE69914,Cluster 3,Cluster 3,Cluster 1
GSM1712434,GSE69914,Cluster 3,Cluster 4,Cluster 1
GSM1712437,GSE69914,Cluster 4,Cluster 5,Cluster 2
GSM1712438,GSE69914,Cluster 3,Cluster 3,Cluster 1
GSM1712441,GSE69914,Cluster 4,Cluster 5,Cluster 2
GSM1712443,GSE69914,Cluster 3,Cluster 3,Cluster 1
GSM1712444,GSE69914,Cluster 3,Cluster 3,Cluster 1
GSM1712445,GSE69914,Cluster 3,Cluster 3,Cluster 1
GSM1712446,GSE69914,Cluster 1,Cluster 1,Cluster 5
GSM1712447,GSE69914,Cluster 2,Cluster 4,Cluster 1
GSM1712448,GSE69914,Cluster 3,Cluster 3,Cluster 1
GSM1712451,GSE69914,Cluster 3,Cluster 3,Cluster 1
GSM1712452,GSE69914,Cluster 4,Cluster 5,Cluster 2
GSM1712453,GSE69914,Cluster 5,Cluster 4,Cluster 1
GSM1712454,GSE69914,Cluster 3,Cluster 3,Cluster 1
GSM1712455,GSE69914,Cluster 2,Cluster 4,Cluster 1
GSM1712456,GSE69914,Cluster 2,Cluster 4,Cluster 1
GSM1712458,GSE69914,Cluster 4,Cluster 5,Cluster 2
GSM1712459,GSE69914,Cluster 2,Cluster 4,Cluster 1
GSM1712460,GSE69914,Cluster 2,Cluster 4,Cluster 1
GSM1712461,GSE69914,Cluster 1,Cluster 1,Cluster 5
GSM1712462,GSE69914,Cluster 2,Cluster 2,Cluster 4
GSM1712463,GSE69914,Cluster 3,Cluster 3,Cluster 1
GSM1712465,GSE69914,Cluster 5,Cluster 3,Cluster 1
GSM1712467,GSE69914,Cluster 3,Cluster 2,Cluster 4
GSM1712468,GSE69914,Cluster 2,Cluster 4,Cluster 1
GSM1712469,GSE69914,Cluster 3,Cluster 3,Cluster 5
GSM1712470,GSE69914,Cluster 3,Cluster 4,Cluster 1
GSM1712471,GSE69914,Cluster 3,Cluster 3,Cluster 1
GSM1712474,GSE69914,Cluster 5,Cluster 4,Cluster 1
GSM1712477,GSE69914,Cluster 5,Cluster 4,Cluster 1
GSM1712478,GSE69914,Cluster 5,Cluster 2,Cluster 3
GSM1712479,GSE69914,Cluster 5,Cluster 4,Cluster 1
GSM1712480,GSE69914,Cluster 1,Cluster 1,Cluster 5
GSM1712481,GSE69914,Cluster 2,Cluster 4,Cluster 1
GSM1712482,GSE69914,Cluster 3,Cluster 3,Cluster 1
GSM1712483,GSE69914,Cluster 3,Cluster 3,Cluster 1
GSM1712484,GSE69914,Cluster 5,Cluster 4,Cluster 1
GSM1712485,GSE69914,Cluster 5,Cluster 2,Cluster 4
GSM1712486,GSE69914,Cluster 5,Cluster 3,Cluster 1
GSM1712488,GSE69914,Cluster 3,Cluster 1,Cluster 5
GSM1712491,GSE69914,Cluster 3,Cluster 3,Cluster 3
GSM1712492,GSE69914,Cluster 3,Cluster 3,Cluster 1
GSM1712493,GSE69914,Cluster 3,Cluster 3,Cluster 1
GSM1712494,GSE69914,Cluster 3,Cluster 4,Cluster 1
GSM1712495,GSE69914,Cluster 3,Cluster 2,Cluster 4
GSM1712496,GSE69914,Cluster 3,Cluster 3,Cluster 1
GSM1712497,GSE69914,Cluster 3,Cluster 4,Cluster 1
GSM1712498,GSE69914,Cluster 2,Cluster 4,Cluster 1
GSM1712499,GSE69914,Cluster 3,Cluster 3,Cluster 1
GSM1712501,GSE69914,Cluster 5,Cluster 4,Cluster 1
GSM1712502,GSE69914,Cluster 1,Cluster 1,Cluster 5
GSM1712505,GSE69914,Cluster 3,Cluster 3,Cluster 1
GSM1712506,GSE69914,Cluster 3,Cluster 4,Cluster 1
GSM1712507,GSE69914,Cluster 3,Cluster 3,Cluster 1
GSM1712508,GSE69914,Cluster 3,Cluster 1,Cluster 1
GSM1712509,GSE69914,Cluster 1,Cluster 1,Cluster 5
GSM1712512,GSE69914,Cluster 3,Cluster 3,Cluster 1
GSM1712513,GSE69914,Cluster 5,Cluster 3,Cluster 1
GSM1712514,GSE69914,Cluster 3,Cluster 3,Cluster 5
GSM1712515,GSE69914,Cluster 2,Cluster 4,Cluster 1
GSM1712516,GSE69914,Cluster 5,Cluster 4,Cluster 1
GSM1712517,GSE69914,Cluster 3,Cluster 3,Cluster 1
GSM1712518,GSE69914,Cluster 2,Cluster 4,Cluster 1
GSM1712519,GSE69914,Cluster 2,Cluster 2,Cluster 4
GSM1712521,GSE69914,Cluster 1,Cluster 1,Cluster 5
GSM1712522,GSE69914,Cluster 5,Cluster 4,Cluster 1
GSM1712524,GSE69914,Cluster 2,Cluster 4,Cluster 1
GSM1712525,GSE69914,Cluster 4,Cluster 5,Cluster 2
GSM1712526,GSE69914,Cluster 5,Cluster 3,Cluster 1
GSM1712527,GSE69914,Cluster 1,Cluster 1,Cluster 5
GSM1712529,GSE69914,Cluster 2,Cluster 3,Cluster 1
GSM1712530,GSE69914,Cluster 2,Cluster 4,Cluster 1
GSM1712531,GSE69914,Cluster 4,Cluster 5,Cluster 1
GSM1712532,GSE69914,Cluster 5,Cluster 4,Cluster 1
GSM1712533,GSE69914,Cluster 3,Cluster 3,Cluster 3
GSM1712534,GSE69914,Cluster 5,Cluster 3,Cluster 1
GSM1712536,GSE69914,Cluster 2,Cluster 4,Cluster 1
GSM1712537,GSE69914,Cluster 1,Cluster 1,Cluster 5
GSM1712539,GSE69914,Cluster 3,Cluster 1,Cluster 5
GSM1712540,GSE69914,Cluster 3,Cluster 3,Cluster 1
GSM1712542,GSE69914,Cluster 3,Cluster 3,Cluster 1
GSM1712543,GSE69914,Cluster 3,Cluster 3,Cluster 1
GSM1712544,GSE69914,Cluster 5,Cluster 4,Cluster 1
GSM1712545,GSE69914,Cluster 5,Cluster 3,Cluster 1
GSM1712546,GSE69914,Cluster 5,Cluster 3,Cluster 3
GSM1712547,GSE69914,Cluster 2,Cluster 4,Cluster 1
GSM1712550,GSE69914,Cluster 5,Cluster 4,Cluster 1
GSM1712552,GSE69914,Cluster 5,Cluster 3,Cluster 1
GSM1712553,GSE69914,Cluster 2,Cluster 4,Cluster 1
GSM1712554,GSE69914,Cluster 3,Cluster 2,Cluster 4
GSM1712555,GSE69914,Cluster 5,Cluster 4,Cluster 1
GSM1712556,GSE69914,Cluster 2,Cluster 4,Cluster 1
GSM1712557,GSE69914,Cluster 5,Cluster 2,Cluster 3
GSM1712559,GSE69914,Cluster 2,Cluster 4,Cluster 1
GSM1712561,GSE69914,Cluster 5,Cluster 4,Cluster 1
GSM1712562,GSE69914,Cluster 5,Cluster 4,Cluster 1
GSM1712563,GSE69914,Cluster 5,Cluster 3,Cluster 3
GSM1712564,GSE69914,Cluster 1,Cluster 1,Cluster 5
GSM1712567,GSE69914,Cluster 4,Cluster 5,Cluster 2
GSM1712568,GSE69914,Cluster 5,Cluster 4,Cluster 1
GSM1712569,GSE69914,Cluster 3,Cluster 3,Cluster 1
GSM1712570,GSE69914,Cluster 3,Cluster 3,Cluster 1
GSM1712571,GSE69914,Cluster 2,Cluster 4,Cluster 1
GSM1712573,GSE69914,Cluster 3,Cluster 3,Cluster 3
GSM1712575,GSE69914,Cluster 1,Cluster 1,Cluster 5
GSM1712576,GSE69914,Cluster 2,Cluster 4,Cluster 1
GSM1712577,GSE69914,Cluster 2,Cluster 3,Cluster 1
GSM1712579,GSE69914,Cluster 5,Cluster 2,Cluster 3
GSM1712580,GSE69914,Cluster 3,Cluster 4,Cluster 1
GSM1712582,GSE69914,Cluster 5,Cluster 2,Cluster 4
GSM1712584,GSE69914,Cluster 3,Cluster 4,Cluster 1
GSM1712585,GSE69914,Cluster 3,Cluster 1,Cluster 5
GSM1712586,GSE69914,Cluster 3,Cluster 1,Cluster 5
GSM1712587,GSE69914,Cluster 5,Cluster 4,Cluster 1
GSM1712588,GSE69914,Cluster 3,Cluster 4,Cluster 1
GSM1712589,GSE69914,Cluster 3,Cluster 3,Cluster 1
GSM1712590,GSE69914,Cluster 2,Cluster 4,Cluster 1
GSM1712591,GSE69914,Cluster 5,Cluster 4,Cluster 1
GSM1712592,GSE69914,Cluster 5,Cluster 3,Cluster 1
GSM1712593,GSE69914,Cluster 5,Cluster 2,Cluster 4
GSM1712594,GSE69914,Cluster 2,Cluster 4,Cluster 1
GSM1712596,GSE69914,Cluster 1,Cluster 1,Cluster 5
GSM1712599,GSE69914,Cluster 2,Cluster 4,Cluster 1
GSM1712600,GSE69914,Cluster 3,Cluster 4,Cluster 1
GSM1712601,GSE69914,Cluster 5,Cluster 4,Cluster 1
GSM1712602,GSE69914,Cluster 3,Cluster 3,Cluster 1
GSM1712603,GSE69914,Cluster 1,Cluster 1,Cluster 5
GSM1712604,GSE69914,Cluster 5,Cluster 3,Cluster 1
GSM1712605,GSE69914,Cluster 3,Cluster 3,Cluster 1
GSM1712607,GSE69914,Cluster 4,Cluster 5,Cluster 2
GSM1712608,GSE69914,Cluster 4,Cluster 5,Cluster 2
GSM1712610,GSE69914,Cluster 4,Cluster 4,Cluster 1
GSM1712611,GSE69914,Cluster 3,Cluster 3,Cluster 1
GSM1712612,GSE69914,Cluster 5,Cluster 3,Cluster 3
GSM1712613,GSE69914,Cluster 5,Cluster 4,Cluster 1
GSM1712614,GSE69914,Cluster 5,Cluster 3,Cluster 3
GSM1712617,GSE69914,Cluster 5,Cluster 4,Cluster 1
GSM1712618,GSE69914,Cluster 5,Cluster 4,Cluster 1
GSM1712619,GSE69914,Cluster 2,Cluster 4,Cluster 1
GSM1712621,GSE69914,Cluster 3,Cluster 4,Cluster 1
GSM1712622,GSE69914,Cluster 5,Cluster 4,Cluster 1
GSM1712623,GSE69914,Cluster 3,Cluster 4,Cluster 1
GSM1712624,GSE69914,Cluster 5,Cluster 4,Cluster 1
GSM1712626,GSE69914,Cluster 2,Cluster 4,Cluster 1
GSM1712627,GSE69914,Cluster 3,Cluster 3,Cluster 1
GSM1712628,GSE69914,Cluster 5,Cluster 4,Cluster 1
GSM1712629,GSE69914,Cluster 2,Cluster 3,Cluster 1
GSM1712630,GSE69914,Cluster 4,Cluster 5,Cluster 2
GSM1712631,GSE69914,Cluster 3,Cluster 3,Cluster 3
GSM1712634,GSE69914,Cluster 5,Cluster 4,Cluster 1
GSM1712635,GSE69914,Cluster 3,Cluster 1,Cluster 5
GSM1712637,GSE69914,Cluster 5,Cluster 3,Cluster 3
GSM1712638,GSE69914,Cluster 2,Cluster 4,Cluster 1
GSM1712639,GSE69914,Cluster 2,Cluster 4,Cluster 1
GSM1712640,GSE69914,Cluster 3,Cluster 2,Cluster 4
GSM1712641,GSE69914,Cluster 2,Cluster 4,Cluster 1
GSM1712643,GSE69914,Cluster 2,Cluster 1,Cluster 5
GSM1712645,GSE69914,Cluster 2,Cluster 4,Cluster 1
GSM1712646,GSE69914,Cluster 5,Cluster 4,Cluster 1
GSM1712647,GSE69914,Cluster 5,Cluster 4,Cluster 1
GSM1712651,GSE69914,Cluster 4,Cluster 5,Cluster 1
GSM1712652,GSE69914,Cluster 2,Cluster 4,Cluster 1
GSM1712653,GSE69914,Cluster 2,Cluster 4,Cluster 1
GSM1712654,GSE69914,Cluster 5,Cluster 3,Cluster 1
GSM1712655,GSE69914,Cluster 1,Cluster 3,Cluster 5
GSM1712656,GSE69914,Cluster 3,Cluster 4,Cluster 1
GSM1712657,GSE69914,Cluster 2,Cluster 4,Cluster 1
GSM1712658,GSE69914,Cluster 3,Cluster 3,Cluster 5
GSM1712659,GSE69914,Cluster 2,Cluster 4,Cluster 1
GSM1712662,GSE69914,Cluster 3,Cluster 3,Cluster 1
GSM1712663,GSE69914,Cluster 5,Cluster 2,Cluster 3
GSM1712665,GSE69914,Cluster 1,Cluster 1,Cluster 5
GSM1712666,GSE69914,Cluster 5,Cluster 2,Cluster 3
GSM1712667,GSE69914,Cluster 3,Cluster 3,Cluster 1
GSM1712668,GSE69914,Cluster 3,Cluster 3,Cluster 1
GSM1712669,GSE69914,Cluster 2,Cluster 4,Cluster 1
GSM1712670,GSE69914,Cluster 2,Cluster 4,Cluster 1
GSM1712671,GSE69914,Cluster 3,Cluster 3,Cluster 1
GSM1712673,GSE69914,Cluster 5,Cluster 3,Cluster 3
GSM1712674,GSE69914,Cluster 2,Cluster 4,Cluster 1
GSM1712675,GSE69914,Cluster 5,Cluster 2,Cluster 3
GSM1712676,GSE69914,Cluster 3,Cluster 3,Cluster 1
GSM1712677,GSE69914,Cluster 5,Cluster 4,Cluster 1
GSM1712679,GSE69914,Cluster 2,Cluster 3,Cluster 1
GSM1712680,GSE69914,Cluster 5,Cluster 3,Cluster 1
GSM1712681,GSE69914,Cluster 2,Cluster 4,Cluster 1
GSM1712684,GSE69914,Cluster 3,Cluster 1,Cluster 5
GSM1712685,GSE69914,Cluster 4,Cluster 5,Cluster 2
GSM1712686,GSE69914,Cluster 4,Cluster 3,Cluster 1
GSM1712688,GSE69914,Cluster 1,Cluster 1,Cluster 5
GSM1712689,GSE69914,Cluster 3,Cluster 3,Cluster 1
GSM1712690,GSE69914,Cluster 2,Cluster 5,Cluster 2
GSM1712691,GSE69914,Cluster 5,Cluster 3,Cluster 1
GSM1712692,GSE69914,Cluster 2,Cluster 4,Cluster 1
GSM1712694,GSE69914,Cluster 3,Cluster 3,Cluster 1
GSM1712695,GSE69914,Cluster 2,Cluster 3,Cluster 1
GSM1712696,GSE69914,Cluster 2,Cluster 4,Cluster 1
GSM1712697,GSE69914,Cluster 4,Cluster 5,Cluster 1
GSM1712698,GSE69914,Cluster 5,Cluster 3,Cluster 1
GSM1712699,GSE69914,Cluster 4,Cluster 4,Cluster 2
GSM1712702,GSE69914,Cluster 2,Cluster 4,Cluster 1
GSM1712703,GSE69914,Cluster 5,Cluster 4,Cluster 1
GSM1712704,GSE69914,Cluster 2,Cluster 1,Cluster 5
GSM1712705,GSE69914,Cluster 3,Cluster 1,Cluster 1
GSM1712707,GSE69914,Cluster 5,Cluster 4,Cluster 1
GSM1712709,GSE69914,Cluster 2,Cluster 4,Cluster 1
GSM1712710,GSE69914,Cluster 1,Cluster 1,Cluster 5
GSM1712711,GSE69914,Cluster 3,Cluster 4,Cluster 1
GSM1712712,GSE69914,Cluster 1,Cluster 3,Cluster 5
GSM1712714,GSE69914,Cluster 3,Cluster 3,Cluster 1
GSM1712715,GSE69914,Cluster 3,Cluster 4,Cluster 1
GSM1712716,GSE69914,Cluster 3,Cluster 4,Cluster 1
GSM1712717,GSE69914,Cluster 5,Cluster 2,Cluster 4
GSM1712718,GSE69914,Cluster 5,Cluster 3,Cluster 3
GSM1712719,GSE69914,Cluster 3,Cluster 3,Cluster 1
GSM1712720,GSE69914,Cluster 2,Cluster 5,Cluster 1
GSM1712722,GSE69914,Cluster 3,Cluster 3,Cluster 1
GSM1712725,GSE69914,Cluster 3,Cluster 3,Cluster 1
GSM1712726,GSE69914,Cluster 5,Cluster 3,Cluster 1
GSM1712728,GSE69914,Cluster 3,Cluster 3,Cluster 1
GSM1712729,GSE69914,Cluster 5,Cluster 4,Cluster 1
GSM1712730,GSE69914,Cluster 3,Cluster 3,Cluster 1
GSM1712731,GSE69914,Cluster 3,Cluster 2,Cluster 4
GSM1712732,GSE69914,Cluster 2,Cluster 4,Cluster 1
GSM1712734,GSE69914,Cluster 1,Cluster 1,Cluster 5
GSM1712735,GSE69914,Cluster 2,Cluster 4,Cluster 1
GSM1712736,GSE69914,Cluster 3,Cluster 3,Cluster 1
GSM1712738,GSE69914,Cluster 5,Cluster 2,Cluster 1
GSM1712740,GSE69914,Cluster 1,Cluster 1,Cluster 5
GSM1712741,GSE69914,Cluster 5,Cluster 3,Cluster 1
GSM1712742,GSE69914,Cluster 3,Cluster 3,Cluster 1
GSM1712744,GSE69914,Cluster 3,Cluster 3,Cluster 1
GSM1712746,GSE69914,Cluster 2,Cluster 4,Cluster 1
GSM1712747,GSE69914,Cluster 3,Cluster 3,Cluster 1
GSM1712748,GSE69914,Cluster 5,Cluster 4,Cluster 1
GSM1712749,GSE69914,Cluster 2,Cluster 4,Cluster 1
GSM1712750,GSE69914,Cluster 1,Cluster 1,Cluster 5
GSM1712751,GSE69914,Cluster 3,Cluster 1,Cluster 5
GSM1712753,GSE69914,Cluster 2,Cluster 4,Cluster 1
GSM1712754,GSE69914,Cluster 2,Cluster 4,Cluster 1
GSM1712756,GSE69914,Cluster 2,Cluster 4,Cluster 1
GSM1712758,GSE69914,Cluster 5,Cluster 3,Cluster 3
GSM1712760,GSE69914,Cluster 2,Cluster 4,Cluster 1
GSM1712766,GSE69914,Cluster 2,Cluster 3,Cluster 1
GSM1712767,GSE69914,Cluster 1,Cluster 1,Cluster 5
GSM1712768,GSE69914,Cluster 5,Cluster 4,Cluster 1
GSM1712769,GSE69914,Cluster 3,Cluster 3,Cluster 1
GSM1712770,GSE69914,Cluster 3,Cluster 3,Cluster 1
GSM1712771,GSE69914,Cluster 5,Cluster 3,Cluster 1
GSM1712773,GSE69914,Cluster 3,Cluster 1,Cluster 5
GSM1712774,GSE69914,Cluster 1,Cluster 1,Cluster 5
GSM1712775,GSE69914,Cluster 1,Cluster 1,Cluster 5
GSM1712778,GSE69914,Cluster 2,Cluster 4,Cluster 1
GSM1712779,GSE69914,Cluster 5,Cluster 4,Cluster 1
GSM1858429,GSE72245,Cluster 2,Cluster 4,Cluster 1
GSM1858430,GSE72245,Cluster 2,Cluster 4,Cluster 1
GSM1858431,GSE72245,Cluster 5,Cluster 2,Cluster 3
GSM1858432,GSE72245,Cluster 1,Cluster 1,Cluster 5
GSM1858433,GSE72245,Cluster 4,Cluster 5,Cluster 2
GSM1858434,GSE72245,Cluster 2,Cluster 4,Cluster 1
GSM1858435,GSE72245,Cluster 2,Cluster 4,Cluster 1
GSM1858436,GSE72245,Cluster 5,Cluster 3,Cluster 1
GSM1858437,GSE72245,Cluster 2,Cluster 3,Cluster 1
GSM1858438,GSE72245,Cluster 4,Cluster 5,Cluster 2
GSM1858439,GSE72245,Cluster 5,Cluster 2,Cluster 3
GSM1858440,GSE72245,Cluster 3,Cluster 3,Cluster 1
GSM1858441,GSE72245,Cluster 2,Cluster 3,Cluster 1
GSM1858442,GSE72245,Cluster 5,Cluster 2,Cluster 3
GSM1858443,GSE72245,Cluster 2,Cluster 1,Cluster 1
GSM1858444,GSE72245,Cluster 5,Cluster 2,Cluster 4
GSM1858445,GSE72245,Cluster 4,Cluster 5,Cluster 2
GSM1858446,GSE72245,Cluster 5,Cluster 2,Cluster 3
GSM1858447,GSE72245,Cluster 5,Cluster 2,Cluster 3
GSM1858448,GSE72245,Cluster 1,Cluster 1,Cluster 5
GSM1858449,GSE72245,Cluster 5,Cluster 3,Cluster 1
GSM1858450,GSE72245,Cluster 3,Cluster 1,Cluster 5
GSM1858451,GSE72245,Cluster 2,Cluster 4,Cluster 1
GSM1858452,GSE72245,Cluster 3,Cluster 3,Cluster 1
GSM1858453,GSE72245,Cluster 3,Cluster 3,Cluster 1
GSM1858454,GSE72245,Cluster 5,Cluster 4,Cluster 1
GSM1858455,GSE72245,Cluster 4,Cluster 5,Cluster 2
GSM1858456,GSE72245,Cluster 5,Cluster 3,Cluster 3
GSM1858457,GSE72245,Cluster 3,Cluster 3,Cluster 1
GSM1858458,GSE72245,Cluster 3,Cluster 1,Cluster 3
GSM1858459,GSE72245,Cluster 3,Cluster 2,Cluster 4
GSM1858460,GSE72245,Cluster 3,Cluster 3,Cluster 3
GSM1858461,GSE72245,Cluster 2,Cluster 5,Cluster 2
GSM1858462,GSE72245,Cluster 4,Cluster 4,Cluster 2
GSM1858463,GSE72245,Cluster 1,Cluster 1,Cluster 5
GSM1858464,GSE72245,Cluster 4,Cluster 5,Cluster 2
GSM1858465,GSE72245,Cluster 2,Cluster 5,Cluster 2
GSM1858466,GSE72245,Cluster 3,Cluster 3,Cluster 1
GSM1858467,GSE72245,Cluster 5,Cluster 2,Cluster 3
GSM1858468,GSE72245,Cluster 2,Cluster 4,Cluster 1
GSM1858469,GSE72245,Cluster 2,Cluster 2,Cluster 4
GSM1858470,GSE72245,Cluster 2,Cluster 5,Cluster 2
GSM1858471,GSE72245,Cluster 5,Cluster 2,Cluster 3
GSM1858472,GSE72245,Cluster 4,Cluster 5,Cluster 2
GSM1858473,GSE72245,Cluster 1,Cluster 1,Cluster 5
GSM1858474,GSE72245,Cluster 3,Cluster 1,Cluster 5
GSM1858475,GSE72245,Cluster 1,Cluster 1,Cluster 5
GSM1858476,GSE72245,Cluster 4,Cluster 5,Cluster 2
GSM1858477,GSE72245,Cluster 5,Cluster 3,Cluster 1
GSM1858478,GSE72245,Cluster 2,Cluster 1,Cluster 5
GSM1858479,GSE72245,Cluster 3,Cluster 1,Cluster 5
GSM1858480,GSE72245,Cluster 5,Cluster 2,Cluster 3
GSM1858481,GSE72245,Cluster 2,Cluster 4,Cluster 1
GSM1858482,GSE72245,Cluster 4,Cluster 5,Cluster 2
GSM1858483,GSE72245,Cluster 5,Cluster 2,Cluster 3
GSM1858484,GSE72245,Cluster 5,Cluster 3,Cluster 3
GSM1858485,GSE72245,Cluster 3,Cluster 3,Cluster 1
GSM1858486,GSE72245,Cluster 5,Cluster 2,Cluster 4
GSM1858487,GSE72245,Cluster 4,Cluster 5,Cluster 2
GSM1858488,GSE72245,Cluster 3,Cluster 3,Cluster 1
GSM1858489,GSE72245,Cluster 3,Cluster 3,Cluster 1
GSM1858490,GSE72245,Cluster 5,Cluster 3,Cluster 3
GSM1858491,GSE72245,Cluster 5,Cluster 3,Cluster 1
GSM1858492,GSE72245,Cluster 2,Cluster 4,Cluster 1
GSM1858493,GSE72245,Cluster 3,Cluster 3,Cluster 1
GSM1858494,GSE72245,Cluster 1,Cluster 1,Cluster 5
GSM1858495,GSE72245,Cluster 1,Cluster 1,Cluster 5
GSM1858496,GSE72245,Cluster 3,Cluster 3,Cluster 1
GSM1858497,GSE72245,Cluster 3,Cluster 3,Cluster 1
GSM1858498,GSE72245,Cluster 2,Cluster 5,Cluster 1
GSM1858499,GSE72245,Cluster 2,Cluster 3,Cluster 1
GSM1858500,GSE72245,Cluster 3,Cluster 1,Cluster 4
GSM1858501,GSE72245,Cluster 3,Cluster 3,Cluster 1
GSM1858502,GSE72245,Cluster 2,Cluster 4,Cluster 1
GSM1858503,GSE72245,Cluster 2,Cluster 4,Cluster 1
GSM1858504,GSE72245,Cluster 2,Cluster 4,Cluster 1
GSM1858505,GSE72245,Cluster 2,Cluster 3,Cluster 1
GSM1858506,GSE72245,Cluster 3,Cluster 3,Cluster 1
GSM1858507,GSE72245,Cluster 3,Cluster 3,Cluster 5
GSM1858508,GSE72245,Cluster 2,Cluster 4,Cluster 1
GSM1858509,GSE72245,Cluster 3,Cluster 1,Cluster 5
GSM1858510,GSE72245,Cluster 4,Cluster 4,Cluster 2
GSM1858511,GSE72245,Cluster 3,Cluster 3,Cluster 3
GSM1858512,GSE72245,Cluster 3,Cluster 3,Cluster 1
GSM1858513,GSE72245,Cluster 2,Cluster 5,Cluster 2
GSM1858514,GSE72245,Cluster 5,Cluster 3,Cluster 1
GSM1858515,GSE72245,Cluster 2,Cluster 2,Cluster 1
GSM1858516,GSE72245,Cluster 3,Cluster 2,Cluster 4
GSM1858517,GSE72245,Cluster 5,Cluster 2,Cluster 3
GSM1858518,GSE72245,Cluster 2,Cluster 4,Cluster 1
GSM1858519,GSE72245,Cluster 3,Cluster 3,Cluster 1
GSM1858520,GSE72245,Cluster 3,Cluster 1,Cluster 5
GSM1858521,GSE72245,Cluster 3,Cluster 3,Cluster 1
GSM1858522,GSE72245,Cluster 3,Cluster 3,Cluster 1
GSM1858523,GSE72245,Cluster 4,Cluster 5,Cluster 2
GSM1858524,GSE72245,Cluster 3,Cluster 1,Cluster 5
GSM1858525,GSE72245,Cluster 5,Cluster 2,Cluster 3
GSM1858526,GSE72245,Cluster 5,Cluster 3,Cluster 1
GSM1858527,GSE72245,Cluster 3,Cluster 3,Cluster 1
GSM1858528,GSE72245,Cluster 1,Cluster 1,Cluster 5
GSM1858529,GSE72245,Cluster 2,Cluster 3,Cluster 1
GSM1858530,GSE72245,Cluster 1,Cluster 1,Cluster 5
GSM1858531,GSE72245,Cluster 3,Cluster 3,Cluster 1
GSM1858532,GSE72245,Cluster 2,Cluster 3,Cluster 1
GSM1858533,GSE72245,Cluster 2,Cluster 3,Cluster 1
GSM1858534,GSE72245,Cluster 5,Cluster 2,Cluster 4
GSM1858535,GSE72245,Cluster 2,Cluster 5,Cluster 5
GSM1858536,GSE72245,Cluster 2,Cluster 4,Cluster 1
GSM1858537,GSE72245,Cluster 2,Cluster 3,Cluster 1
GSM1858538,GSE72245,Cluster 3,Cluster 1,Cluster 5
GSM1858539,GSE72245,Cluster 3,Cluster 1,Cluster 5
GSM1858540,GSE72245,Cluster 5,Cluster 3,Cluster 1
GSM1858541,GSE72245,Cluster 2,Cluster 1,Cluster 5
GSM1858542,GSE72245,Cluster 3,Cluster 3,Cluster 1
GSM1858543,GSE72245,Cluster 4,Cluster 5,Cluster 2
GSM1858544,GSE72245,Cluster 3,Cluster 3,Cluster 3
GSM1858545,GSE72245,Cluster 3,Cluster 3,Cluster 1
GSM1858546,GSE72245,Cluster 1,Cluster 1,Cluster 5
GSM1941862,GSE75067,Cluster 4,Cluster 5,Cluster 2
GSM1941863,GSE75067,Cluster 5,Cluster 2,Cluster 4
GSM1941864,GSE75067,Cluster 4,Cluster 5,Cluster 2
GSM1941865,GSE75067,Cluster 2,Cluster 4,Cluster 1
GSM1941866,GSE75067,Cluster 3,Cluster 3,Cluster 1
GSM1941867,GSE75067,Cluster 5,Cluster 3,Cluster 1
GSM1941868,GSE75067,Cluster 5,Cluster 3,Cluster 3
GSM1941869,GSE75067,Cluster 5,Cluster 2,Cluster 4
GSM1941870,GSE75067,Cluster 3,Cluster 2,Cluster 4
GSM1941871,GSE75067,Cluster 5,Cluster 4,Cluster 1
GSM1941872,GSE75067,Cluster 4,Cluster 4,Cluster 2
GSM1941873,GSE75067,Cluster 2,Cluster 4,Cluster 1
GSM1941874,GSE75067,Cluster 5,Cluster 4,Cluster 1
GSM1941875,GSE75067,Cluster 4,Cluster 5,Cluster 2
GSM1941876,GSE75067,Cluster 4,Cluster 5,Cluster 2
GSM1941877,GSE75067,Cluster 2,Cluster 4,Cluster 1
GSM1941878,GSE75067,Cluster 4,Cluster 4,Cluster 1
GSM1941879,GSE75067,Cluster 5,Cluster 3,Cluster 1
GSM1941880,GSE75067,Cluster 4,Cluster 5,Cluster 2
GSM1941881,GSE75067,Cluster 4,Cluster 5,Cluster 2
GSM1941882,GSE75067,Cluster 2,Cluster 4,Cluster 1
GSM1941883,GSE75067,Cluster 4,Cluster 5,Cluster 2
GSM1941884,GSE75067,Cluster 3,Cluster 3,Cluster 1
GSM1941885,GSE75067,Cluster 2,Cluster 4,Cluster 1
GSM1941886,GSE75067,Cluster 3,Cluster 3,Cluster 3
GSM1941887,GSE75067,Cluster 4,Cluster 4,Cluster 2
GSM1941888,GSE75067,Cluster 4,Cluster 5,Cluster 2
GSM1941889,GSE75067,Cluster 5,Cluster 3,Cluster 1
GSM1941890,GSE75067,Cluster 1,Cluster 1,Cluster 5
GSM1941891,GSE75067,Cluster 5,Cluster 3,Cluster 1
GSM1941892,GSE75067,Cluster 5,Cluster 3,Cluster 3
GSM1941893,GSE75067,Cluster 2,Cluster 4,Cluster 1
GSM1941894,GSE75067,Cluster 4,Cluster 5,Cluster 2
GSM1941895,GSE75067,Cluster 4,Cluster 5,Cluster 2
GSM1941896,GSE75067,Cluster 5,Cluster 2,Cluster 3
GSM1941897,GSE75067,Cluster 2,Cluster 4,Cluster 1
GSM1941898,GSE75067,Cluster 2,Cluster 4,Cluster 1
GSM1941899,GSE75067,Cluster 4,Cluster 5,Cluster 2
GSM1941900,GSE75067,Cluster 4,Cluster 5,Cluster 2
GSM1941901,GSE75067,Cluster 3,Cluster 3,Cluster 5
GSM1941902,GSE75067,Cluster 2,Cluster 4,Cluster 1
GSM1941903,GSE75067,Cluster 3,Cluster 1,Cluster 5
GSM1941904,GSE75067,Cluster 3,Cluster 3,Cluster 1
GSM1941905,GSE75067,Cluster 5,Cluster 2,Cluster 3
GSM1941906,GSE75067,Cluster 5,Cluster 2,Cluster 3
GSM1941907,GSE75067,Cluster 2,Cluster 4,Cluster 1
GSM1941908,GSE75067,Cluster 4,Cluster 5,Cluster 2
GSM1941909,GSE75067,Cluster 5,Cluster 2,Cluster 3
GSM1941910,GSE75067,Cluster 5,Cluster 4,Cluster 1
GSM1941911,GSE75067,Cluster 3,Cluster 3,Cluster 1
GSM1941912,GSE75067,Cluster 1,Cluster 3,Cluster 5
GSM1941913,GSE75067,Cluster 4,Cluster 2,Cluster 3
GSM1941914,GSE75067,Cluster 5,Cluster 3,Cluster 1
GSM1941915,GSE75067,Cluster 2,Cluster 3,Cluster 1
GSM1941916,GSE75067,Cluster 2,Cluster 4,Cluster 1
GSM1941917,GSE75067,Cluster 1,Cluster 1,Cluster 5
GSM1941918,GSE75067,Cluster 5,Cluster 2,Cluster 4
GSM1941919,GSE75067,Cluster 5,Cluster 3,Cluster 3
GSM1941920,GSE75067,Cluster 5,Cluster 2,Cluster 4
GSM1941921,GSE75067,Cluster 2,Cluster 3,Cluster 1
GSM1941922,GSE75067,Cluster 5,Cluster 3,Cluster 1
GSM1941923,GSE75067,Cluster 5,Cluster 3,Cluster 1
GSM1941924,GSE75067,Cluster 4,Cluster 5,Cluster 2
GSM1941925,GSE75067,Cluster 1,Cluster 1,Cluster 5
GSM1941926,GSE75067,Cluster 4,Cluster 4,Cluster 1
GSM1941927,GSE75067,Cluster 3,Cluster 2,Cluster 4
GSM1941928,GSE75067,Cluster 5,Cluster 3,Cluster 3
GSM1941929,GSE75067,Cluster 2,Cluster 4,Cluster 1
GSM1941930,GSE75067,Cluster 5,Cluster 2,Cluster 4
GSM1941931,GSE75067,Cluster 5,Cluster 3,Cluster 1
GSM1941932,GSE75067,Cluster 4,Cluster 4,Cluster 2
GSM1941933,GSE75067,Cluster 5,Cluster 4,Cluster 1
GSM1941934,GSE75067,Cluster 5,Cluster 4,Cluster 1
GSM1941935,GSE75067,Cluster 3,Cluster 3,Cluster 1
GSM1941936,GSE75067,Cluster 3,Cluster 3,Cluster 1
GSM1941937,GSE75067,Cluster 4,Cluster 5,Cluster 2
GSM1941938,GSE75067,Cluster 3,Cluster 3,Cluster 1
GSM1941939,GSE75067,Cluster 4,Cluster 4,Cluster 1
GSM1941940,GSE75067,Cluster 3,Cluster 3,Cluster 1
GSM1941941,GSE75067,Cluster 4,Cluster 4,Cluster 2
GSM1941942,GSE75067,Cluster 5,Cluster 2,Cluster 3
GSM1941943,GSE75067,Cluster 2,Cluster 1,Cluster 4
GSM1941944,GSE75067,Cluster 3,Cluster 1,Cluster 4
GSM1941945,GSE75067,Cluster 2,Cluster 4,Cluster 1
GSM1941946,GSE75067,Cluster 2,Cluster 4,Cluster 1
GSM1941947,GSE75067,Cluster 4,Cluster 5,Cluster 2
GSM1941948,GSE75067,Cluster 5,Cluster 4,Cluster 1
GSM1941949,GSE75067,Cluster 3,Cluster 1,Cluster 5
GSM1941950,GSE75067,Cluster 3,Cluster 3,Cluster 1
GSM1941951,GSE75067,Cluster 2,Cluster 4,Cluster 2
GSM1941952,GSE75067,Cluster 1,Cluster 1,Cluster 5
GSM1941953,GSE75067,Cluster 2,Cluster 3,Cluster 3
GSM1941954,GSE75067,Cluster 5,Cluster 4,Cluster 1
GSM1941955,GSE75067,Cluster 3,Cluster 3,Cluster 1
GSM1941956,GSE75067,Cluster 4,Cluster 5,Cluster 2
GSM1941957,GSE75067,Cluster 3,Cluster 3,Cluster 1
GSM1941958,GSE75067,Cluster 5,Cluster 3,Cluster 3
GSM1941959,GSE75067,Cluster 4,Cluster 5,Cluster 2
GSM1941960,GSE75067,Cluster 4,Cluster 5,Cluster 2
GSM1941961,GSE75067,Cluster 5,Cluster 2,Cluster 4
GSM1941962,GSE75067,Cluster 3,Cluster 3,Cluster 3
GSM1941963,GSE75067,Cluster 2,Cluster 4,Cluster 1
GSM1941964,GSE75067,Cluster 5,Cluster 4,Cluster 1
GSM1941965,GSE75067,Cluster 1,Cluster 1,Cluster 5
GSM1941966,GSE75067,Cluster 1,Cluster 1,Cluster 5
GSM1941967,GSE75067,Cluster 4,Cluster 4,Cluster 1
GSM1941968,GSE75067,Cluster 2,Cluster 1,Cluster 1
GSM1941969,GSE75067,Cluster 5,Cluster 1,Cluster 1
GSM1941970,GSE75067,Cluster 2,Cluster 4,Cluster 1
GSM1941971,GSE75067,Cluster 2,Cluster 4,Cluster 1
GSM1941972,GSE75067,Cluster 2,Cluster 3,Cluster 1
GSM1941973,GSE75067,Cluster 4,Cluster 5,Cluster 2
GSM1941974,GSE75067,Cluster 5,Cluster 3,Cluster 3
GSM1941975,GSE75067,Cluster 5,Cluster 3,Cluster 3
GSM1941976,GSE75067,Cluster 3,Cluster 1,Cluster 5
GSM1941977,GSE75067,Cluster 3,Cluster 1,Cluster 5
GSM1941978,GSE75067,Cluster 3,Cluster 3,Cluster 1
GSM1941979,GSE75067,Cluster 4,Cluster 5,Cluster 2
GSM1941980,GSE75067,Cluster 2,Cluster 4,Cluster 1
GSM1941981,GSE75067,Cluster 4,Cluster 4,Cluster 1
GSM1941982,GSE75067,Cluster 5,Cluster 4,Cluster 1
GSM1941983,GSE75067,Cluster 2,Cluster 1,Cluster 5
GSM1941984,GSE75067,Cluster 5,Cluster 3,Cluster 1
GSM1941985,GSE75067,Cluster 1,Cluster 1,Cluster 5
GSM1941986,GSE75067,Cluster 4,Cluster 4,Cluster 2
GSM1941987,GSE75067,Cluster 4,Cluster 5,Cluster 2
GSM1941988,GSE75067,Cluster 3,Cluster 3,Cluster 1
GSM1941989,GSE75067,Cluster 5,Cluster 4,Cluster 1
GSM1941990,GSE75067,Cluster 3,Cluster 3,Cluster 3
GSM1941991,GSE75067,Cluster 5,Cluster 3,Cluster 1
GSM1941992,GSE75067,Cluster 4,Cluster 5,Cluster 2
GSM1941993,GSE75067,Cluster 3,Cluster 3,Cluster 1
GSM1941994,GSE75067,Cluster 3,Cluster 3,Cluster 5
GSM1941995,GSE75067,Cluster 5,Cluster 3,Cluster 3
GSM1941996,GSE75067,Cluster 3,Cluster 1,Cluster 1
GSM1941997,GSE75067,Cluster 5,Cluster 3,Cluster 3
GSM1941998,GSE75067,Cluster 4,Cluster 5,Cluster 2
GSM1941999,GSE75067,Cluster 5,Cluster 2,Cluster 3
GSM1942000,GSE75067,Cluster 5,Cluster 3,Cluster 1
GSM1942001,GSE75067,Cluster 4,Cluster 5,Cluster 2
GSM1942002,GSE75067,Cluster 2,Cluster 4,Cluster 1
GSM1942003,GSE75067,Cluster 4,Cluster 5,Cluster 2
GSM1942004,GSE75067,Cluster 5,Cluster 4,Cluster 1
GSM1942005,GSE75067,Cluster 3,Cluster 1,Cluster 5
GSM1942006,GSE75067,Cluster 2,Cluster 4,Cluster 1
GSM1942007,GSE75067,Cluster 4,Cluster 4,Cluster 2
GSM1942008,GSE75067,Cluster 1,Cluster 1,Cluster 5
GSM1942009,GSE75067,Cluster 1,Cluster 1,Cluster 5
GSM1942010,GSE75067,Cluster 3,Cluster 1,Cluster 5
GSM1942011,GSE75067,Cluster 2,Cluster 5,Cluster 2
GSM1942012,GSE75067,Cluster 4,Cluster 5,Cluster 2
GSM1942013,GSE75067,Cluster 5,Cluster 4,Cluster 1
GSM1942014,GSE75067,Cluster 4,Cluster 5,Cluster 2
GSM1942015,GSE75067,Cluster 3,Cluster 3,Cluster 1
GSM1942016,GSE75067,Cluster 2,Cluster 4,Cluster 1
GSM1942017,GSE75067,Cluster 5,Cluster 3,Cluster 3
GSM1942018,GSE75067,Cluster 3,Cluster 2,Cluster 4
GSM1942019,GSE75067,Cluster 3,Cluster 3,Cluster 1
GSM1942020,GSE75067,Cluster 1,Cluster 1,Cluster 5
GSM1942021,GSE75067,Cluster 4,Cluster 5,Cluster 2
GSM1942022,GSE75067,Cluster 5,Cluster 4,Cluster 1
GSM1942023,GSE75067,Cluster 1,Cluster 1,Cluster 5
GSM1942024,GSE75067,Cluster 3,Cluster 4,Cluster 1
GSM1942025,GSE75067,Cluster 1,Cluster 1,Cluster 5
GSM1942026,GSE75067,Cluster 3,Cluster 3,Cluster 1
GSM1942027,GSE75067,Cluster 2,Cluster 2,Cluster 1
GSM1942028,GSE75067,Cluster 5,Cluster 3,Cluster 1
GSM1942029,GSE75067,Cluster 5,Cluster 2,Cluster 3
GSM1942030,GSE75067,Cluster 3,Cluster 3,Cluster 1
GSM1942031,GSE75067,Cluster 5,Cluster 4,Cluster 1
GSM1942032,GSE75067,Cluster 1,Cluster 1,Cluster 5
GSM1942033,GSE75067,Cluster 3,Cluster 3,Cluster 1
GSM1942034,GSE75067,Cluster 2,Cluster 5,Cluster 1
GSM1942035,GSE75067,Cluster 4,Cluster 5,Cluster 1
GSM1942036,GSE75067,Cluster 3,Cluster 3,Cluster 1
GSM1942037,GSE75067,Cluster 1,Cluster 1,Cluster 5
GSM1942038,GSE75067,Cluster 5,Cluster 4,Cluster 1
GSM1942039,GSE75067,Cluster 1,Cluster 1,Cluster 5
GSM1942040,GSE75067,Cluster 1,Cluster 1,Cluster 5
GSM1942041,GSE75067,Cluster 4,Cluster 5,Cluster 2
GSM1942042,GSE75067,Cluster 5,Cluster 4,Cluster 1
GSM1942043,GSE75067,Cluster 2,Cluster 4,Cluster 1
GSM1942044,GSE75067,Cluster 3,Cluster 3,Cluster 1
GSM1942045,GSE75067,Cluster 3,Cluster 3,Cluster 1
GSM1942046,GSE75067,Cluster 5,Cluster 2,Cluster 3
GSM1942047,GSE75067,Cluster 5,Cluster 4,Cluster 1
GSM1942048,GSE75067,Cluster 3,Cluster 3,Cluster 1
GSM1942049,GSE75067,Cluster 5,Cluster 2,Cluster 4
