,0,1,Batch,Pred_subtype,Original_subtype
TCGA-A2-A0YK-01A-22D-A10A-05,4.612813,-1.0989062,Source,Cluster 2,Normal-like
TCGA-BH-A208-01A-11D-A161-05,8.632606,-5.645577,Source,Cluster 4,Normal-like
TCGA-LL-A441-01A-11D-A244-05,7.1385775,-1.929847,Source,Cluster 2,Normal-like
TCGA-AO-A0JB-01A-11D-A10P-05,8.707966,-5.225661,Source,Cluster 4,Normal-like
TCGA-AC-A2FK-01A-12D-A17Z-05,6.107352,-0.9224875,Source,Cluster 2,Normal-like
TCGA-C8-A8HR-01A-11D-A36K-05,6.164661,-0.99344003,Source,Cluster 2,Normal-like
TCGA-LD-A9QF-01A-32D-A41Q-05,4.7817883,-0.7983385,Source,Cluster 2,Normal-like
TCGA-EW-A1P1-01A-31D-A14H-05,5.339972,-1.0131106,Source,Cluster 2,Normal-like
TCGA-BH-A28O-01A-11D-A22B-05,6.5797434,-1.2034401,Source,Cluster 2,Normal-like
TCGA-A2-A1G6-01A-11D-A13K-05,6.7185946,-1.1687503,Source,Cluster 2,Normal-like
TCGA-E2-A108-01A-13D-A10N-05,4.8648243,-0.85726655,Source,Cluster 2,Normal-like
TCGA-BH-A1FU-01A-11D-A14H-05,5.3264933,-1.3383837,Source,Cluster 2,Normal-like
TCGA-A2-A4RY-01A-31D-A268-05,4.0241094,-1.185158,Source,Cluster 2,Normal-like
TCGA-OL-A5D6-01A-21D-A27Y-05,3.564394,-1.277785,Source,Cluster 2,Normal-like
TCGA-EW-A1PG-01A-11D-A145-05,5.4336066,-0.7671815,Source,Cluster 2,Normal-like
TCGA-AR-A1AO-01A-11D-A12R-05,7.1799097,-1.5400702,Source,Cluster 2,Normal-like
TCGA-BH-A6R9-01A-21D-A32T-05,5.3856206,-0.8022407,Source,Cluster 2,Normal-like
TCGA-A2-A25A-01A-12D-A16G-05,3.740366,-1.3135384,Source,Cluster 2,Normal-like
TCGA-A1-A0SB-01A-11D-A145-05,7.9962044,-5.249873,Source,Cluster 4,Normal-like
TCGA-OL-A5RY-01A-21D-A28C-05,5.350619,-0.8199534,Source,Cluster 2,Normal-like
TCGA-BH-A42U-01A-12D-A244-05,5.5926213,-0.6733623,Source,Cluster 2,Normal-like
TCGA-AR-A2LQ-01A-22D-A18O-05,4.7775774,-0.81638503,Source,Cluster 2,Normal-like
TCGA-OL-A97C-01A-32D-A41Q-05,7.2048497,-1.4509848,Source,Cluster 2,Normal-like
TCGA-AO-A03U-01B-21D-A10N-05,7.2143307,-1.5600053,Source,Cluster 2,Normal-like
TCGA-A2-A3XW-01A-11D-A23D-05,5.3653502,-0.8239156,Source,Cluster 2,Normal-like
TCGA-AO-A1KO-01A-31D-A13K-05,7.116661,-1.9447935,Source,Cluster 2,Normal-like
TCGA-PL-A8LY-01A-11D-A41Q-05,7.1870294,-1.5080009,Source,Cluster 2,Normal-like
TCGA-BH-A8FZ-01A-11D-A357-05,4.9828715,-0.85848993,Source,Cluster 2,Normal-like
TCGA-LL-A73Z-01A-11D-A32T-05,4.4601445,-1.2018036,Source,Cluster 2,Normal-like
TCGA-D8-A1XW-01A-11D-A14N-05,8.430756,-5.9325824,Source,Cluster 4,Normal-like
TCGA-AR-A2LH-01A-31D-A18O-05,4.841917,-0.80091727,Source,Cluster 2,Normal-like
TCGA-AC-A3YI-01A-21D-A23D-05,5.0341988,-0.83761805,Source,Cluster 2,Normal-like
TCGA-GM-A2DD-01A-11D-A17Z-05,4.774859,-0.9781161,Source,Cluster 2,Normal-like
TCGA-EW-A1P7-01A-21D-A145-05,7.1247005,-1.4823164,Source,Cluster 2,Normal-like
TCGA-A8-A08H-01A-21D-A00Y-05,8.251424,2.602476,Source,Cluster 5,Normal-like
TCGA-A2-A0CL-01A-11D-A112-05,6.389594,-1.4807825,Source,Cluster 2,Normal-like
TCGA-AO-A03T-01A-21D-A032-05,8.019672,2.4307775,Source,Cluster 5,Normal-like
TCGA-B6-A0RQ-01A-11D-A112-05,6.7904663,4.0858245,Source,Cluster 5,Normal-like
TCGA-AO-A03R-01A-21D-A032-05,6.841683,4.018368,Source,Cluster 5,Normal-like
TCGA-A2-A0CZ-01A-11D-A032-05,6.0733714,-1.4345329,Source,Cluster 2,Normal-like
TCGA-E2-A1IH-01A-11D-A13K-05,-1.912691,4.037829,Source,Cluster 3,LumA
TCGA-AO-A0JI-01A-21D-A10P-05,-11.216705,-0.395112,Source,Cluster 1,LumA
TCGA-LL-A740-01A-21D-A32T-05,-9.613579,2.0038974,Source,Cluster 1,LumA
TCGA-BH-A1EO-01A-11D-A138-05,-8.63363,2.1890106,Source,Cluster 1,LumA
TCGA-D8-A27G-01A-11D-A16G-05,-9.217959,2.6232178,Source,Cluster 1,LumA
TCGA-D8-A73U-01A-11D-A33F-05,6.2265253,2.9030073,Source,Cluster 5,LumA
TCGA-E9-A3X8-01A-31D-A230-05,0.6198989,3.948668,Source,Cluster 3,LumA
TCGA-AC-A3HN-01A-11D-A212-05,-1.0583518,4.1075196,Source,Cluster 3,LumA
TCGA-GM-A2DK-01A-21D-A17Z-05,0.4527042,4.63515,Source,Cluster 3,LumA
TCGA-AO-A0JG-01A-31D-A10P-05,-1.6004152,5.3461823,Source,Cluster 3,LumA
TCGA-AR-A5QM-01A-11D-A27Y-05,-8.78038,2.3139215,Source,Cluster 1,LumA
TCGA-A2-A0EU-01A-22D-A10P-05,4.8794875,4.5770044,Source,Cluster 5,LumA
TCGA-BH-A0GZ-01A-11D-A10P-05,-8.680683,1.6134422,Source,Cluster 1,LumA
TCGA-AC-A3TN-01A-11D-A22B-05,-8.510311,1.8745873,Source,Cluster 1,LumA
TCGA-D8-A1JN-01A-11D-A13K-05,-9.17567,2.4184623,Source,Cluster 1,LumA
TCGA-BH-A2L8-01A-11D-A18O-05,-1.509286,3.7211754,Source,Cluster 3,LumA
TCGA-OL-A6VQ-01A-12D-A41Q-05,-3.1020896,3.2602427,Source,Cluster 3,LumA
TCGA-B6-A401-01A-11D-A23D-05,0.1551616,4.5256634,Source,Cluster 3,LumA
TCGA-BH-A1EY-01A-11D-A13K-05,-3.0485294,3.4009337,Source,Cluster 3,LumA
TCGA-AN-A0XT-01A-11D-A10A-05,8.747181,2.8246067,Source,Cluster 5,LumA
TCGA-BH-A0BJ-01A-11D-A10P-05,5.4666014,3.4322836,Source,Cluster 5,LumA
TCGA-E2-A3DX-01A-21D-A212-05,6.0790467,2.631308,Source,Cluster 5,LumA
TCGA-MS-A51U-01A-31D-A268-05,1.5692486,3.2660165,Source,Cluster 3,LumA
TCGA-E2-A1BC-01A-11D-A12R-05,-1.1026843,4.416968,Source,Cluster 3,LumA
TCGA-BH-A0W5-01A-11D-A10A-05,0.578617,4.573865,Source,Cluster 3,LumA
TCGA-AC-A6NO-01A-12D-A33F-05,6.1941977,3.3031054,Source,Cluster 5,LumA
TCGA-GM-A2DI-01A-31D-A18O-05,5.9803243,2.4301808,Source,Cluster 5,LumA
TCGA-BH-A1FL-01A-11D-A13K-05,-4.392251,4.0458965,Source,Cluster 3,LumA
TCGA-D8-A1JB-01A-11D-A13K-05,1.4916521,3.2985947,Source,Cluster 3,LumA
TCGA-BH-A0DI-01A-21D-A12R-05,-2.9230585,3.1618507,Source,Cluster 3,LumA
TCGA-BH-A1FE-01A-11D-A13K-05,0.94803923,3.5050578,Source,Cluster 3,LumA
TCGA-A7-A26E-01B-06D-A27B-05,-9.114458,1.3069328,Source,Cluster 1,LumA
TCGA-BH-AB28-01A-31D-A41Q-05,-10.296495,0.47772074,Source,Cluster 1,LumA
TCGA-D8-A27V-01A-12D-A17F-05,6.1066446,2.5309649,Source,Cluster 5,LumA
TCGA-A7-A4SB-01A-21D-A268-05,5.374083,4.4828653,Source,Cluster 5,LumA
TCGA-A7-A26E-01A-11D-A16A-05,-9.199899,1.3378308,Source,Cluster 1,LumA
TCGA-BH-A0DK-01A-21D-A10P-05,-9.624887,1.3595077,Source,Cluster 1,LumA
TCGA-D8-A1XD-01A-11D-A14H-05,-4.6204286,4.4986334,Source,Cluster 3,LumA
TCGA-BH-A0DP-01A-21D-A10P-05,-4.6967587,4.552013,Source,Cluster 3,LumA
TCGA-E2-A1L8-01A-11D-A13K-05,4.991808,4.025191,Source,Cluster 5,LumA
TCGA-BH-A8G0-01A-11D-A357-05,5.9230056,2.4752676,Source,Cluster 5,LumA
TCGA-BH-A1EX-01A-11D-A13K-05,6.04446,3.7253497,Source,Cluster 5,LumA
TCGA-EW-A1J3-01A-11D-A13K-05,-0.7302799,4.561357,Source,Cluster 3,LumA
TCGA-E9-A1NH-01A-11D-A14H-05,-1.9146607,4.028226,Source,Cluster 3,LumA
TCGA-A2-A0EN-01A-13D-A10P-05,-2.3522391,4.241865,Source,Cluster 3,LumA
TCGA-BH-A0E2-01A-11D-A10P-05,-8.715146,1.2757384,Source,Cluster 1,LumA
TCGA-D8-A1Y0-01A-11D-A14N-05,-3.0865552,4.2017007,Source,Cluster 3,LumA
TCGA-AR-A2LO-01A-31D-A18O-05,-1.1953185,3.7892978,Source,Cluster 3,LumA
TCGA-A7-A26J-01A-11D-A16A-05,-8.457704,2.0835764,Source,Cluster 1,LumA
TCGA-B6-A40C-01A-11D-A23D-05,-3.2210934,4.035227,Source,Cluster 3,LumA
TCGA-AO-A03M-01B-11D-A10N-05,7.269609,2.593463,Source,Cluster 5,LumA
TCGA-B6-A0RV-01A-11D-A10P-05,-2.5759437,3.6372566,Source,Cluster 3,LumA
TCGA-BH-A42V-01A-11D-A244-05,-2.8462005,3.1413405,Source,Cluster 3,LumA
TCGA-AO-A12E-01A-11D-A10N-05,-8.7052355,1.074925,Source,Cluster 1,LumA
TCGA-E2-A2P6-01A-11D-A19Z-05,-2.83206,4.583544,Source,Cluster 3,LumA
TCGA-A2-A1G0-01A-11D-A13K-05,7.4785833,3.061953,Source,Cluster 5,LumA
TCGA-5L-AAT1-01A-12D-A41Q-05,-4.270213,3.4644942,Source,Cluster 3,LumA
TCGA-C8-A1HO-01A-11D-A13K-05,-10.594912,0.1670166,Source,Cluster 1,LumA
TCGA-LD-A66U-01A-11D-A31V-05,0.92755264,4.1761518,Source,Cluster 3,LumA
TCGA-E9-A1R6-01A-11D-A14H-05,-10.061306,0.39570448,Source,Cluster 1,LumA
TCGA-E2-A1IO-01A-11D-A145-05,6.249696,3.2993577,Source,Cluster 5,LumA
TCGA-AC-A5XU-01A-11D-A28C-05,-9.092951,2.6902246,Source,Cluster 1,LumA
TCGA-E2-A1IN-01A-11D-A13K-05,6.164016,3.2813873,Source,Cluster 5,LumA
TCGA-A7-A56D-01A-11D-A27Y-05,-2.3629997,3.3838127,Source,Cluster 3,LumA
TCGA-BH-A0HK-01A-11D-A10P-05,-8.935729,1.091727,Source,Cluster 1,LumA
TCGA-D8-A1XB-01A-11D-A14H-05,-8.622192,2.2132142,Source,Cluster 1,LumA
TCGA-AC-A23G-01A-11D-A212-05,1.5181804,3.525981,Source,Cluster 3,LumA
TCGA-AC-A2B8-01A-11D-A17F-05,1.0576953,4.2660427,Source,Cluster 3,LumA
TCGA-BH-A5J0-01A-11D-A27Y-05,7.410293,4.2276196,Source,Cluster 5,LumA
TCGA-AO-A125-01A-11D-A10N-05,-4.5045943,4.883508,Source,Cluster 3,LumA
TCGA-OL-A66N-01A-12D-A31V-05,-4.5011287,3.8246422,Source,Cluster 3,LumA
TCGA-OL-A66J-01A-11D-A29O-05,1.0635451,4.2638707,Source,Cluster 3,LumA
TCGA-EW-A1P3-01A-11D-A145-05,-2.48657,4.1209126,Source,Cluster 3,LumA
TCGA-BH-A0B8-01A-21D-A10P-05,-9.74005,0.6149738,Source,Cluster 1,LumA
TCGA-E9-A1QZ-01A-21D-A16A-05,5.779371,2.8518703,Source,Cluster 5,LumA
TCGA-BH-A0DQ-01A-11D-A10P-05,6.420156,3.0159461,Source,Cluster 5,LumA
TCGA-AC-A8OP-01A-11D-A36K-05,-8.746017,2.626637,Source,Cluster 1,LumA
TCGA-XX-A899-01A-11D-A36K-05,-1.4664418,3.5778217,Source,Cluster 3,LumA
TCGA-A2-A259-01A-11D-A16G-05,1.517585,3.3740036,Source,Cluster 3,LumA
TCGA-A2-A3KC-01A-11D-A212-05,-3.8504224,3.6207795,Source,Cluster 3,LumA
TCGA-D8-A1XA-01A-11D-A14H-05,-4.138187,4.5957026,Source,Cluster 3,LumA
TCGA-E2-A1B1-01A-21D-A12R-05,7.716807,2.3419735,Source,Cluster 5,LumA
TCGA-A7-A5ZX-01A-12D-A29O-05,-1.5801387,3.4985645,Source,Cluster 3,LumA
TCGA-BH-A201-01A-11D-A14N-05,7.012049,3.1535397,Source,Cluster 5,LumA
TCGA-AQ-A04L-01B-21D-A10N-05,-2.5288873,3.4944396,Source,Cluster 3,LumA
TCGA-BH-A0E1-01A-11D-A10P-05,-3.0433478,4.4962626,Source,Cluster 3,LumA
TCGA-AR-A0U3-01A-11D-A10A-05,-9.188857,1.5960464,Source,Cluster 1,LumA
TCGA-A7-A425-01A-11D-A244-05,5.6658716,3.2328165,Source,Cluster 5,LumA
TCGA-OL-A66H-01A-11D-A29O-05,6.017225,3.0681067,Source,Cluster 5,LumA
TCGA-D8-A1XV-01A-11D-A14N-05,-2.1103153,4.9766793,Source,Cluster 3,LumA
TCGA-S3-A6ZG-01A-22D-A32T-05,-9.779332,0.69330806,Source,Cluster 1,LumA
TCGA-E9-A1NG-01A-21D-A14N-05,8.362294,2.95592,Source,Cluster 5,LumA
TCGA-AC-A5XS-01A-11D-A29O-05,5.271894,3.4894724,Source,Cluster 5,LumA
TCGA-A7-A3RF-01A-11D-A22B-05,7.56264,3.0686145,Source,Cluster 5,LumA
TCGA-PL-A8LX-01A-11D-A41Q-05,-1.8586265,4.2379103,Source,Cluster 3,LumA
TCGA-AR-A1AX-01A-11D-A12R-05,5.988949,2.5370286,Source,Cluster 5,LumA
TCGA-BH-A1FB-01A-11D-A13K-05,6.07351,2.342424,Source,Cluster 5,LumA
TCGA-BH-A0HI-01A-11D-A10P-05,-1.806606,5.2879796,Source,Cluster 3,LumA
TCGA-AR-A5QP-01A-11D-A28C-05,-3.0624604,3.2112586,Source,Cluster 3,LumA
TCGA-B6-A0RI-01A-11D-A10P-05,5.272486,4.0940304,Source,Cluster 5,LumA
TCGA-E2-A1IE-01A-11D-A13K-05,-8.955095,2.3033934,Source,Cluster 1,LumA
TCGA-E9-A1N5-01A-11D-A14H-05,-2.9627213,3.3547914,Source,Cluster 3,LumA
TCGA-GM-A5PX-01A-12D-A28C-05,-1.5254183,3.7654345,Source,Cluster 3,LumA
TCGA-B6-A0RG-01A-11D-A10P-05,6.7461286,3.824924,Source,Cluster 5,LumA
TCGA-E2-A1IF-01A-11D-A145-05,7.6755667,2.5278971,Source,Cluster 5,LumA
TCGA-BH-A1F5-01A-12D-A13K-05,-2.3714359,5.048343,Source,Cluster 3,LumA
TCGA-D8-A27T-01A-11D-A16G-05,0.71501744,4.1648126,Source,Cluster 3,LumA
TCGA-B6-A40B-01A-11D-A23D-05,-8.52034,1.7146089,Source,Cluster 1,LumA
TCGA-E9-A24A-01A-11D-A16A-05,7.3726397,2.8829534,Source,Cluster 5,LumA
TCGA-AC-A3TM-01A-11D-A22B-05,-4.164984,4.6014357,Source,Cluster 3,LumA
TCGA-D8-A4Z1-01A-21D-A268-05,1.1951615,3.3385231,Source,Cluster 3,LumA
TCGA-AC-A3OD-01B-06D-A22R-05,-8.877711,2.2019627,Source,Cluster 1,LumA
TCGA-C8-A3M7-01A-12D-A21R-05,1.0814604,3.505212,Source,Cluster 3,LumA
TCGA-A8-A08O-01A-21D-A10P-05,0.17444612,4.589095,Source,Cluster 3,LumA
TCGA-D8-A73X-01A-11D-A32T-05,-4.63882,4.691896,Source,Cluster 3,LumA
TCGA-S3-AA12-01A-11D-A41Q-05,5.965719,3.0500417,Source,Cluster 5,LumA
TCGA-LL-A6FQ-01A-11D-A31V-05,-3.8907762,4.7739315,Source,Cluster 3,LumA
TCGA-A2-A0YI-01A-31D-A10N-05,-2.7678294,4.427183,Source,Cluster 3,LumA
TCGA-GM-A2DA-01A-11D-A18O-05,8.128595,2.8192818,Source,Cluster 5,LumA
TCGA-OK-A5Q2-01A-11D-A27Y-05,-2.889749,3.0737963,Source,Cluster 3,LumA
TCGA-A2-A1FV-01A-11D-A13K-05,-9.131072,2.2693322,Source,Cluster 1,LumA
TCGA-C8-A26Z-01A-11D-A16G-05,0.6643419,4.6853776,Source,Cluster 3,LumA
TCGA-GM-A4E0-01A-12D-A268-05,-1.4255263,3.531337,Source,Cluster 3,LumA
TCGA-OL-A5RX-01A-11D-A28C-05,1.0538601,3.3539944,Source,Cluster 3,LumA
TCGA-BH-A0HA-01A-11D-A12R-05,-4.8911676,4.4569325,Source,Cluster 3,LumA
TCGA-E2-A10F-01A-11D-A10N-05,-4.438172,3.7379236,Source,Cluster 3,LumA
TCGA-E2-A1IL-01A-11D-A14H-05,-1.4851533,5.408682,Source,Cluster 3,LumA
TCGA-C8-A1HI-01A-11D-A138-05,1.2455616,3.7747786,Source,Cluster 3,LumA
TCGA-AQ-A0Y5-01A-11D-A14N-05,-1.7356703,3.372929,Source,Cluster 3,LumA
TCGA-A7-A26J-01B-02D-A27B-05,-4.7296104,4.0412498,Source,Cluster 3,LumA
TCGA-D8-A1X8-01A-11D-A14N-05,-1.7062309,3.5007777,Source,Cluster 3,LumA
TCGA-E9-A1RD-01A-11D-A161-05,-10.023434,0.4531415,Source,Cluster 1,LumA
TCGA-E2-A1IU-01A-11D-A14H-05,5.3875303,3.8481872,Source,Cluster 5,LumA
TCGA-D8-A1XY-01A-11D-A14N-05,8.740139,2.8561575,Source,Cluster 5,LumA
TCGA-EW-A2FS-01A-11D-A17F-05,-1.7756461,3.3896825,Source,Cluster 3,LumA
TCGA-A1-A0SG-01A-11D-A145-05,6.2168727,2.9947443,Source,Cluster 5,LumA
TCGA-E9-A1RF-01A-11D-A161-05,-9.89369,0.9897392,Source,Cluster 1,LumA
TCGA-EW-A423-01A-11D-A244-05,-8.454258,2.020149,Source,Cluster 1,LumA
TCGA-BH-A0B5-01A-11D-A12R-05,-4.6523423,4.364925,Source,Cluster 3,LumA
TCGA-V7-A7HQ-01A-11D-A33F-05,5.08957,4.4183707,Source,Cluster 5,LumA
TCGA-E9-A245-01A-22D-A16G-05,8.26861,2.9181175,Source,Cluster 5,LumA
TCGA-BH-A0HP-01A-12D-A10P-05,-4.274533,3.5133362,Source,Cluster 3,LumA
TCGA-A1-A0SF-01A-11D-A145-05,1.4528749,3.4671,Source,Cluster 3,LumA
TCGA-BH-A0H3-01A-11D-A12R-05,-0.6105537,4.4037724,Source,Cluster 3,LumA
TCGA-A2-A0CT-01A-31D-A10P-05,-10.9394,-0.13383417,Source,Cluster 1,LumA
TCGA-D8-A1XC-01A-11D-A14H-05,-1.0097793,5.100394,Source,Cluster 3,LumA
TCGA-E2-A1L9-01A-11D-A13K-05,1.1022887,3.876892,Source,Cluster 3,LumA
TCGA-D8-A1JH-01A-11D-A13K-05,-2.987849,3.2615316,Source,Cluster 3,LumA
TCGA-E9-A295-01A-11D-A16G-05,-8.571076,2.4674907,Source,Cluster 1,LumA
TCGA-AR-A24X-01A-11D-A16A-05,-8.864745,2.2825432,Source,Cluster 1,LumA
TCGA-LL-A7SZ-01A-32D-A357-05,7.7831903,2.9955301,Source,Cluster 5,LumA
TCGA-S3-A6ZH-01A-22D-A32T-05,5.8622594,3.142932,Source,Cluster 5,LumA
TCGA-OL-A5RU-01A-11D-A28C-05,5.8546724,3.1102643,Source,Cluster 5,LumA
TCGA-AC-A3YJ-01A-11D-A230-05,-1.5447698,5.2680926,Source,Cluster 3,LumA
TCGA-E9-A1RA-01A-11D-A14H-05,1.3195051,3.9448376,Source,Cluster 3,LumA
TCGA-AO-A12C-01A-11D-A10N-05,-8.9173565,1.4606063,Source,Cluster 1,LumA
TCGA-BH-A0B2-01A-11D-A10N-05,-1.1206142,4.452369,Source,Cluster 3,LumA
TCGA-E2-A1IG-01A-11D-A145-05,0.88742816,4.3254814,Source,Cluster 3,LumA
TCGA-A2-A25D-01A-12D-A16G-05,0.9831132,4.0551524,Source,Cluster 3,LumA
TCGA-E9-A227-01A-11D-A161-05,8.07498,3.101082,Source,Cluster 5,LumA
TCGA-A7-A26H-01A-11D-A16A-05,-1.3520094,4.65569,Source,Cluster 3,LumA
TCGA-GM-A3XN-01A-12D-A230-05,1.0035957,3.6582415,Source,Cluster 3,LumA
TCGA-A7-A4SC-01A-12D-A268-05,-9.302337,2.5765138,Source,Cluster 1,LumA
TCGA-BH-A0W4-01A-11D-A10A-05,-0.63571024,4.0628176,Source,Cluster 3,LumA
TCGA-AO-A126-01A-11D-A10N-05,-9.155147,0.89078724,Source,Cluster 1,LumA
TCGA-E9-A1R0-01A-22D-A16G-05,-1.6110673,3.5295508,Source,Cluster 3,LumA
TCGA-GM-A3XG-01A-31D-A244-05,6.0627995,2.2179766,Source,Cluster 5,LumA
TCGA-AC-A8OS-01A-12D-A41Q-05,-1.1585727,3.8387783,Source,Cluster 3,LumA
TCGA-B6-A0WZ-01A-11D-A10A-05,-4.479892,4.1609807,Source,Cluster 3,LumA
TCGA-GM-A3NY-01A-11D-A21R-05,-4.6013594,4.6570773,Source,Cluster 3,LumA
TCGA-A2-A0SU-01A-11D-A10P-05,6.5217056,3.237541,Source,Cluster 5,LumA
TCGA-E2-A107-01A-11D-A10N-05,-4.7215014,4.5801997,Source,Cluster 3,LumA
TCGA-B6-A0X4-01A-11D-A10A-05,5.6725583,3.7998812,Source,Cluster 5,LumA
TCGA-BH-A0HB-01A-11D-A10P-05,-4.275284,4.111754,Source,Cluster 3,LumA
TCGA-D8-A27K-01A-11D-A16G-05,-0.13082124,4.2253637,Source,Cluster 3,LumA
TCGA-A2-A0CR-01A-11D-A22B-05,1.1128507,3.2443686,Source,Cluster 3,LumA
TCGA-LL-A5YN-01A-11D-A28C-05,5.6388006,3.318243,Source,Cluster 5,LumA
TCGA-EW-A1J1-01A-11D-A13K-05,7.0407434,3.0158436,Source,Cluster 5,LumA
TCGA-AQ-A1H3-01A-31D-A13K-05,-4.340987,3.7425156,Source,Cluster 3,LumA
TCGA-E9-A229-01A-31D-A161-05,5.715936,3.8173287,Source,Cluster 5,LumA
TCGA-AR-A24T-01A-11D-A16A-05,-9.2678,2.1072133,Source,Cluster 1,LumA
TCGA-A7-A426-01A-22D-A244-05,1.1083242,3.3642285,Source,Cluster 3,LumA
TCGA-OL-A66K-01A-11D-A29O-05,-4.7382426,4.246808,Source,Cluster 3,LumA
TCGA-AQ-A1H2-01A-11D-A13K-05,4.8803315,4.621539,Source,Cluster 5,LumA
TCGA-BH-A0BT-01A-11D-A12R-05,6.666712,4.075319,Source,Cluster 5,LumA
TCGA-A7-A5ZW-01A-12D-A29O-05,1.3105662,3.4929256,Source,Cluster 3,LumA
TCGA-3C-AALK-01A-11D-A41Q-05,-10.119169,0.75114983,Source,Cluster 1,LumA
TCGA-AN-A0XO-01A-11D-A10A-05,-4.0307746,4.3336186,Source,Cluster 3,LumA
TCGA-EW-A6S9-01A-22D-A33F-05,1.0340401,3.424626,Source,Cluster 3,LumA
TCGA-BH-A0BA-01A-11D-A10P-05,-4.626828,4.068575,Source,Cluster 3,LumA
TCGA-BH-A1FR-01A-11D-A13K-05,7.8544765,2.1917052,Source,Cluster 5,LumA
TCGA-BH-A1FG-01A-11D-A13K-05,-2.0201683,5.2405667,Source,Cluster 3,LumA
TCGA-BH-A0HN-01A-11D-A10P-05,-2.0984397,5.2845154,Source,Cluster 3,LumA
TCGA-JL-A3YX-01A-11D-A230-05,1.1293977,4.4816084,Source,Cluster 3,LumA
TCGA-B6-A0RO-01A-22D-A10P-05,-2.3966546,4.991513,Source,Cluster 3,LumA
TCGA-AC-A3EH-01A-22D-A22B-05,-4.315293,4.1363535,Source,Cluster 3,LumA
TCGA-AN-A0XS-01A-22D-A10A-05,-0.52034223,4.6033745,Source,Cluster 3,LumA
TCGA-BH-A0DS-01A-11D-A10P-05,-10.044534,0.56990045,Source,Cluster 1,LumA
TCGA-E9-A247-01A-11D-A16A-05,-10.041052,0.39072508,Source,Cluster 1,LumA
TCGA-AR-A1AN-01A-11D-A12R-05,6.21835,2.9847708,Source,Cluster 5,LumA
TCGA-PE-A5DE-01A-11D-A27Y-05,1.0945013,3.8506057,Source,Cluster 3,LumA
TCGA-S3-AA11-01A-31D-A41Q-05,-10.532446,0.23072937,Source,Cluster 1,LumA
TCGA-EW-A1PA-01A-11D-A145-05,-1.6768284,4.2789807,Source,Cluster 3,LumA
TCGA-BH-A28Q-01A-11D-A16G-05,-4.1350217,4.182409,Source,Cluster 3,LumA
TCGA-BH-A6R8-01A-21D-A33F-05,4.919728,4.634639,Source,Cluster 5,LumA
TCGA-A2-A0YL-01A-21D-A10A-05,6.005539,2.2673852,Source,Cluster 5,LumA
TCGA-A2-A0CK-01A-11D-A22B-05,-2.1538827,4.595438,Source,Cluster 3,LumA
TCGA-A1-A0SH-01A-11D-A10P-05,1.0082221,3.3429563,Source,Cluster 3,LumA
TCGA-E9-A1R3-01A-31D-A14N-05,8.381587,3.0705304,Source,Cluster 5,LumA
TCGA-D8-A1XM-01A-21D-A14N-05,1.4752223,3.1653655,Source,Cluster 3,LumA
TCGA-AO-A0JJ-01A-11D-A10P-05,-3.1707594,3.2959604,Source,Cluster 3,LumA
TCGA-B6-A0WT-01A-11D-A10A-05,1.0877969,4.2630754,Source,Cluster 3,LumA
TCGA-A2-A4RW-01A-21D-A268-05,-3.9764209,3.548773,Source,Cluster 3,LumA
TCGA-AR-A0TZ-01A-12D-A10P-05,-11.189144,-0.36870533,Source,Cluster 1,LumA
TCGA-D8-A1JS-01A-11D-A13K-05,0.039568663,4.431479,Source,Cluster 3,LumA
TCGA-AC-A3QP-01A-11D-A230-05,6.560149,3.847904,Source,Cluster 5,LumA
TCGA-D8-A3Z6-01A-11D-A23D-05,-2.9203377,3.1666057,Source,Cluster 3,LumA
TCGA-A1-A0SQ-01A-21D-A145-05,6.9060154,4.4507394,Source,Cluster 5,LumA
TCGA-AO-A12B-01A-11D-A10N-05,0.6375757,4.6156487,Source,Cluster 3,LumA
TCGA-LQ-A4E4-01A-11D-A268-05,-9.240824,1.5998559,Source,Cluster 1,LumA
TCGA-AR-A1AU-01A-11D-A12R-05,1.2951907,3.826591,Source,Cluster 3,LumA
TCGA-E2-A14U-01A-11D-A22B-05,5.9726615,2.4471757,Source,Cluster 5,LumA
TCGA-GM-A2DL-01A-11D-A18O-05,-2.5982993,3.3236294,Source,Cluster 3,LumA
TCGA-E9-A1RI-01A-11D-A16A-05,-3.2692006,4.832932,Source,Cluster 3,LumA
TCGA-A2-A0T7-01A-21D-A10P-05,0.3750073,4.1646433,Source,Cluster 3,LumA
TCGA-B6-A2IU-01A-32D-A18O-05,0.97988987,3.9335442,Source,Cluster 3,LumA
TCGA-AC-A8OR-01A-21D-A41Q-05,6.2392683,2.5600638,Source,Cluster 5,LumA
TCGA-E2-A1BD-01A-11D-A12R-05,-8.743852,1.0586325,Source,Cluster 1,LumA
TCGA-B6-A1KI-01A-11D-A14N-05,6.0127025,2.78485,Source,Cluster 5,LumA
TCGA-GM-A2DN-01A-11D-A17Z-05,-1.7036761,3.4925363,Source,Cluster 3,LumA
TCGA-A7-A4SA-01A-11D-A268-05,6.0339346,2.6166372,Source,Cluster 5,LumA
TCGA-D8-A1JP-01A-11D-A13K-05,1.4697618,4.1093297,Source,Cluster 3,LumA
TCGA-E2-A1B4-01A-11D-A12R-05,-1.3204958,5.2346997,Source,Cluster 3,LumA
TCGA-E9-A3Q9-01A-11D-A21R-05,8.648463,2.8953831,Source,Cluster 5,LumA
TCGA-AR-A24L-01A-11D-A16A-05,5.9006095,2.9877934,Source,Cluster 5,LumA
TCGA-LL-A5YL-01A-12D-A29O-05,-9.670761,1.5621353,Source,Cluster 1,LumA
TCGA-A7-A3J0-01A-11D-A212-05,8.699949,2.8433752,Source,Cluster 5,LumA
TCGA-A2-A0YF-01A-21D-A10A-05,5.0672603,4.455659,Source,Cluster 5,LumA
TCGA-E2-A1IK-01A-11D-A145-05,8.397538,2.8463404,Source,Cluster 5,LumA
TCGA-D8-A1XO-01A-11D-A14N-05,0.62700474,4.58088,Source,Cluster 3,LumA
TCGA-AR-A1AK-01A-21D-A12R-05,-1.42185,4.3255687,Source,Cluster 3,LumA
TCGA-D8-A73W-01A-22D-A357-05,5.8774996,3.6901927,Source,Cluster 5,LumA
TCGA-AC-A2FE-01A-11D-A19Z-05,-8.671882,2.5786083,Source,Cluster 1,LumA
TCGA-A7-A3IY-01A-21D-A21R-05,8.071414,2.8186574,Source,Cluster 5,LumA
TCGA-AR-A252-01A-11D-A16A-05,1.347934,3.1312637,Source,Cluster 3,LumA
TCGA-A2-A0EP-01A-52D-A230-05,6.201021,2.4441142,Source,Cluster 5,LumA
TCGA-BH-A1EU-01A-11D-A138-05,0.9314148,4.4209347,Source,Cluster 3,LumA
TCGA-AC-A62Y-01A-11D-A29O-05,6.1239905,3.7831366,Source,Cluster 5,LumA
TCGA-E2-A2P5-01A-11D-A19Z-05,-2.4250443,3.5119846,Source,Cluster 3,LumA
TCGA-A2-A0CO-01A-13D-A22B-05,0.4402977,4.531475,Source,Cluster 3,LumA
TCGA-B6-A0RP-01A-21D-A10P-05,-1.9266722,5.1663327,Source,Cluster 3,LumA
TCGA-AO-A0JC-01A-11D-A10P-05,1.1301118,3.2829251,Source,Cluster 3,LumA
TCGA-D8-A1X9-01A-12D-A161-05,-8.809947,1.3932269,Source,Cluster 1,LumA
TCGA-LL-A6FP-01A-11D-A31V-05,5.2651405,4.1635213,Source,Cluster 5,LumA
TCGA-EW-A1IW-01A-11D-A13K-05,-9.825712,1.2563376,Source,Cluster 1,LumA
TCGA-AR-A2LJ-01A-12D-A19Z-05,1.5087765,3.337225,Source,Cluster 3,LumA
TCGA-E9-A22B-01A-11D-A161-05,-11.162308,-0.3428705,Source,Cluster 1,LumA
TCGA-A2-A3KD-01A-12D-A212-05,1.3481593,3.1580203,Source,Cluster 3,LumA
TCGA-D8-A1XG-01A-11D-A14H-05,6.008916,2.977466,Source,Cluster 5,LumA
TCGA-A8-A0A6-01A-12D-A10P-05,-8.551293,2.0260928,Source,Cluster 1,LumA
TCGA-E2-A15I-01A-21D-A138-05,6.937364,3.3168774,Source,Cluster 5,LumA
TCGA-AQ-A7U7-01A-22D-A357-05,-1.8514321,3.378945,Source,Cluster 3,LumA
TCGA-AR-A5QN-01A-12D-A28C-05,-9.869706,1.0545268,Source,Cluster 1,LumA
TCGA-D8-A27I-01A-11D-A16G-05,1.3059131,3.1771402,Source,Cluster 3,LumA
TCGA-C8-A1HE-01A-11D-A13K-05,-9.022573,0.9615415,Source,Cluster 1,LumA
TCGA-AN-A0XV-01A-11D-A10A-05,-9.106417,1.2483659,Source,Cluster 1,LumA
TCGA-E2-A10E-01A-21D-A10N-05,-10.04227,0.42430824,Source,Cluster 1,LumA
TCGA-AR-A2LE-01A-11D-A17Z-05,1.035087,4.3464417,Source,Cluster 3,LumA
TCGA-AR-A24V-01A-21D-A16A-05,4.9659038,4.495413,Source,Cluster 5,LumA
TCGA-AC-A23E-01A-11D-A161-05,-1.4516782,3.6133811,Source,Cluster 3,LumA
TCGA-PE-A5DD-01A-12D-A27Y-05,-11.1590395,-0.33992285,Source,Cluster 1,LumA
TCGA-LD-A74U-01A-13D-A33F-05,1.5049801,3.2563202,Source,Cluster 3,LumA
TCGA-E2-A1IJ-01A-11D-A145-05,1.4641032,3.2813568,Source,Cluster 3,LumA
TCGA-EW-A1J5-01A-11D-A13K-05,-4.3041844,3.960979,Source,Cluster 3,LumA
TCGA-E9-A1N4-01A-11D-A14N-05,6.787344,3.058751,Source,Cluster 5,LumA
TCGA-AC-A6IX-01A-12D-A32T-05,-4.4291716,3.83249,Source,Cluster 3,LumA
TCGA-BH-A0H7-01A-13D-A10P-05,-3.9179137,4.1283755,Source,Cluster 3,LumA
TCGA-AN-A0XL-01A-11D-A10N-05,7.6376386,3.4816358,Source,Cluster 5,LumA
TCGA-AR-A1AP-01A-11D-A12R-05,-9.278017,1.487967,Source,Cluster 1,LumA
TCGA-AR-A0TR-01A-11D-A10P-05,-2.1601472,5.298258,Source,Cluster 3,LumA
TCGA-E9-A5FK-01A-11D-A27Y-05,-3.018435,3.1116245,Source,Cluster 3,LumA
TCGA-AC-A4ZE-01A-11D-A41Q-05,-8.990377,0.96275026,Source,Cluster 1,LumA
TCGA-D8-A1JU-01A-11D-A13K-05,5.974997,2.4696457,Source,Cluster 5,LumA
TCGA-AC-A2QI-01A-12D-A19Z-05,7.929353,2.8801217,Source,Cluster 5,LumA
TCGA-D8-A3Z5-01A-41D-A244-05,1.4618689,3.2289479,Source,Cluster 3,LumA
TCGA-OL-A6VR-01A-32D-A33F-05,-1.0683914,3.991212,Source,Cluster 3,LumA
TCGA-LL-A9Q3-01A-11D-A41Q-05,-9.370505,1.8907691,Source,Cluster 1,LumA
TCGA-BH-A1FH-01A-12D-A13K-05,7.5385714,2.203963,Source,Cluster 5,LumA
TCGA-A7-A13H-01A-11D-A22B-05,1.0078976,3.856032,Source,Cluster 3,LumA
TCGA-AR-A1AM-01A-41D-A22B-05,7.1498885,2.9316304,Source,Cluster 5,LumA
TCGA-GM-A5PV-01A-11D-A28C-05,5.7656803,3.0723383,Source,Cluster 5,LumA
TCGA-A7-A3J1-01A-11D-A212-05,-1.8444439,3.953391,Source,Cluster 3,LumA
TCGA-AC-A2FB-01A-11D-A17F-05,1.0406431,3.3216004,Source,Cluster 3,LumA
TCGA-E2-A105-01A-11D-A10N-05,-9.950876,0.41925806,Source,Cluster 1,LumA
TCGA-EW-A1P5-01A-11D-A145-05,-4.331354,4.3669467,Source,Cluster 3,LumA
TCGA-AC-A6IV-01A-12D-A33F-05,5.9560847,2.9602466,Source,Cluster 5,LumA
TCGA-LD-A7W6-01A-81D-A357-05,-1.438636,4.630699,Source,Cluster 3,LumA
TCGA-A2-A0T4-01A-31D-A10P-05,-8.80618,2.1135123,Source,Cluster 1,LumA
TCGA-PE-A5DC-01A-12D-A27Y-05,0.81152636,4.275086,Source,Cluster 3,LumA
TCGA-A2-A1FZ-01A-51D-A14H-05,-4.207432,4.0772166,Source,Cluster 3,LumA
TCGA-BH-A0DH-01A-11D-A10P-05,-8.515486,1.4152904,Source,Cluster 1,LumA
TCGA-OL-A5D8-01A-11D-A27Y-05,-10.560055,0.20136586,Source,Cluster 1,LumA
TCGA-A2-A0SY-01A-31D-A10P-05,-9.442727,0.8702966,Source,Cluster 1,LumA
TCGA-A7-A0DC-01B-04D-A22R-05,5.460915,4.200319,Source,Cluster 5,LumA
TCGA-A2-A0T5-01A-21D-A10P-05,0.77267766,4.5313272,Source,Cluster 3,LumA
TCGA-OL-A66L-01A-12D-A31V-05,-9.052796,1.3771497,Source,Cluster 1,LumA
TCGA-WT-AB44-01A-11D-A41Q-05,-3.991313,3.6429622,Source,Cluster 3,LumA
TCGA-B6-A0RM-01A-11D-A10P-05,0.70829886,4.668942,Source,Cluster 3,LumA
TCGA-AO-A0JF-01A-11D-A10P-05,4.9517145,3.8995762,Source,Cluster 5,LumA
TCGA-BH-A0BC-01A-22D-A10P-05,0.47928962,4.3073664,Source,Cluster 3,LumA
TCGA-D8-A1XU-01A-11D-A14N-05,-4.3412027,4.224396,Source,Cluster 3,LumA
TCGA-BH-A0AZ-01A-21D-A12R-05,6.6101108,4.404205,Source,Cluster 5,LumA
TCGA-E2-A106-01A-11D-A10N-05,-3.6564455,5.0218234,Source,Cluster 3,LumA
TCGA-AN-A0XW-01A-11D-A10A-05,5.9651947,2.843233,Source,Cluster 5,LumA
TCGA-AC-A2FG-01A-11D-A17F-05,7.051659,3.8055305,Source,Cluster 5,LumA
TCGA-AO-A12G-01A-11D-A10N-05,-4.5955343,4.1867094,Source,Cluster 3,LumA
TCGA-E9-A1NE-01A-21D-A14N-05,1.2439835,3.234834,Source,Cluster 3,LumA
TCGA-A2-A4S0-01A-21D-A268-05,7.1633735,3.009665,Source,Cluster 5,LumA
TCGA-3C-AAAU-01A-11D-A41Q-05,-0.8078048,4.2517576,Source,Cluster 3,LumA
TCGA-E2-A572-01A-13D-A31V-05,-2.000569,4.1710176,Source,Cluster 3,LumA
TCGA-GM-A3NW-01A-21D-A22B-05,-4.1086364,4.7253838,Source,Cluster 3,LumA
TCGA-A7-A3IZ-01A-11D-A212-05,-2.9634898,4.6685333,Source,Cluster 3,LumA
TCGA-EW-A424-01A-11D-A244-05,-8.540306,2.2580962,Source,Cluster 1,LumA
TCGA-A1-A0SE-01A-11D-A10P-05,0.9835677,3.4689372,Source,Cluster 3,LumA
TCGA-LL-A442-01A-11D-A244-05,8.049312,3.1822646,Source,Cluster 5,LumA
TCGA-D8-A27P-01A-11D-A16G-05,6.333422,3.0404053,Source,Cluster 5,LumA
TCGA-EW-A1J2-01A-21D-A13K-05,-1.9262053,3.5769794,Source,Cluster 3,LumA
TCGA-BH-A1EW-01A-11D-A138-05,-4.798014,4.555318,Source,Cluster 3,LumA
TCGA-W8-A86G-01A-21D-A36K-05,-1.0744326,4.2089276,Source,Cluster 3,LumA
TCGA-A8-A0AD-01A-11D-A10P-05,6.0327244,3.252546,Source,Cluster 5,LumA
TCGA-A7-A13G-01B-04D-A22R-05,0.8194192,4.7022595,Source,Cluster 3,LumA
TCGA-A1-A0SJ-01A-11D-A10P-05,-4.5764523,4.5687118,Source,Cluster 3,LumA
TCGA-EW-A1PE-01A-11D-A145-05,5.676673,4.036065,Source,Cluster 5,LumA
TCGA-GM-A2D9-01A-11D-A18O-05,-8.724629,2.2622573,Source,Cluster 1,LumA
TCGA-OL-A5DA-01A-11D-A27Y-05,-1.7641876,4.975049,Source,Cluster 3,LumA
TCGA-AR-A1AS-01A-11D-A12R-05,-0.9367127,4.5976887,Source,Cluster 3,LumA
TCGA-AC-A3W6-01A-12D-A22B-05,1.1255909,3.5928404,Source,Cluster 3,LumA
TCGA-AC-A2FM-01A-11D-A19Z-05,-11.138788,-0.3193376,Source,Cluster 1,LumA
TCGA-C8-A273-01A-11D-A16G-05,-2.8686185,3.0770383,Source,Cluster 3,LumA
TCGA-AR-A2LN-01A-21D-A18O-05,1.082786,4.127582,Source,Cluster 3,LumA
TCGA-B6-A408-01A-12D-A244-05,4.907482,4.6484656,Source,Cluster 5,LumA
TCGA-Z7-A8R5-01A-42D-A41Q-05,-4.0824733,3.5155785,Source,Cluster 3,LumA
TCGA-BH-A0HF-01A-11D-A10P-05,5.983607,3.2448666,Source,Cluster 5,LumA
TCGA-AR-A24W-01A-11D-A16A-05,5.9372797,2.3651423,Source,Cluster 5,LumA
TCGA-BH-A0BM-01A-11D-A10P-05,0.059735972,4.316904,Source,Cluster 3,LumA
TCGA-BH-A0GY-01A-11D-A10P-05,5.499038,3.7866204,Source,Cluster 5,LumA
TCGA-BH-A0HX-01A-21D-A10P-05,-4.2498965,3.5987122,Source,Cluster 3,LumA
TCGA-AR-A24P-01A-11D-A16A-05,-3.3051655,3.5541937,Source,Cluster 3,LumA
TCGA-OL-A5RV-01A-12D-A28C-05,1.123227,3.6695368,Source,Cluster 3,LumA
TCGA-EW-A1PF-01A-11D-A145-05,-1.61308,3.4705343,Source,Cluster 3,LumA
TCGA-EW-A6SC-01A-12D-A32T-05,6.242488,2.8815963,Source,Cluster 5,LumA
TCGA-E9-A1RC-01A-11D-A161-05,-11.169162,-0.3488369,Source,Cluster 1,LumA
TCGA-E9-A1R5-01A-11D-A14N-05,-9.0856905,1.3389204,Source,Cluster 1,LumA
TCGA-E9-A2JT-01A-22D-A18O-05,4.8686495,-0.77117187,Source,Cluster 2,LumA
TCGA-BH-A0B6-01A-11D-A19Z-05,0.97744536,4.135643,Source,Cluster 3,LumA
TCGA-WT-AB41-01A-11D-A41Q-05,-8.685519,2.570512,Source,Cluster 1,LumA
TCGA-AC-A23C-01A-12D-A16A-05,-0.9470676,4.130129,Source,Cluster 3,LumA
TCGA-E9-A5UP-01A-11D-A28C-05,-2.909119,4.58662,Source,Cluster 3,LumA
TCGA-E9-A1R2-01A-11D-A14H-05,-4.2460093,4.639344,Source,Cluster 3,LumA
TCGA-A2-A0YC-01A-11D-A10A-05,-4.5800385,4.2347274,Source,Cluster 3,LumA
TCGA-E2-A1LA-01A-11D-A145-05,6.5638866,2.6692374,Source,Cluster 5,LumA
TCGA-B6-A0WY-01A-11D-A10A-05,0.5234416,4.0136523,Source,Cluster 3,LumA
TCGA-AR-A24O-01A-11D-A16A-05,6.107157,2.488096,Source,Cluster 5,LumA
TCGA-EW-A1IZ-01A-11D-A13K-05,-1.4482734,3.5089264,Source,Cluster 3,LumA
TCGA-E9-A6HE-01A-11D-A31V-05,-4.3332906,3.744367,Source,Cluster 3,LumA
TCGA-5L-AAT0-01A-12D-A41Q-05,-1.0295346,4.2623,Source,Cluster 3,LumA
TCGA-BH-A0DV-01A-21D-A12R-05,1.2515306,3.473249,Source,Cluster 3,LumA
TCGA-S3-AA14-01A-11D-A41Q-05,-3.1759171,3.994746,Source,Cluster 3,LumA
TCGA-BH-A1ES-01A-11D-A138-05,-10.010617,0.4872316,Source,Cluster 1,LumA
TCGA-A2-A0YD-01A-11D-A10A-05,-4.560306,4.605663,Source,Cluster 3,LumA
TCGA-E2-A10B-01A-11D-A10N-05,-8.933798,1.0282646,Source,Cluster 1,LumA
TCGA-D8-A27E-01A-11D-A16G-05,8.556748,2.828234,Source,Cluster 5,LumA
TCGA-GM-A2DC-01A-11D-A18O-05,-8.537527,1.2930547,Source,Cluster 1,LumA
TCGA-AC-A3BB-01A-21D-A19Z-05,0.7242819,4.023247,Source,Cluster 3,LumA
TCGA-GI-A2C8-01A-11D-A16G-05,-8.611128,2.5591125,Source,Cluster 1,LumA
TCGA-A7-A0D9-01A-31D-A10P-05,-4.5753055,4.3369374,Source,Cluster 3,LumA
TCGA-E9-A1N3-01A-12D-A161-05,-2.7269325,4.4863076,Source,Cluster 3,LumA
TCGA-E2-A15J-01A-11D-A12R-05,-8.882525,1.2953658,Source,Cluster 1,LumA
TCGA-BH-A8FY-01A-11D-A36K-05,-8.733744,1.412326,Source,Cluster 1,LumA
TCGA-E2-A576-01A-11D-A31V-05,-10.191561,0.5225236,Source,Cluster 1,LumA
TCGA-OL-A66O-01A-11D-A31V-05,-9.985957,0.56211644,Source,Cluster 1,LumA
TCGA-AO-A0JA-01A-11D-A10P-05,-9.702488,0.8391061,Source,Cluster 1,LumA
TCGA-D8-A27L-01A-11D-A16G-05,6.361488,2.9194064,Source,Cluster 5,LumA
TCGA-HN-A2OB-01A-21D-A27Y-05,5.9656205,2.5028176,Source,Cluster 5,LumA
TCGA-E2-A1B5-01A-21D-A12R-05,-2.9309716,3.2054837,Source,Cluster 3,LumA
TCGA-XX-A89A-01A-11D-A36K-05,8.262336,2.8243413,Source,Cluster 5,LumA
TCGA-EW-A2FV-01A-11D-A17F-05,1.221814,3.195492,Source,Cluster 3,LumA
TCGA-A2-A4S2-01A-12D-A268-05,-4.293818,4.011987,Source,Cluster 3,LumA
TCGA-GM-A2DM-01A-11D-A17Z-05,6.2826514,3.5204728,Source,Cluster 5,LumA
TCGA-AO-A03L-01A-41D-A10P-05,-4.166761,3.5717523,Source,Cluster 3,LumA
TCGA-AR-A255-01A-11D-A16A-05,-8.637137,2.253179,Source,Cluster 1,LumA
TCGA-BH-A0H9-01A-11D-A10P-05,8.664642,2.8609972,Source,Cluster 5,LumA
TCGA-BH-A0DG-01A-21D-A12R-05,-2.959244,3.3095753,Source,Cluster 3,LumA
TCGA-4H-AAAK-01A-12D-A41Q-05,-2.4142623,4.7091613,Source,Cluster 3,LumA
TCGA-AR-A2LM-01A-11D-A17Z-05,0.7250283,3.9373362,Source,Cluster 3,LumA
TCGA-E2-A570-01A-11D-A29O-05,0.5001008,4.647308,Source,Cluster 3,LumA
TCGA-AR-A1AL-01A-21D-A12R-05,5.9320183,4.27379,Source,Cluster 5,LumA
TCGA-B6-A0X7-01A-11D-A10N-05,-3.0856786,4.210047,Source,Cluster 3,LumA
TCGA-AC-A2FO-01A-11D-A17Z-05,1.3914411,3.8287134,Source,Cluster 3,LumA
TCGA-AR-A24M-01A-11D-A16A-05,-2.0600483,4.201747,Source,Cluster 3,LumA
TCGA-E2-A1L6-01A-11D-A13K-05,1.1533259,3.9322402,Source,Cluster 3,LumA
TCGA-EW-A3E8-01B-11D-A244-05,-3.8955617,3.396669,Source,Cluster 3,LumA
TCGA-LL-A440-01A-11D-A244-05,6.1270094,2.3426116,Source,Cluster 5,LumA
TCGA-AC-A2FF-01A-11D-A17F-05,1.4443452,3.156894,Source,Cluster 3,LumA
TCGA-B6-A0RN-01A-12D-A10P-05,-8.882116,1.0001954,Source,Cluster 1,LumA
TCGA-BH-A0H6-01A-21D-A10P-05,6.7457,4.463831,Source,Cluster 5,LumA
TCGA-UL-AAZ6-01A-11D-A41Q-05,-10.225128,0.5355579,Source,Cluster 1,LumA
TCGA-EW-A1IX-01A-12D-A145-05,6.225616,3.0690904,Source,Cluster 5,LumA
TCGA-BH-A1ET-01A-11D-A138-05,-1.3909999,5.3014073,Source,Cluster 3,LumA
TCGA-AC-A3W7-01A-11D-A22B-05,-1.5690217,4.4289885,Source,Cluster 3,LumA
TCGA-EW-A1P6-01A-11D-A145-05,7.7048626,3.1214402,Source,Cluster 5,LumA
TCGA-LL-A50Y-01A-11D-A268-05,-9.2925005,0.9116581,Source,Cluster 1,LumA
TCGA-A2-A0T6-01A-11D-A10P-05,-9.231536,1.9322,Source,Cluster 1,LumA
TCGA-AN-A0XP-01A-11D-A10A-05,-1.4234213,5.3828335,Source,Cluster 3,LumA
TCGA-AN-A0XN-01A-21D-A10A-05,-10.239433,0.4947977,Source,Cluster 1,LumA
TCGA-AO-A0J9-01A-11D-A032-05,-4.6664853,4.404373,Source,Cluster 3,LumA
TCGA-BH-A0HQ-01A-11D-A032-05,-4.129719,4.967086,Source,Cluster 3,LumA
TCGA-A1-A0SD-01A-11D-A112-05,0.045522522,4.2888174,Source,Cluster 3,LumA
TCGA-A2-A0EM-01A-11D-A032-05,6.7115016,4.5539227,Source,Cluster 5,LumA
TCGA-AN-A046-01A-21D-A032-05,-3.8071184,3.9533963,Source,Cluster 3,LumA
TCGA-A8-A091-01A-11D-A00Y-05,-1.4290086,4.9788346,Source,Cluster 3,LumA
TCGA-BH-A18F-01A-11D-A12E-05,-2.572671,3.5573804,Source,Cluster 3,LumA
TCGA-A8-A06T-01A-11D-A00Y-05,-1.6509404,4.9857965,Source,Cluster 3,LumA
TCGA-E2-A153-01A-12D-A12E-05,6.5411105,4.5335364,Source,Cluster 5,LumA
TCGA-A8-A0A1-01A-11D-A00Y-05,-8.9667635,1.1407245,Source,Cluster 1,LumA
TCGA-E2-A15D-01A-11D-A112-05,-0.32820594,4.435327,Source,Cluster 3,LumA
TCGA-AN-A0FZ-01A-11D-A032-05,6.652184,4.559548,Source,Cluster 5,LumA
TCGA-A8-A09B-01A-11D-A00Y-05,-4.535111,4.7821803,Source,Cluster 3,LumA
TCGA-A8-A093-01A-11D-A00Y-05,-4.5569196,4.796938,Source,Cluster 3,LumA
TCGA-A8-A09D-01A-11D-A00Y-05,5.452207,3.5747402,Source,Cluster 5,LumA
TCGA-A8-A07G-01A-11D-A032-05,5.314691,3.6694515,Source,Cluster 5,LumA
TCGA-A8-A0A4-01A-11D-A00Y-05,-9.326798,1.803958,Source,Cluster 1,LumA
TCGA-A8-A06Y-01A-21D-A00Y-05,-9.93222,0.5317036,Source,Cluster 1,LumA
TCGA-BH-A18S-01A-11D-A12E-05,8.033797,3.165192,Source,Cluster 5,LumA
TCGA-A8-A09K-01A-11D-A00Y-05,5.5527005,4.783808,Source,Cluster 5,LumA
TCGA-A2-A0CQ-01A-21D-A032-05,-1.9854797,5.3123364,Source,Cluster 3,LumA
TCGA-C8-A133-01A-32D-A12E-05,5.412421,4.862833,Source,Cluster 5,LumA
TCGA-A8-A086-01A-11D-A00Y-05,6.697001,3.2951229,Source,Cluster 5,LumA
TCGA-BH-A0B0-01A-21D-A112-05,5.539517,4.816351,Source,Cluster 5,LumA
TCGA-AN-A0FN-01A-11D-A032-05,0.16857667,4.0272183,Source,Cluster 3,LumA
TCGA-D8-A146-01A-31D-A112-05,7.415242,4.1811366,Source,Cluster 5,LumA
TCGA-AO-A12H-01A-11D-A112-05,5.451766,4.8471503,Source,Cluster 5,LumA
TCGA-E2-A15H-01A-11D-A12E-05,5.408984,4.7978516,Source,Cluster 5,LumA
TCGA-BH-A18J-01A-11D-A12E-05,7.000756,4.438481,Source,Cluster 5,LumA
TCGA-BH-A0HL-01A-11D-A032-05,-11.067445,-0.24996755,Source,Cluster 1,LumA
TCGA-A8-A0AB-01A-11D-A032-05,-8.951438,0.9999028,Source,Cluster 1,LumA
TCGA-E2-A14Q-01A-11D-A12E-05,5.8007116,4.7395353,Source,Cluster 5,LumA
TCGA-BH-A0W7-01A-11D-A112-05,-0.11592659,4.393948,Source,Cluster 3,LumA
TCGA-C8-A12N-01A-11D-A112-05,7.241585,4.5400357,Source,Cluster 5,LumA
TCGA-D8-A145-01A-11D-A112-05,8.46608,2.7117147,Source,Cluster 5,LumA
TCGA-BH-A0HO-01A-11D-A032-05,-0.06514397,4.340356,Source,Cluster 3,LumA
TCGA-A8-A083-01A-21D-A00Y-05,5.0565605,3.9126892,Source,Cluster 5,LumA
TCGA-B6-A0IP-01A-11D-A032-05,-9.120129,1.5692021,Source,Cluster 1,LumA
TCGA-A7-A0CG-01A-11D-A00Y-05,0.112986125,4.065537,Source,Cluster 3,LumA
TCGA-AN-A0FS-01A-11D-A032-05,5.3504252,4.277975,Source,Cluster 5,LumA
TCGA-E2-A156-01A-11D-A12E-05,4.8815017,4.706455,Source,Cluster 5,LumA
TCGA-AO-A03V-01A-11D-A112-05,7.3731117,4.39675,Source,Cluster 5,LumA
TCGA-B6-A0IC-01A-11D-A032-05,6.201751,3.9289033,Source,Cluster 5,LumA
TCGA-AN-A0FW-01A-11D-A032-05,-2.7362995,3.5978227,Source,Cluster 3,LumA
TCGA-AN-A0FD-01A-11D-A032-05,5.1354666,4.848251,Source,Cluster 5,LumA
TCGA-A8-A0A9-01A-11D-A00Y-05,-10.709548,0.061276212,Source,Cluster 1,LumA
TCGA-A2-A0EW-01A-21D-A112-05,7.205384,4.482677,Source,Cluster 5,LumA
TCGA-B6-A0X0-01A-21D-A112-05,7.05385,4.425986,Source,Cluster 5,LumA
TCGA-BH-A0C1-01B-11D-A12E-05,-4.5992165,4.1184425,Source,Cluster 3,LumA
TCGA-BH-A0BO-01A-23D-A12E-05,8.064304,2.83753,Source,Cluster 5,LumA
TCGA-A8-A07Z-01A-11D-A00Y-05,6.894033,4.6023383,Source,Cluster 5,LumA
TCGA-A2-A0D3-01A-11D-A112-05,-4.5929213,4.6036987,Source,Cluster 3,LumA
TCGA-A8-A099-01A-11D-A00Y-05,-8.899823,1.0388944,Source,Cluster 1,LumA
TCGA-AN-A0FT-01A-11D-A032-05,-2.4788136,3.5919466,Source,Cluster 3,LumA
TCGA-BH-A0BQ-01A-21D-A112-05,5.9388733,2.78825,Source,Cluster 5,LumA
TCGA-AO-A12A-01A-21D-A112-05,7.3978825,4.3530674,Source,Cluster 5,LumA
TCGA-A8-A09T-01A-11D-A00Y-05,5.0632224,4.4822674,Source,Cluster 5,LumA
TCGA-B6-A0IH-01A-11D-A112-05,-0.89425516,3.9465575,Source,Cluster 3,LumA
TCGA-AN-A04A-01A-21D-A032-05,5.7935047,3.693413,Source,Cluster 5,LumA
TCGA-B6-A0IA-01A-11D-A032-05,5.4077477,4.795947,Source,Cluster 5,LumA
TCGA-AN-A0AS-01A-11D-A00Y-05,6.20816,3.2654343,Source,Cluster 5,LumA
TCGA-E2-A15L-01A-11D-A12E-05,-1.5140651,5.337525,Source,Cluster 3,LumA
TCGA-BH-A0E7-01A-11D-A032-05,5.7162375,4.8377657,Source,Cluster 5,LumA
TCGA-E2-A14T-01A-11D-A112-05,7.377966,4.229889,Source,Cluster 5,LumA
TCGA-A2-A0CS-01A-11D-A112-05,7.2260537,4.503862,Source,Cluster 5,LumA
TCGA-A8-A07J-01A-11D-A00Y-05,-1.0341077,4.8012595,Source,Cluster 3,LumA
TCGA-A8-A0A2-01A-11D-A032-05,-9.282539,1.4113592,Source,Cluster 1,LumA
TCGA-A2-A0CP-01A-11D-A032-05,6.4408793,4.17312,Source,Cluster 5,LumA
TCGA-A2-A0ES-01A-11D-A112-05,7.9862666,2.3879337,Source,Cluster 5,LumA
TCGA-E2-A14Z-01A-11D-A112-05,6.5279074,4.1645746,Source,Cluster 5,LumA
TCGA-A8-A09A-01A-11D-A00Y-05,-1.3008112,3.814369,Source,Cluster 3,LumA
TCGA-BH-A0BV-01A-11D-A00Y-05,-8.647523,1.2185133,Source,Cluster 1,LumA
TCGA-A7-A0DB-01A-11D-A00Y-05,-1.6939433,5.296437,Source,Cluster 3,LumA
TCGA-A2-A04N-01A-11D-A112-05,5.513766,4.8611054,Source,Cluster 5,LumA
TCGA-C8-A132-01A-31D-A112-05,5.7244844,4.1556873,Source,Cluster 5,LumA
TCGA-A8-A07P-01A-11D-A00Y-05,-2.6425173,3.5116677,Source,Cluster 3,LumA
TCGA-AO-A0J8-01A-21D-A032-05,-4.464025,4.532558,Source,Cluster 3,LumA
TCGA-BH-A0DT-01A-21D-A12E-05,6.7189655,4.3321605,Source,Cluster 5,LumA
TCGA-A2-A04V-01A-21D-A032-05,5.4336467,4.871402,Source,Cluster 5,LumA
TCGA-B6-A0IM-01A-11D-A032-05,-4.5214357,4.8078184,Source,Cluster 3,LumA
TCGA-BH-A0DX-01A-11D-A112-05,0.53539044,3.8058448,Source,Cluster 3,LumA
TCGA-BH-A18K-01A-11D-A12E-05,7.0496836,4.0470295,Source,Cluster 5,LumA
TCGA-A2-A0EX-01A-21D-A032-05,-3.4997013,4.0917177,Source,Cluster 3,LumA
TCGA-BH-A0DO-01B-11D-A12E-05,6.7421765,4.237919,Source,Cluster 5,LumA
TCGA-A8-A08T-01A-21D-A00Y-05,-8.563673,1.3915108,Source,Cluster 1,LumA
TCGA-B6-A0I8-01A-11D-A032-05,7.27022,4.4945874,Source,Cluster 5,LumA
TCGA-E2-A15F-01A-11D-A112-05,-1.5364147,5.394309,Source,Cluster 3,LumA
TCGA-D8-A140-01A-11D-A112-05,-3.0208533,4.429093,Source,Cluster 3,LumA
TCGA-A7-A0CH-01A-21D-A00Y-05,7.2584033,4.4604774,Source,Cluster 5,LumA
TCGA-BH-A18H-01A-11D-A12E-05,8.0593405,3.2557263,Source,Cluster 5,LumA
TCGA-A2-A0CV-01A-31D-A112-05,5.628023,3.3623974,Source,Cluster 5,LumA
TCGA-A8-A090-01A-11D-A00Y-05,-8.795159,1.2228532,Source,Cluster 1,LumA
TCGA-A7-A0CD-01A-11D-A00Y-05,-3.5378067,4.0147033,Source,Cluster 3,LumA
TCGA-B6-A0WS-01A-11D-A112-05,-0.0717657,4.2489505,Source,Cluster 3,LumA
TCGA-E2-A154-01A-11D-A112-05,-8.54166,1.2269993,Source,Cluster 1,LumA
TCGA-E2-A15R-01A-11D-A112-05,-9.998741,0.5886645,Source,Cluster 1,LumA
TCGA-E2-A15O-01A-11D-A112-05,-2.8705428,4.4707885,Source,Cluster 3,LumA
TCGA-A8-A097-01A-11D-A032-05,8.628273,2.7721934,Source,Cluster 5,LumA
TCGA-BH-A0EI-01A-11D-A112-05,-2.693105,4.432816,Source,Cluster 3,LumA
TCGA-BH-A18M-01A-11D-A12E-05,5.491238,4.663875,Source,Cluster 5,LumA
TCGA-BH-A0AY-01A-21D-A00Y-05,5.682632,4.301888,Source,Cluster 5,LumA
TCGA-E2-A15G-01A-11D-A12E-05,-1.5306239,5.3831706,Source,Cluster 3,LumA
TCGA-AN-A03X-01A-21D-A00Y-05,-9.212633,1.6398356,Source,Cluster 1,LumA
TCGA-A8-A06P-01A-11D-A00Y-05,7.328388,4.4011903,Source,Cluster 5,LumA
TCGA-C8-A12X-01A-11D-A112-05,-10.756681,0.024693219,Source,Cluster 1,LumA
TCGA-A2-A0ET-01A-31D-A032-05,-0.6364287,4.088851,Source,Cluster 3,LumA
TCGA-C8-A12Y-01A-11D-A12E-05,6.912168,4.5650887,Source,Cluster 5,LumA
TCGA-AN-A049-01A-21D-A00Y-05,-4.5509825,4.2711105,Source,Cluster 3,LumA
TCGA-BH-A0DZ-01A-11D-A00Y-05,-9.333578,2.47102,Source,Cluster 1,LumA
TCGA-BH-A0H5-01A-21D-A112-05,7.4493465,2.4912136,Source,Cluster 5,LumA
TCGA-B6-A0IG-01A-11D-A032-05,-8.7765665,2.2961524,Source,Cluster 1,LumA
TCGA-A2-A0EV-01A-11D-A032-05,7.3449326,3.2806253,Source,Cluster 5,LumA
TCGA-A7-A0DC-01A-11D-A00Y-05,7.16274,4.4726124,Source,Cluster 5,LumA
TCGA-E2-A15E-01A-11D-A12E-05,8.184171,2.7317286,Source,Cluster 5,LumA
TCGA-BH-A18I-01A-11D-A12E-05,7.3483987,4.426486,Source,Cluster 5,LumA
TCGA-B6-A0IO-01A-11D-A032-05,-1.4061536,4.9408917,Source,Cluster 3,LumA
TCGA-BH-A0BR-01A-21D-A112-05,-2.7097642,3.5350068,Source,Cluster 3,LumA
TCGA-A2-A0EO-01A-11D-A032-05,-3.243949,3.9092293,Source,Cluster 3,LumA
TCGA-BH-A0E9-01B-11D-A112-05,0.14264661,4.0072417,Source,Cluster 3,LumA
TCGA-A2-A0ER-01A-21D-A032-05,5.2354293,4.805902,Source,Cluster 5,LumA
TCGA-AN-A041-01A-11D-A032-05,6.4209785,3.9714873,Source,Cluster 5,LumA
TCGA-C8-A12O-01A-11D-A112-05,7.7564974,3.6042342,Source,Cluster 5,LumA
TCGA-B6-A0IE-01A-11D-A032-05,6.39239,4.315824,Source,Cluster 5,LumA
TCGA-A8-A08A-01A-11D-A00Y-05,7.6049104,4.058994,Source,Cluster 5,LumA
TCGA-AN-A0FK-01A-11D-A032-05,7.277927,4.552484,Source,Cluster 5,LumA
TCGA-AO-A0J5-01A-11D-A032-05,-9.355299,2.3404229,Source,Cluster 1,LumA
TCGA-E2-A15M-01A-11D-A12E-05,6.2923374,4.299837,Source,Cluster 5,LumA
TCGA-A8-A08Z-01A-21D-A00Y-05,7.425927,3.551524,Source,Cluster 5,LumA
TCGA-D8-A141-01A-11D-A112-05,5.3869405,3.5760438,Source,Cluster 5,LumA
TCGA-E2-A15C-01A-31D-A12E-05,5.49938,4.8132453,Source,Cluster 5,LumA
TCGA-BH-A0BP-01A-11D-A112-05,-3.543002,4.049353,Source,Cluster 3,LumA
TCGA-BH-A0EA-01A-11D-A112-05,5.2821336,4.124955,Source,Cluster 5,LumA
TCGA-A8-A07B-01A-11D-A00Y-05,-3.3471892,3.8527317,Source,Cluster 3,LumA
TCGA-BH-A0DE-01A-11D-A112-05,0.34481215,3.9174135,Source,Cluster 3,LumA
TCGA-A2-A0CU-01A-12D-A032-05,-1.5490636,5.40601,Source,Cluster 3,LumA
TCGA-BH-A18N-01A-11D-A12E-05,5.661991,3.9650376,Source,Cluster 5,LumA
TCGA-B6-A0I5-01A-11D-A032-05,-3.9248905,4.069653,Source,Cluster 3,LumA
TCGA-A8-A07E-01A-11D-A032-05,-0.2607361,4.147977,Source,Cluster 3,LumA
TCGA-A8-A06U-01A-11D-A00Y-05,-3.2542722,4.173445,Source,Cluster 3,LumA
TCGA-E2-A15P-01A-11D-A112-05,6.497642,4.608207,Source,Cluster 5,LumA
TCGA-E2-A10A-01A-21D-A112-05,-3.498948,5.081145,Source,Cluster 3,LumA
TCGA-A8-A07F-01A-11D-A00Y-05,-2.6524026,3.6762404,Source,Cluster 3,LumA
TCGA-A2-A1FX-01A-11D-A13K-05,-1.1602719,4.6943173,Source,Cluster 3,LumB
TCGA-E9-A249-01A-11D-A16A-05,-2.6037316,4.527997,Source,Cluster 3,LumB
TCGA-D8-A1J8-01A-11D-A13K-05,-9.817564,0.9567715,Source,Cluster 1,LumB
TCGA-AR-A0TV-01A-21D-A10P-05,-1.356964,5.207429,Source,Cluster 3,LumB
TCGA-BH-A0C3-01A-21D-A12R-05,5.216521,-1.047619,Source,Cluster 2,LumB
TCGA-A1-A0SI-01A-11D-A145-05,7.4834156,2.4936483,Source,Cluster 5,LumB
TCGA-BH-A1FM-01A-11D-A13K-05,5.8437076,3.1514466,Source,Cluster 5,LumB
TCGA-C8-A274-01A-11D-A16G-05,-10.842733,-0.05534996,Source,Cluster 1,LumB
TCGA-BH-A0W3-01A-11D-A10A-05,-2.192608,5.16671,Source,Cluster 3,LumB
TCGA-E9-A1RE-01A-11D-A161-05,-9.116912,1.355788,Source,Cluster 1,LumB
TCGA-D8-A1X6-01A-11D-A14N-05,6.4676876,3.2863226,Source,Cluster 5,LumB
TCGA-C8-A8HQ-01A-11D-A36K-05,-4.3403444,3.9193757,Source,Cluster 3,LumB
TCGA-B6-A0WW-01A-11D-A10A-05,-8.823616,2.1864824,Source,Cluster 1,LumB
TCGA-C8-A1HL-01A-11D-A138-05,5.5988092,4.0059376,Source,Cluster 5,LumB
TCGA-BH-A1F8-01A-11D-A13K-05,-3.4203618,4.619051,Source,Cluster 3,LumB
TCGA-D8-A1XZ-01A-11D-A14N-05,7.2899537,3.076516,Source,Cluster 5,LumB
TCGA-EW-A1PC-01B-11D-A21R-05,-3.1597722,4.2386737,Source,Cluster 3,LumB
TCGA-D8-A1XR-01A-11D-A14N-05,7.955525,3.1537645,Source,Cluster 5,LumB
TCGA-EW-A1OX-01A-11D-A145-05,-10.037792,0.775933,Source,Cluster 1,LumB
TCGA-D8-A1XL-01A-11D-A14N-05,7.9397697,2.4824474,Source,Cluster 5,LumB
TCGA-A2-A0SV-01A-11D-A10P-05,-1.1844027,4.3693295,Source,Cluster 3,LumB
TCGA-AR-A24R-01A-11D-A16A-05,-8.9888735,1.363686,Source,Cluster 1,LumB
TCGA-E9-A22H-01A-11D-A161-05,-2.3410528,4.8119473,Source,Cluster 3,LumB
TCGA-B6-A0WV-01A-11D-A10A-05,-4.3312125,4.822782,Source,Cluster 3,LumB
TCGA-E9-A2JS-01A-11D-A17Z-05,-9.878947,1.0781666,Source,Cluster 1,LumB
TCGA-BH-A0BF-01A-21D-A12R-05,0.87370515,3.642219,Source,Cluster 3,LumB
TCGA-AO-A1KP-01A-11D-A13K-05,-8.934981,1.107331,Source,Cluster 1,LumB
TCGA-D8-A27R-01A-11D-A16G-05,1.624391,3.3881423,Source,Cluster 3,LumB
TCGA-GM-A2DO-01A-11D-A18O-05,1.6646057,3.2914848,Source,Cluster 3,LumB
TCGA-BH-A0BZ-01A-31D-A12R-05,-9.217197,2.2975123,Source,Cluster 1,LumB
TCGA-B6-A0X5-01A-21D-A10A-05,8.331236,2.923923,Source,Cluster 5,LumB
TCGA-AR-A0TQ-01A-11D-A10P-05,-9.252001,2.6831098,Source,Cluster 1,LumB
TCGA-AR-A24H-01A-11D-A16A-05,-1.5397549,5.3953266,Source,Cluster 3,LumB
TCGA-E9-A22D-01A-11D-A161-05,-10.68386,0.086215675,Source,Cluster 1,LumB
TCGA-D8-A27N-01A-11D-A16G-05,-2.1460536,3.3555002,Source,Cluster 3,LumB
TCGA-C8-A26W-01A-11D-A16G-05,8.601014,2.7825882,Source,Cluster 5,LumB
TCGA-AO-A1KT-01A-11D-A13K-05,6.3429885,2.492981,Source,Cluster 5,LumB
TCGA-C8-A3M8-01A-11D-A212-05,-9.541777,1.2962252,Source,Cluster 1,LumB
TCGA-E9-A1RG-01A-11D-A14H-05,7.9893336,3.2934463,Source,Cluster 5,LumB
TCGA-EW-A1IY-01A-11D-A13K-05,-2.6067867,3.8279188,Source,Cluster 3,LumB
TCGA-AR-A24N-01A-11D-A16A-05,-9.946568,0.7121473,Source,Cluster 1,LumB
TCGA-D8-A1Y1-01A-21D-A14N-05,5.9042554,3.3771574,Source,Cluster 5,LumB
TCGA-A2-A04R-01A-41D-A10A-05,-3.4176214,4.642301,Source,Cluster 3,LumB
TCGA-A2-A25E-01A-11D-A16A-05,0.71717066,4.3820386,Source,Cluster 3,LumB
TCGA-A2-A0YT-01A-11D-A10A-05,1.133784,4.767229,Source,Cluster 3,LumB
TCGA-A2-A0YG-01A-21D-A10A-05,-9.849336,1.2397647,Source,Cluster 1,LumB
TCGA-EW-A1OY-01A-11D-A145-05,6.997978,2.8822188,Source,Cluster 5,LumB
TCGA-AR-A24Z-01A-11D-A16A-05,-2.1764634,5.1183085,Source,Cluster 3,LumB
TCGA-D8-A1JJ-01A-31D-A14N-05,0.91237414,4.347903,Source,Cluster 3,LumB
TCGA-E9-A228-01A-31D-A161-05,-11.090337,-0.27609733,Source,Cluster 1,LumB
TCGA-E2-A1L7-01A-11D-A145-05,-9.474439,1.7075088,Source,Cluster 1,LumB
TCGA-5T-A9QA-01A-11D-A41Q-05,-11.193058,-0.37322897,Source,Cluster 1,LumB
TCGA-B6-A1KN-01A-11D-A13K-05,-2.6947591,3.258177,Source,Cluster 3,LumB
TCGA-3C-AALJ-01A-31D-A41Q-05,-9.814564,1.1515304,Source,Cluster 1,LumB
TCGA-E9-A54Y-01A-11D-A268-05,-2.5396626,3.8074021,Source,Cluster 3,LumB
TCGA-D8-A1JT-01A-31D-A13K-05,5.0472894,4.4334593,Source,Cluster 5,LumB
TCGA-D8-A1JE-01A-11D-A13K-05,6.42308,3.1469524,Source,Cluster 5,LumB
TCGA-A2-A0SW-01A-11D-A10P-05,6.173977,3.5892003,Source,Cluster 5,LumB
TCGA-D8-A27W-01A-11D-A16G-05,-2.9483824,3.44495,Source,Cluster 3,LumB
TCGA-Z7-A8R6-01A-11D-A41Q-05,5.7739778,3.7905815,Source,Cluster 5,LumB
TCGA-LL-A5YM-01A-11D-A28C-05,-10.398391,0.32789817,Source,Cluster 1,LumB
TCGA-AO-A0JM-01A-21D-A10P-05,-8.619059,2.5173957,Source,Cluster 1,LumB
TCGA-D8-A1JI-01A-11D-A13K-05,-1.8910545,4.6184826,Source,Cluster 3,LumB
TCGA-A7-A6VX-01A-12D-A33F-05,1.0704826,4.497487,Source,Cluster 3,LumB
TCGA-AC-A2BM-01A-11D-A21R-05,-4.4238615,4.498564,Source,Cluster 3,LumB
TCGA-AQ-A04H-01B-11D-A10N-05,-8.836653,1.1591139,Source,Cluster 1,LumB
TCGA-A2-A0YH-01A-11D-A10A-05,8.380283,3.0335531,Source,Cluster 5,LumB
TCGA-E9-A22A-01A-11D-A161-05,-9.909973,1.0438417,Source,Cluster 1,LumB
TCGA-S3-A6ZF-01A-32D-A32T-05,-2.8711495,4.4808874,Source,Cluster 3,LumB
TCGA-AR-A250-01A-31D-A16A-05,-8.675654,2.5705376,Source,Cluster 1,LumB
TCGA-AO-A03N-01B-11D-A10N-05,6.8677917,4.2568607,Source,Cluster 5,LumB
TCGA-A2-A1G4-01A-11D-A13K-05,-8.480771,1.3051217,Source,Cluster 1,LumB
TCGA-EW-A1OZ-01A-11D-A145-05,-10.0234165,1.0196521,Source,Cluster 1,LumB
TCGA-EW-A1P0-01A-11D-A145-05,1.2819995,3.1609983,Source,Cluster 3,LumB
TCGA-BH-A1FN-01A-11D-A13K-05,8.462004,2.741808,Source,Cluster 5,LumB
TCGA-BH-A42T-01A-11D-A244-05,-9.2525625,0.8882905,Source,Cluster 1,LumB
TCGA-E2-A15K-01A-11D-A12R-05,8.211545,2.9814854,Source,Cluster 5,LumB
TCGA-E9-A1N6-01A-11D-A145-05,1.1780152,3.5085132,Source,Cluster 3,LumB
TCGA-D8-A1X5-01A-11D-A14H-05,-2.937432,4.6598597,Source,Cluster 3,LumB
TCGA-C8-A1HM-01A-12D-A138-05,-2.7228003,4.9177575,Source,Cluster 3,LumB
TCGA-D8-A1Y2-01A-11D-A161-05,8.349057,2.8859851,Source,Cluster 5,LumB
TCGA-E9-A1R7-01A-11D-A14N-05,-3.2404451,4.558585,Source,Cluster 3,LumB
TCGA-BH-A0HY-01A-11D-A10P-05,-9.751333,1.3698357,Source,Cluster 1,LumB
TCGA-AC-A7VB-01A-11D-A357-05,-10.632787,0.087706774,Source,Cluster 1,LumB
TCGA-D8-A1X7-01A-11D-A14N-05,8.42542,2.8992703,Source,Cluster 5,LumB
TCGA-BH-A1FJ-01A-11D-A13K-05,-8.464753,2.2188015,Source,Cluster 1,LumB
TCGA-E2-A9RU-01A-11D-A41Q-05,-10.816098,-0.02463387,Source,Cluster 1,LumB
TCGA-D8-A1JC-01A-11D-A13K-05,6.694013,3.5739176,Source,Cluster 5,LumB
TCGA-AO-A1KS-01A-11D-A13K-05,-4.0480437,4.116754,Source,Cluster 3,LumB
TCGA-D8-A1Y3-01A-11D-A161-05,-11.020911,-0.21132708,Source,Cluster 1,LumB
TCGA-E2-A109-01A-11D-A10N-05,-8.96636,2.3470523,Source,Cluster 1,LumB
TCGA-E9-A22E-01A-11D-A161-05,-1.9710585,5.116385,Source,Cluster 3,LumB
TCGA-E2-A10C-01A-21D-A10N-05,-0.71677184,4.5607467,Source,Cluster 3,LumB
TCGA-EW-A2FW-01A-11D-A17F-05,0.5386738,4.725525,Source,Cluster 3,LumB
TCGA-BH-A202-01A-11D-A14N-05,-3.0528235,3.1816509,Source,Cluster 3,LumB
TCGA-E9-A1RB-01A-11D-A161-05,8.080696,2.974523,Source,Cluster 5,LumB
TCGA-AR-A2LL-01A-11D-A17Z-05,-8.607781,1.8244455,Source,Cluster 1,LumB
TCGA-A2-A25C-01A-11D-A16A-05,-1.5956182,4.8595533,Source,Cluster 3,LumB
TCGA-BH-A0H0-01A-11D-A10P-05,-2.8098695,3.104157,Source,Cluster 3,LumB
TCGA-BH-A0AU-01A-11D-A12R-05,-3.9429622,3.8366554,Source,Cluster 3,LumB
TCGA-A8-A075-01A-11D-A10P-05,8.731257,2.8071234,Source,Cluster 5,LumB
TCGA-EW-A1J6-01A-11D-A13K-05,6.2074594,3.2999804,Source,Cluster 5,LumB
TCGA-LL-A7T0-01A-31D-A357-05,-9.250739,1.4478762,Source,Cluster 1,LumB
TCGA-A2-A25B-01A-11D-A16A-05,1.4371805,3.1798685,Source,Cluster 3,LumB
TCGA-BH-A204-01A-11D-A161-05,-8.486931,2.1729496,Source,Cluster 1,LumB
TCGA-BH-A209-01A-11D-A161-05,-8.648664,2.4111826,Source,Cluster 1,LumB
TCGA-A7-A2KD-01A-31D-A21R-05,6.538609,3.044906,Source,Cluster 5,LumB
TCGA-AR-A0TT-01A-31D-A10P-05,0.6421896,4.1060047,Source,Cluster 3,LumB
TCGA-A1-A0SN-01A-11D-A145-05,-9.521012,1.3970567,Source,Cluster 1,LumB
TCGA-C8-A1HN-01A-11D-A138-05,-1.3565271,5.3799624,Source,Cluster 3,LumB
TCGA-E9-A1R4-01A-21D-A14H-05,7.061388,3.7480698,Source,Cluster 5,LumB
TCGA-AR-A1AW-01A-21D-A12R-05,-4.3627973,3.5805707,Source,Cluster 3,LumB
TCGA-E9-A54X-01A-11D-A268-05,6.21013,2.6369464,Source,Cluster 5,LumB
TCGA-B6-A1KC-01B-11D-A161-05,-9.489911,0.7853185,Source,Cluster 1,LumB
TCGA-A2-A1FW-01A-11D-A13K-05,-8.731715,2.6196206,Source,Cluster 1,LumB
TCGA-AR-A24K-01A-11D-A16A-05,-3.1043856,4.4730124,Source,Cluster 3,LumB
TCGA-B6-A0RL-01A-11D-A10P-05,-11.181034,-0.3605377,Source,Cluster 1,LumB
TCGA-E9-A1NI-01A-11D-A14H-05,-4.3285236,4.702331,Source,Cluster 3,LumB
TCGA-BH-A1F2-01A-31D-A13K-05,1.4870265,3.1776881,Source,Cluster 3,LumB
TCGA-AO-A0JD-01A-11D-A10P-05,5.0884795,4.314663,Source,Cluster 5,LumB
TCGA-E9-A5UO-01A-11D-A28C-05,-8.697874,2.605527,Source,Cluster 1,LumB
TCGA-AR-A2LK-01A-11D-A17Z-05,-4.7104383,4.7022333,Source,Cluster 3,LumB
TCGA-D8-A1J9-01A-11D-A13K-05,-9.274844,2.6232932,Source,Cluster 1,LumB
TCGA-AR-A0U2-01A-11D-A10A-05,6.14027,4.155554,Source,Cluster 5,LumB
TCGA-AR-A24S-01A-11D-A16A-05,8.661197,2.7805204,Source,Cluster 5,LumB
TCGA-A2-A4S3-01A-21D-A268-05,6.5071383,2.565393,Source,Cluster 5,LumB
TCGA-C8-A26V-01A-11D-A16G-05,-8.564552,2.4309154,Source,Cluster 1,LumB
TCGA-D8-A1JD-01A-11D-A13K-05,1.0860639,3.3475218,Source,Cluster 3,LumB
TCGA-S3-AA17-01A-11D-A41Q-05,-3.1966243,4.1658163,Source,Cluster 3,LumB
TCGA-D8-A1XF-01A-11D-A14H-05,-11.206371,-0.3623595,Source,Cluster 1,LumB
TCGA-BH-A0C0-01A-21D-A10P-05,-1.308486,3.7507951,Source,Cluster 3,LumB
TCGA-E9-A226-01A-21D-A161-05,-9.0957985,2.2813437,Source,Cluster 1,LumB
TCGA-E2-A56Z-01A-12D-A29O-05,-2.5410707,5.13007,Source,Cluster 3,LumB
TCGA-E9-A1NF-01A-11D-A14H-05,-2.9188945,4.4370546,Source,Cluster 3,LumB
TCGA-A7-A13F-01A-11D-A12R-05,-8.7535515,1.3827145,Source,Cluster 1,LumB
TCGA-E9-A1NA-01A-11D-A145-05,-10.336943,0.4261802,Source,Cluster 1,LumB
TCGA-C8-A1HG-01A-11D-A138-05,8.22731,2.8080301,Source,Cluster 5,LumB
TCGA-AN-A0XR-01A-11D-A10A-05,-9.890274,0.55586183,Source,Cluster 1,LumB
TCGA-C8-A27A-01A-11D-A16A-05,0.93892455,3.7580824,Source,Cluster 3,LumB
TCGA-BH-A0HW-01A-11D-A032-05,-3.000384,5.119266,Source,Cluster 3,LumB
TCGA-A8-A081-01A-11D-A00Y-05,7.8571486,2.4306965,Source,Cluster 5,LumB
TCGA-A8-A09Z-01A-11D-A00Y-05,5.161525,4.488621,Source,Cluster 5,LumB
TCGA-A8-A06Q-01A-11D-A032-05,5.456292,4.8535085,Source,Cluster 5,LumB
TCGA-AO-A03O-01A-11D-A00Y-05,-2.5912797,3.605659,Source,Cluster 3,LumB
TCGA-AN-A0AM-01A-11D-A032-05,-2.379672,3.6634355,Source,Cluster 3,LumB
TCGA-A8-A07W-01A-11D-A00Y-05,7.842755,2.37194,Source,Cluster 5,LumB
TCGA-A8-A06O-01A-11D-A00Y-05,-10.063047,0.49271214,Source,Cluster 1,LumB
TCGA-AO-A0J3-01A-11D-A032-05,-3.9521818,3.8806622,Source,Cluster 3,LumB
TCGA-B6-A0IB-01A-11D-A032-05,6.419033,4.2167287,Source,Cluster 5,LumB
TCGA-AN-A0AJ-01A-11D-A00Y-05,-9.139202,2.1590223,Source,Cluster 1,LumB
TCGA-AO-A0J7-01A-11D-A032-05,-3.7263207,4.9446244,Source,Cluster 3,LumB
TCGA-A2-A0CW-01A-21D-A112-05,0.7899978,4.5372314,Source,Cluster 3,LumB
TCGA-BH-A0BD-01A-11D-A032-05,-1.6907797,5.2768106,Source,Cluster 3,LumB
TCGA-A8-A076-01A-21D-A00Y-05,-9.341791,2.43966,Source,Cluster 1,LumB
TCGA-A8-A095-01A-11D-A00Y-05,-4.676963,4.6174088,Source,Cluster 3,LumB
TCGA-AN-A03Y-01A-21D-A00Y-05,-8.958599,1.3945149,Source,Cluster 1,LumB
TCGA-AN-A0FF-01A-11D-A032-05,-10.468673,0.20817487,Source,Cluster 1,LumB
TCGA-A8-A084-01A-21D-A00Y-05,-10.725416,0.057524048,Source,Cluster 1,LumB
TCGA-A8-A06N-01A-11D-A00Y-05,-3.6159182,4.98753,Source,Cluster 3,LumB
TCGA-A8-A092-01A-11D-A00Y-05,6.936883,4.527819,Source,Cluster 5,LumB
TCGA-C8-A12W-01A-11D-A112-05,7.146951,3.6977806,Source,Cluster 5,LumB
TCGA-A8-A07L-01A-11D-A00Y-05,-3.4284806,4.472019,Source,Cluster 3,LumB
TCGA-E2-A15A-01A-11D-A12E-05,-1.1659591,4.42953,Source,Cluster 3,LumB
TCGA-AN-A0AK-01A-21D-A00Y-05,-1.5089686,5.0234303,Source,Cluster 3,LumB
TCGA-E2-A155-01A-11D-A12E-05,-1.5340357,5.0388513,Source,Cluster 3,LumB
TCGA-A8-A096-01A-11D-A00Y-05,5.180906,4.3406043,Source,Cluster 5,LumB
TCGA-A2-A04Y-01A-21D-A032-05,-1.136017,3.9659212,Source,Cluster 3,LumB
TCGA-A8-A08S-01A-11D-A032-05,-8.97976,1.3359555,Source,Cluster 1,LumB
TCGA-BH-A18L-01A-32D-A12E-05,6.516952,4.0611,Source,Cluster 5,LumB
TCGA-A2-A0CY-01A-12D-A032-05,8.1484165,2.551867,Source,Cluster 5,LumB
TCGA-BH-A0HU-01A-11D-A032-05,7.212276,4.50727,Source,Cluster 5,LumB
TCGA-A8-A06Z-01A-11D-A00Y-05,8.770301,2.818488,Source,Cluster 5,LumB
TCGA-A8-A09I-01A-22D-A032-05,-10.18315,0.5780818,Source,Cluster 1,LumB
TCGA-A8-A079-01A-21D-A00Y-05,-11.161347,-0.33962405,Source,Cluster 1,LumB
TCGA-BH-A0C7-01B-11D-A112-05,-3.3429945,4.668661,Source,Cluster 3,LumB
TCGA-C8-A12M-01A-11D-A112-05,-10.0674715,0.55003786,Source,Cluster 1,LumB
TCGA-C8-A130-01A-31D-A112-05,6.477815,4.132588,Source,Cluster 5,LumB
TCGA-E2-A15S-01A-11D-A112-05,-10.630453,0.15187685,Source,Cluster 1,LumB
TCGA-D8-A13Y-01A-11D-A112-05,6.3043017,4.1959147,Source,Cluster 5,LumB
TCGA-B6-A0IN-01A-11D-A032-05,-8.898866,2.6078835,Source,Cluster 1,LumB
TCGA-E2-A14O-01A-31D-A112-05,5.2517624,4.8099284,Source,Cluster 5,LumB
TCGA-A8-A06R-01A-11D-A00Y-05,7.7276855,2.3285336,Source,Cluster 5,LumB
TCGA-A2-A0EY-01A-11D-A032-05,7.1476607,3.87748,Source,Cluster 5,LumB
TCGA-A7-A0CJ-01A-21D-A00Y-05,-10.007381,0.63530916,Source,Cluster 1,LumB
TCGA-A8-A07S-01A-11D-A032-05,-2.647843,4.784765,Source,Cluster 3,LumB
TCGA-AN-A0FY-01A-11D-A032-05,8.734367,2.7522087,Source,Cluster 5,LumB
TCGA-A8-A08G-01A-11D-A00Y-05,6.743985,3.5283644,Source,Cluster 5,LumB
TCGA-A8-A09E-01A-11D-A00Y-05,-11.014141,-0.20344082,Source,Cluster 1,LumB
TCGA-A8-A09N-01A-11D-A00Y-05,-1.9174584,3.9460492,Source,Cluster 3,LumB
TCGA-A8-A09R-01A-11D-A00Y-05,-4.4814134,4.1565084,Source,Cluster 3,LumB
TCGA-A2-A0D4-01A-11D-A00Y-05,-1.2381928,4.105876,Source,Cluster 3,LumB
TCGA-AR-A0TY-01A-12D-A112-05,8.341163,2.7315567,Source,Cluster 5,LumB
TCGA-BH-A18U-01A-21D-A12E-05,-0.19424134,4.1720724,Source,Cluster 3,LumB
TCGA-A8-A08I-01A-11D-A00Y-05,6.9915833,4.519674,Source,Cluster 5,LumB
TCGA-C8-A12U-01A-11D-A112-05,-9.289073,2.3039002,Source,Cluster 1,LumB
TCGA-A8-A09M-01A-11D-A00Y-05,-1.7798856,5.3798523,Source,Cluster 3,LumB
TCGA-A8-A082-01A-11D-A00Y-05,-9.734357,1.0137229,Source,Cluster 1,LumB
TCGA-A8-A09Q-01A-11D-A00Y-05,-9.826234,1.2565776,Source,Cluster 1,LumB
TCGA-E2-A15T-01A-11D-A112-05,-4.189697,4.9367986,Source,Cluster 3,LumB
TCGA-A2-A0T3-01A-21D-A112-05,-11.114649,-0.29898486,Source,Cluster 1,LumB
TCGA-A2-A3XT-01A-11D-A230-05,7.5316505,-4.6814775,Source,Cluster 4,Basal
TCGA-AO-A124-01A-11D-A10N-05,8.19868,-5.924557,Source,Cluster 4,Basal
TCGA-A2-A3Y0-01A-11D-A23D-05,8.056412,-5.608963,Source,Cluster 4,Basal
TCGA-A7-A6VV-01A-22D-A33F-05,7.9616075,-5.037027,Source,Cluster 4,Basal
TCGA-A7-A26F-01B-04D-A22R-05,4.227902,-1.2573382,Source,Cluster 2,Basal
TCGA-EW-A1OW-01A-21D-A145-05,7.264841,-5.49738,Source,Cluster 4,Basal
TCGA-E9-A3QA-01A-61D-A22B-05,7.253581,-1.5833887,Source,Cluster 2,Basal
TCGA-A7-A4SE-01A-11D-A268-05,7.6447287,-4.7035017,Source,Cluster 4,Basal
TCGA-PL-A8LV-01A-21D-A41Q-05,6.8197927,-2.4336333,Source,Cluster 2,Basal
TCGA-E9-A5FL-01A-11D-A27Y-05,8.663156,-5.4902916,Source,Cluster 4,Basal
TCGA-EW-A1PH-01A-11D-A14N-05,8.129463,-5.9379735,Source,Cluster 4,Basal
TCGA-C8-A1HJ-01A-11D-A13K-05,6.8457775,-4.794831,Source,Cluster 4,Basal
TCGA-AR-A1AY-01A-21D-A12R-05,6.103019,-2.0192583,Source,Cluster 2,Basal
TCGA-BH-A0WA-01A-11D-A10A-05,7.0988636,-5.319806,Source,Cluster 4,Basal
TCGA-E2-A1LH-01A-11D-A14H-05,6.760288,-2.5685747,Source,Cluster 2,Basal
TCGA-E2-A1LG-01A-21D-A14N-05,8.560191,-5.7990932,Source,Cluster 4,Basal
TCGA-AO-A0JL-01A-11D-A10P-05,6.8468165,-4.2757816,Source,Cluster 4,Basal
TCGA-E9-A22G-01A-11D-A161-05,6.683299,-4.383602,Source,Cluster 4,Basal
TCGA-D8-A1XK-01A-21D-A14N-05,8.242653,-5.067699,Source,Cluster 4,Basal
TCGA-A2-A0YM-01A-11D-A10A-05,7.2973065,-4.3721633,Source,Cluster 4,Basal
TCGA-OL-A66I-01A-21D-A29O-05,5.440279,-1.4896209,Source,Cluster 2,Basal
TCGA-E2-A1LK-01A-21D-A14H-05,6.2671137,-2.7072778,Source,Cluster 2,Basal
TCGA-AC-A2QH-01B-04D-A22R-05,8.190046,-5.0161753,Source,Cluster 4,Basal
TCGA-S3-AA10-01A-21D-A41Q-05,8.056042,-4.646919,Source,Cluster 4,Basal
TCGA-BH-A1F0-01A-11D-A138-05,7.228834,-1.6526262,Source,Cluster 2,Basal
TCGA-A2-A4RX-01A-11D-A268-05,6.8379984,-2.3851926,Source,Cluster 2,Basal
TCGA-A7-A13E-01A-11D-A12R-05,6.7280254,-4.1841245,Source,Cluster 4,Basal
TCGA-B6-A400-01A-11D-A23D-05,7.2811375,-5.3460884,Source,Cluster 4,Basal
TCGA-OL-A5RW-01A-11D-A28C-05,7.3008246,-4.7649617,Source,Cluster 4,Basal
TCGA-AR-A0TP-01A-11D-A10P-05,6.695074,-4.2427473,Source,Cluster 4,Basal
TCGA-GM-A2DF-01A-11D-A17Z-05,6.4508424,-2.4866817,Source,Cluster 2,Basal
TCGA-LL-A8F5-01A-11D-A36K-05,6.6125374,-2.5794287,Source,Cluster 2,Basal
TCGA-A1-A0SO-01A-22D-A10P-05,6.735024,-4.3482256,Source,Cluster 4,Basal
TCGA-AC-A6IW-01A-12D-A33F-05,7.950087,-5.1130266,Source,Cluster 4,Basal
TCGA-EW-A1P8-01A-11D-A145-05,7.8988686,-5.258703,Source,Cluster 4,Basal
TCGA-B6-A402-01A-11D-A23D-05,6.925214,-4.980502,Source,Cluster 4,Basal
TCGA-AR-A1AQ-01A-11D-A12R-05,6.835045,-2.237185,Source,Cluster 2,Basal
TCGA-A2-A0T0-01A-22D-A10P-05,8.023218,-5.671642,Source,Cluster 4,Basal
TCGA-BH-A1FC-01A-11D-A13K-05,5.7619815,-2.1397269,Source,Cluster 2,Basal
TCGA-BH-A1F6-01A-11D-A13K-05,6.290055,-2.8046584,Source,Cluster 2,Basal
TCGA-S3-AA0Z-01A-11D-A41Q-05,6.2235875,-2.5319846,Source,Cluster 2,Basal
TCGA-B6-A0RT-01A-21D-A10P-05,5.522363,-1.0862641,Source,Cluster 2,Basal
TCGA-OL-A5S0-01A-11D-A28C-05,7.650659,-4.8796983,Source,Cluster 4,Basal
TCGA-A1-A0SK-01A-12D-A10P-05,6.844854,-4.894549,Source,Cluster 4,Basal
TCGA-D8-A1XQ-01A-11D-A14N-05,7.1897264,-5.320384,Source,Cluster 4,Basal
TCGA-A2-A3XS-01A-11D-A230-05,6.3047004,-2.703694,Source,Cluster 2,Basal
TCGA-AO-A128-01A-11D-A10N-05,6.924468,-2.1626117,Source,Cluster 2,Basal
TCGA-BH-A5IZ-01A-11D-A27Y-05,7.4928308,-4.570896,Source,Cluster 4,Basal
TCGA-AC-A7VC-01A-11D-A357-05,8.351262,-5.7917657,Source,Cluster 4,Basal
TCGA-E2-A14N-01A-31D-A138-05,6.829559,-2.3231149,Source,Cluster 2,Basal
TCGA-A7-A26G-01A-21D-A16A-05,8.608799,-5.262862,Source,Cluster 4,Basal
TCGA-AR-A1AR-01A-31D-A138-05,6.9125695,-1.8745185,Source,Cluster 2,Basal
TCGA-OL-A6VO-01A-12D-A33F-05,7.400506,-4.7742333,Source,Cluster 4,Basal
TCGA-S3-AA15-01A-11D-A41Q-05,6.738258,-1.1282822,Source,Cluster 2,Basal
TCGA-E9-A244-01A-11D-A16A-05,7.1064606,-5.158193,Source,Cluster 4,Basal
TCGA-E9-A1N9-01A-11D-A14H-05,3.5408251,-1.3133271,Source,Cluster 2,Basal
TCGA-AC-A8OQ-01A-11D-A41Q-05,8.567661,-5.4950757,Source,Cluster 4,Basal
TCGA-A2-A3XX-01A-21D-A23D-05,6.937758,-4.363959,Source,Cluster 4,Basal
TCGA-E2-A1LL-01A-11D-A145-05,7.116422,-1.1543825,Source,Cluster 2,Basal
TCGA-E2-A1LI-01A-12D-A161-05,7.343164,-5.3279576,Source,Cluster 4,Basal
TCGA-AQ-A54N-01A-11D-A268-05,6.796943,-4.5842195,Source,Cluster 4,Basal
TCGA-EW-A3U0-01A-11D-A22B-05,8.399384,-5.4378357,Source,Cluster 4,Basal
TCGA-AR-A1AJ-01A-21D-A12R-05,6.9687576,-1.7619656,Source,Cluster 2,Basal
TCGA-E2-A1II-01A-11D-A145-05,8.286072,-4.7571306,Source,Cluster 4,Basal
TCGA-LL-A5YP-01A-21D-A28C-05,7.7137275,-4.9593873,Source,Cluster 4,Basal
TCGA-BH-A0RX-01A-21D-A10P-05,7.21103,-1.4626969,Source,Cluster 2,Basal
TCGA-PL-A8LZ-01A-31D-A36K-05,8.378464,-5.261447,Source,Cluster 4,Basal
TCGA-LL-A6FR-01A-12D-A31V-05,7.740915,-5.6356077,Source,Cluster 4,Basal
TCGA-A1-A0SP-01A-11D-A10P-05,6.828188,-2.1669655,Source,Cluster 2,Basal
TCGA-OL-A5D7-01A-11D-A27Y-05,6.117231,-2.50223,Source,Cluster 2,Basal
TCGA-A2-A1G1-01A-21D-A13K-05,6.8963795,-2.0499668,Source,Cluster 2,Basal
TCGA-E2-A573-01A-11D-A29O-05,8.0484,-5.2250357,Source,Cluster 4,Basal
TCGA-AO-A1KR-01A-12D-A145-05,6.5466533,-2.6136894,Source,Cluster 2,Basal
TCGA-BH-A0B3-01A-11D-A10P-05,7.2744823,-4.5364356,Source,Cluster 4,Basal
TCGA-EW-A6SB-01A-12D-A32T-05,6.9054003,-1.3983692,Source,Cluster 2,Basal
TCGA-B6-A0WX-01A-11D-A10A-05,6.361526,-2.5238338,Source,Cluster 2,Basal
TCGA-AN-A0XU-01A-11D-A10A-05,6.998024,-4.8461423,Source,Cluster 4,Basal
TCGA-E9-A1ND-01A-11D-A145-05,6.917085,-2.1230938,Source,Cluster 2,Basal
TCGA-AC-A2BK-01A-11D-A21R-05,6.8037624,-4.7773256,Source,Cluster 4,Basal
TCGA-AO-A129-01A-21D-A10N-05,7.656942,-4.9037585,Source,Cluster 4,Basal
TCGA-EW-A1P4-01A-21D-A145-05,8.656286,-5.0540967,Source,Cluster 4,Basal
TCGA-AR-A256-01A-11D-A16A-05,7.889283,-5.503661,Source,Cluster 4,Basal
TCGA-E9-A1N8-01A-11D-A145-05,7.009566,-5.220844,Source,Cluster 4,Basal
TCGA-A7-A13D-01A-13D-A12R-05,7.217495,-4.5153127,Source,Cluster 4,Basal
TCGA-LL-A73Y-01A-11D-A33F-05,7.947979,-5.4764004,Source,Cluster 4,Basal
TCGA-A7-A6VY-01A-12D-A33F-05,7.144599,-1.5447714,Source,Cluster 2,Basal
TCGA-A7-A4SD-01A-11D-A268-05,8.420073,-5.863748,Source,Cluster 4,Basal
TCGA-AR-A1AI-01A-11D-A12R-05,8.648528,-5.3879404,Source,Cluster 4,Basal
TCGA-E2-A574-01A-11D-A29O-05,7.1254034,-5.43095,Source,Cluster 4,Basal
TCGA-E9-A243-01A-21D-A16A-05,8.65567,-5.350337,Source,Cluster 4,Basal
TCGA-B6-A1KF-01A-11D-A13K-05,6.8670807,-4.2428474,Source,Cluster 4,Basal
TCGA-AC-A62X-01A-11D-A29O-05,7.06303,-4.2357206,Source,Cluster 4,Basal
TCGA-AR-A24Q-01A-12D-A16A-05,7.0226874,-5.018278,Source,Cluster 4,Basal
TCGA-AR-A2LR-01A-12D-A18O-05,6.694092,-4.443604,Source,Cluster 4,Basal
TCGA-B6-A409-01A-11D-A244-05,7.598047,-4.842944,Source,Cluster 4,Basal
TCGA-A2-A0SX-01A-12D-A10P-05,8.131397,-5.2949686,Source,Cluster 4,Basal
TCGA-GM-A3XL-01A-11D-A230-05,6.6416645,-2.3749595,Source,Cluster 2,Basal
TCGA-A7-A6VW-01A-21D-A33F-05,6.264885,-2.5963724,Source,Cluster 2,Basal
TCGA-E2-A1LS-01A-12D-A161-05,6.2041,-2.623063,Source,Cluster 2,Basal
TCGA-D8-A1JL-01A-11D-A13K-05,8.488132,-5.0264754,Source,Cluster 4,Basal
TCGA-D8-A27F-01A-11D-A16G-05,7.1003375,-5.363403,Source,Cluster 4,Basal
TCGA-AR-A251-01A-12D-A16A-05,7.085587,-5.187153,Source,Cluster 4,Basal
TCGA-D8-A27H-01A-11D-A16G-05,6.857369,-4.593954,Source,Cluster 4,Basal
TCGA-A2-A4S1-01A-21D-A268-05,7.025998,-1.3381233,Source,Cluster 2,Basal
TCGA-B6-A0RE-01A-11D-A10P-05,6.7844267,-4.680991,Source,Cluster 4,Basal
TCGA-B6-A0I1-01A-11D-A21R-05,7.9567213,-5.671992,Source,Cluster 4,Basal
TCGA-AR-A5QQ-01A-11D-A28C-05,6.044603,-0.8318721,Source,Cluster 2,Basal
TCGA-E2-A1B6-01A-31D-A12R-05,7.0102897,-1.3481466,Source,Cluster 2,Basal
TCGA-E2-A1AZ-01A-11D-A12R-05,7.3694787,-4.748843,Source,Cluster 4,Basal
TCGA-BH-A0B9-01A-11D-A10P-05,8.389688,-5.180033,Source,Cluster 4,Basal
TCGA-BH-A0E0-01A-11D-A10P-05,7.3321457,-4.382376,Source,Cluster 4,Basal
TCGA-A2-A3XU-01A-12D-A230-05,8.484512,-4.8851733,Source,Cluster 4,Basal
TCGA-D8-A1JK-01A-11D-A13K-05,8.722228,-5.343982,Source,Cluster 4,Basal
TCGA-B6-A0RU-01A-11D-A10P-05,6.884641,-4.596251,Source,Cluster 4,Basal
TCGA-GI-A2C9-01A-11D-A21R-05,6.817253,-4.638579,Source,Cluster 4,Basal
TCGA-A2-A3XY-01A-11D-A23D-05,7.583342,-4.6550546,Source,Cluster 4,Basal
TCGA-C8-A27B-01A-11D-A16A-05,6.919776,-4.7523046,Source,Cluster 4,Basal
TCGA-AC-A2QJ-01A-12D-A19Z-05,8.7022915,-5.5213623,Source,Cluster 4,Basal
TCGA-A2-A0T2-01A-11D-A10P-05,6.7357736,-4.6525974,Source,Cluster 4,Basal
TCGA-A2-A0ST-01A-12D-A10P-05,6.9891434,-1.3391738,Source,Cluster 2,Basal
TCGA-EW-A1PB-01A-11D-A145-05,6.9654813,-1.7735512,Source,Cluster 2,Basal
TCGA-A7-A5ZV-01A-11D-A28C-05,5.481339,-2.0831242,Source,Cluster 2,Basal
TCGA-A2-A25F-01A-11D-A16A-05,6.339213,-0.8622268,Source,Cluster 2,Basal
TCGA-AR-A0U4-01A-11D-A10A-05,6.900763,-1.3823106,Source,Cluster 2,Basal
TCGA-B6-A3ZX-01A-11D-A23D-05,6.712234,-1.1531351,Source,Cluster 2,Basal
TCGA-HN-A2NL-01A-11D-A18O-05,6.177045,-2.596875,Source,Cluster 2,Basal
TCGA-D8-A27M-01A-11D-A16G-05,8.064761,-5.4820895,Source,Cluster 4,Basal
TCGA-BH-A18V-01A-11D-A12E-05,8.200568,-5.8769746,Source,Cluster 4,Basal
TCGA-AN-A0FX-01A-11D-A032-05,6.208013,-2.6186569,Source,Cluster 2,Basal
TCGA-BH-A0BG-01A-11D-A112-05,7.687278,-5.753173,Source,Cluster 4,Basal
TCGA-A8-A08R-01A-11D-A032-05,6.8976607,-4.4995155,Source,Cluster 4,Basal
TCGA-C8-A131-01A-11D-A112-05,8.663349,-5.0591493,Source,Cluster 4,Basal
TCGA-A2-A04T-01A-21D-A032-05,6.705663,-4.5158052,Source,Cluster 4,Basal
TCGA-AN-A0AT-01A-11D-A032-05,7.118547,-5.4422507,Source,Cluster 4,Basal
TCGA-BH-A18Q-01A-12D-A12E-05,7.1065106,-5.3445415,Source,Cluster 4,Basal
TCGA-C8-A134-01A-11D-A112-05,5.141342,-1.189865,Source,Cluster 2,Basal
TCGA-E2-A14R-01A-11D-A112-05,7.3351684,-5.557676,Source,Cluster 4,Basal
TCGA-D8-A142-01A-11D-A112-05,8.374473,-5.906912,Source,Cluster 4,Basal
TCGA-BH-A18G-01A-11D-A12E-05,5.8954043,-2.4176178,Source,Cluster 2,Basal
TCGA-C8-A12K-01A-21D-A112-05,8.218004,-4.8252835,Source,Cluster 4,Basal
TCGA-A2-A04P-01A-31D-A032-05,7.226646,-5.2825127,Source,Cluster 4,Basal
TCGA-E2-A159-01A-11D-A112-05,6.380681,-1.7081771,Source,Cluster 2,Basal
TCGA-AN-A0FL-01A-11D-A032-05,7.913247,-5.726848,Source,Cluster 4,Basal
TCGA-A2-A0CM-01A-31D-A032-05,6.0491366,-2.5212452,Source,Cluster 2,Basal
TCGA-D8-A147-01A-11D-A112-05,8.39593,-5.9143915,Source,Cluster 4,Basal
TCGA-AO-A0J6-01A-11D-A032-05,6.170569,-1.7648978,Source,Cluster 2,Basal
TCGA-BH-A0E6-01A-11D-A032-05,6.1468973,-1.7861856,Source,Cluster 2,Basal
TCGA-E2-A150-01A-11D-A12E-05,7.7020845,-5.693201,Source,Cluster 4,Basal
TCGA-A7-A0CE-01A-11D-A00Y-05,7.0274944,-4.4152584,Source,Cluster 4,Basal
TCGA-A8-A07O-01A-11D-A00Y-05,8.238081,-5.6978765,Source,Cluster 4,Basal
TCGA-E2-A158-01A-11D-A12E-05,8.528564,-5.796758,Source,Cluster 4,Basal
TCGA-AN-A0AR-01A-11D-A00Y-05,8.321291,-5.9421167,Source,Cluster 4,Basal
TCGA-AR-A0TS-01A-11D-A112-05,7.9803677,-4.5245495,Source,Cluster 4,Basal
TCGA-B6-A0I2-01A-11D-A032-05,8.276698,-5.320597,Source,Cluster 4,Basal
TCGA-AR-A1AH-01A-11D-A12E-05,7.214498,-5.2268653,Source,Cluster 4,Basal
TCGA-B6-A0IQ-01A-11D-A032-05,7.872633,-4.963018,Source,Cluster 4,Basal
TCGA-AN-A0G0-01A-11D-A032-05,8.361575,-5.540049,Source,Cluster 4,Basal
TCGA-AO-A0J4-01A-11D-A032-05,7.055178,-5.366974,Source,Cluster 4,Basal
TCGA-AN-A0FJ-01A-11D-A00Y-05,8.465716,-5.8876014,Source,Cluster 4,Basal
TCGA-B6-A0I6-01A-11D-A032-05,6.8480234,-4.4680524,Source,Cluster 4,Basal
TCGA-AN-A0AL-01A-11D-A00Y-05,8.395345,-5.916117,Source,Cluster 4,Basal
TCGA-D8-A143-01A-11D-A112-05,6.1425743,-1.876355,Source,Cluster 2,Basal
TCGA-C8-A12V-01A-11D-A112-05,8.503785,-4.8567343,Source,Cluster 4,Basal
TCGA-BH-A18T-01A-11D-A12E-05,8.2361,-5.3024144,Source,Cluster 4,Basal
TCGA-A8-A07U-01A-11D-A032-05,8.280708,-4.715338,Source,Cluster 4,Basal
TCGA-AQ-A04J-01A-02D-A032-05,8.190255,-4.6378665,Source,Cluster 4,Basal
TCGA-BH-A0BW-01A-11D-A112-05,8.277199,-5.6172175,Source,Cluster 4,Basal
TCGA-A2-A0D2-01A-21D-A032-05,8.441669,-5.789174,Source,Cluster 4,Basal
TCGA-BH-A0BL-01A-11D-A112-05,8.644867,-5.182674,Source,Cluster 4,Basal
TCGA-E2-A14Y-01A-21D-A12E-05,5.2327294,-1.1145647,Source,Cluster 2,Basal
TCGA-A8-A07R-01A-21D-A032-05,7.477264,-5.517806,Source,Cluster 4,Basal
TCGA-A8-A07C-01A-11D-A032-05,6.81039,-4.536518,Source,Cluster 4,Basal
TCGA-A2-A0D0-01A-11D-A00Y-05,7.125618,-4.368494,Source,Cluster 4,Basal
TCGA-BH-A0DL-01A-11D-A112-05,8.441066,-4.841965,Source,Cluster 4,Basal
TCGA-AO-A12F-01A-11D-A112-05,6.8511662,-4.647333,Source,Cluster 4,Basal
TCGA-AN-A04D-01A-21D-A032-05,7.497243,-4.373708,Source,Cluster 4,Basal
TCGA-A2-A04U-01A-11D-A112-05,7.02077,-4.341786,Source,Cluster 4,Basal
TCGA-A2-A04Q-01A-21D-A032-05,6.375098,-1.5404294,Source,Cluster 2,Basal
TCGA-A7-A0DA-01A-31D-A112-05,6.8505845,-4.401964,Source,Cluster 4,Basal
TCGA-B6-A0IJ-01A-11D-A032-05,7.700674,-4.434367,Source,Cluster 4,Basal
TCGA-BH-A0AV-01A-31D-A112-05,7.4386697,-4.4889865,Source,Cluster 4,Basal
TCGA-E2-A14X-01A-11D-A112-05,7.862459,-4.4494495,Source,Cluster 4,Basal
TCGA-AR-A1AT-01A-11D-A12R-05,-3.3819523,3.247574,Source,Cluster 3,Her2
TCGA-UU-A93S-01A-21D-A41Q-05,6.2329807,-1.6339215,Source,Cluster 2,Her2
TCGA-D8-A1JG-01B-11D-A13K-05,3.7370293,-1.2440766,Source,Cluster 2,Her2
TCGA-D8-A1JA-01A-11D-A13K-05,5.2951894,-0.8968209,Source,Cluster 2,Her2
TCGA-C8-A1HK-01A-21D-A13K-05,5.191528,-0.9128002,Source,Cluster 2,Her2
TCGA-BH-A203-01A-12D-A16A-05,-9.244666,2.6483293,Source,Cluster 1,Her2
TCGA-JL-A3YW-01A-12D-A23D-05,4.0277953,-1.2370592,Source,Cluster 2,Her2
TCGA-GM-A2DH-01A-11D-A17Z-05,4.615293,-1.0906937,Source,Cluster 2,Her2
TCGA-E9-A248-01A-11D-A16A-05,7.1675124,-1.485085,Source,Cluster 2,Her2
TCGA-AR-A254-01A-21D-A16A-05,3.8802276,-1.1932834,Source,Cluster 2,Her2
TCGA-C8-A26X-01A-31D-A16G-05,3.8785703,-1.2549092,Source,Cluster 2,Her2
TCGA-C8-A1HF-01A-11D-A138-05,4.8374357,-1.1848385,Source,Cluster 2,Her2
TCGA-OL-A5RZ-01A-11D-A28C-05,6.5978928,-1.4979486,Source,Cluster 2,Her2
TCGA-EW-A2FR-01A-11D-A21R-05,6.63002,-1.0461595,Source,Cluster 2,Her2
TCGA-C8-A8HP-01A-11D-A36K-05,6.6599264,-1.06821,Source,Cluster 2,Her2
TCGA-AR-A24U-01A-11D-A16A-05,6.0790105,-0.72648257,Source,Cluster 2,Her2
TCGA-A2-A3XZ-01A-42D-A23D-05,5.392831,-0.6809273,Source,Cluster 2,Her2
TCGA-EW-A1OV-01A-11D-A145-05,4.3054976,-0.9609619,Source,Cluster 2,Her2
TCGA-AC-A23H-01A-11D-A161-05,-11.185709,-0.36493656,Source,Cluster 1,Her2
TCGA-C8-A275-01A-21D-A16G-05,3.4833379,-1.2736145,Source,Cluster 2,Her2
TCGA-E2-A1LB-01A-11D-A145-05,3.642423,-1.2760028,Source,Cluster 2,Her2
TCGA-AO-A0JE-01A-11D-A10P-05,3.7655597,-1.2418673,Source,Cluster 2,Her2
TCGA-EW-A6SD-01A-12D-A33F-05,6.9706936,-0.99208754,Source,Cluster 2,Her2
TCGA-E9-A1RH-01A-21D-A16A-05,6.909497,-1.4916939,Source,Cluster 2,Her2
TCGA-A2-A3XV-01A-21D-A23D-05,-9.200525,2.6637847,Source,Cluster 1,Her2
TCGA-B6-A0RS-01A-11D-A10P-05,6.995042,-1.7131945,Source,Cluster 2,Her2
TCGA-BH-A1EV-01A-11D-A138-05,4.7255373,-1.1631199,Source,Cluster 2,Her2
TCGA-3C-AALI-01A-11D-A41Q-05,3.7691019,-1.1953126,Source,Cluster 2,Her2
TCGA-AC-A3W5-01A-11D-A22B-05,3.9284084,-1.0864666,Source,Cluster 2,Her2
TCGA-LL-A5YO-01A-21D-A28C-05,6.1343193,-0.92038906,Source,Cluster 2,Her2
TCGA-E2-A1B0-01A-11D-A12R-05,7.0235524,-1.2107706,Source,Cluster 2,Her2
TCGA-A2-A0T1-01A-21D-A10P-05,6.313559,-0.85277456,Source,Cluster 2,Her2
TCGA-D8-A1XJ-01A-11D-A14N-05,-9.2989235,2.5725052,Source,Cluster 1,Her2
TCGA-C8-A26Y-01A-11D-A16G-05,6.149423,-1.6059206,Source,Cluster 2,Her2
TCGA-OL-A66P-01A-11D-A31V-05,4.831873,-0.96010274,Source,Cluster 2,Her2
TCGA-AC-A5EH-01A-11D-A28C-05,4.085652,-1.1658155,Source,Cluster 2,Her2
TCGA-B6-A0IK-01A-12D-A10P-05,3.5043902,-1.3166059,Source,Cluster 2,Her2
TCGA-BH-A0AW-01A-11D-A10P-05,3.8855803,-1.2698103,Source,Cluster 2,Her2
TCGA-GM-A2DB-01A-31D-A18O-05,5.6300426,-0.88040406,Source,Cluster 2,Her2
TCGA-C8-A278-01A-11D-A16A-05,3.8932927,-1.1870286,Source,Cluster 2,Her2
TCGA-D8-A1XT-01A-11D-A14N-05,4.996285,-1.0111184,Source,Cluster 2,Her2
TCGA-AR-A0TX-01A-11D-A10P-05,4.9399633,-0.8947499,Source,Cluster 2,Her2
TCGA-E2-A1LE-01A-12D-A19Z-05,3.528291,-1.2698112,Source,Cluster 2,Her2
TCGA-A7-A4SF-01A-11D-A268-05,8.274273,2.8572867,Source,Cluster 5,Her2
TCGA-D8-A1JF-01A-11D-A13K-05,4.5089273,-1.0977583,Source,Cluster 2,Her2
TCGA-BH-A1EN-01A-11D-A13K-05,-9.410549,2.313786,Source,Cluster 1,Her2
TCGA-A2-A04X-01A-21D-A032-05,4.6967945,-1.2208927,Source,Cluster 2,Her2
TCGA-AO-A0J2-01A-11D-A032-05,6.318609,-1.6492059,Source,Cluster 2,Her2
TCGA-A8-A08B-01A-11D-A00Y-05,4.442067,-0.9757344,Source,Cluster 2,Her2
TCGA-B6-A0I9-01A-11D-A032-05,4.8745914,-1.2635552,Source,Cluster 2,Her2
TCGA-A8-A08X-01A-21D-A00Y-05,5.816054,-1.7512687,Source,Cluster 2,Her2
TCGA-C8-A138-01A-11D-A112-05,8.648593,-5.4893126,Source,Cluster 4,Her2
TCGA-E2-A14P-01A-31D-A12E-05,6.446146,-1.4601837,Source,Cluster 2,Her2
TCGA-BH-A18R-01A-11D-A12E-05,4.8305144,-1.1296898,Source,Cluster 2,Her2
TCGA-BH-A0EE-01A-11D-A032-05,6.250984,-1.6121073,Source,Cluster 2,Her2
TCGA-C8-A12Z-01A-11D-A112-05,-2.748883,3.643826,Source,Cluster 3,Her2
TCGA-C8-A12L-01A-11D-A112-05,5.4096365,-1.5656534,Source,Cluster 2,Her2
TCGA-A8-A0A7-01A-11D-A00Y-05,6.4664125,-0.7697392,Source,Cluster 2,Her2
TCGA-A8-A094-01A-11D-A00Y-05,6.522425,-1.6081313,Source,Cluster 2,Her2
TCGA-E2-A152-01A-11D-A12E-05,6.2170777,-1.6280366,Source,Cluster 2,Her2
TCGA-A8-A08L-01A-11D-A00Y-05,4.1102533,-0.8882025,Source,Cluster 2,Her2
TCGA-A8-A08J-01A-11D-A00Y-05,4.993941,-0.8864085,Source,Cluster 2,Her2
TCGA-BH-A0B7-01A-12D-A112-05,8.278824,2.480722,Source,Cluster 5,Her2
TCGA-C8-A12P-01A-11D-A112-05,6.451185,-1.5785819,Source,Cluster 2,Her2
TCGA-B6-A0RH-01A-21D-A112-05,3.8858125,-1.200357,Source,Cluster 2,Her2
TCGA-A2-A04W-01A-31D-A112-05,6.462905,-1.5391535,Source,Cluster 2,Her2
TCGA-A8-A07I-01A-11D-A00Y-05,-9.3803005,1.6038895,Source,Cluster 1,Her2
TCGA-C8-A135-01A-11D-A112-05,6.365234,-1.061219,Source,Cluster 2,Her2
TCGA-C8-A12T-01A-11D-A112-05,-3.5345592,3.9431071,Source,Cluster 3,Her2
TCGA-C8-A12Q-01A-11D-A112-05,8.405419,2.6174765,Source,Cluster 5,Her2
TCGA-AN-A04C-01A-21D-A032-05,4.0082946,-1.105441,Source,Cluster 2,Her2
TCGA-AN-A0FV-01A-11D-A00Y-05,7.9946666,2.3434894,Source,Cluster 5,Her2
TCGA-A2-A0D1-01A-11D-A032-05,3.6628911,-1.3496456,Source,Cluster 2,Her2
TCGA-BH-A18P-01A-11D-A12E-05,-3.7266488,4.008358,Source,Cluster 3,Her2
TCGA-A8-A09G-01A-21D-A00Y-05,5.76093,-0.7767562,Source,Cluster 2,Her2
TCGA-C8-A137-01A-11D-A112-05,-9.611461,1.7275255,Source,Cluster 1,Her2
TCGA-A2-A0EQ-01A-11D-A032-05,4.6926403,-1.1808707,Source,Cluster 2,Her2
TCGA-A8-A09X-01A-11D-A00Y-05,3.927044,-1.3121043,Source,Cluster 2,Her2
TCGA-E2-A14V-01A-11D-A12E-05,6.3750734,3.8929586,Source,Cluster 5,Her2
TCGA-AO-A12D-01A-11D-A112-05,6.362298,-1.5440893,Source,Cluster 2,Her2
TCGA-D8-A13Z-01A-11D-A112-05,5.691928,-1.907646,Source,Cluster 2,Her2
GSM1712367,-1.1176692,3.749198,GSE69914,Cluster 3,
GSM1712370,6.4196806,3.53032,GSE69914,Cluster 5,
GSM1712371,-8.43904,1.4089475,GSE69914,Cluster 1,
GSM1712373,4.135133,-0.6524854,GSE69914,Cluster 2,
GSM1712374,-3.291844,2.9983888,GSE69914,Cluster 3,
GSM1712375,3.3090153,-1.1705086,GSE69914,Cluster 2,
GSM1712376,-5.2473917,4.1422763,GSE69914,Cluster 3,
GSM1712377,-3.1122515,4.0662584,GSE69914,Cluster 3,
GSM1712379,-1.5478805,4.1966586,GSE69914,Cluster 3,
GSM1712380,7.362946,4.153579,GSE69914,Cluster 5,
GSM1712381,4.757793,-1.217287,GSE69914,Cluster 2,
GSM1712382,-10.649008,0.11442258,GSE69914,Cluster 1,
GSM1712384,-1.0286481,4.32538,GSE69914,Cluster 3,
GSM1712386,5.057419,3.950291,GSE69914,Cluster 5,
GSM1712387,7.613727,2.4351118,GSE69914,Cluster 5,
GSM1712388,7.398141,3.2502747,GSE69914,Cluster 5,
GSM1712389,6.411509,3.9541926,GSE69914,Cluster 5,
GSM1712391,6.1078095,1.8588697,GSE69914,Cluster 5,
GSM1712393,-2.0568945,4.369112,GSE69914,Cluster 3,
GSM1712394,4.3794374,-0.7895407,GSE69914,Cluster 2,
GSM1712395,3.182681,3.7269838,GSE69914,Cluster 5,
GSM1712396,7.2838926,-1.1751771,GSE69914,Cluster 2,
GSM1712397,5.3622622,3.701206,GSE69914,Cluster 5,
GSM1712399,6.65687,4.493792,GSE69914,Cluster 5,
GSM1712400,5.318149,3.530226,GSE69914,Cluster 5,
GSM1712401,5.164679,4.506141,GSE69914,Cluster 5,
GSM1712402,4.7292085,-0.93829596,GSE69914,Cluster 2,
GSM1712403,7.4759,-1.438979,GSE69914,Cluster 2,
GSM1712404,6.365993,-1.2875061,GSE69914,Cluster 2,
GSM1712406,-1.2380762,4.065562,GSE69914,Cluster 3,
GSM1712407,-1.8901473,5.1771364,GSE69914,Cluster 3,
GSM1712408,6.7035613,-4.339503,GSE69914,Cluster 4,
GSM1712409,1.3465194,4.363869,GSE69914,Cluster 3,
GSM1712410,7.159578,4.4599295,GSE69914,Cluster 5,
GSM1712413,7.134531,4.436129,GSE69914,Cluster 5,
GSM1712414,3.4123418,3.556339,GSE69914,Cluster 5,
GSM1712415,1.1196916,3.2201905,GSE69914,Cluster 3,
GSM1712416,-11.102612,-0.28809914,GSE69914,Cluster 1,
GSM1712417,-8.825246,2.63419,GSE69914,Cluster 1,
GSM1712418,2.242498,4.52258,GSE69914,Cluster 3,
GSM1712421,-10.02478,0.7564418,GSE69914,Cluster 1,
GSM1712422,-2.2243927,4.879295,GSE69914,Cluster 3,
GSM1712424,7.221008,2.9456844,GSE69914,Cluster 5,
GSM1712425,-1.1230965,3.8955138,GSE69914,Cluster 3,
GSM1712426,1.3799586,4.5339437,GSE69914,Cluster 3,
GSM1712428,3.3889537,3.9190736,GSE69914,Cluster 5,
GSM1712429,6.9073014,-0.6922106,GSE69914,Cluster 2,
GSM1712430,7.959353,1.9748514,GSE69914,Cluster 5,
GSM1712431,-2.0033178,5.0251956,GSE69914,Cluster 3,
GSM1712432,-3.0782495,3.0274327,GSE69914,Cluster 3,
GSM1712433,-1.2319369,4.01403,GSE69914,Cluster 3,
GSM1712434,0.48634288,4.4340305,GSE69914,Cluster 3,
GSM1712437,8.129976,-4.7719226,GSE69914,Cluster 4,
GSM1712438,-3.0304759,4.320167,GSE69914,Cluster 3,
GSM1712441,6.8377,-4.775329,GSE69914,Cluster 4,
GSM1712443,-2.651161,3.1055813,GSE69914,Cluster 3,
GSM1712444,-3.4883833,4.9831586,GSE69914,Cluster 3,
GSM1712445,0.7979546,4.0314364,GSE69914,Cluster 3,
GSM1712446,-8.483598,1.3518759,GSE69914,Cluster 1,
GSM1712447,6.477034,-1.4500421,GSE69914,Cluster 2,
GSM1712448,-1.0738165,4.295665,GSE69914,Cluster 3,
GSM1712451,-3.5725305,4.8809547,GSE69914,Cluster 3,
GSM1712452,8.28067,-5.547076,GSE69914,Cluster 4,
GSM1712453,6.1431756,2.0271528,GSE69914,Cluster 5,
GSM1712454,-3.4464858,3.1766725,GSE69914,Cluster 3,
GSM1712455,5.570651,-0.40742448,GSE69914,Cluster 2,
GSM1712456,6.924496,-2.1704824,GSE69914,Cluster 2,
GSM1712458,6.658417,-3.6041594,GSE69914,Cluster 4,
GSM1712459,4.6610203,-0.7987707,GSE69914,Cluster 2,
GSM1712460,5.4122634,-0.6125176,GSE69914,Cluster 2,
GSM1712461,-9.807455,1.3381628,GSE69914,Cluster 1,
GSM1712462,4.0128107,-0.51005334,GSE69914,Cluster 2,
GSM1712463,-4.279017,3.467451,GSE69914,Cluster 3,
GSM1712465,4.586346,4.746254,GSE69914,Cluster 5,
GSM1712467,-1.0406015,4.806519,GSE69914,Cluster 3,
GSM1712468,4.587486,-1.0426267,GSE69914,Cluster 2,
GSM1712469,-4.2706246,3.3630567,GSE69914,Cluster 3,
GSM1712470,-2.0797014,4.2281585,GSE69914,Cluster 3,
GSM1712471,-1.4747111,5.3971224,GSE69914,Cluster 3,
GSM1712474,8.063518,2.2935152,GSE69914,Cluster 5,
GSM1712477,7.8250623,2.1415114,GSE69914,Cluster 5,
GSM1712478,8.144034,3.053142,GSE69914,Cluster 5,
GSM1712479,3.5887513,3.4743874,GSE69914,Cluster 5,
GSM1712480,-8.878612,1.0253382,GSE69914,Cluster 1,
GSM1712481,6.15214,-0.20618021,GSE69914,Cluster 2,
GSM1712482,-3.6693041,3.6652145,GSE69914,Cluster 3,
GSM1712483,-3.6824558,4.517695,GSE69914,Cluster 3,
GSM1712484,7.636035,2.2651856,GSE69914,Cluster 5,
GSM1712485,4.7526736,4.638406,GSE69914,Cluster 5,
GSM1712486,2.8954735,3.5111954,GSE69914,Cluster 5,
GSM1712488,-4.5447564,3.7276118,GSE69914,Cluster 3,
GSM1712491,-1.9877485,5.0919747,GSE69914,Cluster 3,
GSM1712492,0.67162687,4.3399076,GSE69914,Cluster 3,
GSM1712493,-1.6528637,5.1432643,GSE69914,Cluster 3,
GSM1712494,1.1402664,3.4345725,GSE69914,Cluster 3,
GSM1712495,1.1065055,4.6956787,GSE69914,Cluster 3,
GSM1712496,-1.1097842,5.3695283,GSE69914,Cluster 3,
GSM1712497,1.2752512,4.5323215,GSE69914,Cluster 3,
GSM1712498,7.066763,-0.93452793,GSE69914,Cluster 2,
GSM1712499,-3.2927644,4.1658983,GSE69914,Cluster 3,
GSM1712501,7.606835,1.9699692,GSE69914,Cluster 5,
GSM1712502,-10.668044,0.1092749,GSE69914,Cluster 1,
GSM1712505,-3.4421692,4.2006264,GSE69914,Cluster 3,
GSM1712506,-3.7778316,3.1255069,GSE69914,Cluster 3,
GSM1712507,-1.1047281,4.738786,GSE69914,Cluster 3,
GSM1712508,-4.567776,3.8967896,GSE69914,Cluster 3,
GSM1712509,-10.252877,0.37361524,GSE69914,Cluster 1,
GSM1712512,-2.1641233,4.4918494,GSE69914,Cluster 3,
GSM1712513,2.6031446,4.369676,GSE69914,Cluster 5,
GSM1712514,-5.205851,4.042837,GSE69914,Cluster 3,
GSM1712515,6.071015,-0.9240016,GSE69914,Cluster 2,
GSM1712516,7.4279585,2.675978,GSE69914,Cluster 5,
GSM1712517,-2.9402978,4.0879107,GSE69914,Cluster 3,
GSM1712518,7.4578576,-1.6793889,GSE69914,Cluster 2,
GSM1712519,7.392074,-0.9956195,GSE69914,Cluster 2,
GSM1712521,-8.659327,2.4134424,GSE69914,Cluster 1,
GSM1712522,6.0460563,1.9152019,GSE69914,Cluster 5,
GSM1712524,7.203652,-0.7795683,GSE69914,Cluster 2,
GSM1712525,7.983191,-5.7120776,GSE69914,Cluster 4,
GSM1712526,3.4406343,3.9542208,GSE69914,Cluster 5,
GSM1712527,-8.752178,2.5014427,GSE69914,Cluster 1,
GSM1712529,4.2053175,-0.65971404,GSE69914,Cluster 2,
GSM1712530,6.942641,-2.1201231,GSE69914,Cluster 2,
GSM1712531,6.6282,-3.7763073,GSE69914,Cluster 4,
GSM1712532,2.5566163,3.4899533,GSE69914,Cluster 5,
GSM1712533,-3.6351335,4.9386883,GSE69914,Cluster 3,
GSM1712534,2.9867806,3.5366046,GSE69914,Cluster 5,
GSM1712536,6.837452,-0.6573419,GSE69914,Cluster 2,
GSM1712537,-9.106711,2.625134,GSE69914,Cluster 1,
GSM1712539,-3.998586,3.7609112,GSE69914,Cluster 3,
GSM1712540,-0.17240696,4.7745547,GSE69914,Cluster 3,
GSM1712542,-1.9529561,4.2778544,GSE69914,Cluster 3,
GSM1712543,-0.78258216,4.760158,GSE69914,Cluster 3,
GSM1712544,7.5429287,1.8196154,GSE69914,Cluster 5,
GSM1712545,3.2565305,3.7806828,GSE69914,Cluster 5,
GSM1712546,7.939325,3.380138,GSE69914,Cluster 5,
GSM1712547,6.8136525,-0.5555284,GSE69914,Cluster 2,
GSM1712550,2.5765042,3.1348689,GSE69914,Cluster 5,
GSM1712552,4.8874955,3.752397,GSE69914,Cluster 5,
GSM1712553,7.516369,-1.261484,GSE69914,Cluster 2,
GSM1712554,-0.7296453,4.629582,GSE69914,Cluster 3,
GSM1712555,6.016239,1.8799449,GSE69914,Cluster 5,
GSM1712556,7.258763,-0.50883305,GSE69914,Cluster 2,
GSM1712557,5.2497263,4.649051,GSE69914,Cluster 5,
GSM1712559,6.671054,-0.33215165,GSE69914,Cluster 2,
GSM1712561,6.0002894,1.763725,GSE69914,Cluster 5,
GSM1712562,6.1396313,1.5396805,GSE69914,Cluster 5,
GSM1712563,6.9594564,4.574806,GSE69914,Cluster 5,
GSM1712564,-8.806662,2.1788113,GSE69914,Cluster 1,
GSM1712567,8.352668,-5.8979697,GSE69914,Cluster 4,
GSM1712568,7.729742,2.4167094,GSE69914,Cluster 5,
GSM1712569,0.62757486,3.7865765,GSE69914,Cluster 3,
GSM1712570,-1.6250582,3.9069624,GSE69914,Cluster 3,
GSM1712571,6.7241535,-0.9644091,GSE69914,Cluster 2,
GSM1712573,-0.68053615,4.60977,GSE69914,Cluster 3,
GSM1712575,-10.201634,0.42676398,GSE69914,Cluster 1,
GSM1712576,5.881244,-2.1295166,GSE69914,Cluster 2,
GSM1712577,5.810547,-1.6830616,GSE69914,Cluster 2,
GSM1712579,6.49166,3.28417,GSE69914,Cluster 5,
GSM1712580,0.643928,4.117828,GSE69914,Cluster 3,
GSM1712582,5.9272256,3.477715,GSE69914,Cluster 5,
GSM1712584,-3.218132,3.0559814,GSE69914,Cluster 3,
GSM1712585,-3.3416145,4.2154074,GSE69914,Cluster 3,
GSM1712586,-4.684228,4.700312,GSE69914,Cluster 3,
GSM1712587,3.6190844,3.853151,GSE69914,Cluster 5,
GSM1712588,-0.026920248,3.9887187,GSE69914,Cluster 3,
GSM1712589,-4.980179,4.225117,GSE69914,Cluster 3,
GSM1712590,5.603022,-0.65164024,GSE69914,Cluster 2,
GSM1712591,7.2114744,4.4511843,GSE69914,Cluster 5,
GSM1712592,2.346017,4.5581827,GSE69914,Cluster 5,
GSM1712593,6.9249396,4.354104,GSE69914,Cluster 5,
GSM1712594,4.0771036,-0.6089335,GSE69914,Cluster 2,
GSM1712596,-11.051019,-0.2371763,GSE69914,Cluster 1,
GSM1712599,4.7238626,-1.2296666,GSE69914,Cluster 2,
GSM1712600,1.4090464,3.5585973,GSE69914,Cluster 3,
GSM1712601,8.29374,2.8863347,GSE69914,Cluster 5,
GSM1712602,-0.60890883,4.6656404,GSE69914,Cluster 3,
GSM1712603,-8.388202,2.019569,GSE69914,Cluster 1,
GSM1712604,2.3519726,4.5891542,GSE69914,Cluster 5,
GSM1712605,-0.48951498,4.2330065,GSE69914,Cluster 3,
GSM1712607,8.195926,-5.6330237,GSE69914,Cluster 4,
GSM1712608,8.085809,-5.5666604,GSE69914,Cluster 4,
GSM1712610,6.9232063,-3.1338422,GSE69914,Cluster 4,
GSM1712611,-3.8873186,3.1629157,GSE69914,Cluster 3,
GSM1712612,5.687334,4.5922785,GSE69914,Cluster 5,
GSM1712613,7.710238,3.2614899,GSE69914,Cluster 5,
GSM1712614,7.034263,3.858137,GSE69914,Cluster 5,
GSM1712617,3.1354334,3.6266315,GSE69914,Cluster 5,
GSM1712618,6.567994,1.5969716,GSE69914,Cluster 5,
GSM1712619,5.0836773,-0.73627347,GSE69914,Cluster 2,
GSM1712621,-1.1006349,4.1177645,GSE69914,Cluster 3,
GSM1712622,7.5158825,2.1558177,GSE69914,Cluster 5,
GSM1712623,-3.2338154,2.9033947,GSE69914,Cluster 3,
GSM1712624,3.632371,3.2847729,GSE69914,Cluster 5,
GSM1712626,7.0625725,-0.80294794,GSE69914,Cluster 2,
GSM1712627,-4.252565,3.7120442,GSE69914,Cluster 3,
GSM1712628,3.5263207,3.6055799,GSE69914,Cluster 5,
GSM1712629,6.1981335,-2.7349064,GSE69914,Cluster 2,
GSM1712630,6.9458466,-5.222265,GSE69914,Cluster 4,
GSM1712631,-4.9517484,4.3687177,GSE69914,Cluster 3,
GSM1712634,3.6887064,3.6161735,GSE69914,Cluster 5,
GSM1712635,-5.406345,4.0433955,GSE69914,Cluster 3,
GSM1712637,4.9038763,4.608474,GSE69914,Cluster 5,
GSM1712638,6.4403973,-0.28075868,GSE69914,Cluster 2,
GSM1712639,5.091602,-0.990051,GSE69914,Cluster 2,
GSM1712640,-0.18220332,4.1681247,GSE69914,Cluster 3,
GSM1712641,7.3149786,-1.1469964,GSE69914,Cluster 2,
GSM1712643,3.735378,-1.4596786,GSE69914,Cluster 2,
GSM1712645,7.285353,-1.1929525,GSE69914,Cluster 2,
GSM1712646,8.059161,2.5461347,GSE69914,Cluster 5,
GSM1712647,3.2453725,3.8167922,GSE69914,Cluster 5,
GSM1712651,6.713762,-3.2203815,GSE69914,Cluster 4,
GSM1712652,7.4065647,-1.267709,GSE69914,Cluster 2,
GSM1712653,7.357576,-0.9422007,GSE69914,Cluster 2,
GSM1712654,3.1319478,3.5086837,GSE69914,Cluster 5,
GSM1712655,-9.192821,2.5454638,GSE69914,Cluster 1,
GSM1712656,1.9996186,3.71479,GSE69914,Cluster 3,
GSM1712657,6.7833385,-0.5657844,GSE69914,Cluster 2,
GSM1712658,-5.0249414,4.059074,GSE69914,Cluster 3,
GSM1712659,5.8894095,0.13428827,GSE69914,Cluster 2,
GSM1712662,-2.9527497,4.354973,GSE69914,Cluster 3,
GSM1712663,2.6117733,4.5272613,GSE69914,Cluster 5,
GSM1712665,-8.438785,1.4715086,GSE69914,Cluster 1,
GSM1712666,5.36177,4.8584456,GSE69914,Cluster 5,
GSM1712667,1.2603233,4.457346,GSE69914,Cluster 3,
GSM1712668,1.9245656,4.3979135,GSE69914,Cluster 3,
GSM1712669,7.389178,-1.3893785,GSE69914,Cluster 2,
GSM1712670,6.5934067,-0.07523351,GSE69914,Cluster 2,
GSM1712671,0.6174456,3.997345,GSE69914,Cluster 3,
GSM1712673,4.8611107,4.0525064,GSE69914,Cluster 5,
GSM1712674,6.739376,-0.3557092,GSE69914,Cluster 2,
GSM1712675,6.7581277,4.5069113,GSE69914,Cluster 5,
GSM1712676,-3.8945937,4.6750045,GSE69914,Cluster 3,
GSM1712677,2.6319005,3.824503,GSE69914,Cluster 5,
GSM1712679,3.5095348,-1.2005513,GSE69914,Cluster 2,
GSM1712680,5.4632406,3.5911279,GSE69914,Cluster 5,
GSM1712681,4.101325,-1.1821083,GSE69914,Cluster 2,
GSM1712684,-3.5954003,4.893928,GSE69914,Cluster 3,
GSM1712685,7.903175,-5.646956,GSE69914,Cluster 4,
GSM1712686,8.05231,-4.6416926,GSE69914,Cluster 4,
GSM1712688,-9.279653,1.8748488,GSE69914,Cluster 1,
GSM1712689,-4.1868286,3.9664187,GSE69914,Cluster 3,
GSM1712690,6.5630136,-2.9428704,GSE69914,Cluster 2,
GSM1712691,6.7163086,3.489125,GSE69914,Cluster 5,
GSM1712692,6.898326,-1.3834107,GSE69914,Cluster 2,
GSM1712694,-2.8060596,4.544908,GSE69914,Cluster 3,
GSM1712695,3.4739728,-1.2257832,GSE69914,Cluster 2,
GSM1712696,4.318018,-1.1708132,GSE69914,Cluster 2,
GSM1712697,6.6914253,-3.3176663,GSE69914,Cluster 4,
GSM1712698,8.019111,2.2896678,GSE69914,Cluster 5,
GSM1712699,7.7259126,-4.9976263,GSE69914,Cluster 4,
GSM1712702,7.4119167,-1.6662269,GSE69914,Cluster 2,
GSM1712703,7.3275504,2.9372964,GSE69914,Cluster 5,
GSM1712704,3.4353917,-1.240844,GSE69914,Cluster 2,
GSM1712705,2.031473,4.59818,GSE69914,Cluster 3,
GSM1712707,4.6894956,3.9140458,GSE69914,Cluster 5,
GSM1712709,6.781598,-0.23167747,GSE69914,Cluster 2,
GSM1712710,-9.182719,1.6785572,GSE69914,Cluster 1,
GSM1712711,-2.9579608,4.020443,GSE69914,Cluster 3,
GSM1712712,-9.180091,1.505352,GSE69914,Cluster 1,
GSM1712714,-0.75317633,4.852634,GSE69914,Cluster 3,
GSM1712715,-4.0696006,3.2656262,GSE69914,Cluster 3,
GSM1712716,-3.1800714,3.028515,GSE69914,Cluster 3,
GSM1712717,7.252062,3.9016848,GSE69914,Cluster 5,
GSM1712718,5.961278,3.5924659,GSE69914,Cluster 5,
GSM1712719,-4.180958,3.1290257,GSE69914,Cluster 3,
GSM1712720,5.3807545,-1.397787,GSE69914,Cluster 2,
GSM1712722,-3.1479015,4.848052,GSE69914,Cluster 3,
GSM1712725,-4.090176,3.7591662,GSE69914,Cluster 3,
GSM1712726,3.2780895,3.615024,GSE69914,Cluster 5,
GSM1712728,-4.202983,3.2456448,GSE69914,Cluster 3,
GSM1712729,3.512047,3.459197,GSE69914,Cluster 5,
GSM1712730,-4.3236027,3.6466892,GSE69914,Cluster 3,
GSM1712731,-2.0865614,4.6224236,GSE69914,Cluster 3,
GSM1712732,7.299016,-1.7311578,GSE69914,Cluster 2,
GSM1712734,-9.831852,1.2504753,GSE69914,Cluster 1,
GSM1712735,4.0970864,-0.6629192,GSE69914,Cluster 2,
GSM1712736,-1.9788315,5.173874,GSE69914,Cluster 3,
GSM1712738,3.244821,3.8294816,GSE69914,Cluster 5,
GSM1712740,-8.5207615,1.9024199,GSE69914,Cluster 1,
GSM1712741,3.5956972,3.4147406,GSE69914,Cluster 5,
GSM1712742,1.8225167,4.56082,GSE69914,Cluster 3,
GSM1712744,-0.091241986,4.171453,GSE69914,Cluster 3,
GSM1712746,6.9599147,-2.323818,GSE69914,Cluster 2,
GSM1712747,-1.5283903,3.5624437,GSE69914,Cluster 3,
GSM1712748,7.71576,1.7700136,GSE69914,Cluster 5,
GSM1712749,6.9977565,-0.68235636,GSE69914,Cluster 2,
GSM1712750,-8.708827,1.2753499,GSE69914,Cluster 1,
GSM1712751,-2.5940914,3.4063962,GSE69914,Cluster 3,
GSM1712753,7.386937,-0.95212907,GSE69914,Cluster 2,
GSM1712754,5.390383,-0.977612,GSE69914,Cluster 2,
GSM1712756,5.0965514,-1.2951199,GSE69914,Cluster 2,
GSM1712758,5.86533,3.7711723,GSE69914,Cluster 5,
GSM1712760,6.0072002,-0.16260341,GSE69914,Cluster 2,
GSM1712766,3.9798918,-0.6664346,GSE69914,Cluster 2,
GSM1712767,-10.272687,0.56523687,GSE69914,Cluster 1,
GSM1712768,7.6857424,2.150764,GSE69914,Cluster 5,
GSM1712769,1.7886841,4.565978,GSE69914,Cluster 3,
GSM1712770,1.2187921,4.4968057,GSE69914,Cluster 3,
GSM1712771,3.0146437,3.533407,GSE69914,Cluster 5,
GSM1712773,-1.677916,4.8954415,GSE69914,Cluster 3,
GSM1712774,-11.191652,-0.371616,GSE69914,Cluster 1,
GSM1712775,-8.322538,1.5006055,GSE69914,Cluster 1,
GSM1712778,4.513918,-0.9478076,GSE69914,Cluster 2,
GSM1712779,5.911675,2.3381472,GSE69914,Cluster 5,
GSM1858429,6.500403,-0.1845549,GSE72245,Cluster 2,
GSM1858430,6.667322,-0.629877,GSE72245,Cluster 2,
GSM1858431,5.491594,4.8724256,GSE72245,Cluster 5,
GSM1858432,-9.982804,0.468831,GSE72245,Cluster 1,
GSM1858433,6.792761,-4.840552,GSE72245,Cluster 4,
GSM1858434,7.420018,-1.575115,GSE72245,Cluster 2,
GSM1858435,6.127843,-0.03571305,GSE72245,Cluster 2,
GSM1858436,3.227691,3.486702,GSE72245,Cluster 5,
GSM1858437,4.3643208,-1.0864176,GSE72245,Cluster 2,
GSM1858438,7.0256658,-5.3157516,GSE72245,Cluster 4,
GSM1858439,7.252229,3.5886908,GSE72245,Cluster 5,
GSM1858440,1.303774,4.459439,GSE72245,Cluster 3,
GSM1858441,3.3596897,-1.1719654,GSE72245,Cluster 2,
GSM1858442,6.7017636,3.5820947,GSE72245,Cluster 5,
GSM1858443,4.0876613,-0.61333716,GSE72245,Cluster 2,
GSM1858444,5.648479,3.723013,GSE72245,Cluster 5,
GSM1858445,8.494287,-5.1283565,GSE72245,Cluster 4,
GSM1858446,7.4954076,3.3146765,GSE72245,Cluster 5,
GSM1858447,2.3788571,4.598397,GSE72245,Cluster 5,
GSM1858448,-11.189238,-0.3650143,GSE72245,Cluster 1,
GSM1858449,2.5990386,4.5226803,GSE72245,Cluster 5,
GSM1858450,-3.656322,3.1461434,GSE72245,Cluster 3,
GSM1858451,7.3672214,-1.8426379,GSE72245,Cluster 2,
GSM1858452,-3.0772223,3.196804,GSE72245,Cluster 3,
GSM1858453,1.7452611,3.6250713,GSE72245,Cluster 3,
GSM1858454,6.0914435,1.5221874,GSE72245,Cluster 5,
GSM1858455,8.245282,-5.80416,GSE72245,Cluster 4,
GSM1858456,4.9033155,4.622401,GSE72245,Cluster 5,
GSM1858457,0.78509325,3.933993,GSE72245,Cluster 3,
GSM1858458,-2.9903746,4.2829742,GSE72245,Cluster 3,
GSM1858459,0.8610905,4.63776,GSE72245,Cluster 3,
GSM1858460,1.1454571,4.595029,GSE72245,Cluster 3,
GSM1858461,6.749355,-2.7891784,GSE72245,Cluster 2,
GSM1858462,8.658181,-5.3239293,GSE72245,Cluster 4,
GSM1858463,-9.164451,2.562986,GSE72245,Cluster 1,
GSM1858464,8.433466,-5.353937,GSE72245,Cluster 4,
GSM1858465,7.0365486,-2.1199307,GSE72245,Cluster 2,
GSM1858466,-2.9173856,3.0180461,GSE72245,Cluster 3,
GSM1858467,7.7529054,3.122911,GSE72245,Cluster 5,
GSM1858468,6.524455,-1.4759701,GSE72245,Cluster 2,
GSM1858469,6.528483,-0.21410024,GSE72245,Cluster 2,
GSM1858470,7.374212,-1.1693306,GSE72245,Cluster 2,
GSM1858471,8.592258,2.8272605,GSE72245,Cluster 5,
GSM1858472,8.014203,-4.6080794,GSE72245,Cluster 4,
GSM1858473,-9.416575,1.6364038,GSE72245,Cluster 1,
GSM1858474,-1.7620454,5.168607,GSE72245,Cluster 3,
GSM1858475,-10.920524,-0.12153871,GSE72245,Cluster 1,
GSM1858476,7.9515295,-5.766926,GSE72245,Cluster 4,
GSM1858477,3.1817026,3.6825218,GSE72245,Cluster 5,
GSM1858478,3.3712888,-1.2006385,GSE72245,Cluster 2,
GSM1858479,1.9865063,4.5345325,GSE72245,Cluster 3,
GSM1858480,2.7890005,4.5011964,GSE72245,Cluster 5,
GSM1858481,7.2736745,-1.5672563,GSE72245,Cluster 2,
GSM1858482,6.9002786,-5.135758,GSE72245,Cluster 4,
GSM1858483,8.689295,2.7854428,GSE72245,Cluster 5,
GSM1858484,2.5300956,4.5573626,GSE72245,Cluster 5,
GSM1858485,-4.4320493,4.6318064,GSE72245,Cluster 3,
GSM1858486,7.1457043,3.037568,GSE72245,Cluster 5,
GSM1858487,8.677243,-5.0931497,GSE72245,Cluster 4,
GSM1858488,-4.303166,4.3794804,GSE72245,Cluster 3,
GSM1858489,-2.5633137,4.9295096,GSE72245,Cluster 3,
GSM1858490,4.6899104,3.8827877,GSE72245,Cluster 5,
GSM1858491,5.6772604,4.394984,GSE72245,Cluster 5,
GSM1858492,5.410028,-1.2676597,GSE72245,Cluster 2,
GSM1858493,1.0638609,4.0790567,GSE72245,Cluster 3,
GSM1858494,-8.64648,2.4736464,GSE72245,Cluster 1,
GSM1858495,-8.358369,1.7432915,GSE72245,Cluster 1,
GSM1858496,1.4809209,3.717428,GSE72245,Cluster 3,
GSM1858497,-2.512482,4.8274198,GSE72245,Cluster 3,
GSM1858498,6.690495,-2.962809,GSE72245,Cluster 2,
GSM1858499,3.524292,-1.2669355,GSE72245,Cluster 2,
GSM1858500,-1.5024487,3.6341841,GSE72245,Cluster 3,
GSM1858501,-3.180435,4.3845086,GSE72245,Cluster 3,
GSM1858502,4.374704,-0.6940328,GSE72245,Cluster 2,
GSM1858503,6.6378508,-0.55676043,GSE72245,Cluster 2,
GSM1858504,6.8466287,-0.7915858,GSE72245,Cluster 2,
GSM1858505,4.1156716,-0.7497125,GSE72245,Cluster 2,
GSM1858506,-3.999051,3.1312947,GSE72245,Cluster 3,
GSM1858507,-5.3527646,4.0447345,GSE72245,Cluster 3,
GSM1858508,6.1051393,-0.35239655,GSE72245,Cluster 2,
GSM1858509,-3.125331,3.1219738,GSE72245,Cluster 3,
GSM1858510,7.533138,-4.71954,GSE72245,Cluster 4,
GSM1858511,-1.042066,4.731755,GSE72245,Cluster 3,
GSM1858512,-1.1507646,3.9650514,GSE72245,Cluster 3,
GSM1858513,6.9264812,-2.003735,GSE72245,Cluster 2,
GSM1858514,3.233643,3.777498,GSE72245,Cluster 5,
GSM1858515,6.47344,-0.3052102,GSE72245,Cluster 2,
GSM1858516,1.3722631,4.6464467,GSE72245,Cluster 3,
GSM1858517,5.8978567,4.579789,GSE72245,Cluster 5,
GSM1858518,7.2325287,-2.0147932,GSE72245,Cluster 2,
GSM1858519,-3.1038747,4.3787637,GSE72245,Cluster 3,
GSM1858520,-5.4406104,3.9942975,GSE72245,Cluster 3,
GSM1858521,-3.9163215,4.8746185,GSE72245,Cluster 3,
GSM1858522,-3.7271845,4.850804,GSE72245,Cluster 3,
GSM1858523,8.322421,-4.846295,GSE72245,Cluster 4,
GSM1858524,-3.875518,4.9618335,GSE72245,Cluster 3,
GSM1858525,4.659296,4.429396,GSE72245,Cluster 5,
GSM1858526,3.243147,3.7014236,GSE72245,Cluster 5,
GSM1858527,0.72434413,4.592081,GSE72245,Cluster 3,
GSM1858528,-8.825002,2.5000234,GSE72245,Cluster 1,
GSM1858529,4.0631194,-1.1355052,GSE72245,Cluster 2,
GSM1858530,-9.6410885,0.7582822,GSE72245,Cluster 1,
GSM1858531,-4.4099374,4.782475,GSE72245,Cluster 3,
GSM1858532,4.994022,-1.3491894,GSE72245,Cluster 2,
GSM1858533,3.82182,-1.2552321,GSE72245,Cluster 2,
GSM1858534,7.9337916,2.898804,GSE72245,Cluster 5,
GSM1858535,6.1114244,-2.5941324,GSE72245,Cluster 2,
GSM1858536,6.7837353,-1.3772036,GSE72245,Cluster 2,
GSM1858537,5.049584,-1.0962802,GSE72245,Cluster 2,
GSM1858538,-5.22254,3.990882,GSE72245,Cluster 3,
GSM1858539,-5.2047806,4.1728797,GSE72245,Cluster 3,
GSM1858540,3.786587,3.2363799,GSE72245,Cluster 5,
GSM1858541,5.3034353,-1.5381101,GSE72245,Cluster 2,
GSM1858542,-3.4872766,4.9712405,GSE72245,Cluster 3,
GSM1858543,7.4180574,-4.3797717,GSE72245,Cluster 4,
GSM1858544,1.1830435,4.2237706,GSE72245,Cluster 3,
GSM1858545,2.1407557,4.5937047,GSE72245,Cluster 3,
GSM1858546,-8.586151,1.437323,GSE72245,Cluster 1,
GSM1941862,8.495035,-5.534683,GSE75067,Cluster 4,
GSM1941863,4.7257614,3.9645183,GSE75067,Cluster 5,
GSM1941864,7.9484606,-5.660181,GSE75067,Cluster 4,
GSM1941865,6.8641753,-0.65899235,GSE75067,Cluster 2,
GSM1941866,-4.250201,3.465371,GSE75067,Cluster 3,
GSM1941867,3.2957976,3.6200752,GSE75067,Cluster 5,
GSM1941868,5.3106766,4.8607564,GSE75067,Cluster 5,
GSM1941869,7.426832,4.26478,GSE75067,Cluster 5,
GSM1941870,-1.2060051,5.299897,GSE75067,Cluster 3,
GSM1941871,6.1703234,1.7652339,GSE75067,Cluster 5,
GSM1941872,7.3295264,-4.722589,GSE75067,Cluster 4,
GSM1941873,7.5153027,-1.7330086,GSE75067,Cluster 2,
GSM1941874,7.851834,2.2565017,GSE75067,Cluster 5,
GSM1941875,7.7528896,-5.772289,GSE75067,Cluster 4,
GSM1941876,7.4139476,-5.4460125,GSE75067,Cluster 4,
GSM1941877,5.3440356,-1.139384,GSE75067,Cluster 2,
GSM1941878,7.959821,-4.7400746,GSE75067,Cluster 4,
GSM1941879,5.6845865,3.4539213,GSE75067,Cluster 5,
GSM1941880,6.8670316,-5.0460334,GSE75067,Cluster 4,
GSM1941881,7.6127286,-5.7052236,GSE75067,Cluster 4,
GSM1941882,5.478066,-1.8770617,GSE75067,Cluster 2,
GSM1941883,6.816381,-4.6506033,GSE75067,Cluster 4,
GSM1941884,-0.4793729,4.548907,GSE75067,Cluster 3,
GSM1941885,5.134112,-1.2778617,GSE75067,Cluster 2,
GSM1941886,1.8127095,4.609576,GSE75067,Cluster 3,
GSM1941887,8.180009,-4.548779,GSE75067,Cluster 4,
GSM1941888,6.7729764,-4.2982197,GSE75067,Cluster 4,
GSM1941889,3.8438413,3.602335,GSE75067,Cluster 5,
GSM1941890,-8.543899,1.3292503,GSE75067,Cluster 1,
GSM1941891,3.0517914,3.669047,GSE75067,Cluster 5,
GSM1941892,7.236966,3.90915,GSE75067,Cluster 5,
GSM1941893,6.439188,-1.0055181,GSE75067,Cluster 2,
GSM1941894,6.6802306,-4.651556,GSE75067,Cluster 4,
GSM1941895,7.7344804,-4.9538426,GSE75067,Cluster 4,
GSM1941896,8.254797,3.1722088,GSE75067,Cluster 5,
GSM1941897,4.2132063,-0.7266672,GSE75067,Cluster 2,
GSM1941898,7.590314,-1.8460714,GSE75067,Cluster 2,
GSM1941899,7.1408687,-5.416068,GSE75067,Cluster 4,
GSM1941900,6.978227,-5.0058346,GSE75067,Cluster 4,
GSM1941901,-5.1731167,4.1370406,GSE75067,Cluster 3,
GSM1941902,6.698694,0.1227841,GSE75067,Cluster 2,
GSM1941903,-4.8163548,4.546967,GSE75067,Cluster 3,
GSM1941904,1.5086935,4.574166,GSE75067,Cluster 3,
GSM1941905,6.0471044,3.6245902,GSE75067,Cluster 5,
GSM1941906,7.127211,3.7471015,GSE75067,Cluster 5,
GSM1941907,6.697894,-1.7701749,GSE75067,Cluster 2,
GSM1941908,6.7060075,-3.5406196,GSE75067,Cluster 4,
GSM1941909,8.639025,2.7900753,GSE75067,Cluster 5,
GSM1941910,5.7766547,2.9059103,GSE75067,Cluster 5,
GSM1941911,-0.6801065,4.21814,GSE75067,Cluster 3,
GSM1941912,-9.00515,2.6848512,GSE75067,Cluster 1,
GSM1941913,8.090321,-4.5205197,GSE75067,Cluster 4,
GSM1941914,7.373331,3.4695485,GSE75067,Cluster 5,
GSM1941915,3.8790236,-0.85202193,GSE75067,Cluster 2,
GSM1941916,4.925552,-1.1561669,GSE75067,Cluster 2,
GSM1941917,-9.25555,2.598182,GSE75067,Cluster 1,
GSM1941918,3.651315,3.5513496,GSE75067,Cluster 5,
GSM1941919,7.5634866,2.9891963,GSE75067,Cluster 5,
GSM1941920,3.353083,3.7369924,GSE75067,Cluster 5,
GSM1941921,5.5046754,-0.8822289,GSE75067,Cluster 2,
GSM1941922,4.633501,4.6621194,GSE75067,Cluster 5,
GSM1941923,3.1811998,3.7932937,GSE75067,Cluster 5,
GSM1941924,6.986316,-5.17009,GSE75067,Cluster 4,
GSM1941925,-10.180204,0.4771052,GSE75067,Cluster 1,
GSM1941926,8.572908,-5.285243,GSE75067,Cluster 4,
GSM1941927,-0.98400706,4.3415785,GSE75067,Cluster 3,
GSM1941928,4.810555,4.558882,GSE75067,Cluster 5,
GSM1941929,4.2091856,-0.6718747,GSE75067,Cluster 2,
GSM1941930,7.85959,2.10832,GSE75067,Cluster 5,
GSM1941931,2.715209,4.5028152,GSE75067,Cluster 5,
GSM1941932,8.311789,-4.998988,GSE75067,Cluster 4,
GSM1941933,6.601149,1.3158628,GSE75067,Cluster 5,
GSM1941934,3.7880423,3.453003,GSE75067,Cluster 5,
GSM1941935,1.0090187,4.6407804,GSE75067,Cluster 3,
GSM1941936,0.22758792,4.166093,GSE75067,Cluster 3,
GSM1941937,8.483871,-5.578098,GSE75067,Cluster 4,
GSM1941938,-4.400418,4.6672378,GSE75067,Cluster 3,
GSM1941939,7.4039593,-4.286045,GSE75067,Cluster 4,
GSM1941940,-1.7204462,5.1336856,GSE75067,Cluster 3,
GSM1941941,8.215401,-4.789953,GSE75067,Cluster 4,
GSM1941942,8.708956,2.8130763,GSE75067,Cluster 5,
GSM1941943,5.4058595,-1.4531462,GSE75067,Cluster 2,
GSM1941944,0.47968185,4.3244734,GSE75067,Cluster 3,
GSM1941945,6.845029,-2.3691945,GSE75067,Cluster 2,
GSM1941946,5.4216676,-1.5419065,GSE75067,Cluster 2,
GSM1941947,8.485971,-5.847335,GSE75067,Cluster 4,
GSM1941948,7.907236,3.022427,GSE75067,Cluster 5,
GSM1941949,-4.218919,4.5049043,GSE75067,Cluster 3,
GSM1941950,0.048359517,4.1389394,GSE75067,Cluster 3,
GSM1941951,7.363789,-0.9613141,GSE75067,Cluster 2,
GSM1941952,-8.282177,1.7358629,GSE75067,Cluster 1,
GSM1941953,6.918409,-0.4601408,GSE75067,Cluster 2,
GSM1941954,3.711262,3.3304272,GSE75067,Cluster 5,
GSM1941955,-2.6304722,3.332231,GSE75067,Cluster 3,
GSM1941956,7.401968,-4.4731975,GSE75067,Cluster 4,
GSM1941957,-1.0297184,4.0522046,GSE75067,Cluster 3,
GSM1941958,4.060351,3.6981418,GSE75067,Cluster 5,
GSM1941959,7.6975894,-5.665362,GSE75067,Cluster 4,
GSM1941960,8.528825,-5.5751657,GSE75067,Cluster 4,
GSM1941961,6.0485134,2.2615108,GSE75067,Cluster 5,
GSM1941962,-2.4042401,4.076425,GSE75067,Cluster 3,
GSM1941963,5.2008276,-0.7509289,GSE75067,Cluster 2,
GSM1941964,6.525228,3.1075764,GSE75067,Cluster 5,
GSM1941965,-9.860769,1.1623607,GSE75067,Cluster 1,
GSM1941966,-8.493587,2.3494742,GSE75067,Cluster 1,
GSM1941967,7.3260584,-3.9771857,GSE75067,Cluster 4,
GSM1941968,3.4779804,-1.2600812,GSE75067,Cluster 2,
GSM1941969,3.7787478,3.2954748,GSE75067,Cluster 5,
GSM1941970,7.0716314,-0.6555581,GSE75067,Cluster 2,
GSM1941971,6.3767347,-0.018194344,GSE75067,Cluster 2,
GSM1941972,5.655435,-1.131757,GSE75067,Cluster 2,
GSM1941973,6.796128,-3.327481,GSE75067,Cluster 4,
GSM1941974,7.3210435,4.3368006,GSE75067,Cluster 5,
GSM1941975,5.9214287,2.7798586,GSE75067,Cluster 5,
GSM1941976,-5.0901084,4.359681,GSE75067,Cluster 3,
GSM1941977,-5.3994713,4.0143228,GSE75067,Cluster 3,
GSM1941978,-0.9630503,4.61566,GSE75067,Cluster 3,
GSM1941979,8.270628,-5.0755196,GSE75067,Cluster 4,
GSM1941980,4.8053637,-0.96092683,GSE75067,Cluster 2,
GSM1941981,8.041277,-4.5039945,GSE75067,Cluster 4,
GSM1941982,5.757447,3.5664668,GSE75067,Cluster 5,
GSM1941983,4.0041714,-1.2711948,GSE75067,Cluster 2,
GSM1941984,6.739082,3.5575035,GSE75067,Cluster 5,
GSM1941985,-8.16801,1.7242497,GSE75067,Cluster 1,
GSM1941986,8.702136,-5.313369,GSE75067,Cluster 4,
GSM1941987,8.493004,-5.198685,GSE75067,Cluster 4,
GSM1941988,-3.4056225,3.794423,GSE75067,Cluster 3,
GSM1941989,5.599979,3.2549672,GSE75067,Cluster 5,
GSM1941990,-1.9718012,4.223034,GSE75067,Cluster 3,
GSM1941991,5.0713243,4.1384153,GSE75067,Cluster 5,
GSM1941992,7.197181,-5.461795,GSE75067,Cluster 4,
GSM1941993,-2.3906672,4.8549643,GSE75067,Cluster 3,
GSM1941994,-5.09779,4.1959286,GSE75067,Cluster 3,
GSM1941995,7.6738896,3.938926,GSE75067,Cluster 5,
GSM1941996,-3.6745274,3.0131044,GSE75067,Cluster 3,
GSM1941997,5.085055,4.4091573,GSE75067,Cluster 5,
GSM1941998,7.318143,-4.4852,GSE75067,Cluster 4,
GSM1941999,7.42642,4.0293965,GSE75067,Cluster 5,
GSM1942000,5.1647468,3.8480337,GSE75067,Cluster 5,
GSM1942001,8.22481,-5.621918,GSE75067,Cluster 4,
GSM1942002,6.877092,-0.97225827,GSE75067,Cluster 2,
GSM1942003,7.474013,-4.4554734,GSE75067,Cluster 4,
GSM1942004,3.2432563,3.7422817,GSE75067,Cluster 5,
GSM1942005,-4.06762,3.5590672,GSE75067,Cluster 3,
GSM1942006,7.157645,-1.4136642,GSE75067,Cluster 2,
GSM1942007,7.879371,-4.528557,GSE75067,Cluster 4,
GSM1942008,-8.5538435,1.3044714,GSE75067,Cluster 1,
GSM1942009,-8.158839,1.7521789,GSE75067,Cluster 1,
GSM1942010,-4.929438,4.420768,GSE75067,Cluster 3,
GSM1942011,6.606042,-2.8335543,GSE75067,Cluster 2,
GSM1942012,6.9480987,-4.943161,GSE75067,Cluster 4,
GSM1942013,7.735849,2.1364865,GSE75067,Cluster 5,
GSM1942014,7.0459776,-5.179613,GSE75067,Cluster 4,
GSM1942015,-1.8798358,3.3520675,GSE75067,Cluster 3,
GSM1942016,7.1276507,-0.7580675,GSE75067,Cluster 2,
GSM1942017,5.9104466,4.6548533,GSE75067,Cluster 5,
GSM1942018,0.9963671,4.776266,GSE75067,Cluster 3,
GSM1942019,-2.202953,5.130506,GSE75067,Cluster 3,
GSM1942020,-8.402128,2.106086,GSE75067,Cluster 1,
GSM1942021,6.743791,-4.5820036,GSE75067,Cluster 4,
GSM1942022,2.5153491,4.576588,GSE75067,Cluster 5,
GSM1942023,-9.973058,1.1259681,GSE75067,Cluster 1,
GSM1942024,-2.1230617,3.4436247,GSE75067,Cluster 3,
GSM1942025,-11.189061,-0.36873835,GSE75067,Cluster 1,
GSM1942026,-1.5376309,5.3773437,GSE75067,Cluster 3,
GSM1942027,6.2412596,-0.79217637,GSE75067,Cluster 2,
GSM1942028,6.3453913,2.6658692,GSE75067,Cluster 5,
GSM1942029,8.672122,2.8264961,GSE75067,Cluster 5,
GSM1942030,-2.9981852,3.435756,GSE75067,Cluster 3,
GSM1942031,3.420538,3.7404127,GSE75067,Cluster 5,
GSM1942032,-11.01652,-0.20288418,GSE75067,Cluster 1,
GSM1942033,-0.8069881,4.70936,GSE75067,Cluster 3,
GSM1942034,6.0297074,-2.4314551,GSE75067,Cluster 2,
GSM1942035,6.6565313,-3.313109,GSE75067,Cluster 4,
GSM1942036,-1.5323075,4.0489736,GSE75067,Cluster 3,
GSM1942037,-9.7783575,0.9992735,GSE75067,Cluster 1,
GSM1942038,3.406683,3.7319148,GSE75067,Cluster 5,
GSM1942039,-10.969788,-0.16216859,GSE75067,Cluster 1,
GSM1942040,-9.34339,2.3197174,GSE75067,Cluster 1,
GSM1942041,8.698183,-5.3890195,GSE75067,Cluster 4,
GSM1942042,3.5380821,3.8641505,GSE75067,Cluster 5,
GSM1942043,6.7377186,-0.4745679,GSE75067,Cluster 2,
GSM1942044,1.5380632,3.6439989,GSE75067,Cluster 3,
GSM1942045,-1.8183898,4.5015635,GSE75067,Cluster 3,
GSM1942046,7.20612,3.3200045,GSE75067,Cluster 5,
GSM1942047,5.597373,3.2840908,GSE75067,Cluster 5,
GSM1942048,-2.3518538,4.402134,GSE75067,Cluster 3,
GSM1942049,5.0681295,4.744482,GSE75067,Cluster 5,
